"link","name","topic","difficulty","popularity","comment","status","solution","concept_covered","created_at","updated_at"
"https://leetcode.com/problems/1-bit-and-2-bit-characters/","1-bit and 2-bit Characters","ARRAY","EASY",562319,,"CLEAR",,true,2026-07-21T18:50:04.000Z,2026-08-23T20:28:14.321Z
"https://leetcode.com/problems/add-to-array-form-of-integer/","Add to Array-Form of Integer","ARRAY","EASY",779686,,"CLEAR",,true,2026-07-21T18:50:04.000Z,2026-08-23T20:28:14.321Z
"https://leetcode.com/problems/adding-two-negabinary-numbers/","Adding Two Negabinary Numbers","ARRAY","MEDIUM",60415,,"CLEAR",,true,2026-07-21T18:50:04.000Z,2026-08-23T20:28:14.321Z
"https://leetcode.com/problems/adjacent-increasing-subarrays-detection-i/","Adjacent Increasing Subarrays Detection I","ARRAY","EASY",338933,,"CLEAR",,true,2026-07-21T18:50:04.000Z,2026-08-23T20:28:14.321Z
"https://leetcode.com/problems/all-divisions-with-the-highest-score-of-a-binary-array/","All Divisions With the Highest Score of a Binary Array","ARRAY","MEDIUM",58164,,"CLEAR",,true,2026-07-21T18:50:04.000Z,2026-08-23T20:28:14.321Z
"https://leetcode.com/problems/angles-of-a-triangle/","Angles of a Triangle","ARRAY","MEDIUM",56878,,"CLEAR",,true,2026-07-21T18:50:04.000Z,2026-08-23T20:28:14.321Z
"https://leetcode.com/problems/ant-on-the-boundary/","Ant on the Boundary","ARRAY","EASY",108646,,"CLEAR",,true,2026-07-21T18:50:04.000Z,2026-08-23T20:28:14.321Z
"https://leetcode.com/problems/apply-operations-to-make-all-array-elements-equal-to-zero/","Apply Operations to Make All Array Elements Equal to Zero","ARRAY","MEDIUM",58631,,"CLEAR",,true,2026-07-21T18:50:04.000Z,2026-08-23T20:28:14.321Z
"https://leetcode.com/problems/array-transformation/","Array Transformation","ARRAY","EASY",31352,,"LOCKED",,true,2026-07-21T18:50:04.000Z,2026-08-23T20:28:14.321Z
"https://leetcode.com/problems/average-value-of-even-numbers-that-are-divisible-by-three/","Average Value of Even Numbers That Are Divisible by Three","ARRAY","EASY",160182,,"CLEAR",,true,2026-07-21T18:50:04.000Z,2026-08-23T20:28:14.321Z
"https://leetcode.com/problems/average-waiting-time/","Average Waiting Time","ARRAY","MEDIUM",307726,,"CLEAR",,true,2026-07-21T18:50:04.000Z,2026-08-23T20:28:14.321Z
"https://leetcode.com/problems/beautiful-arrangement-ii/","Beautiful Arrangement II","ARRAY","MEDIUM",103993,,"CLEAR",,true,2026-07-21T18:50:04.000Z,2026-08-23T20:28:14.321Z
"https://leetcode.com/problems/best-position-for-a-service-centre/","Best Position for a Service Centre","ARRAY","HARD",57498,,"CLEAR",,true,2026-07-21T18:50:04.000Z,2026-08-23T20:28:14.321Z
"https://leetcode.com/problems/best-reachable-tower/","Best Reachable Tower","ARRAY","MEDIUM",58787,,"CLEAR",,true,2026-07-21T18:50:04.000Z,2026-08-23T20:28:14.321Z
"https://leetcode.com/problems/build-array-from-permutation/","Build Array from Permutation","ARRAY","EASY",1014716,,"SUCCESS","class Solution {
public:
    vector<int> buildArray(vector<int>& nums) {
        int n = nums.size();
        vector<int> ans(n, -1);
        for (int i = 0; i < n; i++) {
            ans[i] = nums[nums[i]];
        }
        return ans;
    }
};",true,2026-07-21T18:50:04.000Z,2026-09-01T21:20:41.106Z
"https://leetcode.com/problems/button-with-longest-push-time/","Button with Longest Push Time","ARRAY","EASY",92771,,"CLEAR",,true,2026-07-21T18:50:04.000Z,2026-08-23T20:28:14.321Z
"https://leetcode.com/problems/calculate-amount-paid-in-taxes/","Calculate Amount Paid in Taxes","ARRAY","EASY",86895,,"CLEAR",,true,2026-07-21T18:50:04.000Z,2026-08-23T20:28:14.321Z
"https://leetcode.com/problems/can-you-eat-your-favorite-candy-on-your-favorite-day/","Can You Eat Your Favorite Candy on Your Favorite Day?","ARRAY","MEDIUM",40144,,"CLEAR",,true,2026-07-21T18:50:04.000Z,2026-08-23T20:28:14.321Z
"https://leetcode.com/problems/cells-with-odd-values-in-a-matrix/","Cells with Odd Values in a Matrix","ARRAY","EASY",187142,,"CLEAR",,true,2026-07-21T18:50:04.000Z,2026-08-23T20:28:14.321Z
"https://leetcode.com/problems/check-if-a-string-is-an-acronym-of-words/","Check if a String Is an Acronym of Words","ARRAY","EASY",162876,,"CLEAR",,true,2026-07-21T18:50:04.000Z,2026-08-23T20:28:14.321Z
"https://leetcode.com/problems/check-if-all-1s-are-at-least-length-k-places-away/","Check If All 1's Are at Least Length K Places Away","ARRAY","EASY",341039,,"CLEAR",,true,2026-07-21T18:50:04.000Z,2026-08-23T20:28:14.321Z
"https://leetcode.com/problems/check-if-array-is-sorted-and-rotated/","Check if Array Is Sorted and Rotated","ARRAY","EASY",1870433,"// IMPORTANT: Array is circular, so also check LAST -> FIRST.
        // Example: [2,1,3,4] has 1 internal decrease (2->1)
        // but also a circular decrease (4->2), making it invalid.","SUCCESS","class Solution {
public:
    bool check(vector<int>& nums) {
        int n = nums.size();

        // Edge case: n < 3 is always valid
        if (n < 3) {
            return true;
        }

        int dec = 0;

        for (int i = 1; i < n; i++) {
            if (nums[i] < nums[i - 1]) {
                dec++;
            }
        }

        // IMPORTANT: Array is circular, so also check LAST -> FIRST.
        // Example: [2,1,3,4] has 1 internal decrease (2->1)
        // but also a circular decrease (4->2), making it invalid.
        if (nums[n - 1] > nums[0]) {
            dec++;
        }

        // Sorted + rotated array can have at most ONE decrease.
        return dec < 2;
    }
};",true,2026-07-21T18:50:04.000Z,2026-09-03T21:55:34.491Z
"https://leetcode.com/problems/check-if-it-is-a-good-array/","Check If It Is a Good Array","ARRAY","HARD",69958,,"CLEAR",,true,2026-07-21T18:50:04.000Z,2026-08-23T20:28:14.321Z
"https://leetcode.com/problems/check-if-it-is-a-straight-line/","Check If It Is a Straight Line","ARRAY","EASY",786242,,"SUCCESS","class Solution {
public:
    bool checkStraightLine(vector<vector<int>>& coordinates) {
        int n = coordinates.size();
        if (n < 3) {
            return true;
        }

        for (int i = 2; i < n; i++) {
            int x1 = coordinates[i - 2][0];
            int x2 = coordinates[i - 1][0];
            int x3 = coordinates[i][0];
            int y1 = coordinates[i - 2][1];
            int y2 = coordinates[i - 1][1];
            int y3 = coordinates[i][1];

            if ((x1 - x2) * (y2 - y3) != (x2 - x3) * (y1 - y2)) {
                return false;
            }
        }
        return true;
    }
};",true,2026-07-21T18:50:04.000Z,2026-08-23T20:28:14.321Z
"https://leetcode.com/problems/check-if-two-string-arrays-are-equivalent/","Check If Two String Arrays are Equivalent","ARRAY","EASY",740825,,"CLEAR",,true,2026-07-21T18:50:04.000Z,2026-08-23T20:28:14.321Z
"https://leetcode.com/problems/collecting-chocolates/","Collecting Chocolates","ARRAY","MEDIUM",45332,,"CLEAR",,true,2026-07-21T18:50:04.000Z,2026-08-23T20:28:14.321Z
"https://leetcode.com/problems/color-the-triangle-red/","Color the Triangle Red","ARRAY","HARD",870,,"LOCKED",,true,2026-07-21T18:50:04.000Z,2026-08-23T20:28:14.321Z
"https://leetcode.com/problems/compare-sums-of-bitonic-parts/","Compare Sums of Bitonic Parts","ARRAY","MEDIUM",49728,,"CLEAR",,true,2026-07-21T18:50:04.000Z,2026-08-23T20:28:14.321Z
"https://leetcode.com/problems/compute-alternating-sum/","Compute Alternating Sum","ARRAY","EASY",100526,,"CLEAR",,true,2026-07-21T18:50:04.000Z,2026-08-23T20:28:14.321Z
"https://leetcode.com/problems/compute-decimal-representation/","Compute Decimal Representation","ARRAY","EASY",98649,,"CLEAR",,true,2026-07-21T18:50:04.000Z,2026-08-23T20:28:14.321Z
"https://leetcode.com/problems/concatenate-array-with-reverse/","Concatenate Array With Reverse","ARRAY","EASY",82305,,"CLEAR",,true,2026-07-21T18:50:04.000Z,2026-08-23T20:28:14.321Z
"https://leetcode.com/problems/concatenate-non-zero-digits-and-multiply-by-sum-ii/","Concatenate Non-Zero Digits and Multiply by Sum II","ARRAY","MEDIUM",223938,,"CLEAR",,true,2026-07-21T18:50:04.000Z,2026-08-23T20:28:14.321Z
"https://leetcode.com/problems/concatenation-of-array/","Concatenation of Array","ARRAY","EASY",1843330,,"SUCCESS","class Solution {
public:
    vector<int> getConcatenation(vector<int>& nums) {
        int n = nums.size();
        vector<int> ans(2 * n, 0);
        int i = 0;
        for (auto it : nums) {
            ans[i + n] = it;
            ans[i++] = it;
        }
        return ans;
    }
};",true,2026-07-21T18:50:04.000Z,2026-08-23T20:28:14.321Z
"https://leetcode.com/problems/construct-uniform-parity-array-i/","Construct Uniform Parity Array I","ARRAY","EASY",258687,,"CLEAR",,true,2026-07-21T18:50:04.000Z,2026-08-23T20:28:14.321Z
"https://leetcode.com/problems/construct-uniform-parity-array-ii/","Construct Uniform Parity Array II","ARRAY","MEDIUM",254699,,"CLEAR",,true,2026-07-21T18:50:04.000Z,2026-08-23T20:28:14.321Z
"https://leetcode.com/problems/convex-polygon/","Convex Polygon","ARRAY","MEDIUM",29324,,"LOCKED",,true,2026-07-21T18:50:04.000Z,2026-08-23T20:28:14.321Z
"https://leetcode.com/problems/coordinate-with-maximum-network-quality/","Coordinate With Maximum Network Quality","ARRAY","MEDIUM",30760,,"CLEAR",,true,2026-07-21T18:50:04.000Z,2026-08-23T20:28:14.321Z
"https://leetcode.com/problems/corporate-flight-bookings/","Corporate Flight Bookings","ARRAY","MEDIUM",178620,,"CLEAR",,true,2026-07-21T18:50:04.000Z,2026-08-23T20:28:14.321Z
"https://leetcode.com/problems/count-alternating-subarrays/","Count Alternating Subarrays","ARRAY","MEDIUM",82287,,"CLEAR",,true,2026-07-21T18:50:04.000Z,2026-08-23T20:28:14.321Z
"https://leetcode.com/problems/count-digit-appearances/","Count Digit Appearances","ARRAY","MEDIUM",63562,,"CLEAR",,true,2026-07-21T18:50:04.000Z,2026-08-23T20:28:14.321Z
"https://leetcode.com/problems/count-dominant-indices/","Count Dominant Indices","ARRAY","EASY",90273,,"CLEAR",,true,2026-07-21T18:50:04.000Z,2026-08-23T20:28:14.321Z
"https://leetcode.com/problems/count-equal-and-divisible-pairs-in-an-array/","Count Equal and Divisible Pairs in an Array","ARRAY","EASY",290405,,"CLEAR",,true,2026-07-21T18:50:04.000Z,2026-08-23T20:28:14.321Z
"https://leetcode.com/problems/count-good-triplets/","Count Good Triplets","ARRAY","EASY",346987,,"CLEAR",,true,2026-07-21T18:50:04.000Z,2026-08-23T20:28:14.321Z
"https://leetcode.com/problems/count-hills-and-valleys-in-an-array/","Count Hills and Valleys in an Array","ARRAY","EASY",274154,,"CLEAR",,true,2026-07-21T18:50:04.000Z,2026-08-23T20:28:14.321Z
"https://leetcode.com/problems/count-houses-in-a-circular-street/","Count Houses in a Circular Street","ARRAY","EASY",4095,,"LOCKED",,true,2026-07-21T18:50:04.000Z,2026-08-23T20:28:14.321Z
"https://leetcode.com/problems/count-indices-with-opposite-parity/","Count Indices With Opposite Parity","ARRAY","EASY",53806,,"CLEAR",,true,2026-07-21T18:50:04.000Z,2026-08-23T20:28:14.321Z
"https://leetcode.com/problems/count-items-matching-a-rule/","Count Items Matching a Rule","ARRAY","EASY",346914,,"CLEAR",,true,2026-07-21T18:50:04.000Z,2026-08-23T20:28:14.321Z
"https://leetcode.com/problems/count-partitions-with-even-sum-difference/","Count Partitions with Even Sum Difference","ARRAY","EASY",213629,,"CLEAR",,true,2026-07-21T18:50:04.000Z,2026-08-23T20:28:14.321Z
"https://leetcode.com/problems/count-positions-on-street-with-required-brightness/","Count Positions on Street With Required Brightness","ARRAY","MEDIUM",8904,,"LOCKED",,true,2026-07-21T18:50:04.000Z,2026-08-23T20:28:14.321Z
"https://leetcode.com/problems/count-prefixes-of-a-given-string/","Count Prefixes of a Given String","ARRAY","EASY",126873,,"CLEAR",,true,2026-07-21T18:50:04.000Z,2026-08-23T20:28:14.321Z
"https://leetcode.com/problems/count-primes/","Count Primes","ARRAY","MEDIUM",3745527,,"TLE","class Solution {
public:
    int countPrimes(int n) {
        if(n < 3){
            return 0;
        }
        vector<int> primes(1,2);
        
        int i = 3;
        while(i < n){
            bool prime = true;
            for(auto f: primes){
                if(i%f == 0){
                    prime = false;
                    break;
                }
            }
            if(prime){
                primes.push_back(i);
            }
            i++;
        }

        return primes.size();
    }
};",true,2026-07-21T18:50:04.000Z,2026-09-01T21:44:14.286Z
"https://leetcode.com/problems/count-subarrays-of-length-three-with-a-condition/","Count Subarrays of Length Three With a Condition","ARRAY","EASY",252114,,"CLEAR",,true,2026-07-21T18:50:04.000Z,2026-08-23T20:28:14.321Z
"https://leetcode.com/problems/count-tested-devices-after-test-operations/","Count Tested Devices After Test Operations","ARRAY","EASY",74824,,"CLEAR",,true,2026-07-21T18:50:04.000Z,2026-08-23T20:28:14.321Z
"https://leetcode.com/problems/count-the-hidden-sequences/","Count the Hidden Sequences","ARRAY","MEDIUM",220269,,"CLEAR",,true,2026-07-21T18:50:04.000Z,2026-08-23T20:28:14.321Z
"https://leetcode.com/problems/count-the-number-of-computer-unlocking-permutations/","Count the Number of Computer Unlocking Permutations","ARRAY","MEDIUM",162678,,"CLEAR",,true,2026-07-21T18:50:04.000Z,2026-08-23T20:28:14.321Z
"https://leetcode.com/problems/count-the-number-of-infection-sequences/","Count the Number of Infection Sequences","ARRAY","HARD",18096,,"CLEAR",,true,2026-07-21T18:50:04.000Z,2026-08-23T20:28:14.321Z
"https://leetcode.com/problems/count-the-number-of-vowel-strings-in-range/","Count the Number of Vowel Strings in Range","ARRAY","EASY",127071,,"CLEAR",,true,2026-07-21T18:50:04.000Z,2026-08-23T20:28:14.321Z
"https://leetcode.com/problems/count-unhappy-friends/","Count Unhappy Friends","ARRAY","MEDIUM",57592,,"CLEAR",,true,2026-07-21T18:50:04.000Z,2026-08-23T20:28:14.321Z
"https://leetcode.com/problems/count-vowel-strings-in-ranges/","Count Vowel Strings in Ranges","ARRAY","MEDIUM",306958,,"CLEAR",,true,2026-07-21T18:50:04.000Z,2026-08-23T20:28:14.321Z
"https://leetcode.com/problems/counting-words-with-a-given-prefix/","Counting Words With a Given Prefix","ARRAY","EASY",371515,,"CLEAR",,true,2026-07-21T18:50:04.000Z,2026-08-23T20:28:14.321Z
"https://leetcode.com/problems/create-target-array-in-the-given-order/","Create Target Array in the Given Order","ARRAY","EASY",380736,,"CLEAR",,true,2026-07-21T18:50:04.000Z,2026-08-23T20:28:14.321Z
"https://leetcode.com/problems/decompress-run-length-encoded-list/","Decompress Run-Length Encoded List","ARRAY","EASY",365094,,"CLEAR",,true,2026-07-21T18:50:04.000Z,2026-08-23T20:28:14.321Z
"https://leetcode.com/problems/delete-columns-to-make-sorted/","Delete Columns to Make Sorted","ARRAY","EASY",421375,,"CLEAR",,true,2026-07-21T18:50:04.000Z,2026-08-23T20:28:14.321Z
"https://leetcode.com/problems/design-compressed-string-iterator/","Design Compressed String Iterator","ARRAY","EASY",99790,,"LOCKED",,true,2026-07-21T18:50:04.000Z,2026-08-23T20:28:14.321Z
"https://leetcode.com/problems/detect-pattern-of-length-m-repeated-k-or-more-times/","Detect Pattern of Length M Repeated K or More Times","ARRAY","EASY",110024,,"CLEAR",,true,2026-07-21T18:50:04.000Z,2026-08-23T20:28:14.321Z
"https://leetcode.com/problems/determine-if-two-events-have-conflict/","Determine if Two Events Have Conflict","ARRAY","EASY",127794,,"CLEAR",,true,2026-07-21T18:50:04.000Z,2026-08-23T20:28:14.321Z
"https://leetcode.com/problems/determine-the-winner-of-a-bowling-game/","Determine the Winner of a Bowling Game","ARRAY","EASY",123856,,"CLEAR",,true,2026-07-21T18:50:04.000Z,2026-08-23T20:28:14.321Z
"https://leetcode.com/problems/difference-between-element-sum-and-digit-sum-of-an-array/","Difference Between Element Sum and Digit Sum of an Array","ARRAY","EASY",264824,,"CLEAR",,true,2026-07-21T18:50:04.000Z,2026-08-23T20:28:14.321Z
"https://leetcode.com/problems/distance-between-bus-stops/","Distance Between Bus Stops","ARRAY","EASY",155269,,"CLEAR",,true,2026-07-21T18:50:04.000Z,2026-08-23T20:28:14.321Z
"https://leetcode.com/problems/distribute-elements-into-two-arrays-i/","Distribute Elements Into Two Arrays I","ARRAY","EASY",245558,,"CLEAR",,true,2026-07-21T18:50:04.000Z,2026-08-23T20:28:14.321Z
"https://leetcode.com/problems/divide-array-into-increasing-sequences/","Divide Array Into Increasing Sequences","ARRAY","HARD",11339,,"LOCKED",,true,2026-07-21T18:50:04.000Z,2026-08-23T20:28:14.321Z
"https://leetcode.com/problems/double-modular-exponentiation/","Double Modular Exponentiation","ARRAY","MEDIUM",55257,,"CLEAR",,true,2026-07-21T18:50:04.000Z,2026-08-23T20:28:14.321Z
"https://leetcode.com/problems/earliest-time-to-finish-one-task/","Earliest Time to Finish One Task","ARRAY","EASY",91462,,"CLEAR",,true,2026-07-21T18:50:04.000Z,2026-08-23T20:28:14.321Z
"https://leetcode.com/problems/element-appearing-more-than-25-in-sorted-array/","Element Appearing More Than 25% In Sorted Array","ARRAY","EASY",436627,,"CLEAR",,true,2026-07-21T18:50:04.000Z,2026-08-23T20:28:14.321Z
"https://leetcode.com/problems/elements-in-array-after-removing-and-replacing-elements/","Elements in Array After Removing and Replacing Elements","ARRAY","MEDIUM",3687,,"LOCKED",,true,2026-07-21T18:50:04.000Z,2026-08-23T20:28:14.321Z
"https://leetcode.com/problems/elevator-requests-i/","Elevator Requests I","ARRAY","EASY",60157,,"CLEAR",,false,2026-09-07T18:13:42.370Z,2026-09-07T18:13:42.370Z
"https://leetcode.com/problems/encode-and-decode-strings/","Encode and Decode Strings","ARRAY","MEDIUM",613445,,"LOCKED",,true,2026-07-21T18:50:04.000Z,2026-08-23T20:28:14.321Z
"https://leetcode.com/problems/equal-score-substrings/","Equal Score Substrings","ARRAY","EASY",69838,,"CLEAR",,true,2026-07-21T18:50:04.000Z,2026-08-23T20:28:14.321Z
"https://leetcode.com/problems/erect-the-fence/","Erect the Fence","ARRAY","HARD",130938,,"CLEAR",,true,2026-07-21T18:50:04.000Z,2026-08-23T20:28:14.321Z
"https://leetcode.com/problems/erect-the-fence-ii/","Erect the Fence II","ARRAY","HARD",2121,,"LOCKED",,true,2026-07-21T18:50:04.000Z,2026-08-23T20:28:14.321Z
"https://leetcode.com/problems/escape-the-ghosts/","Escape The Ghosts","ARRAY","MEDIUM",64132,,"CLEAR",,true,2026-07-21T18:50:04.000Z,2026-08-23T20:28:14.321Z
"https://leetcode.com/problems/even-number-of-knight-moves/","Even Number of Knight Moves","ARRAY","EASY",61827,,"CLEAR",,false,2026-07-21T18:50:04.000Z,2026-07-21T18:50:04.000Z
"https://leetcode.com/problems/final-element-after-subarray-deletions/","Final Element After Subarray Deletions","ARRAY","MEDIUM",81816,,"CLEAR",,true,2026-07-21T18:50:04.000Z,2026-08-23T20:28:14.321Z
"https://leetcode.com/problems/final-value-of-variable-after-performing-operations/","Final Value of Variable After Performing Operations","ARRAY","EASY",763342,,"CLEAR",,true,2026-07-21T18:50:04.000Z,2026-08-23T20:28:14.321Z
"https://leetcode.com/problems/find-closest-number-to-zero/","Find Closest Number to Zero","ARRAY","EASY",465413,,"SUCCESS","class Solution {
public:
    int findClosestNumber(vector<int>& nums) {
        int ans = -100001;
        for (auto num : nums) {
            if ((abs(ans) > abs(num)) || (abs(ans) == abs(num) && ans < num)) {
                ans = num;
            }
        }
        return ans;
    }
};",true,2026-07-21T18:50:04.000Z,2026-08-23T20:28:14.321Z
"https://leetcode.com/problems/find-greatest-common-divisor-of-array/","Find Greatest Common Divisor of Array","ARRAY","EASY",499173,,"CLEAR",,true,2026-07-21T18:50:04.000Z,2026-08-23T20:28:14.321Z
"https://leetcode.com/problems/find-if-digit-game-can-be-won/","Find if Digit Game Can Be Won","ARRAY","EASY",155442,,"CLEAR",,true,2026-07-21T18:50:04.000Z,2026-08-23T20:28:14.321Z
"https://leetcode.com/problems/find-indices-of-stable-mountains/","Find Indices of Stable Mountains","ARRAY","EASY",87891,,"CLEAR",,true,2026-07-21T18:50:04.000Z,2026-08-23T20:28:14.321Z
"https://leetcode.com/problems/find-minimum-operations-to-make-all-elements-divisible-by-three/","Find Minimum Operations to Make All Elements Divisible by Three","ARRAY","EASY",317070,,"CLEAR",,true,2026-07-21T18:50:04.000Z,2026-08-23T20:28:14.321Z
"https://leetcode.com/problems/find-missing-observations/","Find Missing Observations","ARRAY","MEDIUM",307411,,"CLEAR",,true,2026-07-21T18:50:04.000Z,2026-08-23T20:28:14.321Z
"https://leetcode.com/problems/find-n-unique-integers-sum-up-to-zero/","Find N Unique Integers Sum up to Zero","ARRAY","EASY",520746,,"CLEAR",,true,2026-07-21T18:50:04.000Z,2026-08-23T20:28:14.321Z
"https://leetcode.com/problems/find-nearest-point-that-has-the-same-x-or-y-coordinate/","Find Nearest Point That Has the Same X or Y Coordinate","ARRAY","EASY",194511,,"CLEAR",,true,2026-07-21T18:50:04.000Z,2026-08-23T20:28:14.321Z
"https://leetcode.com/problems/find-numbers-with-even-number-of-digits/","Find Numbers with Even Number of Digits","ARRAY","EASY",1453301,,"SUCCESS","class Solution {
public:
    int findNumbers(vector<int>& nums) {
        int ans = 0;
        for (auto num : nums) {
            if (num > 9 && num < 100) {
                ans++;
            } else if (num > 999 && num < 10000) {
                ans++;
            } else if (num > 99999 && num < 1000000) {
                ans++;
            }
        }
        return ans;
    }
};",true,2026-07-21T18:50:04.000Z,2026-08-23T20:28:14.321Z
"https://leetcode.com/problems/find-palindrome-with-fixed-length/","Find Palindrome With Fixed Length","ARRAY","MEDIUM",75453,,"CLEAR",,true,2026-07-21T18:50:04.000Z,2026-08-23T20:28:14.321Z
"https://leetcode.com/problems/find-pivot-index/","Find Pivot Index","ARRAY","EASY",2872755,,"SUCCESS","class Solution {
public:
    int pivotIndex(vector<int>& nums) {
        int sumr = 0;
        int suml = 0;
        for(auto it:nums){
            sumr+=it;
        }
        int n = nums.size();
        for(int i=0; i<n; i++){
            sumr-=nums[i];
            if(sumr == suml){
                return i;
            }
            suml+=nums[i];
        }
        return -1;
    }
};",true,2026-07-21T18:50:04.000Z,2026-09-07T19:28:05.191Z
"https://leetcode.com/problems/find-the-count-of-numbers-which-are-not-special/","Find the Count of Numbers Which Are Not Special","ARRAY","MEDIUM",142482,,"CLEAR",,true,2026-07-21T18:50:04.000Z,2026-08-23T20:28:14.321Z
"https://leetcode.com/problems/find-the-divisibility-array-of-a-string/","Find the Divisibility Array of a String","ARRAY","MEDIUM",114269,,"CLEAR",,true,2026-07-21T18:50:04.000Z,2026-08-23T20:28:14.321Z
"https://leetcode.com/problems/find-the-first-player-to-win-k-games-in-a-row/","Find The First Player to win K Games in a Row","ARRAY","MEDIUM",93730,,"CLEAR",,true,2026-07-21T18:50:04.000Z,2026-08-23T20:28:14.321Z
"https://leetcode.com/problems/find-the-highest-altitude/","Find the Highest Altitude","ARRAY","EASY",1098089,,"SUCCESS","class Solution {
public:
    int largestAltitude(vector<int>& gain) {
        int ans = 0, h = 0;a
        for (auto g : gain) {
            h += g;
            ans = max(ans, h);
        }a
        return ans;
        a
    }
};",true,2026-07-21T18:50:04.000Z,2026-09-01T21:14:18.374Z
"https://leetcode.com/problems/find-the-integer-added-to-array-i/","Find the Integer Added to Array I","ARRAY","EASY",106945,,"CLEAR",,true,2026-07-21T18:50:04.000Z,2026-08-23T20:28:14.321Z
"https://leetcode.com/problems/find-the-largest-area-of-square-inside-two-rectangles/","Find the Largest Area of Square Inside Two Rectangles","ARRAY","MEDIUM",154110,,"CLEAR",,true,2026-07-21T18:50:04.000Z,2026-08-23T20:28:14.321Z
"https://leetcode.com/problems/find-the-maximum-divisibility-score/","Find the Maximum Divisibility Score","ARRAY","EASY",85521,,"CLEAR",,true,2026-07-21T18:50:04.000Z,2026-08-23T20:28:14.321Z
"https://leetcode.com/problems/find-the-maximum-factor-score-of-array/","Find the Maximum Factor Score of Array","ARRAY","MEDIUM",61232,,"CLEAR",,true,2026-07-21T18:50:04.000Z,2026-08-23T20:28:14.321Z
"https://leetcode.com/problems/find-the-middle-index-in-array/","Find the Middle Index in Array","ARRAY","EASY",269626,,"CLEAR",,true,2026-07-21T18:50:04.000Z,2026-08-23T20:28:14.321Z
"https://leetcode.com/problems/find-the-minimum-amount-of-time-to-brew-potions/","Find the Minimum Amount of Time to Brew Potions","ARRAY","MEDIUM",140874,,"CLEAR",,true,2026-07-21T18:50:04.000Z,2026-08-23T20:28:14.321Z
"https://leetcode.com/problems/find-the-n-th-value-after-k-seconds/","Find the N-th Value After K Seconds","ARRAY","MEDIUM",89514,,"CLEAR",,true,2026-07-21T18:50:04.000Z,2026-08-23T20:28:14.321Z
"https://leetcode.com/problems/find-the-number-of-copy-arrays/","Find the Number of Copy Arrays","ARRAY","MEDIUM",47259,,"CLEAR",,true,2026-07-21T18:50:04.000Z,2026-08-23T20:28:14.321Z
"https://leetcode.com/problems/find-the-peaks/","Find the Peaks","ARRAY","EASY",117379,,"CLEAR",,true,2026-07-21T18:50:04.000Z,2026-08-23T20:28:14.321Z
"https://leetcode.com/problems/find-the-pivot-integer/","Find the Pivot Integer","ARRAY","EASY",397096,,"CLEAR",,true,2026-07-21T18:50:04.000Z,2026-08-23T20:28:14.321Z
"https://leetcode.com/problems/find-the-score-difference-in-a-game/","Find the Score Difference in a Game","ARRAY","MEDIUM",74840,,"CLEAR",,true,2026-07-21T18:50:04.000Z,2026-08-23T20:28:14.321Z
"https://leetcode.com/problems/find-the-score-of-all-prefixes-of-an-array/","Find the Score of All Prefixes of an Array","ARRAY","MEDIUM",64960,,"CLEAR",,true,2026-07-21T18:50:04.000Z,2026-08-23T20:28:14.321Z
"https://leetcode.com/problems/find-the-smallest-balanced-index/","Find the Smallest Balanced Index","ARRAY","MEDIUM",200914,,"CLEAR",,true,2026-07-21T18:50:04.000Z,2026-08-23T20:28:14.321Z
"https://leetcode.com/problems/find-the-sum-of-encrypted-integers/","Find the Sum of Encrypted Integers","ARRAY","EASY",89200,,"CLEAR",,true,2026-07-21T18:50:04.000Z,2026-08-23T20:28:14.321Z
"https://leetcode.com/problems/find-the-winner-of-an-array-game/","Find the Winner of an Array Game","ARRAY","MEDIUM",227737,,"CLEAR",,true,2026-07-21T18:50:04.000Z,2026-08-23T20:28:14.321Z
"https://leetcode.com/problems/find-triangular-sum-of-an-array/","Find Triangular Sum of an Array","ARRAY","MEDIUM",301858,,"CLEAR",,true,2026-07-21T18:50:04.000Z,2026-08-23T20:28:14.321Z
"https://leetcode.com/problems/find-words-containing-character/","Find Words Containing Character","ARRAY","EASY",467758,,"CLEAR",,true,2026-07-21T18:50:04.000Z,2026-08-23T20:28:14.321Z
"https://leetcode.com/problems/four-divisors/","Four Divisors","ARRAY","MEDIUM",359842,,"SUCCESS","class Solution {
public:
    int sumFourDivisors(vector<int>& nums) {
        unordered_map<int, int> freq;
        unordered_map<int, int> sums;
        for (auto it : nums) {
            freq[it]++;
            if (!sums.contains(it)) {
                int i = 2;
                int j = floor(abs(sqrt(it)));

                unordered_set<int> divisors;
                while (i <= j) {
                    if (it % i == 0) {
                        divisors.insert(i);
                        divisors.insert(it / i);
                    }
                    i++;
                }
                sums[it] = 0;
                if (divisors.size() == 2) {
                    sums[it] = 1 + it;
                    for (auto dt : divisors) {
                        sums[it] += dt;
                    }
                }
            }
        }
        int ans = 0;
        for (auto it : sums) {
            int sum = it.second;
            if (sum > 0) {
                ans += freq[it.first] * sum;
            }
        }
        return ans;
    }
};",true,2026-07-21T18:50:04.000Z,2026-08-23T20:28:14.321Z
"https://leetcode.com/problems/get-maximum-in-generated-array/","Get Maximum in Generated Array","ARRAY","EASY",248226,,"CLEAR",,true,2026-07-21T18:50:04.000Z,2026-08-23T20:28:14.321Z
"https://leetcode.com/problems/global-and-local-inversions/","Global and Local Inversions","ARRAY","MEDIUM",205660,,"CLEAR",,true,2026-07-21T18:50:04.000Z,2026-08-23T20:28:14.321Z
"https://leetcode.com/problems/graph-connectivity-with-threshold/","Graph Connectivity With Threshold","ARRAY","HARD",50618,,"CLEAR",,true,2026-07-21T18:50:04.000Z,2026-08-23T20:28:14.321Z
"https://leetcode.com/problems/greatest-common-divisor-traversal/","Greatest Common Divisor Traversal","ARRAY","HARD",188923,,"CLEAR",,true,2026-07-21T18:50:04.000Z,2026-08-23T20:28:14.321Z
"https://leetcode.com/problems/guess-the-majority-in-a-hidden-array/","Guess the Majority in a Hidden Array","ARRAY","MEDIUM",7746,,"LOCKED",,true,2026-07-21T18:50:04.000Z,2026-08-23T20:28:14.321Z
"https://leetcode.com/problems/guess-the-word/","Guess the Word","ARRAY","HARD",473388,,"CLEAR",,true,2026-07-21T18:50:04.000Z,2026-08-23T20:28:14.321Z
"https://leetcode.com/problems/insert-interval/","Insert Interval","ARRAY","MEDIUM",4168760,,"SUCCESS","class Solution {
public:
    vector<vector<int>> insert(vector<vector<int>>& intervals, vector<int>& newInterval) {
        
        intervals.push_back(newInterval);

        sort(intervals.begin(), intervals.end(), [](const vector<int>& a, const vector<int>& b){
            if(a[0] == b[0]){
                return a[1] < b[1];
            }
            return a[0] < b[0];
        });

        vector<vector<int>> ans;
        int x = intervals[0][0];
        int y = intervals[0][1];

        for(auto inter: intervals){
            int x1 = inter[0];
            int y1 = inter[1];
            if(y < x1){
                ans.push_back({x,y});
                x = x1;
                y = y1;
            }else {
                x = min(x,x1);
                y = max(y,y1);
            }
        }
        ans.push_back({x,y});

        return ans;

    }
};",true,2026-07-21T18:50:04.000Z,2026-08-23T20:28:14.321Z
"https://leetcode.com/problems/kids-with-the-greatest-number-of-candies/","Kids With the Greatest Number of Candies","ARRAY","EASY",1819632,,"SUCCESS","class Solution {
public:
    vector<bool> kidsWithCandies(vector<int>& candies, int extraCandies) {
        int maxi = *max_element(candies.begin(), candies.end()) - extraCandies;
        vector<bool> ans;
        for(auto num: candies){
            ans.push_back(num >= maxi);
        }
        return ans;
    }
};",true,2026-07-21T18:50:04.000Z,2026-08-23T20:28:14.321Z
"https://leetcode.com/problems/largest-prime-from-consecutive-prime-sum/","Largest Prime from Consecutive Prime Sum","ARRAY","MEDIUM",66955,,"CLEAR",,true,2026-07-21T18:50:04.000Z,2026-08-23T20:28:14.321Z
"https://leetcode.com/problems/largest-triangle-area/","Largest Triangle Area","ARRAY","EASY",266111,,"CLEAR",,true,2026-07-21T18:50:04.000Z,2026-08-23T20:28:14.321Z
"https://leetcode.com/problems/last-moment-before-all-ants-fall-out-of-a-plank/","Last Moment Before All Ants Fall Out of a Plank","ARRAY","MEDIUM",148943,,"CLEAR",,true,2026-07-21T18:50:04.000Z,2026-08-23T20:28:14.321Z
"https://leetcode.com/problems/last-visited-integers/","Last Visited Integers","ARRAY","EASY",55916,,"CLEAR",,true,2026-07-21T18:50:04.000Z,2026-08-23T20:28:14.321Z
"https://leetcode.com/problems/left-and-right-sum-differences/","Left and Right Sum Differences","ARRAY","EASY",428951,,"CLEAR",,true,2026-07-21T18:50:04.000Z,2026-08-23T20:28:14.321Z
"https://leetcode.com/problems/library-late-fee-calculator/","Library Late Fee Calculator","ARRAY","EASY",2689,,"LOCKED",,true,2026-07-21T18:50:04.000Z,2026-08-23T20:28:14.321Z
"https://leetcode.com/problems/longest-alternating-subarray/","Longest Alternating Subarray","ARRAY","EASY",99915,,"CLEAR",,true,2026-07-21T18:50:04.000Z,2026-08-23T20:28:14.321Z
"https://leetcode.com/problems/longest-arithmetic-sequence-after-changing-at-most-one-element/","Longest Arithmetic Sequence After Changing At Most One Element","ARRAY","MEDIUM",55238,,"CLEAR",,true,2026-07-21T18:50:04.000Z,2026-08-23T20:28:14.321Z
"https://leetcode.com/problems/longest-common-prefix-between-adjacent-strings-after-removals/","Longest Common Prefix Between Adjacent Strings After Removals","ARRAY","MEDIUM",60997,,"CLEAR",,true,2026-07-21T18:50:04.000Z,2026-08-23T20:28:14.321Z
"https://leetcode.com/problems/longest-continuous-increasing-subsequence/","Longest Continuous Increasing Subsequence","ARRAY","EASY",702750,,"CLEAR",,true,2026-07-21T18:50:04.000Z,2026-08-23T20:28:14.321Z
"https://leetcode.com/problems/longest-fibonacci-subarray/","Longest Fibonacci Subarray","ARRAY","MEDIUM",52196,,"CLEAR",,true,2026-07-21T18:50:04.000Z,2026-08-23T20:28:14.321Z
"https://leetcode.com/problems/longest-strictly-increasing-or-strictly-decreasing-subarray/","Longest Strictly Increasing or Strictly Decreasing Subarray","ARRAY","EASY",342915,,"CLEAR",,true,2026-07-21T18:50:04.000Z,2026-08-23T20:28:14.321Z
"https://leetcode.com/problems/make-array-elements-equal-to-zero/","Make Array Elements Equal to Zero","ARRAY","EASY",202114,,"CLEAR",,true,2026-07-21T18:50:04.000Z,2026-08-23T20:28:14.321Z
"https://leetcode.com/problems/max-consecutive-ones/","Max Consecutive Ones","ARRAY","EASY",3869739,,"SUCCESS","class Solution {
public:
    int findMaxConsecutiveOnes(vector<int>& nums) {
        nums.push_back(0);
        int z = -1;
        int ans = 0;
        int n = nums.size();

        for(int i = 0; i < n; i++){
            if(nums[i] == 0){
                ans = max(ans, i - z - 1);
                z = i;
            }
        }

        return ans;
    }
};",true,2026-07-21T18:50:04.000Z,2026-09-07T19:27:57.136Z
"https://leetcode.com/problems/maximize-distance-to-closest-person/","Maximize Distance to Closest Person","ARRAY","MEDIUM",589847,,"ERROR","class Solution {
public:
    int maxDistToClosest(vector<int>& seats) {
        int n = seats.size();
        seats.push_back(-1);
        for (int i = 0; i < n; i++) {
            if (seats[i] == 1) {
                seats.push_back(i);
            }
        }
        seats.push_back(n);
        int i = n, ans = 0;
        n = seats.size();
        for(auto it:seats){
            cout<<it<<"" "";
        }
        while (i < n - 1) {
            ans = max(ans, (seats[i + 1] - seats[i] - 2) / 2);
            i++;
        }
        return ans + 1;
    }
};",true,2026-07-21T18:50:04.000Z,2026-08-23T20:28:14.321Z
"https://leetcode.com/problems/maximize-pair-strength-using-gcd/","Maximize Pair Strength Using GCD","ARRAY","EASY",110324,,"CLEAR",,false,2026-09-07T18:13:42.370Z,2026-09-07T18:13:42.370Z
"https://leetcode.com/problems/maximize-subarray-gcd-score/","Maximize Subarray GCD Score","ARRAY","HARD",26495,,"CLEAR",,true,2026-07-21T18:50:04.000Z,2026-08-23T20:28:14.321Z
"https://leetcode.com/problems/maximum-area-of-longest-diagonal-rectangle/","Maximum Area of Longest Diagonal Rectangle","ARRAY","EASY",413154,,"CLEAR",,true,2026-07-21T18:50:04.000Z,2026-08-23T20:28:14.321Z
"https://leetcode.com/problems/maximum-ascending-subarray-sum/","Maximum Ascending Subarray Sum","ARRAY","EASY",389784,,"CLEAR",,true,2026-07-21T18:50:04.000Z,2026-08-23T20:28:14.321Z
"https://leetcode.com/problems/maximum-difference-between-adjacent-elements-in-a-circular-array/","Maximum Difference Between Adjacent Elements in a Circular Array","ARRAY","EASY",225874,,"CLEAR",,true,2026-07-21T18:50:04.000Z,2026-08-23T20:28:14.321Z
"https://leetcode.com/problems/maximum-difference-between-increasing-elements/","Maximum Difference Between Increasing Elements","ARRAY","EASY",453727,,"ERROR","class Solution {
public:
    int maximumDifference(vector<int>& nums) {
        int ans = -1;
        int n = nums.size();
        int maxi = nums[n-1];
        int i = n-2;

        while(i >=0){
            ans = max(ans, maxi - nums[i]);
            maxi = max(maxi, nums[i]);
            i--;
        }

        return ans;

    }
};",true,2026-07-21T18:50:04.000Z,2026-08-23T20:28:14.321Z
"https://leetcode.com/problems/maximum-distance-between-unequal-words-in-array-i/","Maximum Distance Between Unequal Words in Array I","ARRAY","EASY",1609,,"LOCKED",,true,2026-07-21T18:50:04.000Z,2026-08-23T20:28:14.321Z
"https://leetcode.com/problems/maximum-distance-between-unequal-words-in-array-ii/","Maximum Distance Between Unequal Words in Array II","ARRAY","MEDIUM",997,,"LOCKED",,true,2026-07-21T18:50:04.000Z,2026-08-23T20:28:14.321Z
"https://leetcode.com/problems/maximum-element-sum-of-a-complete-subset-of-indices/","Maximum Element-Sum of a Complete Subset of Indices","ARRAY","HARD",23734,,"CLEAR",,true,2026-07-21T18:50:04.000Z,2026-08-23T20:28:14.321Z
"https://leetcode.com/problems/maximum-height-of-a-triangle/","Maximum Height of a Triangle","ARRAY","EASY",103101,,"CLEAR",,true,2026-07-21T18:50:04.000Z,2026-08-23T20:28:14.321Z
"https://leetcode.com/problems/maximum-number-of-darts-inside-of-a-circular-dartboard/","Maximum Number of Darts Inside of a Circular Dartboard","ARRAY","HARD",22465,,"CLEAR",,true,2026-07-21T18:50:04.000Z,2026-08-23T20:28:14.321Z
"https://leetcode.com/problems/maximum-number-of-operations-with-the-same-score-i/","Maximum Number of Operations With the Same Score I","ARRAY","EASY",81982,,"CLEAR",,true,2026-07-21T18:50:04.000Z,2026-08-23T20:28:14.321Z
"https://leetcode.com/problems/maximum-number-of-words-found-in-sentences/","Maximum Number of Words Found in Sentences","ARRAY","EASY",510325,,"CLEAR",,true,2026-07-21T18:50:04.000Z,2026-08-23T20:28:14.321Z
"https://leetcode.com/problems/maximum-of-absolute-value-expression/","Maximum of Absolute Value Expression","ARRAY","MEDIUM",65680,,"CLEAR",,true,2026-07-21T18:50:04.000Z,2026-08-23T20:28:14.321Z
"https://leetcode.com/problems/maximum-population-year/","Maximum Population Year","ARRAY","EASY",197409,,"CLEAR",,true,2026-07-21T18:50:04.000Z,2026-08-23T20:28:14.321Z
"https://leetcode.com/problems/maximum-prime-difference/","Maximum Prime Difference","ARRAY","MEDIUM",93258,,"CLEAR",,true,2026-07-21T18:50:04.000Z,2026-08-23T20:28:14.321Z
"https://leetcode.com/problems/maximum-profit-of-operating-a-centennial-wheel/","Maximum Profit of Operating a Centennial Wheel","ARRAY","MEDIUM",35388,,"CLEAR",,true,2026-07-21T18:50:04.000Z,2026-08-23T20:28:14.321Z
"https://leetcode.com/problems/maximum-score-after-splitting-a-string/","Maximum Score After Splitting a String","ARRAY","EASY",585318,,"CLEAR",,true,2026-07-21T18:50:04.000Z,2026-08-23T20:28:14.321Z
"https://leetcode.com/problems/maximum-score-of-a-split/","Maximum Score of a Split","ARRAY","MEDIUM",77965,,"CLEAR",,true,2026-07-21T18:50:04.000Z,2026-08-23T20:28:14.321Z
"https://leetcode.com/problems/maximum-sum-score-of-array/","Maximum Sum Score of Array","ARRAY","MEDIUM",9747,,"LOCKED",,true,2026-07-21T18:50:04.000Z,2026-08-23T20:28:14.321Z
"https://leetcode.com/problems/maximum-valid-pair-sum/","Maximum Valid Pair Sum","ARRAY","MEDIUM",83210,,"CLEAR",,false,2026-07-21T18:50:04.000Z,2026-07-21T18:50:04.000Z
"https://leetcode.com/problems/maximum-value-of-a-string-in-an-array/","Maximum Value of a String in an Array","ARRAY","EASY",91902,,"CLEAR",,true,2026-07-21T18:50:04.000Z,2026-08-23T20:28:14.321Z
"https://leetcode.com/problems/maximum-value-of-an-ordered-triplet-i/","Maximum Value of an Ordered Triplet I","ARRAY","EASY",357420,,"CLEAR",,true,2026-07-21T18:50:04.000Z,2026-08-23T20:28:14.321Z
"https://leetcode.com/problems/maximum-value-of-an-ordered-triplet-ii/","Maximum Value of an Ordered Triplet II","ARRAY","MEDIUM",286181,,"SUCCESS","class Solution {
public:
    long long maximumTripletValue(vector<int>& nums) {
        int n = nums.size(), largest, i;

        vector<int> leftLargest(n, 0);
        vector<int> rightLargest(n, 0);

        largest = 0;
        i = 1;
        while (i < n) {
            largest = max(largest, nums[i - 1]);
            leftLargest[i] = largest;
            i++;
        }

        largest = 0;
        i = n - 2;

        while (i >= 0) {
            largest = max(largest, nums[i + 1]);
            rightLargest[i] = largest;
            i--;
        }

        long long ans = 0;
        i = 1;
        while (i < n - 1) {
            long long I = leftLargest[i];
            long long J = nums[i];
            long long K = rightLargest[i];
            ans = max(ans, K * (I - J));
            i++;
        }

        return ans;
    }
};",true,2026-07-21T18:50:04.000Z,2026-08-23T20:28:14.321Z
"https://leetcode.com/problems/min-max-game/","Min Max Game","ARRAY","EASY",109214,,"CLEAR",,true,2026-07-21T18:50:04.000Z,2026-08-23T20:28:14.321Z
"https://leetcode.com/problems/minimum-absolute-difference-between-two-values/","Minimum Absolute Difference Between Two Values","ARRAY","EASY",64943,,"CLEAR",,true,2026-07-21T18:50:04.000Z,2026-08-23T20:28:14.321Z
"https://leetcode.com/problems/minimum-absolute-difference-queries/","Minimum Absolute Difference Queries","ARRAY","MEDIUM",31629,,"CLEAR",,true,2026-07-21T18:50:04.000Z,2026-08-23T20:28:14.321Z
"https://leetcode.com/problems/minimum-amount-of-time-to-collect-garbage/","Minimum Amount of Time to Collect Garbage","ARRAY","MEDIUM",187581,,"CLEAR",,true,2026-07-21T18:50:04.000Z,2026-08-23T20:28:14.321Z
"https://leetcode.com/problems/minimum-average-difference/","Minimum Average Difference","ARRAY","MEDIUM",228749,,"CLEAR",,true,2026-07-21T18:50:04.000Z,2026-08-23T20:28:14.321Z
"https://leetcode.com/problems/minimum-capacity-box/","Minimum Capacity Box","ARRAY","EASY",79717,,"CLEAR",,true,2026-07-21T18:50:04.000Z,2026-08-23T20:28:14.321Z
"https://leetcode.com/problems/minimum-cost-to-reach-every-position/","Minimum Cost to Reach Every Position","ARRAY","EASY",52313,,"CLEAR",,true,2026-07-21T18:50:04.000Z,2026-08-23T20:28:14.321Z
"https://leetcode.com/problems/minimum-distance-to-the-target-element/","Minimum Distance to the Target Element","ARRAY","EASY",284691,,"CLEAR",,true,2026-07-21T18:50:04.000Z,2026-08-23T20:28:14.321Z
"https://leetcode.com/problems/minimum-element-after-replacement-with-digit-sum/","Minimum Element After Replacement With Digit Sum","ARRAY","EASY",240175,,"CLEAR",,true,2026-07-21T18:50:04.000Z,2026-08-23T20:28:14.321Z
"https://leetcode.com/problems/minimum-levels-to-gain-more-points/","Minimum Levels to Gain More Points","ARRAY","MEDIUM",71417,,"CLEAR",,true,2026-07-21T18:50:04.000Z,2026-08-23T20:28:14.321Z
"https://leetcode.com/problems/minimum-lights-to-illuminate-a-road/","Minimum Lights to Illuminate a Road","ARRAY","MEDIUM",71535,,"CLEAR",,false,2026-07-21T18:50:04.000Z,2026-07-21T18:50:04.000Z
"https://leetcode.com/problems/minimum-moves-to-equal-array-elements/","Minimum Moves to Equal Array Elements","ARRAY","MEDIUM",386066,,"TLE","class Solution {
public:
    void resort(vector<int>& nums, int n) {
        int i = 0, last = nums[n - 1];
        while (i < n - 1 && nums[i] <= last) {
            i++;
        }
        int j = n - 1;
        while (j > i) {
            nums[j] = nums[j - 1];
            j--;
        }
        nums[j] = last;
    }
    void add1s(vector<int>& nums, int n) {
        for (auto& num : nums) {
            num++;
        }
        nums[n - 1]--;
    }
    int minMoves(vector<int>& nums) {
        int n = nums.size();
        sort(nums.begin(), nums.end());

        int ans = 0;
        while (nums[0] != nums[n - 1]) {
            add1s(nums, n);
            ans++;
            resort(nums, n);
        }

        return ans;
    }
};",true,2026-07-21T18:50:04.000Z,2026-08-23T20:28:14.321Z
"https://leetcode.com/problems/minimum-moves-to-equal-array-elements-iii/","Minimum Moves to Equal Array Elements III","ARRAY","EASY",51634,,"CLEAR",,true,2026-07-21T18:50:04.000Z,2026-08-23T20:28:14.321Z
"https://leetcode.com/problems/minimum-number-of-operations-to-make-all-array-elements-equal-to-1/","Minimum Number of Operations to Make All Array Elements Equal to 1","ARRAY","MEDIUM",164790,,"CLEAR",,true,2026-07-21T18:50:04.000Z,2026-08-23T20:28:14.321Z
"https://leetcode.com/problems/minimum-number-of-operations-to-move-all-balls-to-each-box/","Minimum Number of Operations to Move All Balls to Each Box","ARRAY","MEDIUM",387452,,"CLEAR",,true,2026-07-21T18:50:04.000Z,2026-08-23T20:28:14.321Z
"https://leetcode.com/problems/minimum-number-of-operations-to-reinitialize-a-permutation/","Minimum Number of Operations to Reinitialize a Permutation","ARRAY","MEDIUM",33410,,"CLEAR",,true,2026-07-21T18:50:04.000Z,2026-08-23T20:28:14.321Z
"https://leetcode.com/problems/minimum-operations-to-exceed-threshold-value-i/","Minimum Operations to Exceed Threshold Value I","ARRAY","EASY",132247,,"CLEAR",,true,2026-07-21T18:50:04.000Z,2026-08-23T20:28:14.321Z
"https://leetcode.com/problems/minimum-operations-to-make-array-modulo-alternating-i/","Minimum Operations to Make Array Modulo Alternating I","ARRAY","MEDIUM",46084,,"CLEAR",,true,2026-07-21T18:50:04.000Z,2026-08-23T20:28:14.321Z
"https://leetcode.com/problems/minimum-operations-to-make-array-modulo-alternating-ii/","Minimum Operations to Make Array Modulo Alternating II","ARRAY","HARD",536,,"LOCKED",,true,2026-07-21T18:50:04.000Z,2026-08-23T20:28:14.321Z
"https://leetcode.com/problems/minimum-operations-to-make-array-sum-divisible-by-k/","Minimum Operations to Make Array Sum Divisible by K","ARRAY","EASY",234917,,"CLEAR",,true,2026-07-21T18:50:04.000Z,2026-08-23T20:28:14.321Z
"https://leetcode.com/problems/minimum-operations-to-maximize-last-elements-in-arrays/","Minimum Operations to Maximize Last Elements in Arrays","ARRAY","MEDIUM",36005,,"CLEAR",,true,2026-07-21T18:50:04.000Z,2026-08-23T20:28:14.321Z
"https://leetcode.com/problems/minimum-operations-to-sort-a-permutation/","Minimum Operations to Sort a Permutation","ARRAY","MEDIUM",55625,,"CLEAR",,true,2026-07-21T18:50:04.000Z,2026-08-23T20:28:14.321Z
"https://leetcode.com/problems/minimum-penalty-for-a-shop/","Minimum Penalty for a Shop","ARRAY","MEDIUM",338603,,"CLEAR",,true,2026-07-21T18:50:04.000Z,2026-08-23T20:28:14.321Z
"https://leetcode.com/problems/minimum-prefix-removal-to-make-array-strictly-increasing/","Minimum Prefix Removal to Make Array Strictly Increasing","ARRAY","MEDIUM",73649,,"CLEAR",,true,2026-07-21T18:50:04.000Z,2026-08-23T20:28:14.321Z
"https://leetcode.com/problems/minimum-right-shifts-to-sort-the-array/","Minimum Right Shifts to Sort the Array","ARRAY","EASY",78013,,"CLEAR",,true,2026-07-21T18:50:04.000Z,2026-08-23T20:28:14.321Z
"https://leetcode.com/problems/minimum-sum-of-mountain-triplets-i/","Minimum Sum of Mountain Triplets I","ARRAY","EASY",76324,,"CLEAR",,true,2026-07-21T18:50:04.000Z,2026-08-23T20:28:14.321Z
"https://leetcode.com/problems/minimum-sum-of-mountain-triplets-ii/","Minimum Sum of Mountain Triplets II","ARRAY","MEDIUM",62268,,"CLEAR",,true,2026-07-21T18:50:04.000Z,2026-08-23T20:28:14.321Z
"https://leetcode.com/problems/minimum-time-to-visit-all-houses/","Minimum Time to Visit All Houses","ARRAY","MEDIUM",1979,,"LOCKED",,true,2026-07-21T18:50:04.000Z,2026-08-23T20:28:14.321Z
"https://leetcode.com/problems/minimum-time-visiting-all-points/","Minimum Time Visiting All Points","ARRAY","EASY",496367,,"CLEAR",,true,2026-07-21T18:50:04.000Z,2026-08-23T20:28:14.321Z
"https://leetcode.com/problems/minimum-total-cost-to-process-all-elements/","Minimum Total Cost to Process All Elements","ARRAY","MEDIUM",134561,,"CLEAR",,false,2026-07-21T18:50:04.000Z,2026-07-21T18:50:04.000Z
"https://leetcode.com/problems/minimum-total-operations/","Minimum Total Operations","ARRAY","EASY",2345,,"LOCKED",,true,2026-07-21T18:50:04.000Z,2026-08-23T20:28:14.321Z
"https://leetcode.com/problems/minimum-value-to-get-positive-step-by-step-sum/","Minimum Value to Get Positive Step by Step Sum","ARRAY","EASY",374608,,"CLEAR",,true,2026-07-21T18:50:04.000Z,2026-08-23T20:28:14.321Z
"https://leetcode.com/problems/missing-number-in-arithmetic-progression/","Missing Number In Arithmetic Progression","ARRAY","EASY",62275,,"LOCKED",,true,2026-07-21T18:50:04.000Z,2026-08-23T20:28:14.321Z
"https://leetcode.com/problems/missing-ranges/","Missing Ranges","ARRAY","EASY",878424,,"LOCKED",,true,2026-07-21T18:50:04.000Z,2026-08-23T20:28:14.321Z
"https://leetcode.com/problems/monotonic-array/","Monotonic Array","ARRAY","EASY",974928,,"SUCCESS","class Solution {
public:
    bool isMonotonic(vector<int>& nums) {
        int n = nums.size();
        if (n < 3) {
            return true;
        }
        bool inc = true, dec = true;
        int i = 1;
        while (i < n) {
            if (nums[i - 1] > nums[i]) {
                inc = false;
            }
            if (nums[i - 1] < nums[i]) {
                dec = false;
            }
            i++;
        }
        return inc || dec;
    }
};",true,2026-07-21T18:50:04.000Z,2026-08-23T20:28:14.321Z
"https://leetcode.com/problems/most-visited-sector-in-a-circular-track/","Most Visited Sector in  a Circular Track","ARRAY","EASY",68867,,"CLEAR",,true,2026-07-21T18:50:04.000Z,2026-08-23T20:28:14.321Z
"https://leetcode.com/problems/multiply-two-polynomials/","Multiply Two Polynomials","ARRAY","HARD",730,,"LOCKED",,true,2026-07-21T18:50:04.000Z,2026-08-23T20:28:14.321Z
"https://leetcode.com/problems/nearest-available-drone/","Nearest Available Drone","ARRAY","EASY",79254,,"CLEAR",,false,2026-09-07T18:13:42.370Z,2026-09-07T18:13:42.370Z
"https://leetcode.com/problems/non-decreasing-array/","Non-decreasing Array","ARRAY","MEDIUM",1170643,,"ERROR","class Solution {
public:
    bool checkPossibility(vector<int>& nums) {
        int n = nums.size();
        if (n < 3) {
            return true;
        }
        int exp = 0, real = 0, i = 0;
        while (i < n - 1) {
            if (nums[i] <= nums[i + 1]) {
                real++;
            }
            exp++;
            i++;
        }
        return exp - real < 2;
    }
};",true,2026-07-21T18:50:04.000Z,2026-08-23T20:28:14.321Z
"https://leetcode.com/problems/number-of-adjacent-elements-with-the-same-color/","Number of Adjacent Elements With the Same Color","ARRAY","MEDIUM",60722,,"CLEAR",,true,2026-07-21T18:50:04.000Z,2026-08-23T20:28:14.321Z
"https://leetcode.com/problems/number-of-different-subsequences-gcds/","Number of Different Subsequences GCDs","ARRAY","HARD",31432,,"CLEAR",,true,2026-07-21T18:50:04.000Z,2026-08-23T20:28:14.321Z
"https://leetcode.com/problems/number-of-employees-who-met-the-target/","Number of Employees Who Met the Target","ARRAY","EASY",300635,,"CLEAR",,true,2026-07-21T18:50:04.000Z,2026-08-23T20:28:14.321Z
"https://leetcode.com/problems/number-of-lines-to-write-string/","Number of Lines To Write String","ARRAY","EASY",166470,,"CLEAR",,true,2026-07-21T18:50:04.000Z,2026-08-23T20:28:14.321Z
"https://leetcode.com/problems/number-of-rectangles-that-can-form-the-largest-square/","Number Of Rectangles That Can Form The Largest Square","ARRAY","EASY",112414,,"CLEAR",,true,2026-07-21T18:50:04.000Z,2026-08-23T20:28:14.321Z
"https://leetcode.com/problems/number-of-senior-citizens/","Number of Senior Citizens","ARRAY","EASY",381819,,"CLEAR",,true,2026-07-21T18:50:04.000Z,2026-08-23T20:28:14.321Z
"https://leetcode.com/problems/number-of-single-divisor-triplets/","Number of Single Divisor Triplets","ARRAY","MEDIUM",3134,,"LOCKED",,true,2026-07-21T18:50:04.000Z,2026-08-23T20:28:14.321Z
"https://leetcode.com/problems/number-of-strings-that-appear-as-substrings-in-word/","Number of Strings That Appear as Substrings in Word","ARRAY","EASY",292166,,"CLEAR",,true,2026-07-21T18:50:04.000Z,2026-08-23T20:28:14.321Z
"https://leetcode.com/problems/number-of-student-replacements/","Number of Student Replacements","ARRAY","MEDIUM",1405,,"LOCKED",,true,2026-07-21T18:50:04.000Z,2026-08-23T20:28:14.321Z
"https://leetcode.com/problems/number-of-students-doing-homework-at-a-given-time/","Number of Students Doing Homework at a Given Time","ARRAY","EASY",208668,,"CLEAR",,true,2026-07-21T18:50:04.000Z,2026-08-23T20:28:14.321Z
"https://leetcode.com/problems/number-of-subarrays-with-gcd-equal-to-k/","Number of Subarrays With GCD Equal to K","ARRAY","MEDIUM",70066,,"CLEAR",,true,2026-07-21T18:50:04.000Z,2026-08-23T20:28:14.321Z
"https://leetcode.com/problems/number-of-subarrays-with-lcm-equal-to-k/","Number of Subarrays With LCM Equal to K","ARRAY","MEDIUM",84046,,"CLEAR",,true,2026-07-21T18:50:04.000Z,2026-08-23T20:28:14.321Z
"https://leetcode.com/problems/number-of-times-binary-string-is-prefix-aligned/","Number of Times Binary String Is Prefix-Aligned","ARRAY","MEDIUM",93416,,"CLEAR",,true,2026-07-21T18:50:04.000Z,2026-08-23T20:28:14.321Z
"https://leetcode.com/problems/number-of-ways-to-split-array/","Number of Ways to Split Array","ARRAY","MEDIUM",439988,,"SUCCESS","class Solution {
public:
    int waysToSplitArray(vector<int>& nums) {
        int n = nums.size();
        if (n < 2) {
            return 0;
        }
        long long sumr = 0, suml = 0;
        for (auto it : nums) {
            sumr += it;
        }
        int i = 0, ans = 0;

        while (i < n - 1) {
            suml += nums[i];
            sumr -= nums[i];
            if (suml >= sumr) {
                ans++;
            }
            i++;
        }

        return ans;
    }
};",true,2026-07-21T18:50:04.000Z,2026-08-23T20:28:14.321Z
"https://leetcode.com/problems/number-of-zero-filled-subarrays/","Number of Zero-Filled Subarrays","ARRAY","MEDIUM",452431,,"SUCCESS","class Solution {
public:
    long long zeroFilledSubarray(vector<int>& nums) {
        vector<int> idx(1, 0);
        int i = 1;
        for (auto it : nums) {
            if (it != 0) {
                idx.push_back(i);
            }
            i++;
        }
        idx.push_back(nums.size() + 1);

        int n = idx.size();
        i = 1;

        long long ans = 0;
        while (i < n) {
            long long a = idx[i] - idx[i - 1];
            ans += ((a - 1) * a) / 2;
            i++;
        }
        return ans;
    }
};",true,2026-07-21T18:50:04.000Z,2026-08-23T20:28:14.321Z
"https://leetcode.com/problems/partition-array-into-disjoint-intervals/","Partition Array into Disjoint Intervals","ARRAY","MEDIUM",204216,,"CLEAR",,true,2026-07-21T18:50:04.000Z,2026-08-23T20:28:14.321Z
"https://leetcode.com/problems/peeking-iterator/","Peeking Iterator","ARRAY","MEDIUM",427356,,"CLEAR",,true,2026-07-21T18:50:04.000Z,2026-08-23T20:28:14.321Z
"https://leetcode.com/problems/perform-string-shifts/","Perform String Shifts","ARRAY","EASY",169309,,"LOCKED",,true,2026-07-21T18:50:04.000Z,2026-08-23T20:28:14.321Z
"https://leetcode.com/problems/permutations-iv/","Permutations IV","ARRAY","HARD",13351,,"CLEAR",,true,2026-07-21T18:50:04.000Z,2026-08-23T20:28:14.321Z
"https://leetcode.com/problems/plus-one/","Plus One","ARRAY","EASY",7872660,,"SUCCESS","class Solution {
public:
    vector<int> plusOne(vector<int>& digits) {
        int carry = 1, n = digits.size();

        reverse(digits.begin(), digits.end());

        for(auto &num: digits){
            carry+= num;
            num = carry%10;
            carry/=10;
        }
        
        while(carry > 0){
            digits.push_back(carry%10);
            carry/=10;
        }
        
        reverse(digits.begin(), digits.end());

        return digits;

    }
};",true,2026-07-21T18:50:04.000Z,2026-09-07T19:27:53.061Z
"https://leetcode.com/problems/pour-water/","Pour Water","ARRAY","MEDIUM",98641,,"LOCKED",,true,2026-07-21T18:50:04.000Z,2026-08-23T20:28:14.321Z
"https://leetcode.com/problems/prime-pairs-with-target-sum/","Prime Pairs With Target Sum","ARRAY","MEDIUM",115978,,"CLEAR",,true,2026-07-21T18:50:04.000Z,2026-08-23T20:28:14.321Z
"https://leetcode.com/problems/print-words-vertically/","Print Words Vertically","ARRAY","MEDIUM",80240,,"CLEAR",,true,2026-07-21T18:50:04.000Z,2026-08-23T20:28:14.321Z
"https://leetcode.com/problems/product-of-array-except-self/","Product of Array Except Self","ARRAY","MEDIUM",7089510,,"SUCCESS","class Solution {
public:
    vector<int> productExceptSelf(vector<int>& nums) {
        int n = nums.size();
        vector<int> left(n, 1), right(n, 1), ans(n, 1);

        for (int i = 1; i < n; i++) {
            left[i] = left[i - 1] * nums[i - 1];
            right[n - i - 1] = right[n - i] * nums[n - i];
        }

        for (int i = 0; i < n; i++) {
            ans[i] = left[i] * right[i];
        }

        return ans;
    }
};",true,2026-07-21T18:50:04.000Z,2026-09-01T21:36:12.824Z
"https://leetcode.com/problems/product-of-the-last-k-numbers/","Product of the Last K Numbers","ARRAY","MEDIUM",425353,,"CLEAR",,true,2026-07-21T18:50:04.000Z,2026-08-23T20:28:14.321Z
"https://leetcode.com/problems/queries-on-number-of-points-inside-a-circle/","Queries on Number of Points Inside a Circle","ARRAY","MEDIUM",114914,,"CLEAR",,true,2026-07-21T18:50:04.000Z,2026-08-23T20:28:14.321Z
"https://leetcode.com/problems/range-addition/","Range Addition","ARRAY","MEDIUM",147319,,"LOCKED",,true,2026-07-21T18:50:04.000Z,2026-08-23T20:28:14.321Z
"https://leetcode.com/problems/range-addition-ii/","Range Addition II","ARRAY","EASY",239018,,"CLEAR",,true,2026-07-21T18:50:04.000Z,2026-08-23T20:28:14.321Z
"https://leetcode.com/problems/range-sum-query-immutable/","Range Sum Query - Immutable","ARRAY","EASY",1389938,,"SUCCESS","class NumArray {
    vector<int> arr;

public:
    NumArray(vector<int>& nums) { arr = nums; }

    int sumRange(int left, int right) {
        int sum = 0;
        while (left <= right) {
            sum += arr[left++];
        }
        return sum;
    }
};

/**
 * Your NumArray object will be instantiated and called as such:
 * NumArray* obj = new NumArray(nums);
 * int param_1 = obj->sumRange(left,right);
 */",true,2026-07-21T18:50:04.000Z,2026-08-28T21:12:23.741Z
"https://leetcode.com/problems/read-n-characters-given-read4/","Read N Characters Given Read4","ARRAY","EASY",493804,,"LOCKED",,true,2026-07-21T18:50:04.000Z,2026-08-23T20:28:14.321Z
"https://leetcode.com/problems/read-n-characters-given-read4-ii-call-multiple-times/","Read N Characters Given read4 II - Call Multiple Times","ARRAY","HARD",456427,,"LOCKED",,true,2026-07-21T18:50:04.000Z,2026-08-23T20:28:14.321Z
"https://leetcode.com/problems/remove-comments/","Remove Comments","ARRAY","MEDIUM",216891,,"CLEAR",,true,2026-07-21T18:50:04.000Z,2026-08-23T20:28:14.321Z
"https://leetcode.com/problems/remove-interval/","Remove Interval","ARRAY","MEDIUM",64271,,"LOCKED",,true,2026-07-21T18:50:04.000Z,2026-08-23T20:28:14.321Z
"https://leetcode.com/problems/remove-one-element-to-make-the-array-strictly-increasing/","Remove One Element to Make the Array Strictly Increasing","ARRAY","EASY",301106,,"CLEAR",,true,2026-07-21T18:50:04.000Z,2026-08-23T20:28:14.321Z
"https://leetcode.com/problems/replace-elements-with-greatest-element-on-right-side/","Replace Elements with Greatest Element on Right Side","ARRAY","EASY",796463,,"SUCCESS","class Solution {
public:
    vector<int> replaceElements(vector<int>& arr) {
        int maxi = -1;
        int n = arr.size();
        int i = n - 1;
        while (i >= 0) {
            int temp = arr[i];
            arr[i] = maxi;
            maxi = max(maxi, temp);
            i--;
        }
        return arr;
    }
};",true,2026-07-21T18:50:04.000Z,2026-09-03T21:59:13.632Z
"https://leetcode.com/problems/rle-iterator/","RLE Iterator","ARRAY","MEDIUM",156327,,"CLEAR",,true,2026-07-21T18:50:04.000Z,2026-08-23T20:28:14.321Z
"https://leetcode.com/problems/rotate-non-negative-elements/","Rotate Non Negative Elements","ARRAY","MEDIUM",93433,,"CLEAR",,true,2026-07-21T18:50:04.000Z,2026-08-23T20:28:14.321Z
"https://leetcode.com/problems/running-sum-of-1d-array/","Running Sum of 1d Array","ARRAY","EASY",2950867,,"SUCCESS","class Solution {
public:
    vector<int> runningSum(vector<int>& nums) {
        int sum = 0;
        for(auto &num:nums){
            sum+=num;
            num=sum;
        }
        return nums;
    }
};",true,2026-07-21T18:50:04.000Z,2026-09-07T19:28:00.953Z
"https://leetcode.com/problems/score-validator/","Score Validator","ARRAY","EASY",53049,,"CLEAR",,true,2026-07-21T18:50:04.000Z,2026-08-23T20:28:14.321Z
"https://leetcode.com/problems/self-crossing/","Self Crossing","ARRAY","HARD",144516,,"CLEAR",,true,2026-07-21T18:50:04.000Z,2026-08-23T20:28:14.321Z
"https://leetcode.com/problems/semi-ordered-permutation/","Semi-Ordered Permutation","ARRAY","EASY",61072,,"CLEAR",,true,2026-07-21T18:50:04.000Z,2026-08-23T20:28:14.321Z
"https://leetcode.com/problems/separate-the-digits-in-an-array/","Separate the Digits in an Array","ARRAY","EASY",280707,,"CLEAR",,true,2026-07-21T18:50:04.000Z,2026-08-23T20:28:14.321Z
"https://leetcode.com/problems/shift-distance-between-two-strings/","Shift Distance Between Two Strings","ARRAY","MEDIUM",34485,,"CLEAR",,true,2026-07-21T18:50:04.000Z,2026-08-23T20:28:14.321Z
"https://leetcode.com/problems/shifting-letters/","Shifting Letters","ARRAY","MEDIUM",307637,,"CLEAR",,true,2026-07-21T18:50:04.000Z,2026-08-23T20:28:14.321Z
"https://leetcode.com/problems/shifting-letters-ii/","Shifting Letters II","ARRAY","MEDIUM",310634,,"TLE","#define ALPHA 26000000

class Solution {
public:
    char shiftChar(char ch, int num) {
        return 'a' + (ALPHA + num + ch - 'a') % 26;
    }
    string shiftingLetters(string s, vector<vector<int>>& shifts) {
        int n = s.size();
        int i = 0;

        unordered_map<int, int> mp;

        while (i < n) {
            mp[i++] = 0;
        }

        for (auto it : shifts) {
            i = it[0];
            while (i <= it[1]) {
                mp[i++] += it[2] * 2 - 1;
            }
        }

        i = 0;
        for (auto& ch : s) {
            ch = shiftChar(ch, mp[i++]);
        }

        return s;
    }
};",true,2026-07-21T18:50:04.000Z,2026-08-23T20:28:14.321Z
"https://leetcode.com/problems/shortest-distance-to-target-string-in-a-circular-array/","Shortest Distance to Target String in a Circular Array","ARRAY","EASY",218563,,"CLEAR",,true,2026-07-21T18:50:04.000Z,2026-08-23T20:28:14.321Z
"https://leetcode.com/problems/shortest-word-distance/","Shortest Word Distance","ARRAY","EASY",375519,,"LOCKED",,true,2026-07-21T18:50:04.000Z,2026-08-23T20:28:14.321Z
"https://leetcode.com/problems/shortest-word-distance-iii/","Shortest Word Distance III","ARRAY","MEDIUM",160698,,"LOCKED",,true,2026-07-21T18:50:04.000Z,2026-08-23T20:28:14.321Z
"https://leetcode.com/problems/shuffle-an-array/","Shuffle an Array","ARRAY","MEDIUM",674250,,"CLEAR",,true,2026-07-21T18:50:04.000Z,2026-08-23T20:28:14.321Z
"https://leetcode.com/problems/shuffle-string/","Shuffle String","ARRAY","EASY",606380,,"CLEAR",,true,2026-07-21T18:50:04.000Z,2026-08-23T20:28:14.321Z
"https://leetcode.com/problems/shuffle-the-array/","Shuffle the Array","ARRAY","EASY",1376163,,"SUCCESS","class Solution {
public:
    vector<int> shuffle(vector<int>& nums, int n) {
        vector<int> ans(2 * n, 0);
        int i = 0;
        while (i < n) {
            ans[2 * i] = nums[i];
            ans[2 * i + 1] = nums[i + n];
            i++;
        }
        return ans;
    }
};",true,2026-07-21T18:50:04.000Z,2026-08-23T20:28:14.321Z
"https://leetcode.com/problems/sign-of-the-product-of-an-array/","Sign of the Product of an Array","ARRAY","EASY",715878,,"CLEAR",,true,2026-07-21T18:50:04.000Z,2026-08-23T20:28:14.321Z
"https://leetcode.com/problems/slowest-key/","Slowest Key","ARRAY","EASY",201197,,"CLEAR",,true,2026-07-21T18:50:04.000Z,2026-08-23T20:28:14.321Z
"https://leetcode.com/problems/smallest-index-with-digit-sum-equal-to-index/","Smallest Index With Digit Sum Equal to Index","ARRAY","EASY",76377,,"CLEAR",,true,2026-07-21T18:50:04.000Z,2026-08-23T20:28:14.321Z
"https://leetcode.com/problems/smallest-index-with-equal-value/","Smallest Index With Equal Value","ARRAY","EASY",128456,,"CLEAR",,true,2026-07-21T18:50:04.000Z,2026-08-23T20:28:14.321Z
"https://leetcode.com/problems/smallest-range-i/","Smallest Range I","ARRAY","EASY",178807,,"CLEAR",,true,2026-07-21T18:50:04.000Z,2026-08-23T20:28:14.321Z
"https://leetcode.com/problems/smallest-rotation-with-highest-score/","Smallest Rotation with Highest Score","ARRAY","HARD",37015,,"CLEAR",,true,2026-07-21T18:50:04.000Z,2026-08-23T20:28:14.321Z
"https://leetcode.com/problems/smallest-stable-index-i/","Smallest Stable Index I","ARRAY","EASY",249021,,"CLEAR",,true,2026-07-21T18:50:04.000Z,2026-08-23T20:28:14.321Z
"https://leetcode.com/problems/smallest-stable-index-ii/","Smallest Stable Index II","ARRAY","MEDIUM",226810,,"CLEAR",,true,2026-07-21T18:50:04.000Z,2026-08-23T20:28:14.321Z
"https://leetcode.com/problems/snake-in-matrix/","Snake in Matrix","ARRAY","EASY",97561,,"CLEAR",,true,2026-07-21T18:50:04.000Z,2026-08-23T20:28:14.321Z
"https://leetcode.com/problems/special-array-i/","Special Array I","ARRAY","EASY",330191,,"CLEAR",,true,2026-07-21T18:50:04.000Z,2026-08-23T20:28:14.321Z
"https://leetcode.com/problems/split-array-by-prime-indices/","Split Array by Prime Indices","ARRAY","MEDIUM",79636,,"CLEAR",,true,2026-07-21T18:50:04.000Z,2026-08-23T20:28:14.321Z
"https://leetcode.com/problems/split-array-with-minimum-difference/","Split Array With Minimum Difference","ARRAY","MEDIUM",124684,,"CLEAR",,true,2026-07-21T18:50:04.000Z,2026-08-23T20:28:14.321Z
"https://leetcode.com/problems/split-strings-by-separator/","Split Strings by Separator","ARRAY","EASY",109246,,"CLEAR",,true,2026-07-21T18:50:04.000Z,2026-08-23T20:28:14.321Z
"https://leetcode.com/problems/squirrel-simulation/","Squirrel Simulation","ARRAY","MEDIUM",42490,,"LOCKED",,true,2026-07-21T18:50:04.000Z,2026-08-23T20:28:14.321Z
"https://leetcode.com/problems/statistics-from-a-large-sample/","Statistics from a Large Sample","ARRAY","MEDIUM",63666,,"CLEAR",,true,2026-07-21T18:50:04.000Z,2026-08-23T20:28:14.321Z
"https://leetcode.com/problems/string-matching-in-an-array/","String Matching in an Array","ARRAY","EASY",435174,,"CLEAR",,true,2026-07-21T18:50:04.000Z,2026-08-23T20:28:14.321Z
"https://leetcode.com/problems/sum-of-absolute-differences-in-a-sorted-array/","Sum of Absolute Differences in a Sorted Array","ARRAY","MEDIUM",209342,,"CLEAR",,true,2026-07-21T18:50:04.000Z,2026-08-23T20:28:14.321Z
"https://leetcode.com/problems/sum-of-all-odd-length-subarrays/","Sum of All Odd Length Subarrays","ARRAY","EASY",321155,,"CLEAR",,true,2026-07-21T18:50:04.000Z,2026-08-23T20:28:14.321Z
"https://leetcode.com/problems/sum-of-beauty-in-the-array/","Sum of Beauty in the Array","ARRAY","MEDIUM",67235,,"CLEAR",,true,2026-07-21T18:50:04.000Z,2026-08-23T20:28:14.321Z
"https://leetcode.com/problems/sum-of-digits-in-the-minimum-number/","Sum of Digits in the Minimum Number","ARRAY","EASY",34368,,"LOCKED",,true,2026-07-21T18:50:04.000Z,2026-08-23T20:28:14.321Z
"https://leetcode.com/problems/sum-of-even-numbers-after-queries/","Sum of Even Numbers After Queries","ARRAY","MEDIUM",230734,,"CLEAR",,true,2026-07-21T18:50:04.000Z,2026-08-23T20:28:14.321Z
"https://leetcode.com/problems/sum-of-good-numbers/","Sum of Good Numbers","ARRAY","EASY",80847,,"CLEAR",,true,2026-07-21T18:50:04.000Z,2026-08-23T20:28:14.321Z
"https://leetcode.com/problems/sum-of-integers-with-maximum-digit-range/","Sum of Integers with Maximum Digit Range","ARRAY","EASY",72493,,"CLEAR",,false,2026-07-21T18:50:04.000Z,2026-07-21T18:50:04.000Z
"https://leetcode.com/problems/sum-of-squares-of-special-elements/","Sum of Squares of Special Elements ","ARRAY","EASY",132216,,"CLEAR",,true,2026-07-21T18:50:04.000Z,2026-08-23T20:28:14.321Z
"https://leetcode.com/problems/sum-of-variable-length-subarrays/","Sum of Variable Length Subarrays","ARRAY","EASY",74769,,"CLEAR",,true,2026-07-21T18:50:04.000Z,2026-08-23T20:28:14.321Z
"https://leetcode.com/problems/summary-ranges/","Summary Ranges","ARRAY","EASY",1829182,,"SUCCESS","class Solution {
public:
    vector<string> summaryRanges(vector<int>& nums) {
        int n = nums.size();
        if (n == 0) {
            return {};
        }
        if (n == 1) {
            return {to_string(nums[0])};
        }

        vector<vector<int>> mat;
        mat.push_back({});
        mat[0].push_back(nums[0]);

        int i = 1;
        int r = 0;
        int c = 0;
        while (i < n) {
            if (nums[i] == mat[r][c] + 1) {
                mat[r].push_back(nums[i]);
                c++;
            } else {
                mat.push_back({});
                r++;
                mat[r].push_back(nums[i]);
                c = 0;
            }
            i++;
        }

        vector<string> ans;
        for (auto& it : mat) {
            int a = it[0];
            int b = it[it.size() - 1];

            if (a < b) {
                ans.push_back(to_string(a) + ""->"" + to_string(b));
            } else {
                ans.push_back(to_string(a));
            }
        }

        return ans;
    }
};",true,2026-07-21T18:50:04.000Z,2026-08-23T20:28:14.321Z
"https://leetcode.com/problems/teemo-attacking/","Teemo Attacking","ARRAY","EASY",408411,,"CLEAR",,true,2026-07-21T18:50:04.000Z,2026-08-23T20:28:14.321Z
"https://leetcode.com/problems/text-justification/","Text Justification","ARRAY","HARD",1329992,,"ERROR","class Solution {
public:
    string generateGap(int n) {
        string gap(n, ' ');
        return gap;
    }
    string createLine(vector<string>& lineWords, int totalGap) {
        int n = lineWords.size();
        if (lineWords.size() == 1) {
            return lineWords[0] + generateGap(totalGap);
        }
        string gaps = generateGap(totalGap / (n - 1));
        string firstGap = gaps + generateGap(totalGap % (n - 1));

        string line = """";

        for (int i = 0; i < n; i++) {
            if (i == 0) {
                line += lineWords[i] + firstGap;
            } else if (i == n - 1) {
                line += lineWords[i];
            } else {
                line += lineWords[i] + gaps;
            }
        }

        return line;
    }
    vector<string> fullJustify(vector<string>& words, int maxWidth) {
        int l = 0;
        int wordsLength = 0;
        vector<string> temp;
        vector<string> ans;

        for (auto str : words) {
            if (l == 0) {
                temp = {str};
                l = str.size();
                wordsLength = str.size();
            } else if (l + str.size() + 1 > maxWidth) {
                ans.push_back(createLine(temp, maxWidth - wordsLength));
                temp = {str};
                l = str.size();
                wordsLength = str.size();
            } else {
                temp.push_back(str);
                l += str.size() + 1;
                wordsLength += str.size();
            }
        }
        if (l > 0) {
            ans.push_back(createLine(temp, maxWidth - wordsLength));
        }
        return ans;
    }
};",true,2026-07-21T18:50:04.000Z,2026-08-30T09:35:30.609Z
"https://leetcode.com/problems/the-employee-that-worked-on-the-longest-task/","The Employee That Worked on the Longest Task","ARRAY","EASY",88513,,"CLEAR",,true,2026-07-21T18:50:04.000Z,2026-08-23T20:28:14.321Z
"https://leetcode.com/problems/three-consecutive-odds/","Three Consecutive Odds","ARRAY","EASY",664351,,"CLEAR",,true,2026-07-21T18:50:04.000Z,2026-08-23T20:28:14.321Z
"https://leetcode.com/problems/three-equal-parts/","Three Equal Parts","ARRAY","HARD",87009,,"ERROR","class Solution {
public:
    vector<int> threeEqualParts(vector<int>& arr) {
        int ones = 0;
        for (auto num : arr) {
            ones += num;
        }
        if (ones % 3 != 0) {
            return {-1, -1};
        }
        if (ones == 0) {
            return {0, 2};
        }

        int i = 0, j = 0, k = 0, n = arr.size(), temp = 0;

        while (k < n) {
            if (arr[k] == 1) {
                temp++;
            }
            if (temp <= ones / 3) {
                i++;
            }
            if (temp <= 1 + (2 * ones) / 3) {
                j++;
            }
            k++;
        }

        int l = min(i + 1, min(j - 1 - i, n - j));

        int x = i, y = j - 1, z = n - 1;

        while (l > 0) {
            if (arr[x] != arr[y] || arr[z] != arr[y] || arr[x] != arr[z]) {
                return {-1, -1};
            }
            x--;
            y--;
            z--;
            l--;
        }

        return {i, j};
    }
};",true,2026-07-21T18:50:04.000Z,2026-08-30T15:02:47.315Z
"https://leetcode.com/problems/transformed-array/","Transformed Array","ARRAY","EASY",254714,,"CLEAR",,true,2026-07-21T18:50:04.000Z,2026-08-23T20:28:14.321Z
"https://leetcode.com/problems/trionic-array-i/","Trionic Array I","ARRAY","EASY",406224,,"CLEAR",,true,2026-07-21T18:50:04.000Z,2026-08-23T20:28:14.321Z
"https://leetcode.com/problems/truncate-sentence/","Truncate Sentence","ARRAY","EASY",286205,,"CLEAR",,true,2026-07-21T18:50:04.000Z,2026-08-23T20:28:14.321Z
"https://leetcode.com/problems/unique-middle-element/","Unique Middle Element","ARRAY","EASY",70225,,"CLEAR",,false,2026-07-21T18:50:04.000Z,2026-07-21T18:50:04.000Z
"https://leetcode.com/problems/valid-boomerang/","Valid Boomerang","ARRAY","EASY",202448,,"CLEAR",,true,2026-07-21T18:50:04.000Z,2026-08-23T20:28:14.321Z
"https://leetcode.com/problems/valid-elements-in-an-array/","Valid Elements in an Array","ARRAY","EASY",71398,,"CLEAR",,true,2026-07-21T18:50:04.000Z,2026-08-23T20:28:14.321Z
"https://leetcode.com/problems/valid-mountain-array/","Valid Mountain Array","ARRAY","EASY",1654852,,"SUCCESS","class Solution {
public:
    bool validMountainArray(vector<int>& arr) {
        int n = arr.size();
        if (n < 3) {
            return false;
        }
        int i = 0;
        while (i < n - 1 && arr[i] < arr[i + 1]) {
            i++;
        }
        int j = n - 1;
        while (j > 0 && arr[j] < arr[j - 1]) {
            j--;
        }
        return i == j && i > 0 && i < n - 1;
    }
};",true,2026-07-21T18:50:04.000Z,2026-08-23T20:28:14.321Z
"https://leetcode.com/problems/valid-subarrays-with-exactly-one-peak/","Valid Subarrays With Exactly One Peak","ARRAY","MEDIUM",676,,"LOCKED",,true,2026-07-21T18:50:04.000Z,2026-08-23T20:28:14.321Z
"https://leetcode.com/problems/watering-plants/","Watering Plants","ARRAY","MEDIUM",90492,,"CLEAR",,true,2026-07-21T18:50:04.000Z,2026-08-23T20:28:14.321Z
"https://leetcode.com/problems/ways-to-make-a-fair-array/","Ways to Make a Fair Array","ARRAY","MEDIUM",94992,,"CLEAR",,true,2026-07-21T18:50:04.000Z,2026-08-23T20:28:14.321Z
"https://leetcode.com/problems/weighted-word-mapping/","Weighted Word Mapping","ARRAY","EASY",192736,,"CLEAR",,true,2026-07-21T18:50:04.000Z,2026-08-23T20:28:14.321Z
"https://leetcode.com/problems/zero-array-transformation-i/","Zero Array Transformation I","ARRAY","MEDIUM",294028,,"CLEAR",,true,2026-07-21T18:50:04.000Z,2026-08-23T20:28:14.321Z
"https://leetcode.com/problems/24-game/","24 Game","BACKTRACKING","HARD",292267,,"CLEAR",,false,2026-07-21T18:50:04.000Z,2026-07-21T18:50:04.000Z
"https://leetcode.com/problems/additive-number/","Additive Number","BACKTRACKING","MEDIUM",367308,,"CLEAR",,false,2026-07-21T18:50:04.000Z,2026-07-21T18:50:04.000Z
"https://leetcode.com/problems/all-paths-from-source-to-target/","All Paths From Source to Target","BACKTRACKING","MEDIUM",858667,,"CLEAR",,false,2026-07-21T18:50:04.000Z,2026-07-21T18:50:04.000Z
"https://leetcode.com/problems/ambiguous-coordinates/","Ambiguous Coordinates","BACKTRACKING","MEDIUM",64559,,"CLEAR",,false,2026-07-21T18:50:04.000Z,2026-07-21T18:50:04.000Z
"https://leetcode.com/problems/balanced-k-factor-decomposition/","Balanced K-Factor Decomposition","BACKTRACKING","MEDIUM",70845,,"CLEAR",,false,2026-07-21T18:50:04.000Z,2026-07-21T18:50:04.000Z
"https://leetcode.com/problems/binary-tree-paths/","Binary Tree Paths","BACKTRACKING","EASY",1550654,,"CLEAR",,false,2026-07-21T18:50:04.000Z,2026-07-21T18:50:04.000Z
"https://leetcode.com/problems/brace-expansion/","Brace Expansion","BACKTRACKING","MEDIUM",102617,,"LOCKED",,false,2026-07-21T18:50:04.000Z,2026-07-21T18:50:04.000Z
"https://leetcode.com/problems/brace-expansion-ii/","Brace Expansion II","BACKTRACKING","HARD",47846,,"CLEAR",,false,2026-07-21T18:50:04.000Z,2026-07-21T18:50:04.000Z
"https://leetcode.com/problems/combination-sum/","Combination Sum","BACKTRACKING","MEDIUM",4376717,,"CLEAR",,false,2026-07-21T18:50:04.000Z,2026-07-21T18:50:04.000Z
"https://leetcode.com/problems/combination-sum-ii/","Combination Sum II","BACKTRACKING","MEDIUM",3066298,,"CLEAR",,false,2026-07-21T18:50:04.000Z,2026-07-21T18:50:04.000Z
"https://leetcode.com/problems/combination-sum-iii/","Combination Sum III","BACKTRACKING","MEDIUM",1170396,,"CLEAR",,false,2026-07-21T18:50:04.000Z,2026-07-21T18:50:04.000Z
"https://leetcode.com/problems/combinations/","Combinations","BACKTRACKING","MEDIUM",1889215,,"CLEAR",,false,2026-07-21T18:50:04.000Z,2026-07-21T18:50:04.000Z
"https://leetcode.com/problems/confusing-number-ii/","Confusing Number II","BACKTRACKING","HARD",84086,,"LOCKED",,false,2026-07-21T18:50:04.000Z,2026-07-21T18:50:04.000Z
"https://leetcode.com/problems/construct-the-lexicographically-largest-valid-sequence/","Construct the Lexicographically Largest Valid Sequence","BACKTRACKING","MEDIUM",157266,,"CLEAR",,false,2026-07-21T18:50:04.000Z,2026-07-21T18:50:04.000Z
"https://leetcode.com/problems/expression-add-operators/","Expression Add Operators","BACKTRACKING","HARD",763074,,"CLEAR",,false,2026-07-21T18:50:04.000Z,2026-07-21T18:50:04.000Z
"https://leetcode.com/problems/factor-combinations/","Factor Combinations","BACKTRACKING","MEDIUM",280937,,"LOCKED",,false,2026-07-21T18:50:04.000Z,2026-07-21T18:50:04.000Z
"https://leetcode.com/problems/find-the-punishment-number-of-an-integer/","Find the Punishment Number of an Integer","BACKTRACKING","MEDIUM",188524,,"CLEAR",,false,2026-07-21T18:50:04.000Z,2026-07-21T18:50:04.000Z
"https://leetcode.com/problems/find-unique-binary-string/","Find Unique Binary String","BACKTRACKING","MEDIUM",518915,,"CLEAR",,false,2026-07-21T18:50:04.000Z,2026-07-21T18:50:04.000Z
"https://leetcode.com/problems/iterator-for-combination/","Iterator for Combination","BACKTRACKING","MEDIUM",115624,,"CLEAR",,false,2026-07-21T18:50:04.000Z,2026-07-21T18:50:04.000Z
"https://leetcode.com/problems/largest-time-for-given-digits/","Largest Time for Given Digits","BACKTRACKING","MEDIUM",294606,,"CLEAR",,false,2026-07-21T18:50:04.000Z,2026-07-21T18:50:04.000Z
"https://leetcode.com/problems/letter-combinations-of-a-phone-number/","Letter Combinations of a Phone Number","BACKTRACKING","MEDIUM",4795111,,"CLEAR",,false,2026-07-21T18:50:04.000Z,2026-07-21T18:50:04.000Z
"https://leetcode.com/problems/letter-tile-possibilities/","Letter Tile Possibilities","BACKTRACKING","MEDIUM",315608,,"CLEAR",,false,2026-07-21T18:50:04.000Z,2026-07-21T18:50:04.000Z
"https://leetcode.com/problems/longest-subsequence-repeated-k-times/","Longest Subsequence Repeated k Times","BACKTRACKING","HARD",105966,,"CLEAR",,false,2026-07-21T18:50:04.000Z,2026-07-21T18:50:04.000Z
"https://leetcode.com/problems/maximum-path-quality-of-a-graph/","Maximum Path Quality of a Graph","BACKTRACKING","HARD",58474,,"CLEAR",,false,2026-07-21T18:50:04.000Z,2026-07-21T18:50:04.000Z
"https://leetcode.com/problems/n-queens/","N-Queens","BACKTRACKING","HARD",1835041,,"CLEAR",,false,2026-07-21T18:50:04.000Z,2026-07-21T18:50:04.000Z
"https://leetcode.com/problems/n-queens-ii/","N-Queens II","BACKTRACKING","HARD",819040,,"CLEAR",,false,2026-07-21T18:50:04.000Z,2026-07-21T18:50:04.000Z
"https://leetcode.com/problems/next-closest-time/","Next Closest Time","BACKTRACKING","MEDIUM",253831,,"LOCKED",,false,2026-07-21T18:50:04.000Z,2026-07-21T18:50:04.000Z
"https://leetcode.com/problems/next-greater-numerically-balanced-number/","Next Greater Numerically Balanced Number","BACKTRACKING","MEDIUM",171780,,"CLEAR",,false,2026-07-21T18:50:04.000Z,2026-07-21T18:50:04.000Z
"https://leetcode.com/problems/number-of-valid-move-combinations-on-chessboard/","Number of Valid Move Combinations On Chessboard","BACKTRACKING","HARD",12675,,"CLEAR",,false,2026-07-21T18:50:04.000Z,2026-07-21T18:50:04.000Z
"https://leetcode.com/problems/numbers-with-same-consecutive-differences/","Numbers With Same Consecutive Differences","BACKTRACKING","MEDIUM",270084,,"CLEAR",,false,2026-07-21T18:50:04.000Z,2026-07-21T18:50:04.000Z
"https://leetcode.com/problems/palindrome-permutation-ii/","Palindrome Permutation II","BACKTRACKING","MEDIUM",180496,,"LOCKED",,false,2026-07-21T18:50:04.000Z,2026-07-21T18:50:04.000Z
"https://leetcode.com/problems/path-sum-ii/","Path Sum II","BACKTRACKING","MEDIUM",1975709,,"CLEAR",,false,2026-07-21T18:50:04.000Z,2026-07-21T18:50:04.000Z
"https://leetcode.com/problems/path-with-maximum-gold/","Path with Maximum Gold","BACKTRACKING","MEDIUM",384111,,"CLEAR",,false,2026-07-21T18:50:04.000Z,2026-07-21T18:50:04.000Z
"https://leetcode.com/problems/permutations/","Permutations","BACKTRACKING","MEDIUM",3983469,,"CLEAR",,false,2026-07-21T18:50:04.000Z,2026-07-21T18:50:04.000Z
"https://leetcode.com/problems/permutations-ii/","Permutations II","BACKTRACKING","MEDIUM",2132822,,"CLEAR",,false,2026-07-21T18:50:04.000Z,2026-07-21T18:50:04.000Z
"https://leetcode.com/problems/permutations-iii/","Permutations III","BACKTRACKING","MEDIUM",4083,,"LOCKED",,false,2026-07-21T18:50:04.000Z,2026-07-21T18:50:04.000Z
"https://leetcode.com/problems/remove-invalid-parentheses/","Remove Invalid Parentheses","BACKTRACKING","HARD",1029500,,"CLEAR",,false,2026-07-21T18:50:04.000Z,2026-07-21T18:50:04.000Z
"https://leetcode.com/problems/restore-ip-addresses/","Restore IP Addresses","BACKTRACKING","MEDIUM",1166186,,"CLEAR",,false,2026-07-21T18:50:04.000Z,2026-07-21T18:50:04.000Z
"https://leetcode.com/problems/robot-room-cleaner/","Robot Room Cleaner","BACKTRACKING","HARD",275964,,"LOCKED",,false,2026-07-21T18:50:04.000Z,2026-07-21T18:50:04.000Z
"https://leetcode.com/problems/smallest-string-starting-from-leaf/","Smallest String Starting From Leaf","BACKTRACKING","MEDIUM",371855,,"CLEAR",,false,2026-07-21T18:50:04.000Z,2026-07-21T18:50:04.000Z
"https://leetcode.com/problems/split-a-string-into-the-max-number-of-unique-substrings/","Split a String Into the Max Number of Unique Substrings","BACKTRACKING","MEDIUM",222482,,"CLEAR",,false,2026-07-21T18:50:04.000Z,2026-07-21T18:50:04.000Z
"https://leetcode.com/problems/split-array-into-fibonacci-sequence/","Split Array into Fibonacci Sequence","BACKTRACKING","MEDIUM",120163,,"CLEAR",,false,2026-07-21T18:50:04.000Z,2026-07-21T18:50:04.000Z
"https://leetcode.com/problems/splitting-a-string-into-descending-consecutive-values/","Splitting a String Into Descending Consecutive Values","BACKTRACKING","MEDIUM",96124,,"CLEAR",,false,2026-07-21T18:50:04.000Z,2026-07-21T18:50:04.000Z
"https://leetcode.com/problems/stepping-numbers/","Stepping Numbers","BACKTRACKING","MEDIUM",23769,,"LOCKED",,false,2026-07-21T18:50:04.000Z,2026-07-21T18:50:04.000Z
"https://leetcode.com/problems/sudoku-solver/","Sudoku Solver","BACKTRACKING","HARD",1702841,,"CLEAR",,false,2026-07-21T18:50:04.000Z,2026-07-21T18:50:04.000Z
"https://leetcode.com/problems/synonymous-sentences/","Synonymous Sentences","BACKTRACKING","MEDIUM",53218,,"LOCKED",,false,2026-07-21T18:50:04.000Z,2026-07-21T18:50:04.000Z
"https://leetcode.com/problems/the-k-th-lexicographical-string-of-all-happy-strings-of-length-n/","The k-th Lexicographical String of All Happy Strings of Length n","BACKTRACKING","MEDIUM",325063,,"CLEAR",,false,2026-07-21T18:50:04.000Z,2026-07-21T18:50:04.000Z
"https://leetcode.com/problems/the-knights-tour/","The Knight’s Tour","BACKTRACKING","MEDIUM",9592,,"LOCKED",,false,2026-07-21T18:50:04.000Z,2026-07-21T18:50:04.000Z
"https://leetcode.com/problems/tiling-a-rectangle-with-the-fewest-squares/","Tiling a Rectangle with the Fewest Squares","BACKTRACKING","HARD",51527,,"CLEAR",,false,2026-07-21T18:50:04.000Z,2026-07-21T18:50:04.000Z
"https://leetcode.com/problems/verbal-arithmetic-puzzle/","Verbal Arithmetic Puzzle","BACKTRACKING","HARD",54725,,"CLEAR",,false,2026-07-21T18:50:04.000Z,2026-07-21T18:50:04.000Z
"https://leetcode.com/problems/word-ladder-ii/","Word Ladder II","BACKTRACKING","HARD",1740390,,"CLEAR",,false,2026-07-21T18:50:04.000Z,2026-07-21T18:50:04.000Z
"https://leetcode.com/problems/word-pattern-ii/","Word Pattern II","BACKTRACKING","MEDIUM",175229,,"LOCKED",,false,2026-07-21T18:50:04.000Z,2026-07-21T18:50:04.000Z
"https://leetcode.com/problems/word-search/","Word Search","BACKTRACKING","MEDIUM",5512494,,"CLEAR",,false,2026-07-21T18:50:04.000Z,2026-07-21T18:50:04.000Z
"https://leetcode.com/problems/word-search-ii/","Word Search II","BACKTRACKING","HARD",2442183,,"CLEAR",,false,2026-07-21T18:50:04.000Z,2026-07-21T18:50:04.000Z
"https://leetcode.com/problems/word-squares/","Word Squares","BACKTRACKING","HARD",153706,,"LOCKED",,false,2026-07-21T18:50:04.000Z,2026-07-21T18:50:04.000Z
"https://leetcode.com/problems/word-squares-ii/","Word Squares II","BACKTRACKING","MEDIUM",37256,,"CLEAR",,false,2026-07-21T18:50:04.000Z,2026-07-21T18:50:04.000Z
"https://leetcode.com/problems/alternating-groups-iii/","Alternating Groups III","BINARY INDEXED TREE","HARD",16541,,"CLEAR",,false,2026-07-21T18:50:04.000Z,2026-07-21T18:50:04.000Z
"https://leetcode.com/problems/count-number-of-rectangles-containing-each-point/","Count Number of Rectangles Containing Each Point","BINARY INDEXED TREE","MEDIUM",63976,,"CLEAR",,false,2026-07-21T18:50:04.000Z,2026-07-21T18:50:04.000Z
"https://leetcode.com/problems/find-the-longest-valid-obstacle-course-at-each-position/","Find the Longest Valid Obstacle Course at Each Position","BINARY INDEXED TREE","HARD",114449,,"CLEAR",,false,2026-07-21T18:50:04.000Z,2026-07-21T18:50:04.000Z
"https://leetcode.com/problems/maximum-number-of-intersections-on-the-chart/","Maximum Number of Intersections on the Chart","BINARY INDEXED TREE","HARD",9835,,"LOCKED",,false,2026-07-21T18:50:04.000Z,2026-07-21T18:50:04.000Z
"https://leetcode.com/problems/queries-on-a-permutation-with-key/","Queries on a Permutation With Key","BINARY INDEXED TREE","MEDIUM",72454,,"CLEAR",,false,2026-07-21T18:50:04.000Z,2026-07-21T18:50:04.000Z
"https://leetcode.com/problems/sum-of-beautiful-subsequences/","Sum of Beautiful Subsequences","BINARY INDEXED TREE","HARD",30064,,"CLEAR",,false,2026-07-21T18:50:04.000Z,2026-07-21T18:50:04.000Z
"https://leetcode.com/problems/adjacent-increasing-subarrays-detection-ii/","Adjacent Increasing Subarrays Detection II","BINARY SEARCH","MEDIUM",206770,,"CLEAR",,true,2026-07-21T18:50:04.000Z,2026-08-23T20:28:34.922Z
"https://leetcode.com/problems/arranging-coins/","Arranging Coins","BINARY SEARCH","EASY",1362288,,"SUCCESS","class Solution {

    // k < (sqrt(8n + 1) - 1)/2

public:
    int arrangeCoins(int n) {
        long long k = n;
        double sqr = abs(sqrt(8 * k + 1));
        return floor((sqr - 1) / 2);
    }
};",true,2026-07-21T18:50:04.000Z,2026-08-23T20:28:34.922Z
"https://leetcode.com/problems/binary-search/","Binary Search","BINARY SEARCH","EASY",6953798,,"CLEAR",,true,2026-07-21T18:50:04.000Z,2026-08-23T20:28:34.922Z
"https://leetcode.com/problems/capacity-to-ship-packages-within-d-days/","Capacity To Ship Packages Within D Days","BINARY SEARCH","MEDIUM",1185487,,"CLEAR",,true,2026-07-21T18:50:04.000Z,2026-08-23T20:28:34.922Z
"https://leetcode.com/problems/check-if-a-number-is-majority-element-in-a-sorted-array/","Check If a Number Is Majority Element in a Sorted Array","BINARY SEARCH","EASY",105259,,"LOCKED",,true,2026-07-21T18:50:04.000Z,2026-08-23T20:28:34.922Z
"https://leetcode.com/problems/count-k-th-roots-in-a-range/","Count K-th Roots in a Range","BINARY SEARCH","MEDIUM",134806,,"CLEAR",,true,2026-07-21T18:50:04.000Z,2026-08-23T20:28:34.922Z
"https://leetcode.com/problems/count-of-unfinished-tasks-after-each-shift/","Count of Unfinished Tasks After Each Shift","BINARY SEARCH","MEDIUM",51473,,"CLEAR",,false,2026-09-07T18:13:42.370Z,2026-09-07T18:13:42.370Z
"https://leetcode.com/problems/count-stable-subarrays/","Count Stable Subarrays","BINARY SEARCH","HARD",19706,,"CLEAR",,true,2026-07-21T18:50:04.000Z,2026-08-23T20:28:34.922Z
"https://leetcode.com/problems/cutting-ribbons/","Cutting Ribbons","BINARY SEARCH","MEDIUM",166479,,"LOCKED",,true,2026-07-21T18:50:04.000Z,2026-08-23T20:28:34.922Z
"https://leetcode.com/problems/design-exam-scores-tracker/","Design Exam Scores Tracker","BINARY SEARCH","MEDIUM",46838,,"CLEAR",,true,2026-07-21T18:50:04.000Z,2026-08-23T20:28:34.922Z
"https://leetcode.com/problems/divide-chocolate/","Divide Chocolate","BINARY SEARCH","HARD",119692,,"LOCKED",,true,2026-07-21T18:50:04.000Z,2026-08-23T20:28:34.922Z
"https://leetcode.com/problems/earliest-second-to-mark-indices-i/","Earliest Second to Mark Indices I","BINARY SEARCH","MEDIUM",32173,,"CLEAR",,true,2026-07-21T18:50:04.000Z,2026-08-23T20:28:34.922Z
"https://leetcode.com/problems/find-first-and-last-position-of-element-in-sorted-array/","Find First and Last Position of Element in Sorted Array","BINARY SEARCH","MEDIUM",7219551,,"CLEAR",,true,2026-07-21T18:50:04.000Z,2026-08-23T20:28:34.922Z
"https://leetcode.com/problems/find-in-mountain-array/","Find in Mountain Array","BINARY SEARCH","HARD",522378,,"CLEAR",,true,2026-07-21T18:50:04.000Z,2026-08-23T20:28:34.922Z
"https://leetcode.com/problems/find-minimum-in-rotated-sorted-array/","Find Minimum in Rotated Sorted Array","BINARY SEARCH","MEDIUM",6088387,,"CLEAR",,true,2026-07-21T18:50:04.000Z,2026-08-23T20:28:34.922Z
"https://leetcode.com/problems/find-minimum-in-rotated-sorted-array-ii/","Find Minimum in Rotated Sorted Array II","BINARY SEARCH","HARD",1592273,,"CLEAR",,true,2026-07-21T18:50:04.000Z,2026-08-23T20:28:34.922Z
"https://leetcode.com/problems/find-peak-element/","Find Peak Element","BINARY SEARCH","MEDIUM",5531828,,"CLEAR",,true,2026-07-21T18:50:04.000Z,2026-08-23T20:28:34.922Z
"https://leetcode.com/problems/find-right-interval/","Find Right Interval","BINARY SEARCH","MEDIUM",303460,,"CLEAR",,true,2026-07-21T18:50:04.000Z,2026-08-23T20:28:34.922Z
"https://leetcode.com/problems/find-smallest-letter-greater-than-target/","Find Smallest Letter Greater Than Target","BINARY SEARCH","EASY",1487729,,"CLEAR",,true,2026-07-21T18:50:04.000Z,2026-08-23T20:28:34.922Z
"https://leetcode.com/problems/find-target-indices-after-sorting-array/","Find Target Indices After Sorting Array","BINARY SEARCH","EASY",378296,,"CLEAR",,true,2026-07-21T18:50:04.000Z,2026-08-23T20:28:34.922Z
"https://leetcode.com/problems/find-the-index-of-the-large-integer/","Find the Index of the Large Integer","BINARY SEARCH","MEDIUM",33091,,"LOCKED",,true,2026-07-21T18:50:04.000Z,2026-08-23T20:28:34.922Z
"https://leetcode.com/problems/find-the-smallest-divisor-given-a-threshold/","Find the Smallest Divisor Given a Threshold","BINARY SEARCH","MEDIUM",781949,,"CLEAR",,true,2026-07-21T18:50:04.000Z,2026-08-23T20:28:34.922Z
"https://leetcode.com/problems/find-the-student-that-will-replace-the-chalk/","Find the Student that Will Replace the Chalk","BINARY SEARCH","MEDIUM",387223,,"CLEAR",,true,2026-07-21T18:50:04.000Z,2026-08-23T20:28:34.922Z
"https://leetcode.com/problems/first-bad-version/","First Bad Version","BINARY SEARCH","EASY",4727170,,"ERROR","// The API isBadVersion is defined for you.
// bool isBadVersion(int version);

class Solution {
public:
    int firstBadVersion(int n) {
        int i = 1, j = n;
        int bv = 0;
        while (i <= j) {
            int k = i + (j - i) / 2;
            bool isBad = isBadVersion(k);
            if (isBad) {
                bv = k;
                j = k - 1;
            } else {
                if (bv > 0) {
                    break;
                } else {
                    i = k + 1;
                }
            }
        }
        return bv;
    }
};",true,2026-07-21T18:50:04.000Z,2026-08-23T20:28:34.922Z
"https://leetcode.com/problems/fixed-point/","Fixed Point","BINARY SEARCH","EASY",81481,,"LOCKED",,true,2026-07-21T18:50:04.000Z,2026-08-23T20:28:34.922Z
"https://leetcode.com/problems/guess-number-higher-or-lower/","Guess Number Higher or Lower","BINARY SEARCH","EASY",1869409,,"CLEAR",,true,2026-07-21T18:50:04.000Z,2026-08-23T20:28:34.922Z
"https://leetcode.com/problems/h-index-ii/","H-Index II","BINARY SEARCH","MEDIUM",704456,,"CLEAR",,true,2026-07-21T18:50:04.000Z,2026-08-23T20:28:34.922Z
"https://leetcode.com/problems/k-th-digit-in-infinite-string/","K-th Digit in Infinite String","BINARY SEARCH","MEDIUM",31796,,"CLEAR",,false,2026-09-07T18:13:42.370Z,2026-09-07T18:13:42.370Z
"https://leetcode.com/problems/k-th-smallest-remaining-even-integer-in-subarray-queries/","K-th Smallest Remaining Even Integer in Subarray Queries","BINARY SEARCH","HARD",16183,,"CLEAR",,true,2026-07-21T18:50:04.000Z,2026-08-23T20:28:34.922Z
"https://leetcode.com/problems/koko-eating-bananas/","Koko Eating Bananas","BINARY SEARCH","MEDIUM",3581918,,"CLEAR",,true,2026-07-21T18:50:04.000Z,2026-08-23T20:28:34.922Z
"https://leetcode.com/problems/kth-missing-positive-number/","Kth Missing Positive Number","BINARY SEARCH","EASY",1433419,,"CLEAR",,true,2026-07-21T18:50:04.000Z,2026-08-23T20:28:34.922Z
"https://leetcode.com/problems/kth-smallest-number-in-multiplication-table/","Kth Smallest Number in Multiplication Table","BINARY SEARCH","HARD",167108,,"CLEAR",,true,2026-07-21T18:50:04.000Z,2026-08-23T20:28:34.922Z
"https://leetcode.com/problems/kth-smallest-product-of-two-sorted-arrays/","Kth Smallest Product of Two Sorted Arrays","BINARY SEARCH","HARD",175689,,"CLEAR",,true,2026-07-21T18:50:04.000Z,2026-08-23T20:28:34.922Z
"https://leetcode.com/problems/length-of-the-longest-increasing-path/","Length of the Longest Increasing Path","BINARY SEARCH","HARD",32606,,"CLEAR",,true,2026-07-21T18:50:04.000Z,2026-08-23T20:28:34.922Z
"https://leetcode.com/problems/magnetic-force-between-two-balls/","Magnetic Force Between Two Balls","BINARY SEARCH","MEDIUM",343543,,"CLEAR",,true,2026-07-21T18:50:04.000Z,2026-08-23T20:28:34.922Z
"https://leetcode.com/problems/maximize-fixed-points-after-deletions/","Maximize Fixed Points After Deletions","BINARY SEARCH","HARD",30349,,"CLEAR",,true,2026-07-21T18:50:04.000Z,2026-08-23T20:28:34.922Z
"https://leetcode.com/problems/maximize-the-distance-between-points-on-a-square/","Maximize the Distance Between Points on a Square","BINARY SEARCH","HARD",109945,,"CLEAR",,true,2026-07-21T18:50:04.000Z,2026-08-23T20:28:34.922Z
"https://leetcode.com/problems/maximum-average-subarray-ii/","Maximum Average Subarray II","BINARY SEARCH","HARD",61913,,"LOCKED",,true,2026-07-21T18:50:04.000Z,2026-08-23T20:28:34.922Z
"https://leetcode.com/problems/maximum-candies-allocated-to-k-children/","Maximum Candies Allocated to K Children","BINARY SEARCH","MEDIUM",438867,,"CLEAR",,true,2026-07-21T18:50:04.000Z,2026-08-23T20:28:34.922Z
"https://leetcode.com/problems/maximum-count-of-positive-integer-and-negative-integer/","Maximum Count of Positive Integer and Negative Integer","BINARY SEARCH","EASY",517889,,"CLEAR",,true,2026-07-21T18:50:04.000Z,2026-08-23T20:28:34.922Z
"https://leetcode.com/problems/maximum-font-to-fit-a-sentence-in-a-screen/","Maximum Font to Fit a Sentence in a Screen","BINARY SEARCH","MEDIUM",12334,,"LOCKED",,true,2026-07-21T18:50:04.000Z,2026-08-23T20:28:34.922Z
"https://leetcode.com/problems/maximum-gcd-sum-of-a-subarray/","Maximum GCD-Sum of a Subarray","BINARY SEARCH","HARD",1890,,"LOCKED",,true,2026-07-21T18:50:04.000Z,2026-08-23T20:28:34.922Z
"https://leetcode.com/problems/maximum-number-of-alloys/","Maximum Number of Alloys","BINARY SEARCH","MEDIUM",53072,,"CLEAR",,true,2026-07-21T18:50:04.000Z,2026-08-23T20:28:34.922Z
"https://leetcode.com/problems/maximum-number-of-upgradable-servers/","Maximum Number of Upgradable Servers","BINARY SEARCH","MEDIUM",8465,,"LOCKED",,true,2026-07-21T18:50:04.000Z,2026-08-23T20:28:34.922Z
"https://leetcode.com/problems/minimize-max-distance-to-gas-station/","Minimize Max Distance to Gas Station","BINARY SEARCH","HARD",70794,,"LOCKED",,true,2026-07-21T18:50:04.000Z,2026-08-23T20:28:34.922Z
"https://leetcode.com/problems/minimize-the-maximum-of-two-arrays/","Minimize the Maximum of Two Arrays","BINARY SEARCH","MEDIUM",54057,,"CLEAR",,true,2026-07-21T18:50:04.000Z,2026-08-23T20:28:34.922Z
"https://leetcode.com/problems/minimum-garden-perimeter-to-collect-enough-apples/","Minimum Garden Perimeter to Collect Enough Apples","BINARY SEARCH","MEDIUM",40375,,"CLEAR",,true,2026-07-21T18:50:04.000Z,2026-08-23T20:28:34.922Z
"https://leetcode.com/problems/minimum-k-to-reduce-array-within-limit/","Minimum K to Reduce Array Within Limit","BINARY SEARCH","MEDIUM",118056,,"CLEAR",,true,2026-07-21T18:50:04.000Z,2026-08-23T20:28:34.922Z
"https://leetcode.com/problems/minimum-limit-of-balls-in-a-bag/","Minimum Limit of Balls in a Bag","BINARY SEARCH","MEDIUM",244424,,"CLEAR",,true,2026-07-21T18:50:04.000Z,2026-08-23T20:28:34.922Z
"https://leetcode.com/problems/minimum-number-of-days-to-make-m-bouquets/","Minimum Number of Days to Make m Bouquets","BINARY SEARCH","MEDIUM",1040031,,"CLEAR",,true,2026-07-21T18:50:04.000Z,2026-08-23T20:28:34.922Z
"https://leetcode.com/problems/minimum-number-of-increasing-subsequence-to-be-removed/","Minimum Number of Increasing Subsequence to Be Removed","BINARY SEARCH","HARD",1401,,"LOCKED",,true,2026-07-21T18:50:04.000Z,2026-08-23T20:28:34.922Z
"https://leetcode.com/problems/minimum-operations-to-make-all-array-elements-equal/","Minimum Operations to Make All Array Elements Equal","BINARY SEARCH","MEDIUM",82646,,"CLEAR",,true,2026-07-21T18:50:04.000Z,2026-08-23T20:28:34.922Z
"https://leetcode.com/problems/minimum-operations-to-make-numbers-non-positive/","Minimum Operations to Make Numbers Non-positive","BINARY SEARCH","HARD",15230,,"LOCKED",,true,2026-07-21T18:50:04.000Z,2026-08-23T20:28:34.922Z
"https://leetcode.com/problems/minimum-operations-to-make-the-array-k-increasing/","Minimum Operations to Make the Array K-Increasing","BINARY SEARCH","HARD",41292,,"CLEAR",,true,2026-07-21T18:50:04.000Z,2026-08-23T20:28:34.922Z
"https://leetcode.com/problems/minimum-relative-loss-after-buying-chocolates/","Minimum Relative Loss After Buying Chocolates","BINARY SEARCH","HARD",1618,,"LOCKED",,true,2026-07-21T18:50:04.000Z,2026-08-23T20:28:34.922Z
"https://leetcode.com/problems/minimum-space-wasted-from-packaging/","Minimum Space Wasted From Packaging","BINARY SEARCH","HARD",56041,,"CLEAR",,true,2026-07-21T18:50:04.000Z,2026-08-23T20:28:34.922Z
"https://leetcode.com/problems/minimum-speed-to-arrive-on-time/","Minimum Speed to Arrive on Time","BINARY SEARCH","MEDIUM",286289,,"CLEAR",,true,2026-07-21T18:50:04.000Z,2026-08-23T20:28:34.922Z
"https://leetcode.com/problems/minimum-time-to-activate-string/","Minimum Time to Activate String","BINARY SEARCH","MEDIUM",72800,,"CLEAR",,true,2026-07-21T18:50:04.000Z,2026-08-23T20:28:34.922Z
"https://leetcode.com/problems/minimum-time-to-complete-all-deliveries/","Minimum Time to Complete All Deliveries","BINARY SEARCH","MEDIUM",43610,,"CLEAR",,true,2026-07-21T18:50:04.000Z,2026-08-23T20:28:34.922Z
"https://leetcode.com/problems/minimum-time-to-complete-trips/","Minimum Time to Complete Trips","BINARY SEARCH","MEDIUM",413958,,"CLEAR",,true,2026-07-21T18:50:04.000Z,2026-08-23T20:28:34.922Z
"https://leetcode.com/problems/minimum-time-to-repair-cars/","Minimum Time to Repair Cars","BINARY SEARCH","MEDIUM",268547,,"CLEAR",,true,2026-07-21T18:50:04.000Z,2026-08-23T20:28:34.922Z
"https://leetcode.com/problems/missing-element-in-sorted-array/","Missing Element in Sorted Array","BINARY SEARCH","MEDIUM",287214,,"LOCKED",,true,2026-07-21T18:50:04.000Z,2026-08-23T20:28:34.922Z
"https://leetcode.com/problems/most-beautiful-item-for-each-query/","Most Beautiful Item for Each Query","BINARY SEARCH","MEDIUM",214616,,"CLEAR",,true,2026-07-21T18:50:04.000Z,2026-08-23T20:28:34.922Z
"https://leetcode.com/problems/nth-digit/","Nth Digit","BINARY SEARCH","MEDIUM",371911,,"CLEAR",,true,2026-07-21T18:50:04.000Z,2026-08-23T20:28:34.922Z
"https://leetcode.com/problems/nth-magical-number/","Nth Magical Number","BINARY SEARCH","HARD",144498,,"CLEAR",,true,2026-07-21T18:50:04.000Z,2026-08-23T20:28:34.922Z
"https://leetcode.com/problems/number-of-equal-numbers-blocks/","Number of Equal Numbers Blocks","BINARY SEARCH","MEDIUM",4056,,"LOCKED",,true,2026-07-21T18:50:04.000Z,2026-08-23T20:28:34.922Z
"https://leetcode.com/problems/peak-index-in-a-mountain-array/","Peak Index in a Mountain Array","BINARY SEARCH","MEDIUM",1930219,,"CLEAR",,true,2026-07-21T18:50:04.000Z,2026-08-23T20:28:34.922Z
"https://leetcode.com/problems/plates-between-candles/","Plates Between Candles","BINARY SEARCH","MEDIUM",168600,,"CLEAR",,true,2026-07-21T18:50:04.000Z,2026-08-23T20:28:34.922Z
"https://leetcode.com/problems/pour-water-between-buckets-to-make-water-levels-equal/","Pour Water Between Buckets to Make Water Levels Equal","BINARY SEARCH","MEDIUM",6012,,"LOCKED",,true,2026-07-21T18:50:04.000Z,2026-08-23T20:28:34.922Z
"https://leetcode.com/problems/preimage-size-of-factorial-zeroes-function/","Preimage Size of Factorial Zeroes Function","BINARY SEARCH","HARD",54718,,"CLEAR",,true,2026-07-21T18:50:04.000Z,2026-08-23T20:28:34.922Z
"https://leetcode.com/problems/random-pick-with-weight/","Random Pick with Weight","BINARY SEARCH","MEDIUM",1450328,,"CLEAR",,true,2026-07-21T18:50:04.000Z,2026-08-23T20:28:34.922Z
"https://leetcode.com/problems/reach-a-number/","Reach a Number","BINARY SEARCH","MEDIUM",167957,,"CLEAR",,true,2026-07-21T18:50:04.000Z,2026-08-23T20:28:34.922Z
"https://leetcode.com/problems/search-in-a-sorted-array-of-unknown-size/","Search in a Sorted Array of Unknown Size","BINARY SEARCH","MEDIUM",156784,,"LOCKED",,true,2026-07-21T18:50:04.000Z,2026-08-23T20:28:34.922Z
"https://leetcode.com/problems/search-in-rotated-sorted-array/","Search in Rotated Sorted Array","BINARY SEARCH","MEDIUM",10768132,,"CLEAR",,true,2026-07-21T18:50:04.000Z,2026-08-23T20:28:34.922Z
"https://leetcode.com/problems/search-in-rotated-sorted-array-ii/","Search in Rotated Sorted Array II","BINARY SEARCH","MEDIUM",3365185,,"CLEAR",,true,2026-07-21T18:50:04.000Z,2026-08-23T20:28:34.922Z
"https://leetcode.com/problems/search-insert-position/","Search Insert Position","BINARY SEARCH","EASY",9840984,,"CLEAR",,true,2026-07-21T18:50:04.000Z,2026-08-23T20:28:34.922Z
"https://leetcode.com/problems/separate-squares-i/","Separate Squares I","BINARY SEARCH","MEDIUM",225180,,"CLEAR",,true,2026-07-21T18:50:04.000Z,2026-08-23T20:28:34.922Z
"https://leetcode.com/problems/single-element-in-a-sorted-array/","Single Element in a Sorted Array","BINARY SEARCH","MEDIUM",2261047,,"CLEAR",,true,2026-07-21T18:50:04.000Z,2026-08-23T20:28:34.922Z
"https://leetcode.com/problems/smallest-good-base/","Smallest Good Base","BINARY SEARCH","HARD",72523,,"CLEAR",,true,2026-07-21T18:50:04.000Z,2026-08-23T20:28:34.922Z
"https://leetcode.com/problems/smallest-substring-with-identical-characters-i/","Smallest Substring With Identical Characters I","BINARY SEARCH","HARD",38866,,"CLEAR",,true,2026-07-21T18:50:04.000Z,2026-08-23T20:28:34.922Z
"https://leetcode.com/problems/smallest-substring-with-identical-characters-ii/","Smallest Substring With Identical Characters II","BINARY SEARCH","HARD",18396,,"CLEAR",,true,2026-07-21T18:50:04.000Z,2026-08-23T20:28:34.922Z
"https://leetcode.com/problems/special-array-ii/","Special Array II","BINARY SEARCH","MEDIUM",305643,,"CLEAR",,true,2026-07-21T18:50:04.000Z,2026-08-23T20:28:34.922Z
"https://leetcode.com/problems/special-array-with-x-elements-greater-than-or-equal-x/","Special Array With X Elements Greater Than or Equal X","BINARY SEARCH","EASY",360174,,"CLEAR",,true,2026-07-21T18:50:04.000Z,2026-08-23T20:28:34.922Z
"https://leetcode.com/problems/sqrtx/","Sqrt(x)","BINARY SEARCH","EASY",8115993,,"SUCCESS","class Solution {
public:
    int mySqrt(int x) {
        if (x < 2) {
            return x;
        }
        int i = 1, j = x;
        while (i <= j) {
            long long k = i + (j - i) / 2;
            if (k * k <= x && (k + 1) * (k + 1) > x) {
                return k;
            } else if (k * k > x) {
                j = k - 1;
            } else {
                i = k + 1;
            }
        }
        return x;
    }
};",true,2026-07-21T18:50:04.000Z,2026-08-23T20:28:34.922Z
"https://leetcode.com/problems/sum-of-floored-pairs/","Sum of Floored Pairs","BINARY SEARCH","HARD",41778,,"CLEAR",,true,2026-07-21T18:50:04.000Z,2026-08-23T20:28:34.922Z
"https://leetcode.com/problems/sum-of-mutated-array-closest-to-target/","Sum of Mutated Array Closest to Target","BINARY SEARCH","MEDIUM",111070,,"CLEAR",,true,2026-07-21T18:50:04.000Z,2026-08-23T20:28:34.922Z
"https://leetcode.com/problems/total-score-of-dungeon-runs/","Total Score of Dungeon Runs","BINARY SEARCH","MEDIUM",35502,,"CLEAR",,true,2026-07-21T18:50:04.000Z,2026-08-23T20:28:34.922Z
"https://leetcode.com/problems/ugly-number-iii/","Ugly Number III","BINARY SEARCH","MEDIUM",147161,,"CLEAR",,true,2026-07-21T18:50:04.000Z,2026-08-23T20:28:34.922Z
"https://leetcode.com/problems/valid-perfect-square/","Valid Perfect Square","BINARY SEARCH","EASY",2200877,,"SUCCESS","class Solution {
public:
    bool isPerfectSquare(int num) {
        if (num == 1) {
            return true;
        }

        int i = 2, j = num - 1;

        while (i <= j) {

            long long k = i + (j - i) / 2;
            long long sq = k * k;

            if (sq == num) {
                return true;
            } else if (sq > num) {
                j = k - 1;
            } else {
                i = k + 1;
            }
        }
        return false;
    }
};",true,2026-07-21T18:50:04.000Z,2026-08-23T20:28:34.922Z
"https://leetcode.com/problems/all-elements-in-two-binary-search-trees/","All Elements in Two Binary Search Trees","BINARY SEARCH TREE","MEDIUM",338635,,"CLEAR",,false,2026-07-21T18:50:04.000Z,2026-07-21T18:50:04.000Z
"https://leetcode.com/problems/binary-search-tree-iterator/","Binary Search Tree Iterator","BINARY SEARCH TREE","MEDIUM",1492155,,"CLEAR",,false,2026-07-21T18:50:04.000Z,2026-07-21T18:50:04.000Z
"https://leetcode.com/problems/binary-search-tree-iterator-ii/","Binary Search Tree Iterator II","BINARY SEARCH TREE","MEDIUM",27769,,"LOCKED",,false,2026-07-21T18:50:04.000Z,2026-07-21T18:50:04.000Z
"https://leetcode.com/problems/binary-search-tree-to-greater-sum-tree/","Binary Search Tree to Greater Sum Tree","BINARY SEARCH TREE","MEDIUM",402981,,"CLEAR",,false,2026-07-21T18:50:04.000Z,2026-07-21T18:50:04.000Z
"https://leetcode.com/problems/closest-binary-search-tree-value/","Closest Binary Search Tree Value","BINARY SEARCH TREE","EASY",932290,,"LOCKED",,false,2026-07-21T18:50:04.000Z,2026-07-21T18:50:04.000Z
"https://leetcode.com/problems/closest-binary-search-tree-value-ii/","Closest Binary Search Tree Value II","BINARY SEARCH TREE","HARD",231907,,"LOCKED",,false,2026-07-21T18:50:04.000Z,2026-07-21T18:50:04.000Z
"https://leetcode.com/problems/closest-nodes-queries-in-a-binary-search-tree/","Closest Nodes Queries in a Binary Search Tree","BINARY SEARCH TREE","MEDIUM",93677,,"CLEAR",,false,2026-07-21T18:50:04.000Z,2026-07-21T18:50:04.000Z
"https://leetcode.com/problems/construct-binary-search-tree-from-preorder-traversal/","Construct Binary Search Tree from Preorder Traversal","BINARY SEARCH TREE","MEDIUM",698363,,"CLEAR",,false,2026-07-21T18:50:04.000Z,2026-07-21T18:50:04.000Z
"https://leetcode.com/problems/convert-binary-search-tree-to-sorted-doubly-linked-list/","Convert Binary Search Tree to Sorted Doubly Linked List","BINARY SEARCH TREE","MEDIUM",569867,,"LOCKED",,false,2026-07-21T18:50:04.000Z,2026-07-21T18:50:04.000Z
"https://leetcode.com/problems/convert-bst-to-greater-tree/","Convert BST to Greater Tree","BINARY SEARCH TREE","MEDIUM",510507,,"CLEAR",,false,2026-07-21T18:50:04.000Z,2026-07-21T18:50:04.000Z
"https://leetcode.com/problems/delete-node-in-a-bst/","Delete Node in a BST","BINARY SEARCH TREE","MEDIUM",1702232,,"CLEAR",,false,2026-07-21T18:50:04.000Z,2026-07-21T18:50:04.000Z
"https://leetcode.com/problems/depth-of-bst-given-insertion-order/","Depth of BST Given Insertion Order","BINARY SEARCH TREE","MEDIUM",7361,,"LOCKED",,false,2026-07-21T18:50:04.000Z,2026-07-21T18:50:04.000Z
"https://leetcode.com/problems/find-mode-in-binary-search-tree/","Find Mode in Binary Search Tree","BINARY SEARCH TREE","EASY",694296,,"CLEAR",,false,2026-07-21T18:50:04.000Z,2026-07-21T18:50:04.000Z
"https://leetcode.com/problems/increasing-order-search-tree/","Increasing Order Search Tree","BINARY SEARCH TREE","EASY",441482,,"CLEAR",,false,2026-07-21T18:50:04.000Z,2026-07-21T18:50:04.000Z
"https://leetcode.com/problems/inorder-successor-in-bst/","Inorder Successor in BST","BINARY SEARCH TREE","MEDIUM",730951,,"LOCKED",,false,2026-07-21T18:50:04.000Z,2026-07-21T18:50:04.000Z
"https://leetcode.com/problems/inorder-successor-in-bst-ii/","Inorder Successor in BST II","BINARY SEARCH TREE","MEDIUM",125551,,"LOCKED",,false,2026-07-21T18:50:04.000Z,2026-07-21T18:50:04.000Z
"https://leetcode.com/problems/insert-into-a-binary-search-tree/","Insert into a Binary Search Tree","BINARY SEARCH TREE","MEDIUM",1290151,,"CLEAR",,false,2026-07-21T18:50:04.000Z,2026-07-21T18:50:04.000Z
"https://leetcode.com/problems/kth-largest-element-in-a-stream/","Kth Largest Element in a Stream","BINARY SEARCH TREE","EASY",1724187,,"CLEAR",,false,2026-07-21T18:50:04.000Z,2026-07-21T18:50:04.000Z
"https://leetcode.com/problems/kth-smallest-element-in-a-bst/","Kth Smallest Element in a BST","BINARY SEARCH TREE","MEDIUM",3117293,,"CLEAR",,false,2026-07-21T18:50:04.000Z,2026-07-21T18:50:04.000Z
"https://leetcode.com/problems/lowest-common-ancestor-of-a-binary-search-tree/","Lowest Common Ancestor of a Binary Search Tree","BINARY SEARCH TREE","MEDIUM",3390947,,"CLEAR",,false,2026-07-21T18:50:04.000Z,2026-07-21T18:50:04.000Z
"https://leetcode.com/problems/median-of-a-binary-search-tree-level/","Median of a Binary Search Tree Level","BINARY SEARCH TREE","MEDIUM",1636,,"LOCKED",,false,2026-07-21T18:50:04.000Z,2026-07-21T18:50:04.000Z
"https://leetcode.com/problems/merge-bsts-to-create-single-bst/","Merge BSTs to Create Single BST","BINARY SEARCH TREE","HARD",46166,,"CLEAR",,false,2026-07-21T18:50:04.000Z,2026-07-21T18:50:04.000Z
"https://leetcode.com/problems/minimum-absolute-difference-in-bst/","Minimum Absolute Difference in BST","BINARY SEARCH TREE","EASY",1090074,,"CLEAR",,false,2026-07-21T18:50:04.000Z,2026-07-21T18:50:04.000Z
"https://leetcode.com/problems/minimum-distance-between-bst-nodes/","Minimum Distance Between BST Nodes","BINARY SEARCH TREE","EASY",561931,,"CLEAR",,false,2026-07-21T18:50:04.000Z,2026-07-21T18:50:04.000Z
"https://leetcode.com/problems/range-sum-of-bst/","Range Sum of BST","BINARY SEARCH TREE","EASY",1574370,,"CLEAR",,false,2026-07-21T18:50:04.000Z,2026-07-21T18:50:04.000Z
"https://leetcode.com/problems/range-xor-queries-with-subarray-reversals/","Range XOR Queries with Subarray Reversals","BINARY SEARCH TREE","HARD",714,,"LOCKED",,false,2026-07-21T18:50:04.000Z,2026-07-21T18:50:04.000Z
"https://leetcode.com/problems/recover-binary-search-tree/","Recover Binary Search Tree","BINARY SEARCH TREE","MEDIUM",1188558,,"CLEAR",,false,2026-07-21T18:50:04.000Z,2026-07-21T18:50:04.000Z
"https://leetcode.com/problems/search-in-a-binary-search-tree/","Search in a Binary Search Tree","BINARY SEARCH TREE","EASY",1799983,,"CLEAR",,false,2026-07-21T18:50:04.000Z,2026-07-21T18:50:04.000Z
"https://leetcode.com/problems/serialize-and-deserialize-bst/","Serialize and Deserialize BST","BINARY SEARCH TREE","MEDIUM",475378,,"CLEAR",,false,2026-07-21T18:50:04.000Z,2026-07-21T18:50:04.000Z
"https://leetcode.com/problems/trim-a-binary-search-tree/","Trim a Binary Search Tree","BINARY SEARCH TREE","MEDIUM",534593,,"CLEAR",,false,2026-07-21T18:50:04.000Z,2026-07-21T18:50:04.000Z
"https://leetcode.com/problems/two-sum-bsts/","Two Sum BSTs","BINARY SEARCH TREE","MEDIUM",91765,,"LOCKED",,false,2026-07-21T18:50:04.000Z,2026-07-21T18:50:04.000Z
"https://leetcode.com/problems/two-sum-iv-input-is-a-bst/","Two Sum IV - Input is a BST","BINARY SEARCH TREE","EASY",1280678,,"CLEAR",,false,2026-07-21T18:50:04.000Z,2026-07-21T18:50:04.000Z
"https://leetcode.com/problems/validate-binary-search-tree/","Validate Binary Search Tree","BINARY SEARCH TREE","MEDIUM",9752426,,"CLEAR",,false,2026-07-21T18:50:04.000Z,2026-07-21T18:50:04.000Z
"https://leetcode.com/problems/add-one-row-to-tree/","Add One Row to Tree","BINARY TREE","MEDIUM",483640,,"CLEAR",,false,2026-07-21T18:50:04.000Z,2026-07-21T18:50:04.000Z
"https://leetcode.com/problems/all-nodes-distance-k-in-binary-tree/","All Nodes Distance K in Binary Tree","BINARY TREE","MEDIUM",1084990,,"CLEAR",,false,2026-07-21T18:50:04.000Z,2026-07-21T18:50:04.000Z
"https://leetcode.com/problems/amount-of-time-for-binary-tree-to-be-infected/","Amount of Time for Binary Tree to Be Infected","BINARY TREE","MEDIUM",338236,,"CLEAR",,false,2026-07-21T18:50:04.000Z,2026-07-21T18:50:04.000Z
"https://leetcode.com/problems/average-of-levels-in-binary-tree/","Average of Levels in Binary Tree","BINARY TREE","EASY",1042641,,"CLEAR",,false,2026-07-21T18:50:04.000Z,2026-07-21T18:50:04.000Z
"https://leetcode.com/problems/balanced-binary-tree/","Balanced Binary Tree","BINARY TREE","EASY",4493002,,"CLEAR",,false,2026-07-21T18:50:04.000Z,2026-07-21T18:50:04.000Z
"https://leetcode.com/problems/binary-tree-coloring-game/","Binary Tree Coloring Game","BINARY TREE","MEDIUM",107454,,"CLEAR",,false,2026-07-21T18:50:04.000Z,2026-07-21T18:50:04.000Z
"https://leetcode.com/problems/binary-tree-inorder-traversal/","Binary Tree Inorder Traversal","BINARY TREE","EASY",4908094,,"CLEAR",,false,2026-07-21T18:50:04.000Z,2026-07-21T18:50:04.000Z
"https://leetcode.com/problems/binary-tree-level-order-traversal/","Binary Tree Level Order Traversal","BINARY TREE","MEDIUM",4980563,,"CLEAR",,false,2026-07-21T18:50:04.000Z,2026-07-21T18:50:04.000Z
"https://leetcode.com/problems/binary-tree-level-order-traversal-ii/","Binary Tree Level Order Traversal II","BINARY TREE","MEDIUM",1271546,,"CLEAR",,false,2026-07-21T18:50:04.000Z,2026-07-21T18:50:04.000Z
"https://leetcode.com/problems/binary-tree-longest-consecutive-sequence/","Binary Tree Longest Consecutive Sequence","BINARY TREE","MEDIUM",305442,,"LOCKED",,false,2026-07-21T18:50:04.000Z,2026-07-21T18:50:04.000Z
"https://leetcode.com/problems/binary-tree-longest-consecutive-sequence-ii/","Binary Tree Longest Consecutive Sequence II","BINARY TREE","MEDIUM",127471,,"LOCKED",,false,2026-07-21T18:50:04.000Z,2026-07-21T18:50:04.000Z
"https://leetcode.com/problems/binary-tree-postorder-traversal/","Binary Tree Postorder Traversal","BINARY TREE","EASY",2686154,,"CLEAR",,false,2026-07-21T18:50:04.000Z,2026-07-21T18:50:04.000Z
"https://leetcode.com/problems/binary-tree-preorder-traversal/","Binary Tree Preorder Traversal","BINARY TREE","EASY",3432216,,"CLEAR",,false,2026-07-21T18:50:04.000Z,2026-07-21T18:50:04.000Z
"https://leetcode.com/problems/binary-tree-pruning/","Binary Tree Pruning","BINARY TREE","MEDIUM",406337,,"CLEAR",,false,2026-07-21T18:50:04.000Z,2026-07-21T18:50:04.000Z
"https://leetcode.com/problems/binary-tree-right-side-view/","Binary Tree Right Side View","BINARY TREE","MEDIUM",3364566,,"CLEAR",,false,2026-07-21T18:50:04.000Z,2026-07-21T18:50:04.000Z
"https://leetcode.com/problems/binary-tree-tilt/","Binary Tree Tilt","BINARY TREE","EASY",423752,,"CLEAR",,false,2026-07-21T18:50:04.000Z,2026-07-21T18:50:04.000Z
"https://leetcode.com/problems/binary-tree-upside-down/","Binary Tree Upside Down","BINARY TREE","MEDIUM",184019,,"LOCKED",,false,2026-07-21T18:50:04.000Z,2026-07-21T18:50:04.000Z
"https://leetcode.com/problems/binary-tree-vertical-order-traversal/","Binary Tree Vertical Order Traversal","BINARY TREE","MEDIUM",1038920,,"LOCKED",,false,2026-07-21T18:50:04.000Z,2026-07-21T18:50:04.000Z
"https://leetcode.com/problems/binary-tree-zigzag-level-order-traversal/","Binary Tree Zigzag Level Order Traversal","BINARY TREE","MEDIUM",2955924,,"CLEAR",,false,2026-07-21T18:50:04.000Z,2026-07-21T18:50:04.000Z
"https://leetcode.com/problems/boundary-of-binary-tree/","Boundary of Binary Tree","BINARY TREE","MEDIUM",371186,,"LOCKED",,false,2026-07-21T18:50:04.000Z,2026-07-21T18:50:04.000Z
"https://leetcode.com/problems/build-binary-expression-tree-from-infix-expression/","Build Binary Expression Tree From Infix Expression","BINARY TREE","HARD",24042,,"LOCKED",,false,2026-07-21T18:50:04.000Z,2026-07-21T18:50:04.000Z
"https://leetcode.com/problems/change-the-root-of-a-binary-tree/","Change the Root of a Binary Tree","BINARY TREE","MEDIUM",8251,,"LOCKED",,false,2026-07-21T18:50:04.000Z,2026-07-21T18:50:04.000Z
"https://leetcode.com/problems/check-completeness-of-a-binary-tree/","Check Completeness of a Binary Tree","BINARY TREE","MEDIUM",560430,,"CLEAR",,false,2026-07-21T18:50:04.000Z,2026-07-21T18:50:04.000Z
"https://leetcode.com/problems/check-if-a-string-is-a-valid-sequence-from-root-to-leaves-path-in-a-binary-tree/","Check If a String Is a Valid Sequence from Root to Leaves Path in a Binary Tree","BINARY TREE","MEDIUM",98283,,"LOCKED",,false,2026-07-21T18:50:04.000Z,2026-07-21T18:50:04.000Z
"https://leetcode.com/problems/check-if-two-expression-trees-are-equivalent/","Check If Two Expression Trees are Equivalent","BINARY TREE","MEDIUM",12423,,"LOCKED",,false,2026-07-21T18:50:04.000Z,2026-07-21T18:50:04.000Z
"https://leetcode.com/problems/clone-binary-tree-with-random-pointer/","Clone Binary Tree With Random Pointer","BINARY TREE","MEDIUM",47342,,"LOCKED",,false,2026-07-21T18:50:04.000Z,2026-07-21T18:50:04.000Z
"https://leetcode.com/problems/closest-leaf-in-a-binary-tree/","Closest Leaf in a Binary Tree","BINARY TREE","MEDIUM",119412,,"LOCKED",,false,2026-07-21T18:50:04.000Z,2026-07-21T18:50:04.000Z
"https://leetcode.com/problems/complete-binary-tree-inserter/","Complete Binary Tree Inserter","BINARY TREE","MEDIUM",105310,,"CLEAR",,false,2026-07-21T18:50:04.000Z,2026-07-21T18:50:04.000Z
"https://leetcode.com/problems/construct-binary-tree-from-string/","Construct Binary Tree from String","BINARY TREE","MEDIUM",217485,,"LOCKED",,false,2026-07-21T18:50:04.000Z,2026-07-21T18:50:04.000Z
"https://leetcode.com/problems/construct-string-from-binary-tree/","Construct String from Binary Tree","BINARY TREE","MEDIUM",510895,,"CLEAR",,false,2026-07-21T18:50:04.000Z,2026-07-21T18:50:04.000Z
"https://leetcode.com/problems/correct-a-binary-tree/","Correct a Binary Tree","BINARY TREE","MEDIUM",32038,,"LOCKED",,false,2026-07-21T18:50:04.000Z,2026-07-21T18:50:04.000Z
"https://leetcode.com/problems/count-dominant-nodes-in-a-binary-tree/","Count Dominant Nodes in a Binary Tree","BINARY TREE","MEDIUM",53948,,"CLEAR",,false,2026-07-21T18:50:04.000Z,2026-07-21T18:50:04.000Z
"https://leetcode.com/problems/count-good-nodes-in-binary-tree/","Count Good Nodes in Binary Tree","BINARY TREE","MEDIUM",1268889,,"CLEAR",,false,2026-07-21T18:50:04.000Z,2026-07-21T18:50:04.000Z
"https://leetcode.com/problems/count-nodes-equal-to-average-of-subtree/","Count Nodes Equal to Average of Subtree","BINARY TREE","MEDIUM",235797,,"CLEAR",,false,2026-07-21T18:50:04.000Z,2026-07-21T18:50:04.000Z
"https://leetcode.com/problems/count-nodes-equal-to-sum-of-descendants/","Count Nodes Equal to Sum of Descendants","BINARY TREE","MEDIUM",20891,,"LOCKED",,false,2026-07-21T18:50:04.000Z,2026-07-21T18:50:04.000Z
"https://leetcode.com/problems/count-nodes-with-the-highest-score/","Count Nodes With the Highest Score","BINARY TREE","MEDIUM",82897,,"CLEAR",,false,2026-07-21T18:50:04.000Z,2026-07-21T18:50:04.000Z
"https://leetcode.com/problems/count-univalue-subtrees/","Count Univalue Subtrees","BINARY TREE","MEDIUM",299318,,"LOCKED",,false,2026-07-21T18:50:04.000Z,2026-07-21T18:50:04.000Z
"https://leetcode.com/problems/cousins-in-binary-tree/","Cousins in Binary Tree","BINARY TREE","EASY",607972,,"CLEAR",,false,2026-07-21T18:50:04.000Z,2026-07-21T18:50:04.000Z
"https://leetcode.com/problems/cousins-in-binary-tree-ii/","Cousins in Binary Tree II","BINARY TREE","MEDIUM",174755,,"CLEAR",,false,2026-07-21T18:50:04.000Z,2026-07-21T18:50:04.000Z
"https://leetcode.com/problems/create-binary-tree-from-descriptions/","Create Binary Tree From Descriptions","BINARY TREE","MEDIUM",323862,,"CLEAR",,false,2026-07-21T18:50:04.000Z,2026-07-21T18:50:04.000Z
"https://leetcode.com/problems/cycle-length-queries-in-a-tree/","Cycle Length Queries in a Tree","BINARY TREE","HARD",34353,,"CLEAR",,false,2026-07-21T18:50:04.000Z,2026-07-21T18:50:04.000Z
"https://leetcode.com/problems/deepest-leaves-sum/","Deepest Leaves Sum","BINARY TREE","MEDIUM",482864,,"CLEAR",,false,2026-07-21T18:50:04.000Z,2026-07-21T18:50:04.000Z
"https://leetcode.com/problems/delete-leaves-with-a-given-value/","Delete Leaves With a Given Value","BINARY TREE","MEDIUM",345385,,"CLEAR",,false,2026-07-21T18:50:04.000Z,2026-07-21T18:50:04.000Z
"https://leetcode.com/problems/delete-nodes-and-return-forest/","Delete Nodes And Return Forest","BINARY TREE","MEDIUM",555883,,"CLEAR",,false,2026-07-21T18:50:04.000Z,2026-07-21T18:50:04.000Z
"https://leetcode.com/problems/design-an-expression-tree-with-evaluate-function/","Design an Expression Tree With Evaluate Function","BINARY TREE","MEDIUM",36775,,"LOCKED",,false,2026-07-21T18:50:04.000Z,2026-07-21T18:50:04.000Z
"https://leetcode.com/problems/diameter-of-binary-tree/","Diameter of Binary Tree","BINARY TREE","EASY",4058404,,"CLEAR",,false,2026-07-21T18:50:04.000Z,2026-07-21T18:50:04.000Z
"https://leetcode.com/problems/distribute-coins-in-binary-tree/","Distribute Coins in Binary Tree","BINARY TREE","MEDIUM",300426,,"CLEAR",,false,2026-07-21T18:50:04.000Z,2026-07-21T18:50:04.000Z
"https://leetcode.com/problems/encode-n-ary-tree-to-binary-tree/","Encode N-ary Tree to Binary Tree","BINARY TREE","HARD",31500,,"LOCKED",,false,2026-07-21T18:50:04.000Z,2026-07-21T18:50:04.000Z
"https://leetcode.com/problems/equal-tree-partition/","Equal Tree Partition","BINARY TREE","MEDIUM",87693,,"LOCKED",,false,2026-07-21T18:50:04.000Z,2026-07-21T18:50:04.000Z
"https://leetcode.com/problems/evaluate-boolean-binary-tree/","Evaluate Boolean Binary Tree","BINARY TREE","EASY",281832,,"CLEAR",,false,2026-07-21T18:50:04.000Z,2026-07-21T18:50:04.000Z
"https://leetcode.com/problems/even-odd-tree/","Even Odd Tree","BINARY TREE","MEDIUM",298093,,"CLEAR",,false,2026-07-21T18:50:04.000Z,2026-07-21T18:50:04.000Z
"https://leetcode.com/problems/extract-kth-character-from-the-rope-tree/","Extract Kth Character From The Rope Tree","BINARY TREE","EASY",7120,,"LOCKED",,false,2026-07-21T18:50:04.000Z,2026-07-21T18:50:04.000Z
"https://leetcode.com/problems/find-a-corresponding-node-of-a-binary-tree-in-a-clone-of-that-tree/","Find a Corresponding Node of a Binary Tree in a Clone of That Tree","BINARY TREE","EASY",315384,,"CLEAR",,false,2026-07-21T18:50:04.000Z,2026-07-21T18:50:04.000Z
"https://leetcode.com/problems/find-all-the-lonely-nodes/","Find All The Lonely Nodes","BINARY TREE","EASY",73926,,"LOCKED",,false,2026-07-21T18:50:04.000Z,2026-07-21T18:50:04.000Z
"https://leetcode.com/problems/find-bottom-left-tree-value/","Find Bottom Left Tree Value","BINARY TREE","MEDIUM",636574,,"CLEAR",,false,2026-07-21T18:50:04.000Z,2026-07-21T18:50:04.000Z
"https://leetcode.com/problems/find-distance-in-a-binary-tree/","Find Distance in a Binary Tree","BINARY TREE","MEDIUM",48910,,"LOCKED",,false,2026-07-21T18:50:04.000Z,2026-07-21T18:50:04.000Z
"https://leetcode.com/problems/find-duplicate-subtrees/","Find Duplicate Subtrees","BINARY TREE","MEDIUM",532731,,"CLEAR",,false,2026-07-21T18:50:04.000Z,2026-07-21T18:50:04.000Z
"https://leetcode.com/problems/find-elements-in-a-contaminated-binary-tree/","Find Elements in a Contaminated Binary Tree","BINARY TREE","MEDIUM",246605,,"CLEAR",,false,2026-07-21T18:50:04.000Z,2026-07-21T18:50:04.000Z
"https://leetcode.com/problems/find-largest-value-in-each-tree-row/","Find Largest Value in Each Tree Row","BINARY TREE","MEDIUM",810731,,"CLEAR",,false,2026-07-21T18:50:04.000Z,2026-07-21T18:50:04.000Z
"https://leetcode.com/problems/find-leaves-of-binary-tree/","Find Leaves of Binary Tree","BINARY TREE","MEDIUM",358768,,"LOCKED",,false,2026-07-21T18:50:04.000Z,2026-07-21T18:50:04.000Z
"https://leetcode.com/problems/find-nearest-right-node-in-binary-tree/","Find Nearest Right Node in Binary Tree","BINARY TREE","MEDIUM",33741,,"LOCKED",,false,2026-07-21T18:50:04.000Z,2026-07-21T18:50:04.000Z
"https://leetcode.com/problems/find-the-level-of-tree-with-minimum-sum/","Find the Level of Tree with Minimum Sum","BINARY TREE","MEDIUM",5003,,"LOCKED",,false,2026-07-21T18:50:04.000Z,2026-07-21T18:50:04.000Z
"https://leetcode.com/problems/flatten-binary-tree-to-linked-list/","Flatten Binary Tree to Linked List","BINARY TREE","MEDIUM",2081192,,"CLEAR",,false,2026-07-21T18:50:04.000Z,2026-07-21T18:50:04.000Z
"https://leetcode.com/problems/flip-binary-tree-to-match-preorder-traversal/","Flip Binary Tree To Match Preorder Traversal","BINARY TREE","MEDIUM",98081,,"CLEAR",,false,2026-07-21T18:50:04.000Z,2026-07-21T18:50:04.000Z
"https://leetcode.com/problems/flip-equivalent-binary-trees/","Flip Equivalent Binary Trees","BINARY TREE","MEDIUM",396288,,"CLEAR",,false,2026-07-21T18:50:04.000Z,2026-07-21T18:50:04.000Z
"https://leetcode.com/problems/height-of-binary-tree-after-subtree-removal-queries/","Height of Binary Tree After Subtree Removal Queries","BINARY TREE","HARD",194674,,"CLEAR",,false,2026-07-21T18:50:04.000Z,2026-07-21T18:50:04.000Z
"https://leetcode.com/problems/height-of-special-binary-tree/","Height of Special Binary Tree","BINARY TREE","MEDIUM",2075,,"LOCKED",,false,2026-07-21T18:50:04.000Z,2026-07-21T18:50:04.000Z
"https://leetcode.com/problems/insufficient-nodes-in-root-to-leaf-paths/","Insufficient Nodes in Root to Leaf Paths","BINARY TREE","MEDIUM",96096,,"CLEAR",,false,2026-07-21T18:50:04.000Z,2026-07-21T18:50:04.000Z
"https://leetcode.com/problems/invert-binary-tree/","Invert Binary Tree","BINARY TREE","EASY",3988654,,"CLEAR",,false,2026-07-21T18:50:04.000Z,2026-07-21T18:50:04.000Z
"https://leetcode.com/problems/is-array-a-preorder-of-some-binary-tree/","Is Array a Preorder of Some ‌Binary Tree","BINARY TREE","MEDIUM",3085,,"LOCKED",,false,2026-07-21T18:50:04.000Z,2026-07-21T18:50:04.000Z
"https://leetcode.com/problems/k-th-largest-perfect-subtree-size-in-binary-tree/","K-th Largest Perfect Subtree Size in Binary Tree","BINARY TREE","MEDIUM",51403,,"CLEAR",,false,2026-07-21T18:50:04.000Z,2026-07-21T18:50:04.000Z
"https://leetcode.com/problems/kth-largest-sum-in-a-binary-tree/","Kth Largest Sum in a Binary Tree","BINARY TREE","MEDIUM",319924,,"CLEAR",,false,2026-07-21T18:50:04.000Z,2026-07-21T18:50:04.000Z
"https://leetcode.com/problems/leaf-similar-trees/","Leaf-Similar Trees","BINARY TREE","EASY",1009693,,"CLEAR",,false,2026-07-21T18:50:04.000Z,2026-07-21T18:50:04.000Z
"https://leetcode.com/problems/linked-list-in-binary-tree/","Linked List in Binary Tree","BINARY TREE","MEDIUM",410523,,"CLEAR",,false,2026-07-21T18:50:04.000Z,2026-07-21T18:50:04.000Z
"https://leetcode.com/problems/longest-univalue-path/","Longest Univalue Path","BINARY TREE","MEDIUM",530044,,"CLEAR",,false,2026-07-21T18:50:04.000Z,2026-07-21T18:50:04.000Z
"https://leetcode.com/problems/lowest-common-ancestor-of-a-binary-tree/","Lowest Common Ancestor of a Binary Tree","BINARY TREE","MEDIUM",3959762,,"CLEAR",,false,2026-07-21T18:50:04.000Z,2026-07-21T18:50:04.000Z
"https://leetcode.com/problems/lowest-common-ancestor-of-a-binary-tree-ii/","Lowest Common Ancestor of a Binary Tree II","BINARY TREE","MEDIUM",175939,,"LOCKED",,false,2026-07-21T18:50:04.000Z,2026-07-21T18:50:04.000Z
"https://leetcode.com/problems/lowest-common-ancestor-of-a-binary-tree-iii/","Lowest Common Ancestor of a Binary Tree III","BINARY TREE","MEDIUM",494110,,"LOCKED",,false,2026-07-21T18:50:04.000Z,2026-07-21T18:50:04.000Z
"https://leetcode.com/problems/lowest-common-ancestor-of-a-binary-tree-iv/","Lowest Common Ancestor of a Binary Tree IV","BINARY TREE","MEDIUM",81164,,"LOCKED",,false,2026-07-21T18:50:04.000Z,2026-07-21T18:50:04.000Z
"https://leetcode.com/problems/lowest-common-ancestor-of-deepest-leaves/","Lowest Common Ancestor of Deepest Leaves","BINARY TREE","MEDIUM",324934,,"CLEAR",,false,2026-07-21T18:50:04.000Z,2026-07-21T18:50:04.000Z
"https://leetcode.com/problems/maximum-average-subtree/","Maximum Average Subtree","BINARY TREE","MEDIUM",111479,,"LOCKED",,false,2026-07-21T18:50:04.000Z,2026-07-21T18:50:04.000Z
"https://leetcode.com/problems/maximum-binary-tree-ii/","Maximum Binary Tree II","BINARY TREE","MEDIUM",67113,,"CLEAR",,false,2026-07-21T18:50:04.000Z,2026-07-21T18:50:04.000Z
"https://leetcode.com/problems/maximum-depth-of-binary-tree/","Maximum Depth of Binary Tree","BINARY TREE","EASY",6478811,,"CLEAR",,false,2026-07-21T18:50:04.000Z,2026-07-21T18:50:04.000Z
"https://leetcode.com/problems/maximum-difference-between-node-and-ancestor/","Maximum Difference Between Node and Ancestor","BINARY TREE","MEDIUM",503320,,"CLEAR",,false,2026-07-21T18:50:04.000Z,2026-07-21T18:50:04.000Z
"https://leetcode.com/problems/maximum-distinct-path-sum-in-a-binary-tree/","Maximum Distinct Path Sum in a Binary Tree","BINARY TREE","MEDIUM",877,,"LOCKED",,false,2026-07-21T18:50:04.000Z,2026-07-21T18:50:04.000Z
"https://leetcode.com/problems/maximum-level-sum-of-a-binary-tree/","Maximum Level Sum of a Binary Tree","BINARY TREE","MEDIUM",853220,,"CLEAR",,false,2026-07-21T18:50:04.000Z,2026-07-21T18:50:04.000Z
"https://leetcode.com/problems/maximum-product-of-splitted-binary-tree/","Maximum Product of Splitted Binary Tree","BINARY TREE","MEDIUM",473229,,"CLEAR",,false,2026-07-21T18:50:04.000Z,2026-07-21T18:50:04.000Z
"https://leetcode.com/problems/maximum-width-of-binary-tree/","Maximum Width of Binary Tree","BINARY TREE","MEDIUM",1408673,,"CLEAR",,false,2026-07-21T18:50:04.000Z,2026-07-21T18:50:04.000Z
"https://leetcode.com/problems/merge-two-binary-trees/","Merge Two Binary Trees","BINARY TREE","EASY",1161102,,"CLEAR",,false,2026-07-21T18:50:04.000Z,2026-07-21T18:50:04.000Z
"https://leetcode.com/problems/minimum-depth-of-binary-tree/","Minimum Depth of Binary Tree","BINARY TREE","EASY",3299236,,"CLEAR",,false,2026-07-21T18:50:04.000Z,2026-07-21T18:50:04.000Z
"https://leetcode.com/problems/minimum-number-of-operations-to-sort-a-binary-tree-by-level/","Minimum Number of Operations to Sort a Binary Tree by Level","BINARY TREE","MEDIUM",158386,,"CLEAR",,false,2026-07-21T18:50:04.000Z,2026-07-21T18:50:04.000Z
"https://leetcode.com/problems/most-frequent-subtree-sum/","Most Frequent Subtree Sum","BINARY TREE","MEDIUM",263206,,"CLEAR",,false,2026-07-21T18:50:04.000Z,2026-07-21T18:50:04.000Z
"https://leetcode.com/problems/number-of-good-leaf-nodes-pairs/","Number of Good Leaf Nodes Pairs","BINARY TREE","MEDIUM",229188,,"CLEAR",,false,2026-07-21T18:50:04.000Z,2026-07-21T18:50:04.000Z
"https://leetcode.com/problems/number-of-nodes-with-value-one/","Number of Nodes With Value One","BINARY TREE","MEDIUM",4653,,"LOCKED",,false,2026-07-21T18:50:04.000Z,2026-07-21T18:50:04.000Z
"https://leetcode.com/problems/path-in-zigzag-labelled-binary-tree/","Path In Zigzag Labelled Binary Tree","BINARY TREE","MEDIUM",72638,,"CLEAR",,false,2026-07-21T18:50:04.000Z,2026-07-21T18:50:04.000Z
"https://leetcode.com/problems/path-sum/","Path Sum","BINARY TREE","EASY",4091738,,"CLEAR",,false,2026-07-21T18:50:04.000Z,2026-07-21T18:50:04.000Z
"https://leetcode.com/problems/path-sum-iii/","Path Sum III","BINARY TREE","MEDIUM",1782711,,"CLEAR",,false,2026-07-21T18:50:04.000Z,2026-07-21T18:50:04.000Z
"https://leetcode.com/problems/path-sum-iv/","Path Sum IV","BINARY TREE","MEDIUM",66751,,"LOCKED",,false,2026-07-21T18:50:04.000Z,2026-07-21T18:50:04.000Z
"https://leetcode.com/problems/populating-next-right-pointers-in-each-node/","Populating Next Right Pointers in Each Node","BINARY TREE","MEDIUM",2046232,,"CLEAR",,false,2026-07-21T18:50:04.000Z,2026-07-21T18:50:04.000Z
"https://leetcode.com/problems/populating-next-right-pointers-in-each-node-ii/","Populating Next Right Pointers in Each Node II","BINARY TREE","MEDIUM",1510584,,"CLEAR",,false,2026-07-21T18:50:04.000Z,2026-07-21T18:50:04.000Z
"https://leetcode.com/problems/print-binary-tree/","Print Binary Tree","BINARY TREE","MEDIUM",134351,,"CLEAR",,false,2026-07-21T18:50:04.000Z,2026-07-21T18:50:04.000Z
"https://leetcode.com/problems/recover-a-tree-from-preorder-traversal/","Recover a Tree From Preorder Traversal","BINARY TREE","HARD",204213,,"CLEAR",,false,2026-07-21T18:50:04.000Z,2026-07-21T18:50:04.000Z
"https://leetcode.com/problems/reverse-odd-levels-of-binary-tree/","Reverse Odd Levels of Binary Tree","BINARY TREE","MEDIUM",226326,,"CLEAR",,false,2026-07-21T18:50:04.000Z,2026-07-21T18:50:04.000Z
"https://leetcode.com/problems/root-equals-sum-of-children/","Root Equals Sum of Children","BINARY TREE","EASY",434381,,"CLEAR",,false,2026-07-21T18:50:04.000Z,2026-07-21T18:50:04.000Z
"https://leetcode.com/problems/same-tree/","Same Tree","BINARY TREE","EASY",5411680,,"CLEAR",,false,2026-07-21T18:50:04.000Z,2026-07-21T18:50:04.000Z
"https://leetcode.com/problems/second-minimum-node-in-a-binary-tree/","Second Minimum Node In a Binary Tree","BINARY TREE","EASY",546447,,"CLEAR",,false,2026-07-21T18:50:04.000Z,2026-07-21T18:50:04.000Z
"https://leetcode.com/problems/serialize-and-deserialize-binary-tree/","Serialize and Deserialize Binary Tree","BINARY TREE","HARD",2070292,,"CLEAR",,false,2026-07-21T18:50:04.000Z,2026-07-21T18:50:04.000Z
"https://leetcode.com/problems/smallest-subtree-with-all-the-deepest-nodes/","Smallest Subtree with all the Deepest Nodes","BINARY TREE","MEDIUM",357117,,"CLEAR",,false,2026-07-21T18:50:04.000Z,2026-07-21T18:50:04.000Z
"https://leetcode.com/problems/step-by-step-directions-from-a-binary-tree-node-to-another/","Step-By-Step Directions From a Binary Tree Node to Another","BINARY TREE","MEDIUM",434723,,"CLEAR",,false,2026-07-21T18:50:04.000Z,2026-07-21T18:50:04.000Z
"https://leetcode.com/problems/subtree-of-another-tree/","Subtree of Another Tree","BINARY TREE","EASY",2563316,,"CLEAR",,false,2026-07-21T18:50:04.000Z,2026-07-21T18:50:04.000Z
"https://leetcode.com/problems/sum-of-left-leaves/","Sum of Left Leaves","BINARY TREE","EASY",1320128,,"CLEAR",,false,2026-07-21T18:50:04.000Z,2026-07-21T18:50:04.000Z
"https://leetcode.com/problems/sum-of-nodes-with-even-valued-grandparent/","Sum of Nodes with Even-Valued Grandparent","BINARY TREE","MEDIUM",220951,,"CLEAR",,false,2026-07-21T18:50:04.000Z,2026-07-21T18:50:04.000Z
"https://leetcode.com/problems/sum-of-root-to-leaf-binary-numbers/","Sum of Root To Leaf Binary Numbers","BINARY TREE","EASY",482044,,"CLEAR",,false,2026-07-21T18:50:04.000Z,2026-07-21T18:50:04.000Z
"https://leetcode.com/problems/sum-root-to-leaf-numbers/","Sum Root to Leaf Numbers","BINARY TREE","MEDIUM",1899332,,"CLEAR",,false,2026-07-21T18:50:04.000Z,2026-07-21T18:50:04.000Z
"https://leetcode.com/problems/symmetric-tree/","Symmetric Tree","BINARY TREE","EASY",4924389,,"CLEAR",,false,2026-07-21T18:50:04.000Z,2026-07-21T18:50:04.000Z
"https://leetcode.com/problems/univalued-binary-tree/","Univalued Binary Tree","BINARY TREE","EASY",390703,,"CLEAR",,false,2026-07-21T18:50:04.000Z,2026-07-21T18:50:04.000Z
"https://leetcode.com/problems/validate-binary-tree-nodes/","Validate Binary Tree Nodes","BINARY TREE","MEDIUM",315591,,"CLEAR",,false,2026-07-21T18:50:04.000Z,2026-07-21T18:50:04.000Z
"https://leetcode.com/problems/verify-preorder-serialization-of-a-binary-tree/","Verify Preorder Serialization of a Binary Tree","BINARY TREE","MEDIUM",365158,,"CLEAR",,false,2026-07-21T18:50:04.000Z,2026-07-21T18:50:04.000Z
"https://leetcode.com/problems/vertical-order-traversal-of-a-binary-tree/","Vertical Order Traversal of a Binary Tree","BINARY TREE","HARD",1407450,,"CLEAR",,false,2026-07-21T18:50:04.000Z,2026-07-21T18:50:04.000Z
"https://leetcode.com/problems/zigzag-level-sum-of-binary-tree/","Zigzag Level Sum of Binary Tree","BINARY TREE","MEDIUM",809,,"LOCKED",,false,2026-07-21T18:50:04.000Z,2026-07-21T18:50:04.000Z
"https://leetcode.com/problems/add-binary/","Add Binary","BIT MANIPULATION","EASY",4224893,,"CLEAR",,false,2026-07-21T18:50:04.000Z,2026-07-21T18:50:04.000Z
"https://leetcode.com/problems/android-unlock-patterns/","Android Unlock Patterns","BIT MANIPULATION","MEDIUM",159080,,"LOCKED",,false,2026-07-21T18:50:04.000Z,2026-07-21T18:50:04.000Z
"https://leetcode.com/problems/apply-bitwise-operations-to-make-strings-equal/","Apply Bitwise Operations to Make Strings Equal","BIT MANIPULATION","MEDIUM",54897,,"CLEAR",,false,2026-07-21T18:50:04.000Z,2026-07-21T18:50:04.000Z
"https://leetcode.com/problems/apply-operations-on-array-to-maximize-sum-of-squares/","Apply Operations on Array to Maximize Sum of Squares","BIT MANIPULATION","HARD",20829,,"CLEAR",,false,2026-07-21T18:50:04.000Z,2026-07-21T18:50:04.000Z
"https://leetcode.com/problems/beautiful-arrangement/","Beautiful Arrangement","BIT MANIPULATION","MEDIUM",348445,,"CLEAR",,false,2026-07-21T18:50:04.000Z,2026-07-21T18:50:04.000Z
"https://leetcode.com/problems/binary-gap/","Binary Gap","BIT MANIPULATION","EASY",299307,,"CLEAR",,false,2026-07-21T18:50:04.000Z,2026-07-21T18:50:04.000Z
"https://leetcode.com/problems/binary-number-with-alternating-bits/","Binary Number with Alternating Bits","BIT MANIPULATION","EASY",448885,,"CLEAR",,false,2026-07-21T18:50:04.000Z,2026-07-21T18:50:04.000Z
"https://leetcode.com/problems/binary-prefix-divisible-by-5/","Binary Prefix Divisible By 5","BIT MANIPULATION","EASY",351745,,"CLEAR",,false,2026-07-21T18:50:04.000Z,2026-07-21T18:50:04.000Z
"https://leetcode.com/problems/binary-string-with-substrings-representing-1-to-n/","Binary String With Substrings Representing 1 To N","BIT MANIPULATION","MEDIUM",88893,,"CLEAR",,false,2026-07-21T18:50:04.000Z,2026-07-21T18:50:04.000Z
"https://leetcode.com/problems/binary-watch/","Binary Watch","BIT MANIPULATION","EASY",448985,,"CLEAR",,false,2026-07-21T18:50:04.000Z,2026-07-21T18:50:04.000Z
"https://leetcode.com/problems/bitwise-and-of-numbers-range/","Bitwise AND of Numbers Range","BIT MANIPULATION","MEDIUM",1097724,,"CLEAR",,false,2026-07-21T18:50:04.000Z,2026-07-21T18:50:04.000Z
"https://leetcode.com/problems/bitwise-or-of-adjacent-elements/","Bitwise OR of Adjacent Elements","BIT MANIPULATION","EASY",7417,,"LOCKED",,false,2026-07-21T18:50:04.000Z,2026-07-21T18:50:04.000Z
"https://leetcode.com/problems/bitwise-or-of-all-subsequence-sums/","Bitwise OR of All Subsequence Sums","BIT MANIPULATION","MEDIUM",7187,,"LOCKED",,false,2026-07-21T18:50:04.000Z,2026-07-21T18:50:04.000Z
"https://leetcode.com/problems/bitwise-or-of-even-numbers-in-an-array/","Bitwise OR of Even Numbers in an Array","BIT MANIPULATION","EASY",92381,,"CLEAR",,false,2026-07-21T18:50:04.000Z,2026-07-21T18:50:04.000Z
"https://leetcode.com/problems/bitwise-ors-of-subarrays/","Bitwise ORs of Subarrays","BIT MANIPULATION","MEDIUM",240710,,"CLEAR",,false,2026-07-21T18:50:04.000Z,2026-07-21T18:50:04.000Z
"https://leetcode.com/problems/bitwise-xor-of-all-pairings/","Bitwise XOR of All Pairings","BIT MANIPULATION","MEDIUM",232180,,"CLEAR",,false,2026-07-21T18:50:04.000Z,2026-07-21T18:50:04.000Z
"https://leetcode.com/problems/bulb-switcher-ii/","Bulb Switcher II","BIT MANIPULATION","MEDIUM",64210,,"CLEAR",,false,2026-07-21T18:50:04.000Z,2026-07-21T18:50:04.000Z
"https://leetcode.com/problems/campus-bikes-ii/","Campus Bikes II","BIT MANIPULATION","MEDIUM",103628,,"LOCKED",,false,2026-07-21T18:50:04.000Z,2026-07-21T18:50:04.000Z
"https://leetcode.com/problems/can-i-win/","Can I Win","BIT MANIPULATION","MEDIUM",408375,,"CLEAR",,false,2026-07-21T18:50:04.000Z,2026-07-21T18:50:04.000Z
"https://leetcode.com/problems/can-make-palindrome-from-substring/","Can Make Palindrome from Substring","BIT MANIPULATION","MEDIUM",90464,,"CLEAR",,false,2026-07-21T18:50:04.000Z,2026-07-21T18:50:04.000Z
"https://leetcode.com/problems/chalkboard-xor-game/","Chalkboard XOR Game","BIT MANIPULATION","HARD",32339,,"CLEAR",,false,2026-07-21T18:50:04.000Z,2026-07-21T18:50:04.000Z
"https://leetcode.com/problems/check-if-a-string-contains-all-binary-codes-of-size-k/","Check If a String Contains All Binary Codes of Size K","BIT MANIPULATION","MEDIUM",439658,,"CLEAR",,false,2026-07-21T18:50:04.000Z,2026-07-21T18:50:04.000Z
"https://leetcode.com/problems/check-if-bitwise-or-has-trailing-zeros/","Check if Bitwise OR Has Trailing Zeros","BIT MANIPULATION","EASY",74484,,"CLEAR",,false,2026-07-21T18:50:04.000Z,2026-07-21T18:50:04.000Z
"https://leetcode.com/problems/cinema-seat-allocation/","Cinema Seat Allocation","BIT MANIPULATION","MEDIUM",307616,,"CLEAR",,false,2026-07-21T18:50:04.000Z,2026-07-21T18:50:04.000Z
"https://leetcode.com/problems/circular-permutation-in-binary-representation/","Circular Permutation in Binary Representation","BIT MANIPULATION","MEDIUM",35809,,"CLEAR",,false,2026-07-21T18:50:04.000Z,2026-07-21T18:50:04.000Z
"https://leetcode.com/problems/closest-subsequence-sum/","Closest Subsequence Sum","BIT MANIPULATION","HARD",70441,,"CLEAR",,false,2026-07-21T18:50:04.000Z,2026-07-21T18:50:04.000Z
"https://leetcode.com/problems/complement-of-base-10-integer/","Complement of Base 10 Integer","BIT MANIPULATION","EASY",725976,,"CLEAR",,false,2026-07-21T18:50:04.000Z,2026-07-21T18:50:04.000Z
"https://leetcode.com/problems/concatenated-divisibility/","Concatenated Divisibility","BIT MANIPULATION","HARD",21545,,"CLEAR",,false,2026-07-21T18:50:04.000Z,2026-07-21T18:50:04.000Z
"https://leetcode.com/problems/concatenation-of-consecutive-binary-numbers/","Concatenation of Consecutive Binary Numbers","BIT MANIPULATION","MEDIUM",294636,,"CLEAR",,false,2026-07-21T18:50:04.000Z,2026-07-21T18:50:04.000Z
"https://leetcode.com/problems/construct-the-minimum-bitwise-array-i/","Construct the Minimum Bitwise Array I","BIT MANIPULATION","EASY",165912,,"CLEAR",,false,2026-07-21T18:50:04.000Z,2026-07-21T18:50:04.000Z
"https://leetcode.com/problems/construct-the-minimum-bitwise-array-ii/","Construct the Minimum Bitwise Array II","BIT MANIPULATION","MEDIUM",157781,,"CLEAR",,false,2026-07-21T18:50:04.000Z,2026-07-21T18:50:04.000Z
"https://leetcode.com/problems/convert-a-number-to-hexadecimal/","Convert a Number to Hexadecimal","BIT MANIPULATION","EASY",432229,,"CLEAR",,false,2026-07-21T18:50:04.000Z,2026-07-21T18:50:04.000Z
"https://leetcode.com/problems/count-binary-palindromic-numbers/","Count Binary Palindromic Numbers","BIT MANIPULATION","HARD",49614,,"CLEAR",,false,2026-07-21T18:50:04.000Z,2026-07-21T18:50:04.000Z
"https://leetcode.com/problems/count-complete-tree-nodes/","Count Complete Tree Nodes","BIT MANIPULATION","MEDIUM",1719954,,"CLEAR",,false,2026-07-21T18:50:04.000Z,2026-07-21T18:50:04.000Z
"https://leetcode.com/problems/count-connected-subgraphs-with-even-node-sum/","Count Connected Subgraphs with Even Node Sum","BIT MANIPULATION","HARD",16113,,"CLEAR",,false,2026-07-21T18:50:04.000Z,2026-07-21T18:50:04.000Z
"https://leetcode.com/problems/count-good-subarrays/","Count Good Subarrays","BIT MANIPULATION","HARD",29813,,"CLEAR",,false,2026-07-21T18:50:04.000Z,2026-07-21T18:50:04.000Z
"https://leetcode.com/problems/count-monobit-integers/","Count Monobit Integers","BIT MANIPULATION","EASY",82402,,"CLEAR",,false,2026-07-21T18:50:04.000Z,2026-07-21T18:50:04.000Z
"https://leetcode.com/problems/count-number-of-maximum-bitwise-or-subsets/","Count Number of Maximum Bitwise-OR Subsets","BIT MANIPULATION","MEDIUM",284329,,"CLEAR",,false,2026-07-21T18:50:04.000Z,2026-07-21T18:50:04.000Z
"https://leetcode.com/problems/count-pairs-of-points-with-distance-k/","Count Pairs of Points With Distance k","BIT MANIPULATION","MEDIUM",42304,,"CLEAR",,false,2026-07-21T18:50:04.000Z,2026-07-21T18:50:04.000Z
"https://leetcode.com/problems/count-pairs-of-similar-strings/","Count Pairs Of Similar Strings","BIT MANIPULATION","EASY",103840,,"CLEAR",,false,2026-07-21T18:50:04.000Z,2026-07-21T18:50:04.000Z
"https://leetcode.com/problems/count-pairs-with-xor-in-a-range/","Count Pairs With XOR in a Range","BIT MANIPULATION","HARD",28012,,"CLEAR",,false,2026-07-21T18:50:04.000Z,2026-07-21T18:50:04.000Z
"https://leetcode.com/problems/count-paths-that-can-form-a-palindrome-in-a-tree/","Count Paths That Can Form a Palindrome in a Tree","BIT MANIPULATION","HARD",32146,,"CLEAR",,false,2026-07-21T18:50:04.000Z,2026-07-21T18:50:04.000Z
"https://leetcode.com/problems/count-paths-with-the-given-xor-value/","Count Paths With the Given XOR Value","BIT MANIPULATION","MEDIUM",54886,,"CLEAR",,false,2026-07-21T18:50:04.000Z,2026-07-21T18:50:04.000Z
"https://leetcode.com/problems/count-subtrees-with-max-distance-between-cities/","Count Subtrees With Max Distance Between Cities","BIT MANIPULATION","HARD",23320,,"CLEAR",,false,2026-07-21T18:50:04.000Z,2026-07-21T18:50:04.000Z
"https://leetcode.com/problems/count-the-number-of-beautiful-subarrays/","Count the Number of Beautiful Subarrays","BIT MANIPULATION","MEDIUM",53490,,"CLEAR",,false,2026-07-21T18:50:04.000Z,2026-07-21T18:50:04.000Z
"https://leetcode.com/problems/count-the-number-of-consistent-strings/","Count the Number of Consistent Strings","BIT MANIPULATION","EASY",516549,,"CLEAR",,false,2026-07-21T18:50:04.000Z,2026-07-21T18:50:04.000Z
"https://leetcode.com/problems/count-the-number-of-square-free-subsets/","Count the Number of Square-Free Subsets","BIT MANIPULATION","MEDIUM",54593,,"CLEAR",,false,2026-07-21T18:50:04.000Z,2026-07-21T18:50:04.000Z
"https://leetcode.com/problems/count-triplets-that-can-form-two-arrays-of-equal-xor/","Count Triplets That Can Form Two Arrays of Equal XOR","BIT MANIPULATION","MEDIUM",173018,,"CLEAR",,false,2026-07-21T18:50:04.000Z,2026-07-21T18:50:04.000Z
"https://leetcode.com/problems/count-triplets-with-even-xor-set-bits-i/","Count Triplets with Even XOR Set Bits I","BIT MANIPULATION","EASY",2448,,"LOCKED",,false,2026-07-21T18:50:04.000Z,2026-07-21T18:50:04.000Z
"https://leetcode.com/problems/count-triplets-with-even-xor-set-bits-ii/","Count Triplets with Even XOR Set Bits II","BIT MANIPULATION","MEDIUM",1417,,"LOCKED",,false,2026-07-21T18:50:04.000Z,2026-07-21T18:50:04.000Z
"https://leetcode.com/problems/count-words-obtained-after-adding-a-letter/","Count Words Obtained After Adding a Letter","BIT MANIPULATION","MEDIUM",96091,,"CLEAR",,false,2026-07-21T18:50:04.000Z,2026-07-21T18:50:04.000Z
"https://leetcode.com/problems/counting-bits/","Counting Bits","BIT MANIPULATION","EASY",2113786,,"CLEAR",,false,2026-07-21T18:50:04.000Z,2026-07-21T18:50:04.000Z
"https://leetcode.com/problems/create-grid-with-exactly-k-paths-ii/","Create Grid With Exactly K Paths II","BIT MANIPULATION","HARD",238,,"LOCKED",,false,2026-07-21T18:50:04.000Z,2026-07-21T18:50:04.000Z
"https://leetcode.com/problems/decode-xored-array/","Decode XORed Array","BIT MANIPULATION","EASY",227938,,"CLEAR",,false,2026-07-21T18:50:04.000Z,2026-07-21T18:50:04.000Z
"https://leetcode.com/problems/decode-xored-permutation/","Decode XORed Permutation","BIT MANIPULATION","MEDIUM",32109,,"CLEAR",,false,2026-07-21T18:50:04.000Z,2026-07-21T18:50:04.000Z
"https://leetcode.com/problems/distinct-gate-paths-to-lca/","Distinct Gate Paths to LCA","BIT MANIPULATION","HARD",380,,"LOCKED",,false,2026-07-21T18:50:04.000Z,2026-07-21T18:50:04.000Z
"https://leetcode.com/problems/distribute-repeating-integers/","Distribute Repeating Integers","BIT MANIPULATION","HARD",55769,,"CLEAR",,false,2026-07-21T18:50:04.000Z,2026-07-21T18:50:04.000Z
"https://leetcode.com/problems/divide-array-into-equal-pairs/","Divide Array Into Equal Pairs","BIT MANIPULATION","EASY",394126,,"CLEAR",,false,2026-07-21T18:50:04.000Z,2026-07-21T18:50:04.000Z
"https://leetcode.com/problems/divide-two-integers/","Divide Two Integers","BIT MANIPULATION","MEDIUM",6211325,,"CLEAR",,false,2026-07-21T18:50:04.000Z,2026-07-21T18:50:04.000Z
"https://leetcode.com/problems/elevator-requests-iii/","Elevator Requests III","BIT MANIPULATION","HARD",13950,,"CLEAR",,false,2026-09-07T18:13:42.370Z,2026-09-07T18:13:42.370Z
"https://leetcode.com/problems/encode-number/","Encode Number","BIT MANIPULATION","MEDIUM",12596,,"LOCKED",,false,2026-07-21T18:50:04.000Z,2026-07-21T18:50:04.000Z
"https://leetcode.com/problems/exactly-one-consecutive-set-bits-pair/","Exactly One Consecutive Set Bits Pair","BIT MANIPULATION","EASY",79312,,"CLEAR",,false,2026-07-21T18:50:04.000Z,2026-07-21T18:50:04.000Z
"https://leetcode.com/problems/fair-distribution-of-cookies/","Fair Distribution of Cookies","BIT MANIPULATION","MEDIUM",180032,,"CLEAR",,false,2026-07-21T18:50:04.000Z,2026-07-21T18:50:04.000Z
"https://leetcode.com/problems/find-a-good-subset-of-the-matrix/","Find a Good Subset of the Matrix","BIT MANIPULATION","HARD",19047,,"CLEAR",,false,2026-07-21T18:50:04.000Z,2026-07-21T18:50:04.000Z
"https://leetcode.com/problems/find-a-value-of-a-mysterious-function-closest-to-target/","Find a Value of a Mysterious Function Closest to Target","BIT MANIPULATION","HARD",31331,,"CLEAR",,false,2026-07-21T18:50:04.000Z,2026-07-21T18:50:04.000Z
"https://leetcode.com/problems/find-if-array-can-be-sorted/","Find if Array Can Be Sorted","BIT MANIPULATION","MEDIUM",228788,,"CLEAR",,false,2026-07-21T18:50:04.000Z,2026-07-21T18:50:04.000Z
"https://leetcode.com/problems/find-kth-largest-xor-coordinate-value/","Find Kth Largest XOR Coordinate Value","BIT MANIPULATION","MEDIUM",49767,,"CLEAR",,false,2026-07-21T18:50:04.000Z,2026-07-21T18:50:04.000Z
"https://leetcode.com/problems/find-longest-awesome-substring/","Find Longest Awesome Substring","BIT MANIPULATION","HARD",46638,,"CLEAR",,false,2026-07-21T18:50:04.000Z,2026-07-21T18:50:04.000Z
"https://leetcode.com/problems/find-maximum-balanced-xor-subarray-length/","Find Maximum Balanced XOR Subarray Length","BIT MANIPULATION","MEDIUM",39510,,"CLEAR",,false,2026-07-21T18:50:04.000Z,2026-07-21T18:50:04.000Z
"https://leetcode.com/problems/find-minimum-time-to-finish-all-jobs/","Find Minimum Time to Finish All Jobs","BIT MANIPULATION","HARD",102243,,"CLEAR",,false,2026-07-21T18:50:04.000Z,2026-07-21T18:50:04.000Z
"https://leetcode.com/problems/find-nth-smallest-integer-with-k-one-bits/","Find Nth Smallest Integer With K One Bits","BIT MANIPULATION","HARD",29043,,"CLEAR",,false,2026-07-21T18:50:04.000Z,2026-07-21T18:50:04.000Z
"https://leetcode.com/problems/find-number-of-ways-to-reach-the-k-th-stair/","Find Number of Ways to Reach the K-th Stair","BIT MANIPULATION","HARD",44555,,"CLEAR",,false,2026-07-21T18:50:04.000Z,2026-07-21T18:50:04.000Z
"https://leetcode.com/problems/find-products-of-elements-of-big-array/","Find Products of Elements of Big Array","BIT MANIPULATION","HARD",13925,,"CLEAR",,false,2026-07-21T18:50:04.000Z,2026-07-21T18:50:04.000Z
"https://leetcode.com/problems/find-root-of-n-ary-tree/","Find Root of N-Ary Tree","BIT MANIPULATION","MEDIUM",53911,,"LOCKED",,false,2026-07-21T18:50:04.000Z,2026-07-21T18:50:04.000Z
"https://leetcode.com/problems/find-subarray-with-bitwise-or-closest-to-k/","Find Subarray With Bitwise OR Closest to K","BIT MANIPULATION","HARD",53511,,"CLEAR",,false,2026-07-21T18:50:04.000Z,2026-07-21T18:50:04.000Z
"https://leetcode.com/problems/find-sum-of-array-product-of-magical-sequences/","Find Sum of Array Product of Magical Sequences","BIT MANIPULATION","HARD",86780,,"CLEAR",,false,2026-07-21T18:50:04.000Z,2026-07-21T18:50:04.000Z
"https://leetcode.com/problems/find-the-difference/","Find the Difference","BIT MANIPULATION","EASY",1933818,,"CLEAR",,false,2026-07-21T18:50:04.000Z,2026-07-21T18:50:04.000Z
"https://leetcode.com/problems/find-the-duplicate-number/","Find the Duplicate Number","BIT MANIPULATION","MEDIUM",4215121,,"CLEAR",,false,2026-07-21T18:50:04.000Z,2026-07-21T18:50:04.000Z
"https://leetcode.com/problems/find-the-k-or-of-an-array/","Find the K-or of an Array","BIT MANIPULATION","EASY",51781,,"CLEAR",,false,2026-07-21T18:50:04.000Z,2026-07-21T18:50:04.000Z
"https://leetcode.com/problems/find-the-k-th-character-in-string-game-i/","Find the K-th Character in String Game I","BIT MANIPULATION","EASY",269225,,"CLEAR",,false,2026-07-21T18:50:04.000Z,2026-07-21T18:50:04.000Z
"https://leetcode.com/problems/find-the-k-th-character-in-string-game-ii/","Find the K-th Character in String Game II","BIT MANIPULATION","HARD",184861,,"CLEAR",,false,2026-07-21T18:50:04.000Z,2026-07-21T18:50:04.000Z
"https://leetcode.com/problems/find-the-k-th-lucky-number/","Find The K-th Lucky Number","BIT MANIPULATION","MEDIUM",8465,,"LOCKED",,false,2026-07-21T18:50:04.000Z,2026-07-21T18:50:04.000Z
"https://leetcode.com/problems/find-the-longest-substring-containing-vowels-in-even-counts/","Find the Longest Substring Containing Vowels in Even Counts","BIT MANIPULATION","MEDIUM",190962,,"CLEAR",,false,2026-07-21T18:50:04.000Z,2026-07-21T18:50:04.000Z
"https://leetcode.com/problems/find-the-maximum-sequence-value-of-array/","Find the Maximum Sequence Value of Array","BIT MANIPULATION","HARD",29216,,"CLEAR",,false,2026-07-21T18:50:04.000Z,2026-07-21T18:50:04.000Z
"https://leetcode.com/problems/find-the-maximum-sum-of-node-values/","Find the Maximum Sum of Node Values","BIT MANIPULATION","HARD",202662,,"CLEAR",,false,2026-07-21T18:50:04.000Z,2026-07-21T18:50:04.000Z
"https://leetcode.com/problems/find-the-minimum-cost-array-permutation/","Find the Minimum Cost Array Permutation","BIT MANIPULATION","HARD",30272,,"CLEAR",,false,2026-07-21T18:50:04.000Z,2026-07-21T18:50:04.000Z
"https://leetcode.com/problems/find-the-original-array-of-prefix-xor/","Find The Original Array of Prefix Xor","BIT MANIPULATION","MEDIUM",226235,,"CLEAR",,false,2026-07-21T18:50:04.000Z,2026-07-21T18:50:04.000Z
"https://leetcode.com/problems/find-the-prefix-common-array-of-two-arrays/","Find the Prefix Common Array of Two Arrays","BIT MANIPULATION","MEDIUM",413646,,"CLEAR",,false,2026-07-21T18:50:04.000Z,2026-07-21T18:50:04.000Z
"https://leetcode.com/problems/find-the-shortest-superstring/","Find the Shortest Superstring","BIT MANIPULATION","HARD",81688,,"CLEAR",,false,2026-07-21T18:50:04.000Z,2026-07-21T18:50:04.000Z
"https://leetcode.com/problems/find-the-xor-of-numbers-which-appear-twice/","Find the XOR of Numbers Which Appear Twice","BIT MANIPULATION","EASY",109421,,"CLEAR",,false,2026-07-21T18:50:04.000Z,2026-07-21T18:50:04.000Z
"https://leetcode.com/problems/find-weighted-median-node-in-tree/","Find Weighted Median Node in Tree","BIT MANIPULATION","HARD",18479,,"CLEAR",,false,2026-07-21T18:50:04.000Z,2026-07-21T18:50:04.000Z
"https://leetcode.com/problems/find-xor-sum-of-all-pairs-bitwise-and/","Find XOR Sum of All Pairs Bitwise AND","BIT MANIPULATION","HARD",44717,,"CLEAR",,false,2026-07-21T18:50:04.000Z,2026-07-21T18:50:04.000Z
"https://leetcode.com/problems/find-xor-beauty-of-array/","Find Xor-Beauty of Array","BIT MANIPULATION","MEDIUM",40199,,"CLEAR",,false,2026-07-21T18:50:04.000Z,2026-07-21T18:50:04.000Z
"https://leetcode.com/problems/first-letter-to-appear-twice/","First Letter to Appear Twice","BIT MANIPULATION","EASY",288979,,"CLEAR",,false,2026-07-21T18:50:04.000Z,2026-07-21T18:50:04.000Z
"https://leetcode.com/problems/flipping-an-image/","Flipping an Image","BIT MANIPULATION","EASY",699143,,"CLEAR",,false,2026-07-21T18:50:04.000Z,2026-07-21T18:50:04.000Z
"https://leetcode.com/problems/frequencies-of-shortest-supersequences/","Frequencies of Shortest Supersequences","BIT MANIPULATION","HARD",14527,,"CLEAR",,false,2026-07-21T18:50:04.000Z,2026-07-21T18:50:04.000Z
"https://leetcode.com/problems/game-of-nim/","Game of Nim","BIT MANIPULATION","MEDIUM",8649,,"LOCKED",,false,2026-07-21T18:50:04.000Z,2026-07-21T18:50:04.000Z
"https://leetcode.com/problems/generalized-abbreviation/","Generalized Abbreviation","BIT MANIPULATION","MEDIUM",127997,,"LOCKED",,false,2026-07-21T18:50:04.000Z,2026-07-21T18:50:04.000Z
"https://leetcode.com/problems/generate-binary-strings-without-adjacent-zeros/","Generate Binary Strings Without Adjacent Zeros","BIT MANIPULATION","MEDIUM",108086,,"CLEAR",,false,2026-07-21T18:50:04.000Z,2026-07-21T18:50:04.000Z
"https://leetcode.com/problems/gray-code/","Gray Code","BIT MANIPULATION","MEDIUM",693383,,"CLEAR",,false,2026-07-21T18:50:04.000Z,2026-07-21T18:50:04.000Z
"https://leetcode.com/problems/groups-of-strings/","Groups of Strings","BIT MANIPULATION","HARD",45087,,"CLEAR",,false,2026-07-21T18:50:04.000Z,2026-07-21T18:50:04.000Z
"https://leetcode.com/problems/guess-the-number-using-bitwise-questions-i/","Guess the Number Using Bitwise Questions I","BIT MANIPULATION","MEDIUM",2780,,"LOCKED",,false,2026-07-21T18:50:04.000Z,2026-07-21T18:50:04.000Z
"https://leetcode.com/problems/guess-the-number-using-bitwise-questions-ii/","Guess the Number Using Bitwise Questions II","BIT MANIPULATION","MEDIUM",1417,,"LOCKED",,false,2026-07-21T18:50:04.000Z,2026-07-21T18:50:04.000Z
"https://leetcode.com/problems/hamming-distance/","Hamming Distance","BIT MANIPULATION","EASY",928416,,"CLEAR",,false,2026-07-21T18:50:04.000Z,2026-07-21T18:50:04.000Z
"https://leetcode.com/problems/integer-replacement/","Integer Replacement","BIT MANIPULATION","MEDIUM",460866,,"CLEAR",,false,2026-07-21T18:50:04.000Z,2026-07-21T18:50:04.000Z
"https://leetcode.com/problems/ip-to-cidr/","IP to CIDR","BIT MANIPULATION","MEDIUM",77318,,"LOCKED",,false,2026-07-21T18:50:04.000Z,2026-07-21T18:50:04.000Z
"https://leetcode.com/problems/k-th-symbol-in-grammar/","K-th Symbol in Grammar","BIT MANIPULATION","MEDIUM",554540,,"CLEAR",,false,2026-07-21T18:50:04.000Z,2026-07-21T18:50:04.000Z
"https://leetcode.com/problems/kth-ancestor-of-a-tree-node/","Kth Ancestor of a Tree Node","BIT MANIPULATION","HARD",156140,,"CLEAR",,false,2026-07-21T18:50:04.000Z,2026-07-21T18:50:04.000Z
"https://leetcode.com/problems/kth-smallest-amount-with-single-denomination-combination/","Kth Smallest Amount With Single Denomination Combination","BIT MANIPULATION","HARD",161650,,"CLEAR",,false,2026-07-21T18:50:04.000Z,2026-07-21T18:50:04.000Z
"https://leetcode.com/problems/largest-combination-with-bitwise-and-greater-than-zero/","Largest Combination With Bitwise AND Greater Than Zero","BIT MANIPULATION","MEDIUM",197159,,"CLEAR",,false,2026-07-21T18:50:04.000Z,2026-07-21T18:50:04.000Z
"https://leetcode.com/problems/letter-case-permutation/","Letter Case Permutation","BIT MANIPULATION","MEDIUM",506747,,"CLEAR",,false,2026-07-21T18:50:04.000Z,2026-07-21T18:50:04.000Z
"https://leetcode.com/problems/longest-nice-subarray/","Longest Nice Subarray","BIT MANIPULATION","MEDIUM",280301,,"CLEAR",,false,2026-07-21T18:50:04.000Z,2026-07-21T18:50:04.000Z
"https://leetcode.com/problems/longest-nice-substring/","Longest Nice Substring","BIT MANIPULATION","EASY",160524,,"CLEAR",,false,2026-07-21T18:50:04.000Z,2026-07-21T18:50:04.000Z
"https://leetcode.com/problems/longest-palindromic-path-in-graph/","Longest Palindromic Path in Graph","BIT MANIPULATION","HARD",35345,,"CLEAR",,false,2026-07-21T18:50:04.000Z,2026-07-21T18:50:04.000Z
"https://leetcode.com/problems/longest-strictly-increasing-subsequence-with-non-zero-bitwise-and/","Longest Strictly Increasing Subsequence With Non-Zero Bitwise AND","BIT MANIPULATION","MEDIUM",46478,,"CLEAR",,false,2026-07-21T18:50:04.000Z,2026-07-21T18:50:04.000Z
"https://leetcode.com/problems/longest-subarray-with-maximum-bitwise-and/","Longest Subarray With Maximum Bitwise AND","BIT MANIPULATION","MEDIUM",391436,,"CLEAR",,false,2026-07-21T18:50:04.000Z,2026-07-21T18:50:04.000Z
"https://leetcode.com/problems/longest-subsequence-with-non-zero-bitwise-xor/","Longest Subsequence With Non-Zero Bitwise XOR","BIT MANIPULATION","MEDIUM",250840,,"CLEAR",,false,2026-07-21T18:50:04.000Z,2026-07-21T18:50:04.000Z
"https://leetcode.com/problems/make-the-xor-of-all-segments-equal-to-zero/","Make the XOR of All Segments Equal to Zero","BIT MANIPULATION","HARD",18376,,"CLEAR",,false,2026-07-21T18:50:04.000Z,2026-07-21T18:50:04.000Z
"https://leetcode.com/problems/matchsticks-to-square/","Matchsticks to Square","BIT MANIPULATION","MEDIUM",535718,,"CLEAR",,false,2026-07-21T18:50:04.000Z,2026-07-21T18:50:04.000Z
"https://leetcode.com/problems/maximize-grid-happiness/","Maximize Grid Happiness","BIT MANIPULATION","HARD",19320,,"CLEAR",,false,2026-07-21T18:50:04.000Z,2026-07-21T18:50:04.000Z
"https://leetcode.com/problems/maximize-score-after-n-operations/","Maximize Score After N Operations","BIT MANIPULATION","HARD",124775,,"CLEAR",,false,2026-07-21T18:50:04.000Z,2026-07-21T18:50:04.000Z
"https://leetcode.com/problems/maximize-the-number-of-partitions-after-operations/","Maximize the Number of Partitions After Operations","BIT MANIPULATION","HARD",104141,,"CLEAR",,false,2026-07-21T18:50:04.000Z,2026-07-21T18:50:04.000Z
"https://leetcode.com/problems/maximize-value-of-function-in-a-ball-passing-game/","Maximize Value of Function in a Ball Passing Game","BIT MANIPULATION","HARD",23711,,"CLEAR",,false,2026-07-21T18:50:04.000Z,2026-07-21T18:50:04.000Z
"https://leetcode.com/problems/maximum-and-sum-of-array/","Maximum AND Sum of Array","BIT MANIPULATION","HARD",37320,,"CLEAR",,false,2026-07-21T18:50:04.000Z,2026-07-21T18:50:04.000Z
"https://leetcode.com/problems/maximum-bitwise-and-after-increment-operations/","Maximum Bitwise AND After Increment Operations","BIT MANIPULATION","HARD",22331,,"CLEAR",,false,2026-07-21T18:50:04.000Z,2026-07-21T18:50:04.000Z
"https://leetcode.com/problems/maximum-bitwise-xor-after-rearrangement/","Maximum Bitwise XOR After Rearrangement","BIT MANIPULATION","MEDIUM",48194,,"CLEAR",,false,2026-07-21T18:50:04.000Z,2026-07-21T18:50:04.000Z
"https://leetcode.com/problems/maximum-compatibility-score-sum/","Maximum Compatibility Score Sum","BIT MANIPULATION","MEDIUM",55436,,"CLEAR",,false,2026-07-21T18:50:04.000Z,2026-07-21T18:50:04.000Z
"https://leetcode.com/problems/maximum-cost-of-trip-with-k-highways/","Maximum Cost of Trip With K Highways","BIT MANIPULATION","HARD",5009,,"LOCKED",,false,2026-07-21T18:50:04.000Z,2026-07-21T18:50:04.000Z
"https://leetcode.com/problems/maximum-genetic-difference-query/","Maximum Genetic Difference Query","BIT MANIPULATION","HARD",18147,,"CLEAR",,false,2026-07-21T18:50:04.000Z,2026-07-21T18:50:04.000Z
"https://leetcode.com/problems/maximum-good-people-based-on-statements/","Maximum Good People Based on Statements","BIT MANIPULATION","HARD",34081,,"CLEAR",,false,2026-07-21T18:50:04.000Z,2026-07-21T18:50:04.000Z
"https://leetcode.com/problems/maximum-good-subtree-score/","Maximum Good Subtree Score","BIT MANIPULATION","HARD",11954,,"CLEAR",,false,2026-07-21T18:50:04.000Z,2026-07-21T18:50:04.000Z
"https://leetcode.com/problems/maximum-hamming-distances/","Maximum Hamming Distances","BIT MANIPULATION","HARD",1358,,"LOCKED",,false,2026-07-21T18:50:04.000Z,2026-07-21T18:50:04.000Z
"https://leetcode.com/problems/maximum-k-to-sort-a-permutation/","Maximum K to Sort a Permutation","BIT MANIPULATION","MEDIUM",90743,,"CLEAR",,false,2026-07-21T18:50:04.000Z,2026-07-21T18:50:04.000Z
"https://leetcode.com/problems/maximum-length-of-a-concatenated-string-with-unique-characters/","Maximum Length of a Concatenated String with Unique Characters","BIT MANIPULATION","MEDIUM",604430,,"CLEAR",,false,2026-07-21T18:50:04.000Z,2026-07-21T18:50:04.000Z
"https://leetcode.com/problems/maximum-number-of-achievable-transfer-requests/","Maximum Number of Achievable Transfer Requests","BIT MANIPULATION","HARD",102230,,"CLEAR",,false,2026-07-21T18:50:04.000Z,2026-07-21T18:50:04.000Z
"https://leetcode.com/problems/maximum-number-of-groups-getting-fresh-donuts/","Maximum Number of Groups Getting Fresh Donuts","BIT MANIPULATION","HARD",21497,,"CLEAR",,false,2026-07-21T18:50:04.000Z,2026-07-21T18:50:04.000Z
"https://leetcode.com/problems/maximum-number-of-moves-to-kill-all-pawns/","Maximum Number of Moves to Kill All Pawns","BIT MANIPULATION","HARD",23076,,"CLEAR",,false,2026-07-21T18:50:04.000Z,2026-07-21T18:50:04.000Z
"https://leetcode.com/problems/maximum-number-that-sum-of-the-prices-is-less-than-or-equal-to-k/","Maximum Number That Sum of the Prices Is Less Than or Equal to K","BIT MANIPULATION","MEDIUM",36468,,"CLEAR",,false,2026-07-21T18:50:04.000Z,2026-07-21T18:50:04.000Z
"https://leetcode.com/problems/maximum-or/","Maximum OR","BIT MANIPULATION","MEDIUM",47840,,"CLEAR",,false,2026-07-21T18:50:04.000Z,2026-07-21T18:50:04.000Z
"https://leetcode.com/problems/maximum-points-after-collecting-coins-from-all-nodes/","Maximum Points After Collecting Coins From All Nodes","BIT MANIPULATION","HARD",33419,,"CLEAR",,false,2026-07-21T18:50:04.000Z,2026-07-21T18:50:04.000Z
"https://leetcode.com/problems/maximum-points-in-an-archery-competition/","Maximum Points in an Archery Competition","BIT MANIPULATION","MEDIUM",40445,,"CLEAR",,false,2026-07-21T18:50:04.000Z,2026-07-21T18:50:04.000Z
"https://leetcode.com/problems/maximum-possible-number-by-binary-concatenation/","Maximum Possible Number by Binary Concatenation","BIT MANIPULATION","MEDIUM",58824,,"CLEAR",,false,2026-07-21T18:50:04.000Z,2026-07-21T18:50:04.000Z
"https://leetcode.com/problems/maximum-product-of-the-length-of-two-palindromic-subsequences/","Maximum Product of the Length of Two Palindromic Subsequences","BIT MANIPULATION","MEDIUM",65322,,"CLEAR",,false,2026-07-21T18:50:04.000Z,2026-07-21T18:50:04.000Z
"https://leetcode.com/problems/maximum-product-of-two-integers-with-no-common-bits/","Maximum Product of Two Integers With No Common Bits","BIT MANIPULATION","MEDIUM",79446,,"CLEAR",,false,2026-07-21T18:50:04.000Z,2026-07-21T18:50:04.000Z
"https://leetcode.com/problems/maximum-product-of-word-lengths/","Maximum Product of Word Lengths","BIT MANIPULATION","MEDIUM",425590,,"CLEAR",,false,2026-07-21T18:50:04.000Z,2026-07-21T18:50:04.000Z
"https://leetcode.com/problems/maximum-profit-from-valid-topological-order-in-dag/","Maximum Profit from Valid Topological Order in DAG","BIT MANIPULATION","HARD",22590,,"CLEAR",,false,2026-07-21T18:50:04.000Z,2026-07-21T18:50:04.000Z
"https://leetcode.com/problems/maximum-rows-covered-by-columns/","Maximum Rows Covered by Columns","BIT MANIPULATION","MEDIUM",36040,,"CLEAR",,false,2026-07-21T18:50:04.000Z,2026-07-21T18:50:04.000Z
"https://leetcode.com/problems/maximum-score-words-formed-by-letters/","Maximum Score Words Formed by Letters","BIT MANIPULATION","HARD",171521,,"CLEAR",,false,2026-07-21T18:50:04.000Z,2026-07-21T18:50:04.000Z
"https://leetcode.com/problems/maximum-sized-array/","Maximum Sized Array","BIT MANIPULATION","MEDIUM",1322,,"LOCKED",,false,2026-07-21T18:50:04.000Z,2026-07-21T18:50:04.000Z
"https://leetcode.com/problems/maximum-strength-of-a-group/","Maximum Strength of a Group","BIT MANIPULATION","MEDIUM",154547,,"CLEAR",,false,2026-07-21T18:50:04.000Z,2026-07-21T18:50:04.000Z
"https://leetcode.com/problems/maximum-strong-pair-xor-i/","Maximum Strong Pair XOR I","BIT MANIPULATION","EASY",83654,,"CLEAR",,false,2026-07-21T18:50:04.000Z,2026-07-21T18:50:04.000Z
"https://leetcode.com/problems/maximum-strong-pair-xor-ii/","Maximum Strong Pair XOR II","BIT MANIPULATION","HARD",28955,,"CLEAR",,false,2026-07-21T18:50:04.000Z,2026-07-21T18:50:04.000Z
"https://leetcode.com/problems/maximum-students-taking-exam/","Maximum Students Taking Exam","BIT MANIPULATION","HARD",46510,,"CLEAR",,false,2026-07-21T18:50:04.000Z,2026-07-21T18:50:04.000Z
"https://leetcode.com/problems/maximum-subarray-xor-with-bounded-range/","Maximum Subarray XOR with Bounded Range","BIT MANIPULATION","HARD",17203,,"CLEAR",,false,2026-07-21T18:50:04.000Z,2026-07-21T18:50:04.000Z
"https://leetcode.com/problems/maximum-total-reward-using-operations-i/","Maximum Total Reward Using Operations I","BIT MANIPULATION","MEDIUM",103274,,"CLEAR",,false,2026-07-21T18:50:04.000Z,2026-07-21T18:50:04.000Z
"https://leetcode.com/problems/maximum-total-reward-using-operations-ii/","Maximum Total Reward Using Operations II","BIT MANIPULATION","HARD",41358,,"CLEAR",,false,2026-07-21T18:50:04.000Z,2026-07-21T18:50:04.000Z
"https://leetcode.com/problems/maximum-xor-after-operations/","Maximum XOR After Operations ","BIT MANIPULATION","MEDIUM",41707,,"CLEAR",,false,2026-07-21T18:50:04.000Z,2026-07-21T18:50:04.000Z
"https://leetcode.com/problems/maximum-xor-for-each-query/","Maximum XOR for Each Query","BIT MANIPULATION","MEDIUM",174435,,"CLEAR",,false,2026-07-21T18:50:04.000Z,2026-07-21T18:50:04.000Z
"https://leetcode.com/problems/maximum-xor-of-subsequences/","Maximum XOR of Subsequences","BIT MANIPULATION","HARD",16603,,"CLEAR",,false,2026-07-21T18:50:04.000Z,2026-07-21T18:50:04.000Z
"https://leetcode.com/problems/maximum-xor-of-two-numbers-in-an-array/","Maximum XOR of Two Numbers in an Array","BIT MANIPULATION","MEDIUM",443362,,"CLEAR",,false,2026-07-21T18:50:04.000Z,2026-07-21T18:50:04.000Z
"https://leetcode.com/problems/maximum-xor-product/","Maximum Xor Product","BIT MANIPULATION","MEDIUM",57688,,"CLEAR",,false,2026-07-21T18:50:04.000Z,2026-07-21T18:50:04.000Z
"https://leetcode.com/problems/maximum-xor-with-an-element-from-array/","Maximum XOR With an Element From Array","BIT MANIPULATION","HARD",89160,,"CLEAR",,false,2026-07-21T18:50:04.000Z,2026-07-21T18:50:04.000Z
"https://leetcode.com/problems/minimize-or-of-remaining-elements-using-operations/","Minimize OR of Remaining Elements Using Operations","BIT MANIPULATION","HARD",15786,,"CLEAR",,false,2026-07-21T18:50:04.000Z,2026-07-21T18:50:04.000Z
"https://leetcode.com/problems/minimize-xor/","Minimize XOR","BIT MANIPULATION","MEDIUM",227099,,"CLEAR",,false,2026-07-21T18:50:04.000Z,2026-07-21T18:50:04.000Z
"https://leetcode.com/problems/minimum-array-end/","Minimum Array End","BIT MANIPULATION","MEDIUM",203410,,"CLEAR",,false,2026-07-21T18:50:04.000Z,2026-07-21T18:50:04.000Z
"https://leetcode.com/problems/minimum-bit-flips-to-convert-number/","Minimum Bit Flips to Convert Number","BIT MANIPULATION","EASY",466253,,"CLEAR",,false,2026-07-21T18:50:04.000Z,2026-07-21T18:50:04.000Z
"https://leetcode.com/problems/minimum-bitwise-or-from-grid/","Minimum Bitwise OR From Grid","BIT MANIPULATION","MEDIUM",53946,,"CLEAR",,false,2026-07-21T18:50:04.000Z,2026-07-21T18:50:04.000Z
"https://leetcode.com/problems/minimum-cost-to-connect-two-groups-of-points/","Minimum Cost to Connect Two Groups of Points","BIT MANIPULATION","HARD",26046,,"CLEAR",,false,2026-07-21T18:50:04.000Z,2026-07-21T18:50:04.000Z
"https://leetcode.com/problems/minimum-cost-to-merge-sorted-lists/","Minimum Cost to Merge Sorted Lists","BIT MANIPULATION","HARD",14027,,"CLEAR",,false,2026-07-21T18:50:04.000Z,2026-07-21T18:50:04.000Z
"https://leetcode.com/problems/minimum-cost-walk-in-weighted-graph/","Minimum Cost Walk in Weighted Graph","BIT MANIPULATION","HARD",159260,,"CLEAR",,false,2026-07-21T18:50:04.000Z,2026-07-21T18:50:04.000Z
"https://leetcode.com/problems/minimum-edge-weight-equilibrium-queries-in-a-tree/","Minimum Edge Weight Equilibrium Queries in a Tree","BIT MANIPULATION","HARD",23572,,"CLEAR",,false,2026-07-21T18:50:04.000Z,2026-07-21T18:50:04.000Z
"https://leetcode.com/problems/minimum-flips-to-make-a-or-b-equal-to-c/","Minimum Flips to Make a OR b Equal to c","BIT MANIPULATION","MEDIUM",290665,,"CLEAR",,false,2026-07-21T18:50:04.000Z,2026-07-21T18:50:04.000Z
"https://leetcode.com/problems/minimum-impossible-or/","Minimum Impossible OR","BIT MANIPULATION","MEDIUM",35837,,"CLEAR",,false,2026-07-21T18:50:04.000Z,2026-07-21T18:50:04.000Z
"https://leetcode.com/problems/minimum-incompatibility/","Minimum Incompatibility","BIT MANIPULATION","HARD",28378,,"CLEAR",,false,2026-07-21T18:50:04.000Z,2026-07-21T18:50:04.000Z
"https://leetcode.com/problems/minimum-increments-for-target-multiples-in-an-array/","Minimum Increments for Target Multiples in an Array","BIT MANIPULATION","HARD",25432,,"CLEAR",,false,2026-07-21T18:50:04.000Z,2026-07-21T18:50:04.000Z
"https://leetcode.com/problems/minimum-moves-to-clean-the-classroom/","Minimum Moves to Clean the Classroom","BIT MANIPULATION","MEDIUM",146430,,"CLEAR",,false,2026-07-21T18:50:04.000Z,2026-07-21T18:50:04.000Z
"https://leetcode.com/problems/minimum-moves-to-spread-stones-over-grid/","Minimum Moves to Spread Stones Over Grid","BIT MANIPULATION","MEDIUM",69384,,"CLEAR",,false,2026-07-21T18:50:04.000Z,2026-07-21T18:50:04.000Z
"https://leetcode.com/problems/minimum-number-of-flips-to-convert-binary-matrix-to-zero-matrix/","Minimum Number of Flips to Convert Binary Matrix to Zero Matrix","BIT MANIPULATION","HARD",56541,,"CLEAR",,false,2026-07-21T18:50:04.000Z,2026-07-21T18:50:04.000Z
"https://leetcode.com/problems/minimum-number-of-flips-to-reverse-binary-string/","Minimum Number of Flips to Reverse Binary String","BIT MANIPULATION","EASY",46689,,"CLEAR",,false,2026-07-21T18:50:04.000Z,2026-07-21T18:50:04.000Z
"https://leetcode.com/problems/minimum-number-of-k-consecutive-bit-flips/","Minimum Number of K Consecutive Bit Flips","BIT MANIPULATION","HARD",235958,,"CLEAR",,false,2026-07-21T18:50:04.000Z,2026-07-21T18:50:04.000Z
"https://leetcode.com/problems/minimum-number-of-lines-to-cover-points/","Minimum Number of Lines to Cover Points","BIT MANIPULATION","MEDIUM",6681,,"LOCKED",,false,2026-07-21T18:50:04.000Z,2026-07-21T18:50:04.000Z
"https://leetcode.com/problems/minimum-number-of-operations-to-make-array-xor-equal-to-k/","Minimum Number of Operations to Make Array XOR Equal to K","BIT MANIPULATION","MEDIUM",149199,,"CLEAR",,false,2026-07-21T18:50:04.000Z,2026-07-21T18:50:04.000Z
"https://leetcode.com/problems/minimum-number-of-work-sessions-to-finish-the-tasks/","Minimum Number of Work Sessions to Finish the Tasks","BIT MANIPULATION","MEDIUM",105256,,"CLEAR",,false,2026-07-21T18:50:04.000Z,2026-07-21T18:50:04.000Z
"https://leetcode.com/problems/minimum-numbers-of-function-calls-to-make-target-array/","Minimum Numbers of Function Calls to Make Target Array","BIT MANIPULATION","MEDIUM",42992,,"CLEAR",,false,2026-07-21T18:50:04.000Z,2026-07-21T18:50:04.000Z
"https://leetcode.com/problems/minimum-one-bit-operations-to-make-integers-zero/","Minimum One Bit Operations to Make Integers Zero","BIT MANIPULATION","HARD",157693,,"CLEAR",,false,2026-07-21T18:50:04.000Z,2026-07-21T18:50:04.000Z
"https://leetcode.com/problems/minimum-operations-to-collect-elements/","Minimum Operations to Collect Elements","BIT MANIPULATION","EASY",84832,,"CLEAR",,false,2026-07-21T18:50:04.000Z,2026-07-21T18:50:04.000Z
"https://leetcode.com/problems/minimum-operations-to-equalize-array/","Minimum Operations to Equalize Array","BIT MANIPULATION","EASY",94879,,"CLEAR",,false,2026-07-21T18:50:04.000Z,2026-07-21T18:50:04.000Z
"https://leetcode.com/problems/minimum-operations-to-form-subsequence-with-target-sum/","Minimum Operations to Form Subsequence With Target Sum","BIT MANIPULATION","HARD",45385,,"CLEAR",,false,2026-07-21T18:50:04.000Z,2026-07-21T18:50:04.000Z
"https://leetcode.com/problems/minimum-operations-to-make-array-elements-zero/","Minimum Operations to Make Array Elements Zero","BIT MANIPULATION","HARD",132949,,"CLEAR",,false,2026-07-21T18:50:04.000Z,2026-07-21T18:50:04.000Z
"https://leetcode.com/problems/minimum-operations-to-make-binary-array-elements-equal-to-one-i/","Minimum Operations to Make Binary Array Elements Equal to One I","BIT MANIPULATION","MEDIUM",269920,,"CLEAR",,false,2026-07-21T18:50:04.000Z,2026-07-21T18:50:04.000Z
"https://leetcode.com/problems/minimum-operations-to-make-binary-palindrome/","Minimum Operations to Make Binary Palindrome","BIT MANIPULATION","MEDIUM",35329,,"CLEAR",,false,2026-07-21T18:50:04.000Z,2026-07-21T18:50:04.000Z
"https://leetcode.com/problems/minimum-operations-to-make-the-integer-zero/","Minimum Operations to Make the Integer Zero","BIT MANIPULATION","MEDIUM",168686,,"CLEAR",,false,2026-07-21T18:50:04.000Z,2026-07-21T18:50:04.000Z
"https://leetcode.com/problems/minimum-operations-to-reduce-an-integer-to-0/","Minimum Operations to Reduce an Integer to 0","BIT MANIPULATION","MEDIUM",98574,,"CLEAR",,false,2026-07-21T18:50:04.000Z,2026-07-21T18:50:04.000Z
"https://leetcode.com/problems/minimum-removals-to-achieve-target-xor/","Minimum Removals to Achieve Target XOR","BIT MANIPULATION","MEDIUM",55408,,"CLEAR",,false,2026-07-21T18:50:04.000Z,2026-07-21T18:50:04.000Z
"https://leetcode.com/problems/minimum-score-after-removals-on-a-tree/","Minimum Score After Removals on a Tree","BIT MANIPULATION","HARD",92947,,"CLEAR",,false,2026-07-21T18:50:04.000Z,2026-07-21T18:50:04.000Z
"https://leetcode.com/problems/minimum-sum-of-values-by-dividing-array/","Minimum Sum of Values by Dividing Array","BIT MANIPULATION","HARD",27273,,"CLEAR",,false,2026-07-21T18:50:04.000Z,2026-07-21T18:50:04.000Z
"https://leetcode.com/problems/minimum-time-to-break-locks-i/","Minimum Time to Break Locks I","BIT MANIPULATION","MEDIUM",45984,,"CLEAR",,false,2026-07-21T18:50:04.000Z,2026-07-21T18:50:04.000Z
"https://leetcode.com/problems/minimum-time-to-kill-all-monsters/","Minimum Time to Kill All Monsters","BIT MANIPULATION","HARD",3456,,"LOCKED",,false,2026-07-21T18:50:04.000Z,2026-07-21T18:50:04.000Z
"https://leetcode.com/problems/minimum-time-to-transport-all-individuals/","Minimum Time to Transport All Individuals","BIT MANIPULATION","HARD",13613,,"CLEAR",,false,2026-07-21T18:50:04.000Z,2026-07-21T18:50:04.000Z
"https://leetcode.com/problems/minimum-unique-word-abbreviation/","Minimum Unique Word Abbreviation","BIT MANIPULATION","HARD",39190,,"LOCKED",,false,2026-07-21T18:50:04.000Z,2026-07-21T18:50:04.000Z
"https://leetcode.com/problems/minimum-weighted-subgraph-with-the-required-paths-ii/","Minimum Weighted Subgraph With the Required Paths II","BIT MANIPULATION","HARD",10473,,"CLEAR",,false,2026-07-21T18:50:04.000Z,2026-07-21T18:50:04.000Z
"https://leetcode.com/problems/minimum-xor-path-in-a-grid/","Minimum XOR Path in a Grid","BIT MANIPULATION","MEDIUM",42990,,"CLEAR",,false,2026-07-21T18:50:04.000Z,2026-07-21T18:50:04.000Z
"https://leetcode.com/problems/minimum-xor-sum-of-two-arrays/","Minimum XOR Sum of Two Arrays","BIT MANIPULATION","HARD",43631,,"CLEAR",,false,2026-07-21T18:50:04.000Z,2026-07-21T18:50:04.000Z
"https://leetcode.com/problems/missing-number/","Missing Number","BIT MANIPULATION","EASY",5752630,,"CLEAR",,false,2026-07-21T18:50:04.000Z,2026-07-21T18:50:04.000Z
"https://leetcode.com/problems/naming-a-company/","Naming a Company","BIT MANIPULATION","HARD",142737,,"CLEAR",,false,2026-07-21T18:50:04.000Z,2026-07-21T18:50:04.000Z
"https://leetcode.com/problems/neighboring-bitwise-xor/","Neighboring Bitwise XOR","BIT MANIPULATION","MEDIUM",207973,,"CLEAR",,false,2026-07-21T18:50:04.000Z,2026-07-21T18:50:04.000Z
"https://leetcode.com/problems/next-special-palindrome-number/","Next Special Palindrome Number","BIT MANIPULATION","HARD",43882,,"CLEAR",,false,2026-07-21T18:50:04.000Z,2026-07-21T18:50:04.000Z
"https://leetcode.com/problems/non-decreasing-subsequences/","Non-decreasing Subsequences","BIT MANIPULATION","MEDIUM",347858,,"CLEAR",,false,2026-07-21T18:50:04.000Z,2026-07-21T18:50:04.000Z
"https://leetcode.com/problems/number-complement/","Number Complement","BIT MANIPULATION","EASY",809092,,"CLEAR",,false,2026-07-21T18:50:04.000Z,2026-07-21T18:50:04.000Z
"https://leetcode.com/problems/number-of-1-bits/","Number of 1 Bits","BIT MANIPULATION","EASY",2899123,,"CLEAR",,false,2026-07-21T18:50:04.000Z,2026-07-21T18:50:04.000Z
"https://leetcode.com/problems/number-of-alternating-xor-partitions/","Number of Alternating XOR Partitions","BIT MANIPULATION","MEDIUM",33824,,"CLEAR",,false,2026-07-21T18:50:04.000Z,2026-07-21T18:50:04.000Z
"https://leetcode.com/problems/number-of-bit-changes-to-make-two-integers-equal/","Number of Bit Changes to Make Two Integers Equal","BIT MANIPULATION","EASY",84748,,"CLEAR",,false,2026-07-21T18:50:04.000Z,2026-07-21T18:50:04.000Z
"https://leetcode.com/problems/number-of-effective-subsequences/","Number of Effective Subsequences","BIT MANIPULATION","HARD",10047,,"CLEAR",,false,2026-07-21T18:50:04.000Z,2026-07-21T18:50:04.000Z
"https://leetcode.com/problems/number-of-even-and-odd-bits/","Number of Even and Odd Bits","BIT MANIPULATION","EASY",103137,,"CLEAR",,false,2026-07-21T18:50:04.000Z,2026-07-21T18:50:04.000Z
"https://leetcode.com/problems/number-of-excellent-pairs/","Number of Excellent Pairs","BIT MANIPULATION","HARD",39422,,"CLEAR",,false,2026-07-21T18:50:04.000Z,2026-07-21T18:50:04.000Z
"https://leetcode.com/problems/number-of-good-ways-to-split-a-string/","Number of Good Ways to Split a String","BIT MANIPULATION","MEDIUM",186289,,"CLEAR",,false,2026-07-21T18:50:04.000Z,2026-07-21T18:50:04.000Z
"https://leetcode.com/problems/number-of-integers-with-popcount-depth-equal-to-k-i/","Number of Integers With Popcount-Depth Equal to K I","BIT MANIPULATION","HARD",22142,,"CLEAR",,false,2026-07-21T18:50:04.000Z,2026-07-21T18:50:04.000Z
"https://leetcode.com/problems/number-of-possible-sets-of-closing-branches/","Number of Possible Sets of Closing Branches","BIT MANIPULATION","HARD",23652,,"CLEAR",,false,2026-07-21T18:50:04.000Z,2026-07-21T18:50:04.000Z
"https://leetcode.com/problems/number-of-self-divisible-permutations/","Number of Self-Divisible Permutations","BIT MANIPULATION","MEDIUM",3341,,"LOCKED",,false,2026-07-21T18:50:04.000Z,2026-07-21T18:50:04.000Z
"https://leetcode.com/problems/number-of-squareful-arrays/","Number of Squareful Arrays","BIT MANIPULATION","HARD",101946,,"CLEAR",,false,2026-07-21T18:50:04.000Z,2026-07-21T18:50:04.000Z
"https://leetcode.com/problems/number-of-steps-to-reduce-a-number-in-binary-representation-to-one/","Number of Steps to Reduce a Number in Binary Representation to One","BIT MANIPULATION","MEDIUM",427964,,"CLEAR",,false,2026-07-21T18:50:04.000Z,2026-07-21T18:50:04.000Z
"https://leetcode.com/problems/number-of-steps-to-reduce-a-number-to-zero/","Number of Steps to Reduce a Number to Zero","BIT MANIPULATION","EASY",1128701,,"CLEAR",,false,2026-07-21T18:50:04.000Z,2026-07-21T18:50:04.000Z
"https://leetcode.com/problems/number-of-subarrays-with-and-value-of-k/","Number of Subarrays With AND Value of K","BIT MANIPULATION","HARD",41690,,"CLEAR",,false,2026-07-21T18:50:04.000Z,2026-07-21T18:50:04.000Z
"https://leetcode.com/problems/number-of-unique-xor-triplets-i/","Number of Unique XOR Triplets I","BIT MANIPULATION","MEDIUM",185662,,"CLEAR",,false,2026-07-21T18:50:04.000Z,2026-07-21T18:50:04.000Z
"https://leetcode.com/problems/number-of-unique-xor-triplets-ii/","Number of Unique XOR Triplets II","BIT MANIPULATION","MEDIUM",184639,,"CLEAR",,false,2026-07-21T18:50:04.000Z,2026-07-21T18:50:04.000Z
"https://leetcode.com/problems/number-of-valid-words-for-each-puzzle/","Number of Valid Words for Each Puzzle","BIT MANIPULATION","HARD",74831,,"CLEAR",,false,2026-07-21T18:50:04.000Z,2026-07-21T18:50:04.000Z
"https://leetcode.com/problems/number-of-ways-to-assign-edge-weights-ii/","Number of Ways to Assign Edge Weights II","BIT MANIPULATION","HARD",96627,,"CLEAR",,false,2026-07-21T18:50:04.000Z,2026-07-21T18:50:04.000Z
"https://leetcode.com/problems/number-of-ways-to-build-sturdy-brick-wall/","Number of Ways to Build Sturdy Brick Wall","BIT MANIPULATION","MEDIUM",20859,,"LOCKED",,false,2026-07-21T18:50:04.000Z,2026-07-21T18:50:04.000Z
"https://leetcode.com/problems/number-of-ways-to-wear-different-hats-to-each-other/","Number of Ways to Wear Different Hats to Each Other","BIT MANIPULATION","HARD",53026,,"CLEAR",,false,2026-07-21T18:50:04.000Z,2026-07-21T18:50:04.000Z
"https://leetcode.com/problems/number-of-wonderful-substrings/","Number of Wonderful Substrings","BIT MANIPULATION","MEDIUM",138574,,"CLEAR",,false,2026-07-21T18:50:04.000Z,2026-07-21T18:50:04.000Z
"https://leetcode.com/problems/once-twice/","Once Twice","BIT MANIPULATION","MEDIUM",978,,"LOCKED",,false,2026-07-21T18:50:04.000Z,2026-07-21T18:50:04.000Z
"https://leetcode.com/problems/optimal-account-balancing/","Optimal Account Balancing","BIT MANIPULATION","HARD",234009,,"LOCKED",,false,2026-07-21T18:50:04.000Z,2026-07-21T18:50:04.000Z
"https://leetcode.com/problems/palindrome-permutation/","Palindrome Permutation","BIT MANIPULATION","EASY",343986,,"LOCKED",,false,2026-07-21T18:50:04.000Z,2026-07-21T18:50:04.000Z
"https://leetcode.com/problems/palindromic-path-queries-in-a-tree/","Palindromic Path Queries in a Tree","BIT MANIPULATION","HARD",11256,,"CLEAR",,false,2026-07-21T18:50:04.000Z,2026-07-21T18:50:04.000Z
"https://leetcode.com/problems/parallel-courses-ii/","Parallel Courses II","BIT MANIPULATION","HARD",93733,,"CLEAR",,false,2026-07-21T18:50:04.000Z,2026-07-21T18:50:04.000Z
"https://leetcode.com/problems/partition-array-for-maximum-xor-and-and/","Partition Array for Maximum XOR and AND","BIT MANIPULATION","HARD",42954,,"CLEAR",,false,2026-07-21T18:50:04.000Z,2026-07-21T18:50:04.000Z
"https://leetcode.com/problems/partition-array-into-two-arrays-to-minimize-sum-difference/","Partition Array Into Two Arrays to Minimize Sum Difference","BIT MANIPULATION","HARD",284416,,"CLEAR",,false,2026-07-21T18:50:04.000Z,2026-07-21T18:50:04.000Z
"https://leetcode.com/problems/partition-array-into-two-equal-product-subsets/","Partition Array into Two Equal Product Subsets","BIT MANIPULATION","MEDIUM",104019,,"CLEAR",,false,2026-07-21T18:50:04.000Z,2026-07-21T18:50:04.000Z
"https://leetcode.com/problems/partition-array-to-minimize-xor/","Partition Array to Minimize XOR","BIT MANIPULATION","MEDIUM",36321,,"CLEAR",,false,2026-07-21T18:50:04.000Z,2026-07-21T18:50:04.000Z
"https://leetcode.com/problems/partition-to-k-equal-sum-subsets/","Partition to K Equal Sum Subsets","BIT MANIPULATION","MEDIUM",925815,,"CLEAR",,false,2026-07-21T18:50:04.000Z,2026-07-21T18:50:04.000Z
"https://leetcode.com/problems/path-existence-queries-in-a-graph-ii/","Path Existence Queries in a Graph II","BIT MANIPULATION","HARD",103743,,"CLEAR",,false,2026-07-21T18:50:04.000Z,2026-07-21T18:50:04.000Z
"https://leetcode.com/problems/power-of-four/","Power of Four","BIT MANIPULATION","EASY",2218319,,"CLEAR",,false,2026-07-21T18:50:04.000Z,2026-07-21T18:50:04.000Z
"https://leetcode.com/problems/power-of-two/","Power of Two","BIT MANIPULATION","EASY",4752366,,"CLEAR",,false,2026-07-21T18:50:04.000Z,2026-07-21T18:50:04.000Z
"https://leetcode.com/problems/prime-number-of-set-bits-in-binary-representation/","Prime Number of Set Bits in Binary Representation","BIT MANIPULATION","EASY",341906,,"CLEAR",,false,2026-07-21T18:50:04.000Z,2026-07-21T18:50:04.000Z
"https://leetcode.com/problems/prison-cells-after-n-days/","Prison Cells After N Days","BIT MANIPULATION","MEDIUM",456681,,"CLEAR",,false,2026-07-21T18:50:04.000Z,2026-07-21T18:50:04.000Z
"https://leetcode.com/problems/pseudo-palindromic-paths-in-a-binary-tree/","Pseudo-Palindromic Paths in a Binary Tree","BIT MANIPULATION","MEDIUM",351155,,"CLEAR",,false,2026-07-21T18:50:04.000Z,2026-07-21T18:50:04.000Z
"https://leetcode.com/problems/pyramid-transition-matrix/","Pyramid Transition Matrix","BIT MANIPULATION","MEDIUM",182692,,"CLEAR",,false,2026-07-21T18:50:04.000Z,2026-07-21T18:50:04.000Z
"https://leetcode.com/problems/range-product-queries-of-powers/","Range Product Queries of Powers","BIT MANIPULATION","MEDIUM",196475,,"CLEAR",,false,2026-07-21T18:50:04.000Z,2026-07-21T18:50:04.000Z
"https://leetcode.com/problems/remove-all-ones-with-row-and-column-flips/","Remove All Ones With Row and Column Flips","BIT MANIPULATION","MEDIUM",45848,,"LOCKED",,false,2026-07-21T18:50:04.000Z,2026-07-21T18:50:04.000Z
"https://leetcode.com/problems/remove-all-ones-with-row-and-column-flips-ii/","Remove All Ones With Row and Column Flips II","BIT MANIPULATION","MEDIUM",8677,,"LOCKED",,false,2026-07-21T18:50:04.000Z,2026-07-21T18:50:04.000Z
"https://leetcode.com/problems/repeated-dna-sequences/","Repeated DNA Sequences","BIT MANIPULATION","MEDIUM",1043207,,"CLEAR",,false,2026-07-21T18:50:04.000Z,2026-07-21T18:50:04.000Z
"https://leetcode.com/problems/reverse-bits/","Reverse Bits","BIT MANIPULATION","EASY",2063220,,"CLEAR",,false,2026-07-21T18:50:04.000Z,2026-07-21T18:50:04.000Z
"https://leetcode.com/problems/score-after-flipping-matrix/","Score After Flipping Matrix","BIT MANIPULATION","MEDIUM",214931,,"CLEAR",,false,2026-07-21T18:50:04.000Z,2026-07-21T18:50:04.000Z
"https://leetcode.com/problems/select-cells-in-grid-with-maximum-score/","Select Cells in Grid With Maximum Score","BIT MANIPULATION","HARD",81293,,"CLEAR",,false,2026-07-21T18:50:04.000Z,2026-07-21T18:50:04.000Z
"https://leetcode.com/problems/set-mismatch/","Set Mismatch","BIT MANIPULATION","EASY",1907944,,"CLEAR",,false,2026-07-21T18:50:04.000Z,2026-07-21T18:50:04.000Z
"https://leetcode.com/problems/shopping-offers/","Shopping Offers","BIT MANIPULATION","MEDIUM",166676,,"CLEAR",,false,2026-07-21T18:50:04.000Z,2026-07-21T18:50:04.000Z
"https://leetcode.com/problems/shortest-path-to-get-all-keys/","Shortest Path to Get All Keys","BIT MANIPULATION","HARD",185695,,"CLEAR",,false,2026-07-21T18:50:04.000Z,2026-07-21T18:50:04.000Z
"https://leetcode.com/problems/shortest-path-visiting-all-nodes/","Shortest Path Visiting All Nodes","BIT MANIPULATION","HARD",241578,,"CLEAR",,false,2026-07-21T18:50:04.000Z,2026-07-21T18:50:04.000Z
"https://leetcode.com/problems/shortest-subarray-with-or-at-least-k-i/","Shortest Subarray With OR at Least K I","BIT MANIPULATION","EASY",93245,,"CLEAR",,false,2026-07-21T18:50:04.000Z,2026-07-21T18:50:04.000Z
"https://leetcode.com/problems/shortest-subarray-with-or-at-least-k-ii/","Shortest Subarray With OR at Least K II","BIT MANIPULATION","MEDIUM",201434,,"CLEAR",,false,2026-07-21T18:50:04.000Z,2026-07-21T18:50:04.000Z
"https://leetcode.com/problems/single-number/","Single Number","BIT MANIPULATION","EASY",6272559,,"CLEAR",,false,2026-07-21T18:50:04.000Z,2026-07-21T18:50:04.000Z
"https://leetcode.com/problems/single-number-ii/","Single Number II","BIT MANIPULATION","MEDIUM",1411314,,"CLEAR",,false,2026-07-21T18:50:04.000Z,2026-07-21T18:50:04.000Z
"https://leetcode.com/problems/single-number-iii/","Single Number III","BIT MANIPULATION","MEDIUM",910888,,"CLEAR",,false,2026-07-21T18:50:04.000Z,2026-07-21T18:50:04.000Z
"https://leetcode.com/problems/smallest-number-with-all-set-bits/","Smallest Number With All Set Bits","BIT MANIPULATION","EASY",223385,,"CLEAR",,false,2026-07-21T18:50:04.000Z,2026-07-21T18:50:04.000Z
"https://leetcode.com/problems/smallest-subarrays-with-maximum-bitwise-or/","Smallest Subarrays With Maximum Bitwise OR","BIT MANIPULATION","MEDIUM",155744,,"CLEAR",,false,2026-07-21T18:50:04.000Z,2026-07-21T18:50:04.000Z
"https://leetcode.com/problems/smallest-sufficient-team/","Smallest Sufficient Team","BIT MANIPULATION","HARD",138881,,"CLEAR",,false,2026-07-21T18:50:04.000Z,2026-07-21T18:50:04.000Z
"https://leetcode.com/problems/sort-integers-by-the-number-of-1-bits/","Sort Integers by The Number of 1 Bits","BIT MANIPULATION","EASY",492925,,"CLEAR",,false,2026-07-21T18:50:04.000Z,2026-07-21T18:50:04.000Z
"https://leetcode.com/problems/special-permutations/","Special Permutations","BIT MANIPULATION","MEDIUM",62529,,"CLEAR",,false,2026-07-21T18:50:04.000Z,2026-07-21T18:50:04.000Z
"https://leetcode.com/problems/split-array-into-maximum-number-of-subarrays/","Split Array Into Maximum Number of Subarrays","BIT MANIPULATION","MEDIUM",48009,,"CLEAR",,false,2026-07-21T18:50:04.000Z,2026-07-21T18:50:04.000Z
"https://leetcode.com/problems/split-array-with-same-average/","Split Array With Same Average","BIT MANIPULATION","HARD",183861,,"CLEAR",,false,2026-07-21T18:50:04.000Z,2026-07-21T18:50:04.000Z
"https://leetcode.com/problems/stickers-to-spell-word/","Stickers to Spell Word","BIT MANIPULATION","HARD",194258,,"CLEAR",,false,2026-07-21T18:50:04.000Z,2026-07-21T18:50:04.000Z
"https://leetcode.com/problems/subarrays-with-xor-at-least-k/","Subarrays with XOR at Least K","BIT MANIPULATION","HARD",730,,"LOCKED",,false,2026-07-21T18:50:04.000Z,2026-07-21T18:50:04.000Z
"https://leetcode.com/problems/subsets/","Subsets","BIT MANIPULATION","MEDIUM",3924301,,"CLEAR",,false,2026-07-21T18:50:04.000Z,2026-07-21T18:50:04.000Z
"https://leetcode.com/problems/subsets-ii/","Subsets II","BIT MANIPULATION","MEDIUM",2616627,,"CLEAR",,false,2026-07-21T18:50:04.000Z,2026-07-21T18:50:04.000Z
"https://leetcode.com/problems/substring-xor-queries/","Substring XOR Queries","BIT MANIPULATION","MEDIUM",47110,,"CLEAR",,false,2026-07-21T18:50:04.000Z,2026-07-21T18:50:04.000Z
"https://leetcode.com/problems/sum-of-all-subset-xor-totals/","Sum of All Subset XOR Totals","BIT MANIPULATION","EASY",417789,,"CLEAR",,false,2026-07-21T18:50:04.000Z,2026-07-21T18:50:04.000Z
"https://leetcode.com/problems/sum-of-compatible-numbers-in-range-i/","Sum of Compatible Numbers in Range I","BIT MANIPULATION","EASY",85319,,"CLEAR",,false,2026-07-21T18:50:04.000Z,2026-07-21T18:50:04.000Z
"https://leetcode.com/problems/sum-of-two-integers/","Sum of Two Integers","BIT MANIPULATION","MEDIUM",1338136,,"CLEAR",,false,2026-07-21T18:50:04.000Z,2026-07-21T18:50:04.000Z
"https://leetcode.com/problems/sum-of-values-at-indices-with-k-set-bits/","Sum of Values at Indices With K Set Bits","BIT MANIPULATION","EASY",119516,,"CLEAR",,false,2026-07-21T18:50:04.000Z,2026-07-21T18:50:04.000Z
"https://leetcode.com/problems/the-number-of-good-subsets/","The Number of Good Subsets","BIT MANIPULATION","HARD",32275,,"CLEAR",,false,2026-07-21T18:50:04.000Z,2026-07-21T18:50:04.000Z
"https://leetcode.com/problems/total-hamming-distance/","Total Hamming Distance","BIT MANIPULATION","MEDIUM",258181,,"CLEAR",,false,2026-07-21T18:50:04.000Z,2026-07-21T18:50:04.000Z
"https://leetcode.com/problems/transform-to-chessboard/","Transform to Chessboard","BIT MANIPULATION","HARD",44439,,"CLEAR",,false,2026-07-21T18:50:04.000Z,2026-07-21T18:50:04.000Z
"https://leetcode.com/problems/triples-with-bitwise-and-equal-to-zero/","Triples with Bitwise AND Equal To Zero","BIT MANIPULATION","HARD",43433,,"CLEAR",,false,2026-07-21T18:50:04.000Z,2026-07-21T18:50:04.000Z
"https://leetcode.com/problems/two-out-of-three/","Two Out of Three","BIT MANIPULATION","EASY",140935,,"CLEAR",,false,2026-07-21T18:50:04.000Z,2026-07-21T18:50:04.000Z
"https://leetcode.com/problems/unique-length-3-palindromic-subsequences/","Unique Length-3 Palindromic Subsequences","BIT MANIPULATION","MEDIUM",503430,,"CLEAR",,false,2026-07-21T18:50:04.000Z,2026-07-21T18:50:04.000Z
"https://leetcode.com/problems/unique-paths-iii/","Unique Paths III","BIT MANIPULATION","HARD",326442,,"CLEAR",,false,2026-07-21T18:50:04.000Z,2026-07-21T18:50:04.000Z
"https://leetcode.com/problems/utf-8-validation/","UTF-8 Validation","BIT MANIPULATION","MEDIUM",310258,,"CLEAR",,false,2026-07-21T18:50:04.000Z,2026-07-21T18:50:04.000Z
"https://leetcode.com/problems/valid-binary-strings-with-cost-limit/","Valid Binary Strings With Cost Limit","BIT MANIPULATION","MEDIUM",47602,,"CLEAR",,false,2026-07-21T18:50:04.000Z,2026-07-21T18:50:04.000Z
"https://leetcode.com/problems/xor-operation-in-an-array/","XOR Operation in an Array","BIT MANIPULATION","EASY",330607,,"CLEAR",,false,2026-07-21T18:50:04.000Z,2026-07-21T18:50:04.000Z
"https://leetcode.com/problems/xor-queries-of-a-subarray/","XOR Queries of a Subarray","BIT MANIPULATION","MEDIUM",288193,,"CLEAR",,false,2026-07-21T18:50:04.000Z,2026-07-21T18:50:04.000Z
"https://leetcode.com/problems/building-h2o/","Building H2O","CONCURRENCY","MEDIUM",162459,,"CLEAR",,false,2026-07-21T18:50:04.000Z,2026-07-21T18:50:04.000Z
"https://leetcode.com/problems/design-bounded-blocking-queue/","Design Bounded Blocking Queue","CONCURRENCY","MEDIUM",98789,,"LOCKED",,false,2026-07-21T18:50:04.000Z,2026-07-21T18:50:04.000Z
"https://leetcode.com/problems/fizz-buzz-multithreaded/","Fizz Buzz Multithreaded","CONCURRENCY","MEDIUM",111843,,"CLEAR",,false,2026-07-21T18:50:04.000Z,2026-07-21T18:50:04.000Z
"https://leetcode.com/problems/print-foobar-alternately/","Print FooBar Alternately","CONCURRENCY","MEDIUM",207786,,"CLEAR",,false,2026-07-21T18:50:04.000Z,2026-07-21T18:50:04.000Z
"https://leetcode.com/problems/print-in-order/","Print in Order","CONCURRENCY","EASY",351009,,"CLEAR",,false,2026-07-21T18:50:04.000Z,2026-07-21T18:50:04.000Z
"https://leetcode.com/problems/print-zero-even-odd/","Print Zero Even Odd","CONCURRENCY","MEDIUM",141328,,"CLEAR",,false,2026-07-21T18:50:04.000Z,2026-07-21T18:50:04.000Z
"https://leetcode.com/problems/the-dining-philosophers/","The Dining Philosophers","CONCURRENCY","MEDIUM",114721,,"CLEAR",,false,2026-07-21T18:50:04.000Z,2026-07-21T18:50:04.000Z
"https://leetcode.com/problems/traffic-light-controlled-intersection/","Traffic Light Controlled Intersection","CONCURRENCY","EASY",30716,,"LOCKED",,false,2026-07-21T18:50:04.000Z,2026-07-21T18:50:04.000Z
"https://leetcode.com/problems/accepted-candidates-from-the-interviews/","Accepted Candidates From the Interviews","DATABASE","MEDIUM",21925,,"LOCKED",,false,2026-07-21T18:50:04.000Z,2026-07-21T18:50:04.000Z
"https://leetcode.com/problems/account-balance/","Account Balance","DATABASE","MEDIUM",16258,,"LOCKED",,false,2026-07-21T18:50:04.000Z,2026-07-21T18:50:04.000Z
"https://leetcode.com/problems/active-businesses/","Active Businesses","DATABASE","MEDIUM",81434,,"LOCKED",,false,2026-07-21T18:50:04.000Z,2026-07-21T18:50:04.000Z
"https://leetcode.com/problems/active-users/","Active Users","DATABASE","MEDIUM",132603,,"LOCKED",,false,2026-07-21T18:50:04.000Z,2026-07-21T18:50:04.000Z
"https://leetcode.com/problems/activity-participants/","Activity Participants","DATABASE","MEDIUM",50186,,"LOCKED",,false,2026-07-21T18:50:04.000Z,2026-07-21T18:50:04.000Z
"https://leetcode.com/problems/actors-and-directors-who-cooperated-at-least-three-times/","Actors and Directors Who Cooperated At Least Three Times","DATABASE","EASY",494259,,"CLEAR",,false,2026-07-21T18:50:04.000Z,2026-07-21T18:50:04.000Z
"https://leetcode.com/problems/ad-free-sessions/","Ad-Free Sessions","DATABASE","EASY",34033,,"LOCKED",,false,2026-07-21T18:50:04.000Z,2026-07-21T18:50:04.000Z
"https://leetcode.com/problems/ads-performance/","Ads Performance","DATABASE","EASY",92622,,"LOCKED",,false,2026-07-21T18:50:04.000Z,2026-07-21T18:50:04.000Z
"https://leetcode.com/problems/all-people-report-to-the-given-manager/","All People Report to the Given Manager","DATABASE","MEDIUM",81469,,"LOCKED",,false,2026-07-21T18:50:04.000Z,2026-07-21T18:50:04.000Z
"https://leetcode.com/problems/all-the-matches-of-the-league/","All the Matches of the League","DATABASE","EASY",13581,,"LOCKED",,false,2026-07-21T18:50:04.000Z,2026-07-21T18:50:04.000Z
"https://leetcode.com/problems/all-the-pairs-with-the-maximum-number-of-common-followers/","All the Pairs With the Maximum Number of Common Followers","DATABASE","MEDIUM",21065,,"LOCKED",,false,2026-07-21T18:50:04.000Z,2026-07-21T18:50:04.000Z
"https://leetcode.com/problems/all-valid-triplets-that-can-represent-a-country/","All Valid Triplets That Can Represent a Country","DATABASE","EASY",29372,,"LOCKED",,false,2026-07-21T18:50:04.000Z,2026-07-21T18:50:04.000Z
"https://leetcode.com/problems/analyze-organization-hierarchy/","Analyze Organization Hierarchy","DATABASE","HARD",19749,,"CLEAR",,false,2026-07-21T18:50:04.000Z,2026-07-21T18:50:04.000Z
"https://leetcode.com/problems/analyze-subscription-conversion/","Analyze Subscription Conversion ","DATABASE","MEDIUM",41195,,"CLEAR",,false,2026-07-21T18:50:04.000Z,2026-07-21T18:50:04.000Z
"https://leetcode.com/problems/apples-oranges/","Apples & Oranges","DATABASE","MEDIUM",78164,,"LOCKED",,false,2026-07-21T18:50:04.000Z,2026-07-21T18:50:04.000Z
"https://leetcode.com/problems/arrange-table-by-gender/","Arrange Table by Gender","DATABASE","MEDIUM",12579,,"LOCKED",,false,2026-07-21T18:50:04.000Z,2026-07-21T18:50:04.000Z
"https://leetcode.com/problems/article-views-i/","Article Views I","DATABASE","EASY",2337736,,"CLEAR",,false,2026-07-21T18:50:04.000Z,2026-07-21T18:50:04.000Z
"https://leetcode.com/problems/article-views-ii/","Article Views II","DATABASE","MEDIUM",96089,,"LOCKED",,false,2026-07-21T18:50:04.000Z,2026-07-21T18:50:04.000Z
"https://leetcode.com/problems/average-salary-departments-vs-company/","Average Salary: Departments VS Company","DATABASE","HARD",78957,,"LOCKED",,false,2026-07-21T18:50:04.000Z,2026-07-21T18:50:04.000Z
"https://leetcode.com/problems/average-selling-price/","Average Selling Price","DATABASE","EASY",1916695,,"CLEAR",,false,2026-07-21T18:50:04.000Z,2026-07-21T18:50:04.000Z
"https://leetcode.com/problems/average-time-of-process-per-machine/","Average Time of Process per Machine","DATABASE","EASY",1305863,,"CLEAR",,false,2026-07-21T18:50:04.000Z,2026-07-21T18:50:04.000Z
"https://leetcode.com/problems/bank-account-summary/","Bank Account Summary","DATABASE","MEDIUM",44618,,"LOCKED",,false,2026-07-21T18:50:04.000Z,2026-07-21T18:50:04.000Z
"https://leetcode.com/problems/bank-account-summary-ii/","Bank Account Summary II","DATABASE","EASY",224650,,"CLEAR",,false,2026-07-21T18:50:04.000Z,2026-07-21T18:50:04.000Z
"https://leetcode.com/problems/big-countries/","Big Countries","DATABASE","EASY",3684094,,"CLEAR",,false,2026-07-21T18:50:04.000Z,2026-07-21T18:50:04.000Z
"https://leetcode.com/problems/biggest-single-number/","Biggest Single Number","DATABASE","EASY",876932,,"CLEAR",,false,2026-07-21T18:50:04.000Z,2026-07-21T18:50:04.000Z
"https://leetcode.com/problems/biggest-window-between-visits/","Biggest Window Between Visits","DATABASE","MEDIUM",48952,,"LOCKED",,false,2026-07-21T18:50:04.000Z,2026-07-21T18:50:04.000Z
"https://leetcode.com/problems/bikes-last-time-used/","Bikes Last Time Used ","DATABASE","EASY",8538,,"LOCKED",,false,2026-07-21T18:50:04.000Z,2026-07-21T18:50:04.000Z
"https://leetcode.com/problems/binary-tree-nodes/","Binary Tree Nodes","DATABASE","MEDIUM",5368,,"LOCKED",,false,2026-07-21T18:50:04.000Z,2026-07-21T18:50:04.000Z
"https://leetcode.com/problems/bitwise-user-permissions-analysis/","Bitwise User Permissions Analysis","DATABASE","MEDIUM",2571,,"LOCKED",,false,2026-07-21T18:50:04.000Z,2026-07-21T18:50:04.000Z
"https://leetcode.com/problems/books-with-null-ratings/","Books with NULL Ratings","DATABASE","EASY",4937,,"LOCKED",,false,2026-07-21T18:50:04.000Z,2026-07-21T18:50:04.000Z
"https://leetcode.com/problems/build-the-equation/","Build the Equation","DATABASE","HARD",6909,,"LOCKED",,false,2026-07-21T18:50:04.000Z,2026-07-21T18:50:04.000Z
"https://leetcode.com/problems/calculate-compressed-mean/","Calculate Compressed Mean","DATABASE","EASY",7154,,"LOCKED",,false,2026-07-21T18:50:04.000Z,2026-07-21T18:50:04.000Z
"https://leetcode.com/problems/calculate-orders-within-each-interval/","Calculate Orders Within Each Interval","DATABASE","MEDIUM",6763,,"LOCKED",,false,2026-07-21T18:50:04.000Z,2026-07-21T18:50:04.000Z
"https://leetcode.com/problems/calculate-parking-fees-and-duration/","Calculate Parking Fees and Duration","DATABASE","MEDIUM",5522,,"LOCKED",,false,2026-07-21T18:50:04.000Z,2026-07-21T18:50:04.000Z
"https://leetcode.com/problems/calculate-product-final-price/","Calculate Product Final Price","DATABASE","MEDIUM",4007,,"LOCKED",,false,2026-07-21T18:50:04.000Z,2026-07-21T18:50:04.000Z
"https://leetcode.com/problems/calculate-salaries/","Calculate Salaries","DATABASE","MEDIUM",38440,,"LOCKED",,false,2026-07-21T18:50:04.000Z,2026-07-21T18:50:04.000Z
"https://leetcode.com/problems/calculate-special-bonus/","Calculate Special Bonus","DATABASE","EASY",643605,,"CLEAR",,false,2026-07-21T18:50:04.000Z,2026-07-21T18:50:04.000Z
"https://leetcode.com/problems/calculate-the-influence-of-each-salesperson/","Calculate the Influence of Each Salesperson","DATABASE","MEDIUM",10008,,"LOCKED",,false,2026-07-21T18:50:04.000Z,2026-07-21T18:50:04.000Z
"https://leetcode.com/problems/calculate-trapping-rain-water/","Calculate Trapping Rain Water","DATABASE","HARD",2264,,"LOCKED",,false,2026-07-21T18:50:04.000Z,2026-07-21T18:50:04.000Z
"https://leetcode.com/problems/capital-gainloss/","Capital Gain/Loss","DATABASE","MEDIUM",216356,,"CLEAR",,false,2026-07-21T18:50:04.000Z,2026-07-21T18:50:04.000Z
"https://leetcode.com/problems/ceo-subordinate-hierarchy/","CEO Subordinate Hierarchy","DATABASE","HARD",2452,,"LOCKED",,false,2026-07-21T18:50:04.000Z,2026-07-21T18:50:04.000Z
"https://leetcode.com/problems/change-null-values-in-a-table-to-the-previous-value/","Change Null Values in a Table to the Previous Value","DATABASE","MEDIUM",13845,,"LOCKED",,false,2026-07-21T18:50:04.000Z,2026-07-21T18:50:04.000Z
"https://leetcode.com/problems/class-performance/","Class Performance","DATABASE","MEDIUM",7185,,"LOCKED",,false,2026-07-21T18:50:04.000Z,2026-07-21T18:50:04.000Z
"https://leetcode.com/problems/classes-with-at-least-5-students/","Classes With at Least 5 Students","DATABASE","EASY",1511853,,"CLEAR",,false,2026-07-21T18:50:04.000Z,2026-07-21T18:50:04.000Z
"https://leetcode.com/problems/classifying-triangles-by-lengths/","Classifying Triangles by Lengths","DATABASE","EASY",8277,,"LOCKED",,false,2026-07-21T18:50:04.000Z,2026-07-21T18:50:04.000Z
"https://leetcode.com/problems/combine-two-tables/","Combine Two Tables","DATABASE","EASY",2537887,,"CLEAR",,false,2026-07-21T18:50:04.000Z,2026-07-21T18:50:04.000Z
"https://leetcode.com/problems/compute-the-rank-as-a-percentage/","Compute the Rank as a Percentage","DATABASE","MEDIUM",22893,,"LOCKED",,false,2026-07-21T18:50:04.000Z,2026-07-21T18:50:04.000Z
"https://leetcode.com/problems/concatenate-the-name-and-the-profession/","Concatenate the Name and the Profession","DATABASE","EASY",9296,,"LOCKED",,false,2026-07-21T18:50:04.000Z,2026-07-21T18:50:04.000Z
"https://leetcode.com/problems/confirmation-rate/","Confirmation Rate","DATABASE","MEDIUM",1079648,,"CLEAR",,false,2026-07-21T18:50:04.000Z,2026-07-21T18:50:04.000Z
"https://leetcode.com/problems/consecutive-available-seats/","Consecutive Available Seats","DATABASE","EASY",161365,,"LOCKED",,false,2026-07-21T18:50:04.000Z,2026-07-21T18:50:04.000Z
"https://leetcode.com/problems/consecutive-available-seats-ii/","Consecutive Available Seats II","DATABASE","MEDIUM",5648,,"LOCKED",,false,2026-07-21T18:50:04.000Z,2026-07-21T18:50:04.000Z
"https://leetcode.com/problems/consecutive-numbers/","Consecutive Numbers","DATABASE","MEDIUM",1750622,,"CLEAR",,false,2026-07-21T18:50:04.000Z,2026-07-21T18:50:04.000Z
"https://leetcode.com/problems/consecutive-transactions-with-increasing-amounts/","Consecutive Transactions with Increasing Amounts","DATABASE","HARD",16901,,"LOCKED",,false,2026-07-21T18:50:04.000Z,2026-07-21T18:50:04.000Z
"https://leetcode.com/problems/convert-date-format/","Convert Date Format","DATABASE","EASY",19395,,"LOCKED",,false,2026-07-21T18:50:04.000Z,2026-07-21T18:50:04.000Z
"https://leetcode.com/problems/count-apples-and-oranges/","Count Apples and Oranges","DATABASE","MEDIUM",26000,,"LOCKED",,false,2026-07-21T18:50:04.000Z,2026-07-21T18:50:04.000Z
"https://leetcode.com/problems/count-artist-occurrences-on-spotify-ranking-list/","Count Artist Occurrences On Spotify Ranking List","DATABASE","EASY",8674,,"LOCKED",,false,2026-07-21T18:50:04.000Z,2026-07-21T18:50:04.000Z
"https://leetcode.com/problems/count-occurrences-in-text/","Count Occurrences in Text","DATABASE","MEDIUM",23444,,"LOCKED",,false,2026-07-21T18:50:04.000Z,2026-07-21T18:50:04.000Z
"https://leetcode.com/problems/count-salary-categories/","Count Salary Categories","DATABASE","MEDIUM",525960,,"CLEAR",,false,2026-07-21T18:50:04.000Z,2026-07-21T18:50:04.000Z
"https://leetcode.com/problems/count-student-number-in-departments/","Count Student Number in Departments","DATABASE","MEDIUM",133344,,"LOCKED",,false,2026-07-21T18:50:04.000Z,2026-07-21T18:50:04.000Z
"https://leetcode.com/problems/count-the-number-of-experiments/","Count the Number of Experiments","DATABASE","MEDIUM",20907,,"LOCKED",,false,2026-07-21T18:50:04.000Z,2026-07-21T18:50:04.000Z
"https://leetcode.com/problems/countries-you-can-safely-invest-in/","Countries You Can Safely Invest In","DATABASE","MEDIUM",99651,,"LOCKED",,false,2026-07-21T18:50:04.000Z,2026-07-21T18:50:04.000Z
"https://leetcode.com/problems/create-a-session-bar-chart/","Create a Session Bar Chart","DATABASE","EASY",37472,,"LOCKED",,false,2026-07-21T18:50:04.000Z,2026-07-21T18:50:04.000Z
"https://leetcode.com/problems/customer-order-frequency/","Customer Order Frequency","DATABASE","EASY",81516,,"LOCKED",,false,2026-07-21T18:50:04.000Z,2026-07-21T18:50:04.000Z
"https://leetcode.com/problems/customer-placing-the-largest-number-of-orders/","Customer Placing the Largest Number of Orders","DATABASE","EASY",897872,,"CLEAR",,false,2026-07-21T18:50:04.000Z,2026-07-21T18:50:04.000Z
"https://leetcode.com/problems/customer-purchasing-behavior-analysis/","Customer Purchasing Behavior Analysis","DATABASE","MEDIUM",8962,,"LOCKED",,false,2026-07-21T18:50:04.000Z,2026-07-21T18:50:04.000Z
"https://leetcode.com/problems/customer-who-visited-but-did-not-make-any-transactions/","Customer Who Visited but Did Not Make Any Transactions","DATABASE","EASY",1865855,,"CLEAR",,false,2026-07-21T18:50:04.000Z,2026-07-21T18:50:04.000Z
"https://leetcode.com/problems/customers-who-bought-all-products/","Customers Who Bought All Products","DATABASE","MEDIUM",853645,,"CLEAR",,false,2026-07-21T18:50:04.000Z,2026-07-21T18:50:04.000Z
"https://leetcode.com/problems/customers-who-bought-products-a-and-b-but-not-c/","Customers Who Bought Products A and B but Not C","DATABASE","MEDIUM",98600,,"LOCKED",,false,2026-07-21T18:50:04.000Z,2026-07-21T18:50:04.000Z
"https://leetcode.com/problems/customers-who-never-order/","Customers Who Never Order","DATABASE","EASY",1984722,,"CLEAR",,false,2026-07-21T18:50:04.000Z,2026-07-21T18:50:04.000Z
"https://leetcode.com/problems/customers-with-maximum-number-of-transactions-on-consecutive-days/","Customers with Maximum Number of Transactions on Consecutive Days","DATABASE","HARD",8065,,"LOCKED",,false,2026-07-21T18:50:04.000Z,2026-07-21T18:50:04.000Z
"https://leetcode.com/problems/customers-with-strictly-increasing-purchases/","Customers With Strictly Increasing Purchases","DATABASE","HARD",12646,,"LOCKED",,false,2026-07-21T18:50:04.000Z,2026-07-21T18:50:04.000Z
"https://leetcode.com/problems/daily-leads-and-partners/","Daily Leads and Partners","DATABASE","EASY",266167,,"CLEAR",,false,2026-07-21T18:50:04.000Z,2026-07-21T18:50:04.000Z
"https://leetcode.com/problems/delete-duplicate-emails/","Delete Duplicate Emails","DATABASE","EASY",1607711,,"CLEAR",,false,2026-07-21T18:50:04.000Z,2026-07-21T18:50:04.000Z
"https://leetcode.com/problems/department-highest-salary/","Department Highest Salary","DATABASE","MEDIUM",1266337,,"CLEAR",,false,2026-07-21T18:50:04.000Z,2026-07-21T18:50:04.000Z
"https://leetcode.com/problems/department-top-three-salaries/","Department Top Three Salaries","DATABASE","HARD",1190017,,"CLEAR",,false,2026-07-21T18:50:04.000Z,2026-07-21T18:50:04.000Z
"https://leetcode.com/problems/dna-pattern-recognition/","DNA Pattern Recognition ","DATABASE","MEDIUM",36644,,"CLEAR",,false,2026-07-21T18:50:04.000Z,2026-07-21T18:50:04.000Z
"https://leetcode.com/problems/drop-type-1-orders-for-customers-with-type-0-orders/","Drop Type 1 Orders for Customers With Type 0 Orders","DATABASE","MEDIUM",17394,,"LOCKED",,false,2026-07-21T18:50:04.000Z,2026-07-21T18:50:04.000Z
"https://leetcode.com/problems/duplicate-emails/","Duplicate Emails","DATABASE","EASY",1732149,,"CLEAR",,false,2026-07-21T18:50:04.000Z,2026-07-21T18:50:04.000Z
"https://leetcode.com/problems/dynamic-pivoting-of-a-table/","Dynamic Pivoting of a Table","DATABASE","HARD",4041,,"LOCKED",,false,2026-07-21T18:50:04.000Z,2026-07-21T18:50:04.000Z
"https://leetcode.com/problems/dynamic-unpivoting-of-a-table/","Dynamic Unpivoting of a Table","DATABASE","HARD",2288,,"LOCKED",,false,2026-07-21T18:50:04.000Z,2026-07-21T18:50:04.000Z
"https://leetcode.com/problems/employee-bonus/","Employee Bonus","DATABASE","EASY",1555850,,"CLEAR",,false,2026-07-21T18:50:04.000Z,2026-07-21T18:50:04.000Z
"https://leetcode.com/problems/employee-task-duration-and-concurrent-tasks/","Employee Task Duration and Concurrent Tasks","DATABASE","HARD",4586,,"LOCKED",,false,2026-07-21T18:50:04.000Z,2026-07-21T18:50:04.000Z
"https://leetcode.com/problems/employees-earning-more-than-their-managers/","Employees Earning More Than Their Managers","DATABASE","EASY",1771455,,"CLEAR",,false,2026-07-21T18:50:04.000Z,2026-07-21T18:50:04.000Z
"https://leetcode.com/problems/employees-project-allocation/","Employees Project Allocation","DATABASE","HARD",3950,,"LOCKED",,false,2026-07-21T18:50:04.000Z,2026-07-21T18:50:04.000Z
"https://leetcode.com/problems/employees-whose-manager-left-the-company/","Employees Whose Manager Left the Company","DATABASE","EASY",840309,,"CLEAR",,false,2026-07-21T18:50:04.000Z,2026-07-21T18:50:04.000Z
"https://leetcode.com/problems/employees-with-deductions/","Employees With Deductions","DATABASE","MEDIUM",18076,,"LOCKED",,false,2026-07-21T18:50:04.000Z,2026-07-21T18:50:04.000Z
"https://leetcode.com/problems/employees-with-missing-information/","Employees With Missing Information","DATABASE","EASY",264004,,"CLEAR",,false,2026-07-21T18:50:04.000Z,2026-07-21T18:50:04.000Z
"https://leetcode.com/problems/evaluate-boolean-expression/","Evaluate Boolean Expression","DATABASE","MEDIUM",55437,,"LOCKED",,false,2026-07-21T18:50:04.000Z,2026-07-21T18:50:04.000Z
"https://leetcode.com/problems/exchange-seats/","Exchange Seats","DATABASE","MEDIUM",671335,,"CLEAR",,false,2026-07-21T18:50:04.000Z,2026-07-21T18:50:04.000Z
"https://leetcode.com/problems/find-active-users/","Find Active Users","DATABASE","MEDIUM",14188,,"LOCKED",,false,2026-07-21T18:50:04.000Z,2026-07-21T18:50:04.000Z
"https://leetcode.com/problems/find-all-unique-email-domains/","Find All Unique Email Domains","DATABASE","EASY",6479,,"LOCKED",,false,2026-07-21T18:50:04.000Z,2026-07-21T18:50:04.000Z
"https://leetcode.com/problems/find-books-with-no-available-copies/","Find Books with No Available Copies","DATABASE","EASY",54003,,"CLEAR",,false,2026-07-21T18:50:04.000Z,2026-07-21T18:50:04.000Z
"https://leetcode.com/problems/find-bursty-behavior/","Find Bursty Behavior","DATABASE","MEDIUM",7021,,"LOCKED",,false,2026-07-21T18:50:04.000Z,2026-07-21T18:50:04.000Z
"https://leetcode.com/problems/find-candidates-for-data-scientist-position/","Find Candidates for Data Scientist Position","DATABASE","EASY",7866,,"LOCKED",,false,2026-07-21T18:50:04.000Z,2026-07-21T18:50:04.000Z
"https://leetcode.com/problems/find-candidates-for-data-scientist-position-ii/","Find Candidates for Data Scientist Position II","DATABASE","MEDIUM",5583,,"LOCKED",,false,2026-07-21T18:50:04.000Z,2026-07-21T18:50:04.000Z
"https://leetcode.com/problems/find-category-recommendation-pairs/","Find Category Recommendation Pairs","DATABASE","HARD",21206,,"CLEAR",,false,2026-07-21T18:50:04.000Z,2026-07-21T18:50:04.000Z
"https://leetcode.com/problems/find-circular-gift-exchange-chains/","Find Circular Gift Exchange Chains","DATABASE","HARD",1957,,"LOCKED",,false,2026-07-21T18:50:04.000Z,2026-07-21T18:50:04.000Z
"https://leetcode.com/problems/find-cities-in-each-state/","Find Cities in Each State","DATABASE","EASY",5266,,"LOCKED",,false,2026-07-21T18:50:04.000Z,2026-07-21T18:50:04.000Z
"https://leetcode.com/problems/find-cities-in-each-state-ii/","Find Cities in Each State II","DATABASE","MEDIUM",3571,,"LOCKED",,false,2026-07-21T18:50:04.000Z,2026-07-21T18:50:04.000Z
"https://leetcode.com/problems/find-consistently-improving-employees/","Find Consistently Improving Employees","DATABASE","MEDIUM",29787,,"CLEAR",,false,2026-07-21T18:50:04.000Z,2026-07-21T18:50:04.000Z
"https://leetcode.com/problems/find-covid-recovery-patients/","Find COVID Recovery Patients","DATABASE","MEDIUM",40147,,"CLEAR",,false,2026-07-21T18:50:04.000Z,2026-07-21T18:50:04.000Z
"https://leetcode.com/problems/find-cumulative-salary-of-an-employee/","Find Cumulative Salary of an Employee","DATABASE","HARD",91716,,"LOCKED",,false,2026-07-21T18:50:04.000Z,2026-07-21T18:50:04.000Z
"https://leetcode.com/problems/find-customer-referee/","Find Customer Referee","DATABASE","EASY",3172758,,"CLEAR",,false,2026-07-21T18:50:04.000Z,2026-07-21T18:50:04.000Z
"https://leetcode.com/problems/find-customers-with-positive-revenue-this-year/","Find Customers With Positive Revenue this Year","DATABASE","EASY",43924,,"LOCKED",,false,2026-07-21T18:50:04.000Z,2026-07-21T18:50:04.000Z
"https://leetcode.com/problems/find-cutoff-score-for-each-school/","Find Cutoff Score for Each School","DATABASE","MEDIUM",21492,,"LOCKED",,false,2026-07-21T18:50:04.000Z,2026-07-21T18:50:04.000Z
"https://leetcode.com/problems/find-drivers-with-improved-fuel-efficiency/","Find Drivers with Improved Fuel Efficiency","DATABASE","MEDIUM",30267,,"CLEAR",,false,2026-07-21T18:50:04.000Z,2026-07-21T18:50:04.000Z
"https://leetcode.com/problems/find-expensive-cities/","Find Expensive Cities","DATABASE","EASY",8153,,"LOCKED",,false,2026-07-21T18:50:04.000Z,2026-07-21T18:50:04.000Z
"https://leetcode.com/problems/find-followers-count/","Find Followers Count","DATABASE","EASY",760152,,"CLEAR",,false,2026-07-21T18:50:04.000Z,2026-07-21T18:50:04.000Z
"https://leetcode.com/problems/find-interview-candidates/","Find Interview Candidates","DATABASE","MEDIUM",33004,,"LOCKED",,false,2026-07-21T18:50:04.000Z,2026-07-21T18:50:04.000Z
"https://leetcode.com/problems/find-invalid-ip-addresses/","Find Invalid IP Addresses","DATABASE","HARD",31409,,"CLEAR",,false,2026-07-21T18:50:04.000Z,2026-07-21T18:50:04.000Z
"https://leetcode.com/problems/find-latest-salaries/","Find Latest Salaries","DATABASE","EASY",9585,,"LOCKED",,false,2026-07-21T18:50:04.000Z,2026-07-21T18:50:04.000Z
"https://leetcode.com/problems/find-longest-calls/","Find Longest Calls","DATABASE","MEDIUM",5264,,"LOCKED",,false,2026-07-21T18:50:04.000Z,2026-07-21T18:50:04.000Z
"https://leetcode.com/problems/find-median-given-frequency-of-numbers/","Find Median Given Frequency of Numbers","DATABASE","HARD",87668,,"LOCKED",,false,2026-07-21T18:50:04.000Z,2026-07-21T18:50:04.000Z
"https://leetcode.com/problems/find-overbooked-employees/","Find Overbooked Employees","DATABASE","MEDIUM",33083,,"CLEAR",,false,2026-07-21T18:50:04.000Z,2026-07-21T18:50:04.000Z
"https://leetcode.com/problems/find-overlapping-shifts/","Find Overlapping Shifts","DATABASE","MEDIUM",4746,,"LOCKED",,false,2026-07-21T18:50:04.000Z,2026-07-21T18:50:04.000Z
"https://leetcode.com/problems/find-overlapping-shifts-ii/","Find Overlapping Shifts II","DATABASE","HARD",2537,,"LOCKED",,false,2026-07-21T18:50:04.000Z,2026-07-21T18:50:04.000Z
"https://leetcode.com/problems/find-peak-calling-hours-for-each-city/","Find Peak Calling Hours for Each City","DATABASE","MEDIUM",7003,,"LOCKED",,false,2026-07-21T18:50:04.000Z,2026-07-21T18:50:04.000Z
"https://leetcode.com/problems/find-product-recommendation-pairs/","Find Product Recommendation Pairs","DATABASE","MEDIUM",33123,,"CLEAR",,false,2026-07-21T18:50:04.000Z,2026-07-21T18:50:04.000Z
"https://leetcode.com/problems/find-products-with-three-consecutive-digits/","Find Products with Three Consecutive Digits ","DATABASE","EASY",2984,,"LOCKED",,false,2026-07-21T18:50:04.000Z,2026-07-21T18:50:04.000Z
"https://leetcode.com/problems/find-products-with-valid-serial-numbers/","Find Products with Valid Serial Numbers","DATABASE","EASY",92304,,"CLEAR",,false,2026-07-21T18:50:04.000Z,2026-07-21T18:50:04.000Z
"https://leetcode.com/problems/find-students-who-improved/","Find Students Who Improved","DATABASE","MEDIUM",70078,,"CLEAR",,false,2026-07-21T18:50:04.000Z,2026-07-21T18:50:04.000Z
"https://leetcode.com/problems/find-the-missing-ids/","Find the Missing IDs","DATABASE","MEDIUM",32692,,"LOCKED",,false,2026-07-21T18:50:04.000Z,2026-07-21T18:50:04.000Z
"https://leetcode.com/problems/find-the-quiet-students-in-all-exams/","Find the Quiet Students in All Exams","DATABASE","HARD",62588,,"LOCKED",,false,2026-07-21T18:50:04.000Z,2026-07-21T18:50:04.000Z
"https://leetcode.com/problems/find-the-start-and-end-number-of-continuous-ranges/","Find the Start and End Number of Continuous Ranges","DATABASE","MEDIUM",62422,,"LOCKED",,false,2026-07-21T18:50:04.000Z,2026-07-21T18:50:04.000Z
"https://leetcode.com/problems/find-the-subtasks-that-did-not-execute/","Find the Subtasks That Did Not Execute","DATABASE","HARD",26003,,"LOCKED",,false,2026-07-21T18:50:04.000Z,2026-07-21T18:50:04.000Z
"https://leetcode.com/problems/find-the-team-size/","Find the Team Size","DATABASE","EASY",92551,,"LOCKED",,false,2026-07-21T18:50:04.000Z,2026-07-21T18:50:04.000Z
"https://leetcode.com/problems/find-third-transaction/","Find Third Transaction","DATABASE","MEDIUM",8738,,"LOCKED",,false,2026-07-21T18:50:04.000Z,2026-07-21T18:50:04.000Z
"https://leetcode.com/problems/find-top-performing-driver/","Find Top Performing Driver","DATABASE","MEDIUM",5776,,"LOCKED",,false,2026-07-21T18:50:04.000Z,2026-07-21T18:50:04.000Z
"https://leetcode.com/problems/find-top-scoring-students/","Find Top Scoring Students","DATABASE","MEDIUM",6540,,"LOCKED",,false,2026-07-21T18:50:04.000Z,2026-07-21T18:50:04.000Z
"https://leetcode.com/problems/find-top-scoring-students-ii/","Find Top Scoring Students II","DATABASE","HARD",6390,,"LOCKED",,false,2026-07-21T18:50:04.000Z,2026-07-21T18:50:04.000Z
"https://leetcode.com/problems/find-total-time-spent-by-each-employee/","Find Total Time Spent by Each Employee","DATABASE","EASY",282505,,"CLEAR",,false,2026-07-21T18:50:04.000Z,2026-07-21T18:50:04.000Z
"https://leetcode.com/problems/find-trending-hashtags/","Find Trending Hashtags","DATABASE","MEDIUM",4888,,"LOCKED",,false,2026-07-21T18:50:04.000Z,2026-07-21T18:50:04.000Z
"https://leetcode.com/problems/find-trending-hashtags-ii/","Find Trending Hashtags II ","DATABASE","HARD",2651,,"LOCKED",,false,2026-07-21T18:50:04.000Z,2026-07-21T18:50:04.000Z
"https://leetcode.com/problems/find-users-with-valid-e-mails/","Find Users With Valid E-Mails","DATABASE","EASY",920064,,"CLEAR",,false,2026-07-21T18:50:04.000Z,2026-07-21T18:50:04.000Z
"https://leetcode.com/problems/find-valid-emails/","Find Valid Emails","DATABASE","EASY",87934,,"CLEAR",,false,2026-07-21T18:50:04.000Z,2026-07-21T18:50:04.000Z
"https://leetcode.com/problems/finding-the-topic-of-each-post/","Finding the Topic of Each Post","DATABASE","HARD",11211,,"LOCKED",,false,2026-07-21T18:50:04.000Z,2026-07-21T18:50:04.000Z
"https://leetcode.com/problems/first-and-last-call-on-the-same-day/","First and Last Call On the Same Day","DATABASE","HARD",25129,,"LOCKED",,false,2026-07-21T18:50:04.000Z,2026-07-21T18:50:04.000Z
"https://leetcode.com/problems/first-letter-capitalization/","First Letter Capitalization","DATABASE","HARD",1710,,"LOCKED",,false,2026-07-21T18:50:04.000Z,2026-07-21T18:50:04.000Z
"https://leetcode.com/problems/first-letter-capitalization-ii/","First Letter Capitalization II","DATABASE","HARD",28672,,"CLEAR",,false,2026-07-21T18:50:04.000Z,2026-07-21T18:50:04.000Z
"https://leetcode.com/problems/fix-names-in-a-table/","Fix Names in a Table","DATABASE","EASY",827389,,"CLEAR",,false,2026-07-21T18:50:04.000Z,2026-07-21T18:50:04.000Z
"https://leetcode.com/problems/fix-product-name-format/","Fix Product Name Format","DATABASE","EASY",41451,,"LOCKED",,false,2026-07-21T18:50:04.000Z,2026-07-21T18:50:04.000Z
"https://leetcode.com/problems/flight-occupancy-and-waitlist-analysis/","Flight Occupancy and Waitlist Analysis","DATABASE","MEDIUM",13551,,"LOCKED",,false,2026-07-21T18:50:04.000Z,2026-07-21T18:50:04.000Z
"https://leetcode.com/problems/form-a-chemical-bond/","Form a Chemical Bond","DATABASE","EASY",9642,,"LOCKED",,false,2026-07-21T18:50:04.000Z,2026-07-21T18:50:04.000Z
"https://leetcode.com/problems/friday-purchase-iii/","Friday Purchase III ","DATABASE","MEDIUM",4702,,"LOCKED",,false,2026-07-21T18:50:04.000Z,2026-07-21T18:50:04.000Z
"https://leetcode.com/problems/friday-purchases-i/","Friday Purchases I","DATABASE","MEDIUM",5703,,"LOCKED",,false,2026-07-21T18:50:04.000Z,2026-07-21T18:50:04.000Z
"https://leetcode.com/problems/friday-purchases-ii/","Friday Purchases II ","DATABASE","HARD",3853,,"LOCKED",,false,2026-07-21T18:50:04.000Z,2026-07-21T18:50:04.000Z
"https://leetcode.com/problems/friend-requests-i-overall-acceptance-rate/","Friend Requests I: Overall Acceptance Rate","DATABASE","EASY",214393,,"LOCKED",,false,2026-07-21T18:50:04.000Z,2026-07-21T18:50:04.000Z
"https://leetcode.com/problems/friend-requests-ii-who-has-the-most-friends/","Friend Requests II: Who Has the Most Friends","DATABASE","MEDIUM",605057,,"CLEAR",,false,2026-07-21T18:50:04.000Z,2026-07-21T18:50:04.000Z
"https://leetcode.com/problems/friendly-movies-streamed-last-month/","Friendly Movies Streamed Last Month","DATABASE","EASY",84650,,"LOCKED",,false,2026-07-21T18:50:04.000Z,2026-07-21T18:50:04.000Z
"https://leetcode.com/problems/friends-with-no-mutual-friends/","Friends With No Mutual Friends","DATABASE","MEDIUM",6797,,"LOCKED",,false,2026-07-21T18:50:04.000Z,2026-07-21T18:50:04.000Z
"https://leetcode.com/problems/game-play-analysis-i/","Game Play Analysis I","DATABASE","EASY",784169,,"CLEAR",,false,2026-07-21T18:50:04.000Z,2026-07-21T18:50:04.000Z
"https://leetcode.com/problems/game-play-analysis-ii/","Game Play Analysis II","DATABASE","EASY",200516,,"LOCKED",,false,2026-07-21T18:50:04.000Z,2026-07-21T18:50:04.000Z
"https://leetcode.com/problems/game-play-analysis-iii/","Game Play Analysis III","DATABASE","MEDIUM",121354,,"LOCKED",,false,2026-07-21T18:50:04.000Z,2026-07-21T18:50:04.000Z
"https://leetcode.com/problems/game-play-analysis-iv/","Game Play Analysis IV","DATABASE","MEDIUM",1228933,,"CLEAR",,false,2026-07-21T18:50:04.000Z,2026-07-21T18:50:04.000Z
"https://leetcode.com/problems/game-play-analysis-v/","Game Play Analysis V","DATABASE","HARD",59445,,"LOCKED",,false,2026-07-21T18:50:04.000Z,2026-07-21T18:50:04.000Z
"https://leetcode.com/problems/generate-the-invoice/","Generate the Invoice","DATABASE","HARD",7653,,"LOCKED",,false,2026-07-21T18:50:04.000Z,2026-07-21T18:50:04.000Z
"https://leetcode.com/problems/get-highest-answer-rate-question/","Get Highest Answer Rate Question","DATABASE","MEDIUM",176703,,"LOCKED",,false,2026-07-21T18:50:04.000Z,2026-07-21T18:50:04.000Z
"https://leetcode.com/problems/get-the-second-most-recent-activity/","Get the Second Most Recent Activity","DATABASE","HARD",40118,,"LOCKED",,false,2026-07-21T18:50:04.000Z,2026-07-21T18:50:04.000Z
"https://leetcode.com/problems/grand-slam-titles/","Grand Slam Titles","DATABASE","MEDIUM",42595,,"LOCKED",,false,2026-07-21T18:50:04.000Z,2026-07-21T18:50:04.000Z
"https://leetcode.com/problems/group-employees-of-the-same-salary/","Group Employees of the Same Salary","DATABASE","MEDIUM",24238,,"LOCKED",,false,2026-07-21T18:50:04.000Z,2026-07-21T18:50:04.000Z
"https://leetcode.com/problems/group-sold-products-by-the-date/","Group Sold Products By The Date","DATABASE","EASY",576135,,"CLEAR",,false,2026-07-21T18:50:04.000Z,2026-07-21T18:50:04.000Z
"https://leetcode.com/problems/highest-grade-for-each-student/","Highest Grade For Each Student","DATABASE","MEDIUM",112740,,"LOCKED",,false,2026-07-21T18:50:04.000Z,2026-07-21T18:50:04.000Z
"https://leetcode.com/problems/highest-salaries-difference/","Highest Salaries Difference","DATABASE","EASY",8810,,"LOCKED",,false,2026-07-21T18:50:04.000Z,2026-07-21T18:50:04.000Z
"https://leetcode.com/problems/hopper-company-queries-i/","Hopper Company Queries I","DATABASE","HARD",24381,,"LOCKED",,false,2026-07-21T18:50:04.000Z,2026-07-21T18:50:04.000Z
"https://leetcode.com/problems/hopper-company-queries-ii/","Hopper Company Queries II","DATABASE","HARD",22299,,"LOCKED",,false,2026-07-21T18:50:04.000Z,2026-07-21T18:50:04.000Z
"https://leetcode.com/problems/hopper-company-queries-iii/","Hopper Company Queries III","DATABASE","HARD",13911,,"LOCKED",,false,2026-07-21T18:50:04.000Z,2026-07-21T18:50:04.000Z
"https://leetcode.com/problems/human-traffic-of-stadium/","Human Traffic of Stadium","DATABASE","HARD",378793,,"CLEAR",,false,2026-07-21T18:50:04.000Z,2026-07-21T18:50:04.000Z
"https://leetcode.com/problems/immediate-food-delivery-i/","Immediate Food Delivery I","DATABASE","EASY",116581,,"LOCKED",,false,2026-07-21T18:50:04.000Z,2026-07-21T18:50:04.000Z
"https://leetcode.com/problems/immediate-food-delivery-ii/","Immediate Food Delivery II","DATABASE","MEDIUM",894298,,"CLEAR",,false,2026-07-21T18:50:04.000Z,2026-07-21T18:50:04.000Z
"https://leetcode.com/problems/immediate-food-delivery-iii/","Immediate Food Delivery III","DATABASE","MEDIUM",8840,,"LOCKED",,false,2026-07-21T18:50:04.000Z,2026-07-21T18:50:04.000Z
"https://leetcode.com/problems/invalid-tweets/","Invalid Tweets","DATABASE","EASY",1857037,,"CLEAR",,false,2026-07-21T18:50:04.000Z,2026-07-21T18:50:04.000Z
"https://leetcode.com/problems/invalid-tweets-ii/","Invalid Tweets II","DATABASE","EASY",5079,,"LOCKED",,false,2026-07-21T18:50:04.000Z,2026-07-21T18:50:04.000Z
"https://leetcode.com/problems/investments-in-2016/","Investments in 2016","DATABASE","MEDIUM",696277,,"CLEAR",,false,2026-07-21T18:50:04.000Z,2026-07-21T18:50:04.000Z
"https://leetcode.com/problems/last-person-to-fit-in-the-bus/","Last Person to Fit in the Bus","DATABASE","MEDIUM",547691,,"CLEAR",,false,2026-07-21T18:50:04.000Z,2026-07-21T18:50:04.000Z
"https://leetcode.com/problems/league-statistics/","League Statistics","DATABASE","MEDIUM",31474,,"LOCKED",,false,2026-07-21T18:50:04.000Z,2026-07-21T18:50:04.000Z
"https://leetcode.com/problems/leetcodify-friends-recommendations/","Leetcodify Friends Recommendations","DATABASE","HARD",32176,,"LOCKED",,false,2026-07-21T18:50:04.000Z,2026-07-21T18:50:04.000Z
"https://leetcode.com/problems/leetcodify-similar-friends/","Leetcodify Similar Friends","DATABASE","HARD",18629,,"LOCKED",,false,2026-07-21T18:50:04.000Z,2026-07-21T18:50:04.000Z
"https://leetcode.com/problems/leetflex-banned-accounts/","Leetflex Banned Accounts","DATABASE","MEDIUM",51136,,"LOCKED",,false,2026-07-21T18:50:04.000Z,2026-07-21T18:50:04.000Z
"https://leetcode.com/problems/list-the-products-ordered-in-a-period/","List the Products Ordered in a Period","DATABASE","EASY",499457,,"CLEAR",,false,2026-07-21T18:50:04.000Z,2026-07-21T18:50:04.000Z
"https://leetcode.com/problems/loan-types/","Loan Types","DATABASE","EASY",10240,,"LOCKED",,false,2026-07-21T18:50:04.000Z,2026-07-21T18:50:04.000Z
"https://leetcode.com/problems/longest-team-pass-streak/","Longest Team Pass Streak","DATABASE","HARD",2915,,"LOCKED",,false,2026-07-21T18:50:04.000Z,2026-07-21T18:50:04.000Z
"https://leetcode.com/problems/longest-winning-streak/","Longest Winning Streak","DATABASE","HARD",14958,,"LOCKED",,false,2026-07-21T18:50:04.000Z,2026-07-21T18:50:04.000Z
"https://leetcode.com/problems/low-quality-problems/","Low-Quality Problems","DATABASE","EASY",19282,,"LOCKED",,false,2026-07-21T18:50:04.000Z,2026-07-21T18:50:04.000Z
"https://leetcode.com/problems/manager-of-the-largest-department/","Manager of the Largest Department","DATABASE","MEDIUM",6102,,"LOCKED",,false,2026-07-21T18:50:04.000Z,2026-07-21T18:50:04.000Z
"https://leetcode.com/problems/managers-with-at-least-5-direct-reports/","Managers with at Least 5 Direct Reports","DATABASE","MEDIUM",2179085,,"CLEAR",,false,2026-07-21T18:50:04.000Z,2026-07-21T18:50:04.000Z
"https://leetcode.com/problems/market-analysis-i/","Market Analysis I","DATABASE","MEDIUM",327887,,"CLEAR",,false,2026-07-21T18:50:04.000Z,2026-07-21T18:50:04.000Z
"https://leetcode.com/problems/market-analysis-ii/","Market Analysis II","DATABASE","HARD",42876,,"LOCKED",,false,2026-07-21T18:50:04.000Z,2026-07-21T18:50:04.000Z
"https://leetcode.com/problems/market-analysis-iii/","Market Analysis III","DATABASE","MEDIUM",10435,,"LOCKED",,false,2026-07-21T18:50:04.000Z,2026-07-21T18:50:04.000Z
"https://leetcode.com/problems/maximize-items/","Maximize Items","DATABASE","HARD",2969,,"LOCKED",,false,2026-07-21T18:50:04.000Z,2026-07-21T18:50:04.000Z
"https://leetcode.com/problems/maximum-transaction-each-day/","Maximum Transaction Each Day","DATABASE","MEDIUM",35210,,"LOCKED",,false,2026-07-21T18:50:04.000Z,2026-07-21T18:50:04.000Z
"https://leetcode.com/problems/median-employee-salary/","Median Employee Salary","DATABASE","HARD",79696,,"LOCKED",,false,2026-07-21T18:50:04.000Z,2026-07-21T18:50:04.000Z
"https://leetcode.com/problems/merge-overlapping-events-in-the-same-hall/","Merge Overlapping Events in the Same Hall","DATABASE","HARD",8912,,"LOCKED",,false,2026-07-21T18:50:04.000Z,2026-07-21T18:50:04.000Z
"https://leetcode.com/problems/monthly-transactions-i/","Monthly Transactions I","DATABASE","MEDIUM",1021657,,"CLEAR",,false,2026-07-21T18:50:04.000Z,2026-07-21T18:50:04.000Z
"https://leetcode.com/problems/monthly-transactions-ii/","Monthly Transactions II","DATABASE","MEDIUM",69381,,"LOCKED",,false,2026-07-21T18:50:04.000Z,2026-07-21T18:50:04.000Z
"https://leetcode.com/problems/movie-rating/","Movie Rating","DATABASE","MEDIUM",758449,,"CLEAR",,false,2026-07-21T18:50:04.000Z,2026-07-21T18:50:04.000Z
"https://leetcode.com/problems/new-users-daily-count/","New Users Daily Count","DATABASE","MEDIUM",103656,,"LOCKED",,false,2026-07-21T18:50:04.000Z,2026-07-21T18:50:04.000Z
"https://leetcode.com/problems/not-boring-movies/","Not Boring Movies","DATABASE","EASY",1647818,,"CLEAR",,false,2026-07-21T18:50:04.000Z,2026-07-21T18:50:04.000Z
"https://leetcode.com/problems/npv-queries/","NPV Queries","DATABASE","EASY",38755,,"LOCKED",,false,2026-07-21T18:50:04.000Z,2026-07-21T18:50:04.000Z
"https://leetcode.com/problems/nth-highest-salary/","Nth Highest Salary","DATABASE","MEDIUM",1859340,,"CLEAR",,false,2026-07-21T18:50:04.000Z,2026-07-21T18:50:04.000Z
"https://leetcode.com/problems/number-of-accounts-that-did-not-stream/","Number of Accounts That Did Not Stream","DATABASE","MEDIUM",20035,,"LOCKED",,false,2026-07-21T18:50:04.000Z,2026-07-21T18:50:04.000Z
"https://leetcode.com/problems/number-of-calls-between-two-persons/","Number of Calls Between Two Persons","DATABASE","MEDIUM",67540,,"LOCKED",,false,2026-07-21T18:50:04.000Z,2026-07-21T18:50:04.000Z
"https://leetcode.com/problems/number-of-comments-per-post/","Number of Comments per Post","DATABASE","EASY",63914,,"LOCKED",,false,2026-07-21T18:50:04.000Z,2026-07-21T18:50:04.000Z
"https://leetcode.com/problems/number-of-times-a-driver-was-a-passenger/","Number of Times a Driver Was a Passenger","DATABASE","MEDIUM",16334,,"LOCKED",,false,2026-07-21T18:50:04.000Z,2026-07-21T18:50:04.000Z
"https://leetcode.com/problems/number-of-transactions-per-visit/","Number of Transactions per Visit","DATABASE","HARD",33903,,"LOCKED",,false,2026-07-21T18:50:04.000Z,2026-07-21T18:50:04.000Z
"https://leetcode.com/problems/number-of-trusted-contacts-of-a-customer/","Number of Trusted Contacts of a Customer","DATABASE","MEDIUM",34253,,"LOCKED",,false,2026-07-21T18:50:04.000Z,2026-07-21T18:50:04.000Z
"https://leetcode.com/problems/number-of-unique-subjects-taught-by-each-teacher/","Number of Unique Subjects Taught by Each Teacher","DATABASE","EASY",655830,,"CLEAR",,false,2026-07-21T18:50:04.000Z,2026-07-21T18:50:04.000Z
"https://leetcode.com/problems/odd-and-even-transactions/","Odd and Even Transactions","DATABASE","MEDIUM",63891,,"CLEAR",,false,2026-07-21T18:50:04.000Z,2026-07-21T18:50:04.000Z
"https://leetcode.com/problems/order-two-columns-independently/","Order Two Columns Independently","DATABASE","MEDIUM",18124,,"LOCKED",,false,2026-07-21T18:50:04.000Z,2026-07-21T18:50:04.000Z
"https://leetcode.com/problems/orders-with-maximum-quantity-above-average/","Orders With Maximum Quantity Above Average","DATABASE","MEDIUM",28327,,"LOCKED",,false,2026-07-21T18:50:04.000Z,2026-07-21T18:50:04.000Z
"https://leetcode.com/problems/page-recommendations/","Page Recommendations","DATABASE","MEDIUM",84920,,"LOCKED",,false,2026-07-21T18:50:04.000Z,2026-07-21T18:50:04.000Z
"https://leetcode.com/problems/page-recommendations-ii/","Page Recommendations II","DATABASE","HARD",23692,,"LOCKED",,false,2026-07-21T18:50:04.000Z,2026-07-21T18:50:04.000Z
"https://leetcode.com/problems/patients-with-a-condition/","Patients With a Condition","DATABASE","EASY",1257045,,"CLEAR",,false,2026-07-21T18:50:04.000Z,2026-07-21T18:50:04.000Z
"https://leetcode.com/problems/percentage-of-users-attended-a-contest/","Percentage of Users Attended a Contest","DATABASE","EASY",991515,,"CLEAR",,false,2026-07-21T18:50:04.000Z,2026-07-21T18:50:04.000Z
"https://leetcode.com/problems/pizza-toppings-cost-analysis/","Pizza Toppings Cost Analysis","DATABASE","MEDIUM",5880,,"LOCKED",,false,2026-07-21T18:50:04.000Z,2026-07-21T18:50:04.000Z
"https://leetcode.com/problems/popularity-percentage/","Popularity Percentage","DATABASE","HARD",7870,,"LOCKED",,false,2026-07-21T18:50:04.000Z,2026-07-21T18:50:04.000Z
"https://leetcode.com/problems/premier-league-table-ranking/","Premier League Table Ranking","DATABASE","EASY",5173,,"LOCKED",,false,2026-07-21T18:50:04.000Z,2026-07-21T18:50:04.000Z
"https://leetcode.com/problems/premier-league-table-ranking-ii/","Premier League Table Ranking II","DATABASE","MEDIUM",4050,,"LOCKED",,false,2026-07-21T18:50:04.000Z,2026-07-21T18:50:04.000Z
"https://leetcode.com/problems/premier-league-table-ranking-iii/","Premier League Table Ranking III","DATABASE","MEDIUM",3270,,"LOCKED",,false,2026-07-21T18:50:04.000Z,2026-07-21T18:50:04.000Z
"https://leetcode.com/problems/primary-department-for-each-employee/","Primary Department for Each Employee","DATABASE","EASY",533721,,"CLEAR",,false,2026-07-21T18:50:04.000Z,2026-07-21T18:50:04.000Z
"https://leetcode.com/problems/product-price-at-a-given-date/","Product Price at a Given Date","DATABASE","MEDIUM",653873,,"CLEAR",,false,2026-07-21T18:50:04.000Z,2026-07-21T18:50:04.000Z
"https://leetcode.com/problems/product-sales-analysis-i/","Product Sales Analysis I","DATABASE","EASY",1722354,,"CLEAR",,false,2026-07-21T18:50:04.000Z,2026-07-21T18:50:04.000Z
"https://leetcode.com/problems/product-sales-analysis-ii/","Product Sales Analysis II","DATABASE","EASY",76711,,"LOCKED",,false,2026-07-21T18:50:04.000Z,2026-07-21T18:50:04.000Z
"https://leetcode.com/problems/product-sales-analysis-iii/","Product Sales Analysis III","DATABASE","MEDIUM",1085806,,"CLEAR",,false,2026-07-21T18:50:04.000Z,2026-07-21T18:50:04.000Z
"https://leetcode.com/problems/product-sales-analysis-iv/","Product Sales Analysis IV","DATABASE","MEDIUM",15588,,"LOCKED",,false,2026-07-21T18:50:04.000Z,2026-07-21T18:50:04.000Z
"https://leetcode.com/problems/product-sales-analysis-v/","Product Sales Analysis V","DATABASE","EASY",15647,,"LOCKED",,false,2026-07-21T18:50:04.000Z,2026-07-21T18:50:04.000Z
"https://leetcode.com/problems/products-price-for-each-store/","Product's Price for Each Store","DATABASE","EASY",30896,,"LOCKED",,false,2026-07-21T18:50:04.000Z,2026-07-21T18:50:04.000Z
"https://leetcode.com/problems/products-worth-over-invoices/","Product's Worth Over Invoices","DATABASE","EASY",53893,,"LOCKED",,false,2026-07-21T18:50:04.000Z,2026-07-21T18:50:04.000Z
"https://leetcode.com/problems/products-with-three-or-more-orders-in-two-consecutive-years/","Products With Three or More Orders in Two Consecutive Years","DATABASE","MEDIUM",27146,,"LOCKED",,false,2026-07-21T18:50:04.000Z,2026-07-21T18:50:04.000Z
"https://leetcode.com/problems/project-employees-i/","Project Employees I","DATABASE","EASY",1137468,,"CLEAR",,false,2026-07-21T18:50:04.000Z,2026-07-21T18:50:04.000Z
"https://leetcode.com/problems/project-employees-ii/","Project Employees II","DATABASE","EASY",134124,,"LOCKED",,false,2026-07-21T18:50:04.000Z,2026-07-21T18:50:04.000Z
"https://leetcode.com/problems/project-employees-iii/","Project Employees III","DATABASE","MEDIUM",95769,,"LOCKED",,false,2026-07-21T18:50:04.000Z,2026-07-21T18:50:04.000Z
"https://leetcode.com/problems/queries-quality-and-percentage/","Queries Quality and Percentage","DATABASE","EASY",1072826,,"CLEAR",,false,2026-07-21T18:50:04.000Z,2026-07-21T18:50:04.000Z
"https://leetcode.com/problems/rank-scores/","Rank Scores","DATABASE","MEDIUM",1122056,,"CLEAR",,false,2026-07-21T18:50:04.000Z,2026-07-21T18:50:04.000Z
"https://leetcode.com/problems/rearrange-products-table/","Rearrange Products Table","DATABASE","EASY",256114,,"CLEAR",,false,2026-07-21T18:50:04.000Z,2026-07-21T18:50:04.000Z
"https://leetcode.com/problems/rectangles-area/","Rectangles Area","DATABASE","MEDIUM",29767,,"LOCKED",,false,2026-07-21T18:50:04.000Z,2026-07-21T18:50:04.000Z
"https://leetcode.com/problems/recyclable-and-low-fat-products/","Recyclable and Low Fat Products","DATABASE","EASY",2937702,,"CLEAR",,false,2026-07-21T18:50:04.000Z,2026-07-21T18:50:04.000Z
"https://leetcode.com/problems/reformat-department-table/","Reformat Department Table","DATABASE","EASY",265097,,"CLEAR",,false,2026-07-21T18:50:04.000Z,2026-07-21T18:50:04.000Z
"https://leetcode.com/problems/replace-employee-id-with-the-unique-identifier/","Replace Employee ID With The Unique Identifier","DATABASE","EASY",1755656,,"CLEAR",,false,2026-07-21T18:50:04.000Z,2026-07-21T18:50:04.000Z
"https://leetcode.com/problems/report-contiguous-dates/","Report Contiguous Dates","DATABASE","HARD",59821,,"LOCKED",,false,2026-07-21T18:50:04.000Z,2026-07-21T18:50:04.000Z
"https://leetcode.com/problems/reported-posts/","Reported Posts","DATABASE","EASY",84786,,"LOCKED",,false,2026-07-21T18:50:04.000Z,2026-07-21T18:50:04.000Z
"https://leetcode.com/problems/reported-posts-ii/","Reported Posts II","DATABASE","MEDIUM",142847,,"LOCKED",,false,2026-07-21T18:50:04.000Z,2026-07-21T18:50:04.000Z
"https://leetcode.com/problems/restaurant-growth/","Restaurant Growth","DATABASE","MEDIUM",488038,,"CLEAR",,false,2026-07-21T18:50:04.000Z,2026-07-21T18:50:04.000Z
"https://leetcode.com/problems/rising-temperature/","Rising Temperature","DATABASE","EASY",3186751,,"CLEAR",,false,2026-07-21T18:50:04.000Z,2026-07-21T18:50:04.000Z
"https://leetcode.com/problems/rolling-average-steps/","Rolling Average Steps","DATABASE","MEDIUM",8596,,"LOCKED",,false,2026-07-21T18:50:04.000Z,2026-07-21T18:50:04.000Z
"https://leetcode.com/problems/running-total-for-different-genders/","Running Total for Different Genders","DATABASE","MEDIUM",55952,,"LOCKED",,false,2026-07-21T18:50:04.000Z,2026-07-21T18:50:04.000Z
"https://leetcode.com/problems/sales-analysis-i/","Sales Analysis I","DATABASE","EASY",92456,,"LOCKED",,false,2026-07-21T18:50:04.000Z,2026-07-21T18:50:04.000Z
"https://leetcode.com/problems/sales-analysis-ii/","Sales Analysis II","DATABASE","EASY",135589,,"LOCKED",,false,2026-07-21T18:50:04.000Z,2026-07-21T18:50:04.000Z
"https://leetcode.com/problems/sales-analysis-iii/","Sales Analysis III","DATABASE","EASY",526645,,"CLEAR",,false,2026-07-21T18:50:04.000Z,2026-07-21T18:50:04.000Z
"https://leetcode.com/problems/sales-by-day-of-the-week/","Sales by Day of the Week","DATABASE","HARD",28698,,"LOCKED",,false,2026-07-21T18:50:04.000Z,2026-07-21T18:50:04.000Z
"https://leetcode.com/problems/sales-person/","Sales Person","DATABASE","EASY",640123,,"CLEAR",,false,2026-07-21T18:50:04.000Z,2026-07-21T18:50:04.000Z
"https://leetcode.com/problems/seasonal-sales-analysis/","Seasonal Sales Analysis","DATABASE","MEDIUM",31998,,"CLEAR",,false,2026-07-21T18:50:04.000Z,2026-07-21T18:50:04.000Z
"https://leetcode.com/problems/second-day-verification/","Second Day Verification","DATABASE","EASY",6147,,"LOCKED",,false,2026-07-21T18:50:04.000Z,2026-07-21T18:50:04.000Z
"https://leetcode.com/problems/second-degree-follower/","Second Degree Follower","DATABASE","MEDIUM",157892,,"LOCKED",,false,2026-07-21T18:50:04.000Z,2026-07-21T18:50:04.000Z
"https://leetcode.com/problems/second-highest-salary/","Second Highest Salary","DATABASE","MEDIUM",3528720,,"CLEAR",,false,2026-07-21T18:50:04.000Z,2026-07-21T18:50:04.000Z
"https://leetcode.com/problems/second-highest-salary-ii/","Second Highest Salary II","DATABASE","MEDIUM",3926,,"LOCKED",,false,2026-07-21T18:50:04.000Z,2026-07-21T18:50:04.000Z
"https://leetcode.com/problems/sellers-with-no-sales/","Sellers With No Sales","DATABASE","EASY",86181,,"LOCKED",,false,2026-07-21T18:50:04.000Z,2026-07-21T18:50:04.000Z
"https://leetcode.com/problems/server-utilization-time/","Server Utilization Time","DATABASE","MEDIUM",5069,,"LOCKED",,false,2026-07-21T18:50:04.000Z,2026-07-21T18:50:04.000Z
"https://leetcode.com/problems/shortest-distance-in-a-line/","Shortest Distance in a Line","DATABASE","EASY",108661,,"LOCKED",,false,2026-07-21T18:50:04.000Z,2026-07-21T18:50:04.000Z
"https://leetcode.com/problems/shortest-distance-in-a-plane/","Shortest Distance in a Plane","DATABASE","MEDIUM",81518,,"LOCKED",,false,2026-07-21T18:50:04.000Z,2026-07-21T18:50:04.000Z
"https://leetcode.com/problems/snaps-analysis/","Snaps Analysis","DATABASE","MEDIUM",6472,,"LOCKED",,false,2026-07-21T18:50:04.000Z,2026-07-21T18:50:04.000Z
"https://leetcode.com/problems/sort-the-olympic-table/","Sort the Olympic Table","DATABASE","EASY",11775,,"LOCKED",,false,2026-07-21T18:50:04.000Z,2026-07-21T18:50:04.000Z
"https://leetcode.com/problems/strong-friendship/","Strong Friendship","DATABASE","MEDIUM",31632,,"LOCKED",,false,2026-07-21T18:50:04.000Z,2026-07-21T18:50:04.000Z
"https://leetcode.com/problems/students-and-examinations/","Students and Examinations","DATABASE","EASY",1362236,,"CLEAR",,false,2026-07-21T18:50:04.000Z,2026-07-21T18:50:04.000Z
"https://leetcode.com/problems/students-report-by-geography/","Students Report By Geography","DATABASE","HARD",47251,,"LOCKED",,false,2026-07-21T18:50:04.000Z,2026-07-21T18:50:04.000Z
"https://leetcode.com/problems/students-with-invalid-departments/","Students With Invalid Departments","DATABASE","EASY",75580,,"LOCKED",,false,2026-07-21T18:50:04.000Z,2026-07-21T18:50:04.000Z
"https://leetcode.com/problems/suspicious-bank-accounts/","Suspicious Bank Accounts","DATABASE","MEDIUM",35412,,"LOCKED",,false,2026-07-21T18:50:04.000Z,2026-07-21T18:50:04.000Z
"https://leetcode.com/problems/swap-sex-of-employees/","Swap Sex of Employees","DATABASE","EASY",694670,,"CLEAR",,false,2026-07-21T18:50:04.000Z,2026-07-21T18:50:04.000Z
"https://leetcode.com/problems/symmetric-coordinates/","Symmetric Coordinates","DATABASE","MEDIUM",8253,,"LOCKED",,false,2026-07-21T18:50:04.000Z,2026-07-21T18:50:04.000Z
"https://leetcode.com/problems/tasks-count-in-the-weekend/","Tasks Count in the Weekend","DATABASE","MEDIUM",11801,,"LOCKED",,false,2026-07-21T18:50:04.000Z,2026-07-21T18:50:04.000Z
"https://leetcode.com/problems/team-dominance-by-pass-success/","Team Dominance by Pass Success","DATABASE","HARD",2339,,"LOCKED",,false,2026-07-21T18:50:04.000Z,2026-07-21T18:50:04.000Z
"https://leetcode.com/problems/team-scores-in-football-tournament/","Team Scores in Football Tournament","DATABASE","MEDIUM",95642,,"LOCKED",,false,2026-07-21T18:50:04.000Z,2026-07-21T18:50:04.000Z
"https://leetcode.com/problems/the-airport-with-the-most-traffic/","The Airport With the Most Traffic","DATABASE","MEDIUM",17318,,"LOCKED",,false,2026-07-21T18:50:04.000Z,2026-07-21T18:50:04.000Z
"https://leetcode.com/problems/the-category-of-each-member-in-the-store/","The Category of Each Member in the Store","DATABASE","MEDIUM",15989,,"LOCKED",,false,2026-07-21T18:50:04.000Z,2026-07-21T18:50:04.000Z
"https://leetcode.com/problems/the-change-in-global-rankings/","The Change in Global Rankings","DATABASE","MEDIUM",15439,,"LOCKED",,false,2026-07-21T18:50:04.000Z,2026-07-21T18:50:04.000Z
"https://leetcode.com/problems/the-first-day-of-the-maximum-recorded-degree-in-each-city/","The First Day of the Maximum Recorded Degree in Each City","DATABASE","MEDIUM",11920,,"LOCKED",,false,2026-07-21T18:50:04.000Z,2026-07-21T18:50:04.000Z
"https://leetcode.com/problems/the-latest-login-in-2020/","The Latest Login in 2020","DATABASE","EASY",208383,,"CLEAR",,false,2026-07-21T18:50:04.000Z,2026-07-21T18:50:04.000Z
"https://leetcode.com/problems/the-most-frequently-ordered-products-for-each-customer/","The Most Frequently Ordered Products for Each Customer","DATABASE","MEDIUM",60391,,"LOCKED",,false,2026-07-21T18:50:04.000Z,2026-07-21T18:50:04.000Z
"https://leetcode.com/problems/the-most-recent-orders-for-each-product/","The Most Recent Orders for Each Product","DATABASE","MEDIUM",61358,,"LOCKED",,false,2026-07-21T18:50:04.000Z,2026-07-21T18:50:04.000Z
"https://leetcode.com/problems/the-most-recent-three-orders/","The Most Recent Three Orders","DATABASE","MEDIUM",57957,,"LOCKED",,false,2026-07-21T18:50:04.000Z,2026-07-21T18:50:04.000Z
"https://leetcode.com/problems/the-number-of-employees-which-report-to-each-employee/","The Number of Employees Which Report to Each Employee","DATABASE","EASY",794850,,"CLEAR",,false,2026-07-21T18:50:04.000Z,2026-07-21T18:50:04.000Z
"https://leetcode.com/problems/the-number-of-passengers-in-each-bus-i/","The Number of Passengers in Each Bus I","DATABASE","MEDIUM",25367,,"LOCKED",,false,2026-07-21T18:50:04.000Z,2026-07-21T18:50:04.000Z
"https://leetcode.com/problems/the-number-of-passengers-in-each-bus-ii/","The Number of Passengers in Each Bus II","DATABASE","HARD",10226,,"LOCKED",,false,2026-07-21T18:50:04.000Z,2026-07-21T18:50:04.000Z
"https://leetcode.com/problems/the-number-of-rich-customers/","The Number of Rich Customers","DATABASE","EASY",41278,,"LOCKED",,false,2026-07-21T18:50:04.000Z,2026-07-21T18:50:04.000Z
"https://leetcode.com/problems/the-number-of-seniors-and-juniors-to-join-the-company/","The Number of Seniors and Juniors to Join the Company","DATABASE","HARD",24205,,"LOCKED",,false,2026-07-21T18:50:04.000Z,2026-07-21T18:50:04.000Z
"https://leetcode.com/problems/the-number-of-seniors-and-juniors-to-join-the-company-ii/","The Number of Seniors and Juniors to Join the Company II","DATABASE","HARD",11558,,"LOCKED",,false,2026-07-21T18:50:04.000Z,2026-07-21T18:50:04.000Z
"https://leetcode.com/problems/the-number-of-users-that-are-eligible-for-discount/","The Number of Users That Are Eligible for Discount","DATABASE","EASY",17492,,"LOCKED",,false,2026-07-21T18:50:04.000Z,2026-07-21T18:50:04.000Z
"https://leetcode.com/problems/the-users-that-are-eligible-for-discount/","The Users That Are Eligible for Discount","DATABASE","EASY",15360,,"LOCKED",,false,2026-07-21T18:50:04.000Z,2026-07-21T18:50:04.000Z
"https://leetcode.com/problems/the-winner-university/","The Winner University","DATABASE","EASY",20354,,"LOCKED",,false,2026-07-21T18:50:04.000Z,2026-07-21T18:50:04.000Z
"https://leetcode.com/problems/top-percentile-fraud/","Top Percentile Fraud","DATABASE","MEDIUM",6227,,"LOCKED",,false,2026-07-21T18:50:04.000Z,2026-07-21T18:50:04.000Z
"https://leetcode.com/problems/top-three-wineries/","Top Three Wineries ","DATABASE","HARD",7296,,"LOCKED",,false,2026-07-21T18:50:04.000Z,2026-07-21T18:50:04.000Z
"https://leetcode.com/problems/top-travellers/","Top Travellers","DATABASE","EASY",403738,,"CLEAR",,false,2026-07-21T18:50:04.000Z,2026-07-21T18:50:04.000Z
"https://leetcode.com/problems/total-sales-amount-by-year/","Total Sales Amount by Year","DATABASE","HARD",33360,,"LOCKED",,false,2026-07-21T18:50:04.000Z,2026-07-21T18:50:04.000Z
"https://leetcode.com/problems/total-traveled-distance/","Total Traveled Distance","DATABASE","EASY",8083,,"LOCKED",,false,2026-07-21T18:50:04.000Z,2026-07-21T18:50:04.000Z
"https://leetcode.com/problems/tournament-winners/","Tournament Winners","DATABASE","HARD",51016,,"LOCKED",,false,2026-07-21T18:50:04.000Z,2026-07-21T18:50:04.000Z
"https://leetcode.com/problems/tree-node/","Tree Node","DATABASE","MEDIUM",365913,,"CLEAR",,false,2026-07-21T18:50:04.000Z,2026-07-21T18:50:04.000Z
"https://leetcode.com/problems/triangle-judgement/","Triangle Judgement","DATABASE","EASY",718605,,"CLEAR",,false,2026-07-21T18:50:04.000Z,2026-07-21T18:50:04.000Z
"https://leetcode.com/problems/trips-and-users/","Trips and Users","DATABASE","HARD",846695,,"CLEAR",,false,2026-07-21T18:50:04.000Z,2026-07-21T18:50:04.000Z
"https://leetcode.com/problems/unique-orders-and-customers-per-month/","Unique Orders and Customers Per Month","DATABASE","EASY",32334,,"LOCKED",,false,2026-07-21T18:50:04.000Z,2026-07-21T18:50:04.000Z
"https://leetcode.com/problems/unpopular-books/","Unpopular Books","DATABASE","MEDIUM",114083,,"LOCKED",,false,2026-07-21T18:50:04.000Z,2026-07-21T18:50:04.000Z
"https://leetcode.com/problems/user-activities-within-time-bounds/","User Activities within Time Bounds","DATABASE","HARD",6245,,"LOCKED",,false,2026-07-21T18:50:04.000Z,2026-07-21T18:50:04.000Z
"https://leetcode.com/problems/user-activity-for-the-past-30-days-i/","User Activity for the Past 30 Days I","DATABASE","EASY",1207826,,"CLEAR",,false,2026-07-21T18:50:04.000Z,2026-07-21T18:50:04.000Z
"https://leetcode.com/problems/user-activity-for-the-past-30-days-ii/","User Activity for the Past 30 Days II","DATABASE","EASY",140785,,"LOCKED",,false,2026-07-21T18:50:04.000Z,2026-07-21T18:50:04.000Z
"https://leetcode.com/problems/user-purchase-platform/","User Purchase Platform","DATABASE","HARD",44130,,"LOCKED",,false,2026-07-21T18:50:04.000Z,2026-07-21T18:50:04.000Z
"https://leetcode.com/problems/users-that-actively-request-confirmation-messages/","Users That Actively Request Confirmation Messages","DATABASE","EASY",26233,,"LOCKED",,false,2026-07-21T18:50:04.000Z,2026-07-21T18:50:04.000Z
"https://leetcode.com/problems/users-with-two-purchases-within-seven-days/","Users With Two Purchases Within Seven Days","DATABASE","MEDIUM",26841,,"LOCKED",,false,2026-07-21T18:50:04.000Z,2026-07-21T18:50:04.000Z
"https://leetcode.com/problems/viewers-turned-streamers/","Viewers Turned Streamers","DATABASE","HARD",10657,,"LOCKED",,false,2026-07-21T18:50:04.000Z,2026-07-21T18:50:04.000Z
"https://leetcode.com/problems/warehouse-manager/","Warehouse Manager","DATABASE","EASY",60705,,"LOCKED",,false,2026-07-21T18:50:04.000Z,2026-07-21T18:50:04.000Z
"https://leetcode.com/problems/weather-type-in-each-country/","Weather Type in Each Country","DATABASE","EASY",69247,,"LOCKED",,false,2026-07-21T18:50:04.000Z,2026-07-21T18:50:04.000Z
"https://leetcode.com/problems/winning-candidate/","Winning Candidate","DATABASE","MEDIUM",126364,,"LOCKED",,false,2026-07-21T18:50:04.000Z,2026-07-21T18:50:04.000Z
"https://leetcode.com/problems/year-on-year-growth-rate/","Year on Year Growth Rate","DATABASE","HARD",7667,,"LOCKED",,false,2026-07-21T18:50:04.000Z,2026-07-21T18:50:04.000Z
"https://leetcode.com/problems/beautiful-array/","Beautiful Array","DIVIDE AND CONQUER","MEDIUM",96015,,"CLEAR",,false,2026-07-21T18:50:04.000Z,2026-07-21T18:50:04.000Z
"https://leetcode.com/problems/beautiful-pairs/","Beautiful Pairs","DIVIDE AND CONQUER","HARD",2391,,"LOCKED",,false,2026-07-21T18:50:04.000Z,2026-07-21T18:50:04.000Z
"https://leetcode.com/problems/construct-binary-tree-from-inorder-and-postorder-traversal/","Construct Binary Tree from Inorder and Postorder Traversal","DIVIDE AND CONQUER","MEDIUM",1468034,,"CLEAR",,false,2026-07-21T18:50:04.000Z,2026-07-21T18:50:04.000Z
"https://leetcode.com/problems/construct-binary-tree-from-preorder-and-inorder-traversal/","Construct Binary Tree from Preorder and Inorder Traversal","DIVIDE AND CONQUER","MEDIUM",2866305,,"CLEAR",,false,2026-07-21T18:50:04.000Z,2026-07-21T18:50:04.000Z
"https://leetcode.com/problems/construct-binary-tree-from-preorder-and-postorder-traversal/","Construct Binary Tree from Preorder and Postorder Traversal","DIVIDE AND CONQUER","MEDIUM",290923,,"CLEAR",,false,2026-07-21T18:50:04.000Z,2026-07-21T18:50:04.000Z
"https://leetcode.com/problems/construct-quad-tree/","Construct Quad Tree","DIVIDE AND CONQUER","MEDIUM",277070,,"CLEAR",,false,2026-07-21T18:50:04.000Z,2026-07-21T18:50:04.000Z
"https://leetcode.com/problems/convert-sorted-array-to-binary-search-tree/","Convert Sorted Array to Binary Search Tree","DIVIDE AND CONQUER","EASY",2405304,,"CLEAR",,false,2026-07-21T18:50:04.000Z,2026-07-21T18:50:04.000Z
"https://leetcode.com/problems/convert-sorted-list-to-binary-search-tree/","Convert Sorted List to Binary Search Tree","DIVIDE AND CONQUER","MEDIUM",1075480,,"CLEAR",,false,2026-07-21T18:50:04.000Z,2026-07-21T18:50:04.000Z
"https://leetcode.com/problems/count-elements-with-at-least-k-greater-values/","Count Elements With at Least K Greater Values","DIVIDE AND CONQUER","MEDIUM",108850,,"CLEAR",,false,2026-07-21T18:50:04.000Z,2026-07-21T18:50:04.000Z
"https://leetcode.com/problems/count-good-triplets-in-an-array/","Count Good Triplets in an Array","DIVIDE AND CONQUER","HARD",122764,,"CLEAR",,false,2026-07-21T18:50:04.000Z,2026-07-21T18:50:04.000Z
"https://leetcode.com/problems/count-nodes-that-are-great-enough/","Count Nodes That Are Great Enough","DIVIDE AND CONQUER","HARD",2664,,"LOCKED",,false,2026-07-21T18:50:04.000Z,2026-07-21T18:50:04.000Z
"https://leetcode.com/problems/count-of-range-sum/","Count of Range Sum","DIVIDE AND CONQUER","HARD",287388,,"CLEAR",,false,2026-07-21T18:50:04.000Z,2026-07-21T18:50:04.000Z
"https://leetcode.com/problems/count-of-smaller-numbers-after-self/","Count of Smaller Numbers After Self","DIVIDE AND CONQUER","HARD",928180,,"CLEAR",,false,2026-07-21T18:50:04.000Z,2026-07-21T18:50:04.000Z
"https://leetcode.com/problems/count-subarrays-with-even-odd-ratio-i/","Count Subarrays With Even Odd Ratio I","DIVIDE AND CONQUER","MEDIUM",67246,,"CLEAR",,false,2026-09-07T18:13:42.370Z,2026-09-07T18:13:42.370Z
"https://leetcode.com/problems/count-subarrays-with-even-odd-ratio-ii/","Count Subarrays With Even Odd Ratio II","DIVIDE AND CONQUER","HARD",18615,,"CLEAR",,false,2026-09-07T18:13:42.370Z,2026-09-07T18:13:42.370Z
"https://leetcode.com/problems/count-subarrays-with-majority-element-i/","Count Subarrays With Majority Element I","DIVIDE AND CONQUER","MEDIUM",183750,,"CLEAR",,false,2026-07-21T18:50:04.000Z,2026-07-21T18:50:04.000Z
"https://leetcode.com/problems/count-subarrays-with-majority-element-ii/","Count Subarrays With Majority Element II","DIVIDE AND CONQUER","HARD",118916,,"CLEAR",,false,2026-07-21T18:50:04.000Z,2026-07-21T18:50:04.000Z
"https://leetcode.com/problems/count-subarrays-with-more-ones-than-zeros/","Count Subarrays With More Ones Than Zeros","DIVIDE AND CONQUER","MEDIUM",11500,,"LOCKED",,false,2026-07-21T18:50:04.000Z,2026-07-21T18:50:04.000Z
"https://leetcode.com/problems/count-the-number-of-k-big-indices/","Count the Number of K-Big Indices","DIVIDE AND CONQUER","HARD",18417,,"LOCKED",,false,2026-07-21T18:50:04.000Z,2026-07-21T18:50:04.000Z
"https://leetcode.com/problems/create-sorted-array-through-instructions/","Create Sorted Array through Instructions","DIVIDE AND CONQUER","HARD",81075,,"CLEAR",,false,2026-07-21T18:50:04.000Z,2026-07-21T18:50:04.000Z
"https://leetcode.com/problems/design-most-recently-used-queue/","Design Most Recently Used Queue","DIVIDE AND CONQUER","MEDIUM",35869,,"LOCKED",,false,2026-07-21T18:50:04.000Z,2026-07-21T18:50:04.000Z
"https://leetcode.com/problems/evaluate-valid-expressions/","Evaluate Valid Expressions","DIVIDE AND CONQUER","HARD",795,,"LOCKED",,false,2026-07-21T18:50:04.000Z,2026-07-21T18:50:04.000Z
"https://leetcode.com/problems/fill-a-special-grid/","Fill a Special Grid","DIVIDE AND CONQUER","MEDIUM",31018,,"CLEAR",,false,2026-07-21T18:50:04.000Z,2026-07-21T18:50:04.000Z
"https://leetcode.com/problems/find-the-index-of-permutation/","Find the Index of Permutation","DIVIDE AND CONQUER","MEDIUM",2525,,"LOCKED",,false,2026-07-21T18:50:04.000Z,2026-07-21T18:50:04.000Z
"https://leetcode.com/problems/find-the-kth-largest-integer-in-the-array/","Find the Kth Largest Integer in the Array","DIVIDE AND CONQUER","MEDIUM",228615,,"CLEAR",,false,2026-07-21T18:50:04.000Z,2026-07-21T18:50:04.000Z
"https://leetcode.com/problems/k-closest-points-to-origin/","K Closest Points to Origin","DIVIDE AND CONQUER","MEDIUM",2614742,,"CLEAR",,false,2026-07-21T18:50:04.000Z,2026-07-21T18:50:04.000Z
"https://leetcode.com/problems/kth-largest-element-in-an-array/","Kth Largest Element in an Array","DIVIDE AND CONQUER","MEDIUM",5544963,,"CLEAR",,false,2026-07-21T18:50:04.000Z,2026-07-21T18:50:04.000Z
"https://leetcode.com/problems/logical-or-of-two-binary-grids-represented-as-quad-trees/","Logical OR of Two Binary Grids Represented as Quad-Trees","DIVIDE AND CONQUER","MEDIUM",40039,,"CLEAR",,false,2026-07-21T18:50:04.000Z,2026-07-21T18:50:04.000Z
"https://leetcode.com/problems/longest-balanced-subarray-i/","Longest Balanced Subarray I","DIVIDE AND CONQUER","MEDIUM",226087,,"CLEAR",,false,2026-07-21T18:50:04.000Z,2026-07-21T18:50:04.000Z
"https://leetcode.com/problems/longest-balanced-subarray-ii/","Longest Balanced Subarray II","DIVIDE AND CONQUER","HARD",182892,,"CLEAR",,false,2026-07-21T18:50:04.000Z,2026-07-21T18:50:04.000Z
"https://leetcode.com/problems/longest-substring-with-at-least-k-repeating-characters/","Longest Substring with At Least K Repeating Characters","DIVIDE AND CONQUER","MEDIUM",675954,,"CLEAR",,false,2026-07-21T18:50:04.000Z,2026-07-21T18:50:04.000Z
"https://leetcode.com/problems/majority-element/","Majority Element","DIVIDE AND CONQUER","EASY",8964988,,"CLEAR",,false,2026-07-21T18:50:04.000Z,2026-07-21T18:50:04.000Z
"https://leetcode.com/problems/maximum-binary-tree/","Maximum Binary Tree","DIVIDE AND CONQUER","MEDIUM",434618,,"CLEAR",,false,2026-07-21T18:50:04.000Z,2026-07-21T18:50:04.000Z
"https://leetcode.com/problems/median-of-two-sorted-arrays/","Median of Two Sorted Arrays","DIVIDE AND CONQUER","HARD",9637169,,"CLEAR",,false,2026-07-21T18:50:04.000Z,2026-07-21T18:50:04.000Z
"https://leetcode.com/problems/merge-k-sorted-lists/","Merge k Sorted Lists","DIVIDE AND CONQUER","HARD",5257114,,"CLEAR",,false,2026-07-21T18:50:04.000Z,2026-07-21T18:50:04.000Z
"https://leetcode.com/problems/minimum-cost-to-partition-a-binary-string/","Minimum Cost to Partition a Binary String","DIVIDE AND CONQUER","HARD",22820,,"CLEAR",,false,2026-07-21T18:50:04.000Z,2026-07-21T18:50:04.000Z
"https://leetcode.com/problems/minimum-threshold-for-inversion-pairs-count/","Minimum Threshold for Inversion Pairs Count","DIVIDE AND CONQUER","MEDIUM",1424,,"LOCKED",,false,2026-07-21T18:50:04.000Z,2026-07-21T18:50:04.000Z
"https://leetcode.com/problems/number-of-integers-with-popcount-depth-equal-to-k-ii/","Number of Integers With Popcount-Depth Equal to K II","DIVIDE AND CONQUER","HARD",35359,,"CLEAR",,false,2026-07-21T18:50:04.000Z,2026-07-21T18:50:04.000Z
"https://leetcode.com/problems/number-of-pairs-after-increment/","Number of Pairs After Increment","DIVIDE AND CONQUER","HARD",27441,,"CLEAR",,false,2026-07-21T18:50:04.000Z,2026-07-21T18:50:04.000Z
"https://leetcode.com/problems/number-of-pairs-satisfying-inequality/","Number of Pairs Satisfying Inequality","DIVIDE AND CONQUER","HARD",42940,,"CLEAR",,false,2026-07-21T18:50:04.000Z,2026-07-21T18:50:04.000Z
"https://leetcode.com/problems/number-of-ships-in-a-rectangle/","Number of Ships in a Rectangle","DIVIDE AND CONQUER","HARD",51675,,"LOCKED",,false,2026-07-21T18:50:04.000Z,2026-07-21T18:50:04.000Z
"https://leetcode.com/problems/peaks-in-array-ii/","Peaks in Array II","DIVIDE AND CONQUER","HARD",12454,,"CLEAR",,false,2026-09-07T18:13:42.370Z,2026-09-07T18:13:42.370Z
"https://leetcode.com/problems/query-kth-smallest-trimmed-number/","Query Kth Smallest Trimmed Number","DIVIDE AND CONQUER","MEDIUM",88947,,"CLEAR",,false,2026-07-21T18:50:04.000Z,2026-07-21T18:50:04.000Z
"https://leetcode.com/problems/range-sum-query-mutable/","Range Sum Query - Mutable","DIVIDE AND CONQUER","MEDIUM",844860,,"CLEAR",,false,2026-07-21T18:50:04.000Z,2026-07-21T18:50:04.000Z
"https://leetcode.com/problems/reverse-pairs/","Reverse Pairs","DIVIDE AND CONQUER","HARD",1169952,,"CLEAR",,false,2026-07-21T18:50:04.000Z,2026-07-21T18:50:04.000Z
"https://leetcode.com/problems/search-a-2d-matrix-ii/","Search a 2D Matrix II","DIVIDE AND CONQUER","MEDIUM",2543959,,"CLEAR",,false,2026-07-21T18:50:04.000Z,2026-07-21T18:50:04.000Z
"https://leetcode.com/problems/sort-an-array/","Sort an Array","DIVIDE AND CONQUER","MEDIUM",2181144,,"CLEAR",,false,2026-07-21T18:50:04.000Z,2026-07-21T18:50:04.000Z
"https://leetcode.com/problems/sort-list/","Sort List","DIVIDE AND CONQUER","MEDIUM",2108148,,"CLEAR",,false,2026-07-21T18:50:04.000Z,2026-07-21T18:50:04.000Z
"https://leetcode.com/problems/special-binary-string/","Special Binary String","DIVIDE AND CONQUER","HARD",129646,,"CLEAR",,false,2026-07-21T18:50:04.000Z,2026-07-21T18:50:04.000Z
"https://leetcode.com/problems/sum-of-k-digit-numbers-in-a-range/","Sum of K-Digit Numbers in a Range","DIVIDE AND CONQUER","HARD",14344,,"CLEAR",,false,2026-07-21T18:50:04.000Z,2026-07-21T18:50:04.000Z
"https://leetcode.com/problems/super-pow/","Super Pow","DIVIDE AND CONQUER","MEDIUM",296473,,"CLEAR",,false,2026-07-21T18:50:04.000Z,2026-07-21T18:50:04.000Z
"https://leetcode.com/problems/the-skyline-problem/","The Skyline Problem","DIVIDE AND CONQUER","HARD",798256,,"CLEAR",,false,2026-07-21T18:50:04.000Z,2026-07-21T18:50:04.000Z
"https://leetcode.com/problems/threshold-majority-queries/","Threshold Majority Queries","DIVIDE AND CONQUER","HARD",22969,,"CLEAR",,false,2026-07-21T18:50:04.000Z,2026-07-21T18:50:04.000Z
"https://leetcode.com/problems/top-k-frequent-elements/","Top K Frequent Elements","DIVIDE AND CONQUER","MEDIUM",5775927,,"CLEAR",,false,2026-07-21T18:50:04.000Z,2026-07-21T18:50:04.000Z
"https://leetcode.com/problems/xor-after-range-multiplication-queries-i/","XOR After Range Multiplication Queries I","DIVIDE AND CONQUER","MEDIUM",187670,,"CLEAR",,false,2026-07-21T18:50:04.000Z,2026-07-21T18:50:04.000Z
"https://leetcode.com/problems/xor-after-range-multiplication-queries-ii/","XOR After Range Multiplication Queries II","DIVIDE AND CONQUER","HARD",148801,,"CLEAR",,false,2026-07-21T18:50:04.000Z,2026-07-21T18:50:04.000Z
"https://leetcode.com/problems/all-oone-data-structure/","All O`one Data Structure","DOUBLY-LINKED LIST","HARD",482072,,"CLEAR",,false,2026-07-21T18:50:04.000Z,2026-07-21T18:50:04.000Z
"https://leetcode.com/problems/convert-doubly-linked-list-to-array-i/","Convert Doubly Linked List to Array I","DOUBLY-LINKED LIST","EASY",10603,,"LOCKED",,false,2026-07-21T18:50:04.000Z,2026-07-21T18:50:04.000Z
"https://leetcode.com/problems/convert-doubly-linked-list-to-array-ii/","Convert Doubly Linked List to Array II","DOUBLY-LINKED LIST","MEDIUM",4704,,"LOCKED",,false,2026-07-21T18:50:04.000Z,2026-07-21T18:50:04.000Z
"https://leetcode.com/problems/design-a-text-editor/","Design a Text Editor","DOUBLY-LINKED LIST","HARD",91008,,"CLEAR",,false,2026-07-21T18:50:04.000Z,2026-07-21T18:50:04.000Z
"https://leetcode.com/problems/design-authentication-manager/","Design Authentication Manager","DOUBLY-LINKED LIST","MEDIUM",108882,,"CLEAR",,false,2026-07-21T18:50:04.000Z,2026-07-21T18:50:04.000Z
"https://leetcode.com/problems/design-browser-history/","Design Browser History","DOUBLY-LINKED LIST","MEDIUM",461233,,"SUCCESS","class BrowserHistory {
    int current;
    vector<string> history;

public:
    BrowserHistory(string homepage) {
        current = 0;
        history.push_back(homepage);
    }

    // void visit(string url) {
    //     vector<string> new_history(history.begin(),
    //                                history.begin() + current + 1);
    //     new_history.push_back(url);
    //     current++;
    //     history = new_history;
    // }

    void visit(string url) {
        history.erase(history.begin() + current + 1, history.end());
        history.push_back(url);
        current++;
    }

    string back(int steps) {
        current = max(0, current - steps);
        return history[current];
    }

    string forward(int steps) {
        int n = history.size();
        current = min(n - 1, current + steps);
        return history[current];
    }
};

/**
 * Your BrowserHistory object will be instantiated and called as such:
 * BrowserHistory* obj = new BrowserHistory(homepage);
 * obj->visit(url);
 * string param_2 = obj->back(steps);
 * string param_3 = obj->forward(steps);
 */",false,2026-07-21T18:50:04.000Z,2026-08-28T20:03:52.665Z
"https://leetcode.com/problems/design-front-middle-back-queue/","Design Front Middle Back Queue","DOUBLY-LINKED LIST","MEDIUM",85131,,"CLEAR",,false,2026-07-21T18:50:04.000Z,2026-07-21T18:50:04.000Z
"https://leetcode.com/problems/lfu-cache/","LFU Cache","DOUBLY-LINKED LIST","HARD",829431,,"CLEAR",,false,2026-07-21T18:50:04.000Z,2026-07-21T18:50:04.000Z
"https://leetcode.com/problems/lru-cache/","LRU Cache","DOUBLY-LINKED LIST","MEDIUM",5745082,,"CLEAR",,false,2026-07-21T18:50:04.000Z,2026-07-21T18:50:04.000Z
"https://leetcode.com/problems/max-stack/","Max Stack","DOUBLY-LINKED LIST","HARD",408354,,"LOCKED",,false,2026-07-21T18:50:04.000Z,2026-07-21T18:50:04.000Z
"https://leetcode.com/problems/minimum-pair-removal-to-sort-array-i/","Minimum Pair Removal to Sort Array I","DOUBLY-LINKED LIST","EASY",238656,,"CLEAR",,false,2026-07-21T18:50:04.000Z,2026-07-21T18:50:04.000Z
"https://leetcode.com/problems/minimum-pair-removal-to-sort-array-ii/","Minimum Pair Removal to Sort Array II","DOUBLY-LINKED LIST","HARD",173947,,"CLEAR",,false,2026-07-21T18:50:04.000Z,2026-07-21T18:50:04.000Z
"https://leetcode.com/problems/check-if-there-is-a-valid-parentheses-string-path/"," Check if There Is a Valid Parentheses String Path","DYNAMIC PROGRAMMING","HARD",52902,,"CLEAR",,true,2026-07-21T18:50:04.000Z,2026-08-28T15:52:13.468Z
"https://leetcode.com/problems/01-matrix/","01 Matrix","DYNAMIC PROGRAMMING","MEDIUM",1781342,,"CLEAR",,true,2026-07-21T18:50:04.000Z,2026-08-28T15:52:13.468Z
"https://leetcode.com/problems/2-keys-keyboard/","2 Keys Keyboard","DYNAMIC PROGRAMMING","MEDIUM",513544,,"CLEAR",,true,2026-07-21T18:50:04.000Z,2026-08-28T15:52:13.468Z
"https://leetcode.com/problems/4-keys-keyboard/","4 Keys Keyboard","DYNAMIC PROGRAMMING","MEDIUM",64635,,"LOCKED",,true,2026-07-21T18:50:04.000Z,2026-08-28T15:52:13.468Z
"https://leetcode.com/problems/airplane-seat-assignment-probability/","Airplane Seat Assignment Probability","DYNAMIC PROGRAMMING","MEDIUM",91949,,"CLEAR",,true,2026-07-21T18:50:04.000Z,2026-08-28T15:52:13.468Z
"https://leetcode.com/problems/all-possible-full-binary-trees/","All Possible Full Binary Trees","DYNAMIC PROGRAMMING","MEDIUM",265536,,"CLEAR",,true,2026-07-21T18:50:04.000Z,2026-08-28T15:52:13.468Z
"https://leetcode.com/problems/allocate-mailboxes/","Allocate Mailboxes","DYNAMIC PROGRAMMING","HARD",63407,,"CLEAR",,true,2026-07-21T18:50:04.000Z,2026-08-28T15:52:13.468Z
"https://leetcode.com/problems/apply-operations-to-make-two-strings-equal/","Apply Operations to Make Two Strings Equal","DYNAMIC PROGRAMMING","MEDIUM",58037,,"CLEAR",,true,2026-07-21T18:50:04.000Z,2026-08-28T15:52:13.468Z
"https://leetcode.com/problems/arithmetic-slices/","Arithmetic Slices","DYNAMIC PROGRAMMING","MEDIUM",588981,,"CLEAR",,true,2026-07-21T18:50:04.000Z,2026-08-28T15:52:13.468Z
"https://leetcode.com/problems/arithmetic-slices-ii-subsequence/","Arithmetic Slices II - Subsequence","DYNAMIC PROGRAMMING","HARD",315335,,"CLEAR",,true,2026-07-21T18:50:04.000Z,2026-08-28T15:52:13.468Z
"https://leetcode.com/problems/as-far-from-land-as-possible/","As Far from Land as Possible","DYNAMIC PROGRAMMING","MEDIUM",369258,,"CLEAR",,true,2026-07-21T18:50:04.000Z,2026-08-28T15:52:13.468Z
"https://leetcode.com/problems/best-sightseeing-pair/","Best Sightseeing Pair","DYNAMIC PROGRAMMING","MEDIUM",358599,,"CLEAR",,true,2026-07-21T18:50:04.000Z,2026-08-28T15:52:13.468Z
"https://leetcode.com/problems/best-team-with-no-conflicts/","Best Team With No Conflicts","DYNAMIC PROGRAMMING","MEDIUM",203156,,"CLEAR",,true,2026-07-21T18:50:04.000Z,2026-08-28T15:52:13.468Z
"https://leetcode.com/problems/best-time-to-buy-and-sell-stock/","Best Time to Buy and Sell Stock","DYNAMIC PROGRAMMING","EASY",14965626,,"SUCCESS","class Solution {
public:
    int maxProfit(vector<int>& prices) {
        int n = prices.size();
        if (n < 2) {
            return 0;
        }

        int maxi = prices[n - 1];
        int profit = 0;
        n -= 2;

        while (n >= 0) {
            profit = max(profit, maxi - prices[n]);
            maxi = max(maxi, prices[n]);
            n--;
        }

        return profit;
    }
};",true,2026-07-21T18:50:04.000Z,2026-08-29T16:22:36.050Z
"https://leetcode.com/problems/best-time-to-buy-and-sell-stock-ii/","Best Time to Buy and Sell Stock II","DYNAMIC PROGRAMMING","MEDIUM",4476695,,"CLEAR",,true,2026-07-21T18:50:04.000Z,2026-08-28T15:52:13.468Z
"https://leetcode.com/problems/best-time-to-buy-and-sell-stock-iii/","Best Time to Buy and Sell Stock III","DYNAMIC PROGRAMMING","HARD",1897080,,"CLEAR",,true,2026-07-21T18:50:04.000Z,2026-08-28T15:52:13.468Z
"https://leetcode.com/problems/best-time-to-buy-and-sell-stock-iv/","Best Time to Buy and Sell Stock IV","DYNAMIC PROGRAMMING","HARD",1506327,,"CLEAR",,true,2026-07-21T18:50:04.000Z,2026-08-28T15:52:13.468Z
"https://leetcode.com/problems/best-time-to-buy-and-sell-stock-v/","Best Time to Buy and Sell Stock V","DYNAMIC PROGRAMMING","MEDIUM",141223,,"CLEAR",,true,2026-07-21T18:50:04.000Z,2026-08-28T15:52:13.468Z
"https://leetcode.com/problems/best-time-to-buy-and-sell-stock-with-cooldown/","Best Time to Buy and Sell Stock with Cooldown","DYNAMIC PROGRAMMING","MEDIUM",1311948,,"CLEAR",,true,2026-07-21T18:50:04.000Z,2026-08-28T15:52:13.468Z
"https://leetcode.com/problems/best-time-to-buy-and-sell-stock-with-transaction-fee/","Best Time to Buy and Sell Stock with Transaction Fee","DYNAMIC PROGRAMMING","MEDIUM",854605,,"CLEAR",,true,2026-07-21T18:50:04.000Z,2026-08-28T15:52:13.468Z
"https://leetcode.com/problems/binary-tree-cameras/","Binary Tree Cameras","DYNAMIC PROGRAMMING","HARD",414278,,"CLEAR",,true,2026-07-21T18:50:04.000Z,2026-08-28T15:52:13.468Z
"https://leetcode.com/problems/binary-tree-maximum-path-sum/","Binary Tree Maximum Path Sum","DYNAMIC PROGRAMMING","HARD",4768531,,"CLEAR",,true,2026-07-21T18:50:04.000Z,2026-08-28T15:52:13.468Z
"https://leetcode.com/problems/binary-trees-with-factors/","Binary Trees With Factors","DYNAMIC PROGRAMMING","MEDIUM",304671,,"CLEAR",,true,2026-07-21T18:50:04.000Z,2026-08-28T15:52:13.468Z
"https://leetcode.com/problems/bomb-enemy/","Bomb Enemy","DYNAMIC PROGRAMMING","MEDIUM",165270,,"LOCKED",,true,2026-07-21T18:50:04.000Z,2026-08-28T15:52:13.468Z
"https://leetcode.com/problems/build-array-where-you-can-find-the-maximum-exactly-k-comparisons/","Build Array Where You Can Find The Maximum Exactly K Comparisons","DYNAMIC PROGRAMMING","HARD",116016,,"CLEAR",,true,2026-07-21T18:50:04.000Z,2026-08-28T15:52:13.468Z
"https://leetcode.com/problems/burst-balloons/","Burst Balloons","DYNAMIC PROGRAMMING","HARD",753802,,"CLEAR",,true,2026-07-21T18:50:04.000Z,2026-08-28T15:52:13.468Z
"https://leetcode.com/problems/cat-and-mouse/","Cat and Mouse","DYNAMIC PROGRAMMING","HARD",83270,,"CLEAR",,true,2026-07-21T18:50:04.000Z,2026-08-28T15:52:13.468Z
"https://leetcode.com/problems/cat-and-mouse-ii/","Cat and Mouse II","DYNAMIC PROGRAMMING","HARD",25228,,"CLEAR",,true,2026-07-21T18:50:04.000Z,2026-08-28T15:52:13.468Z
"https://leetcode.com/problems/champagne-tower/","Champagne Tower","DYNAMIC PROGRAMMING","MEDIUM",401638,,"CLEAR",,true,2026-07-21T18:50:04.000Z,2026-08-28T15:52:13.468Z
"https://leetcode.com/problems/cheapest-flights-within-k-stops/","Cheapest Flights Within K Stops","DYNAMIC PROGRAMMING","MEDIUM",2365813,,"CLEAR",,true,2026-07-21T18:50:04.000Z,2026-08-28T15:52:13.468Z
"https://leetcode.com/problems/check-if-an-original-string-exists-given-two-encoded-strings/","Check if an Original String Exists Given Two Encoded Strings","DYNAMIC PROGRAMMING","HARD",46949,,"CLEAR",,true,2026-07-21T18:50:04.000Z,2026-08-28T15:52:13.468Z
"https://leetcode.com/problems/check-if-it-is-possible-to-split-array/","Check if it is Possible to Split Array","DYNAMIC PROGRAMMING","MEDIUM",99954,,"CLEAR",,true,2026-07-21T18:50:04.000Z,2026-08-28T15:52:13.468Z
"https://leetcode.com/problems/check-if-there-is-a-path-with-equal-number-of-0s-and-1s/","Check if There is a Path With Equal Number of 0's And 1's","DYNAMIC PROGRAMMING","MEDIUM",16019,,"LOCKED",,true,2026-07-21T18:50:04.000Z,2026-08-28T15:52:13.468Z
"https://leetcode.com/problems/check-if-there-is-a-valid-partition-for-the-array/","Check if There is a Valid Partition For The Array","DYNAMIC PROGRAMMING","MEDIUM",199964,,"CLEAR",,true,2026-07-21T18:50:04.000Z,2026-08-28T15:52:13.468Z
"https://leetcode.com/problems/cherry-pickup/","Cherry Pickup","DYNAMIC PROGRAMMING","HARD",302726,,"CLEAR",,true,2026-07-21T18:50:04.000Z,2026-08-28T15:52:13.468Z
"https://leetcode.com/problems/cherry-pickup-ii/","Cherry Pickup II","DYNAMIC PROGRAMMING","HARD",353604,,"CLEAR",,true,2026-07-21T18:50:04.000Z,2026-08-28T15:52:13.468Z
"https://leetcode.com/problems/choose-edges-to-maximize-score-in-a-tree/","Choose Edges to Maximize Score in a Tree","DYNAMIC PROGRAMMING","MEDIUM",4025,,"LOCKED",,true,2026-07-21T18:50:04.000Z,2026-08-28T15:52:13.468Z
"https://leetcode.com/problems/choose-numbers-from-two-arrays-in-range/","Choose Numbers From Two Arrays in Range","DYNAMIC PROGRAMMING","HARD",2780,,"LOCKED",,true,2026-07-21T18:50:04.000Z,2026-08-28T15:52:13.468Z
"https://leetcode.com/problems/climbing-stairs/","Climbing Stairs","DYNAMIC PROGRAMMING","EASY",10104577,,"CLEAR",,true,2026-07-21T18:50:04.000Z,2026-08-28T15:52:13.468Z
"https://leetcode.com/problems/climbing-stairs-ii/","Climbing Stairs II","DYNAMIC PROGRAMMING","MEDIUM",58249,,"CLEAR",,true,2026-07-21T18:50:04.000Z,2026-08-28T15:52:13.468Z
"https://leetcode.com/problems/closest-dessert-cost/","Closest Dessert Cost","DYNAMIC PROGRAMMING","MEDIUM",83003,,"CLEAR",,true,2026-07-21T18:50:04.000Z,2026-08-28T15:52:13.468Z
"https://leetcode.com/problems/coin-change/","Coin Change","DYNAMIC PROGRAMMING","MEDIUM",6227660,,"SUCCESS","#define MAX 10001
class Solution {
public:
    int recur(vector<int>& coins, int amount) {
        if (amount == 0) {
            return 0;
        }
        if (amount < 0) {
            return MAX;
        }
        int ans = MAX;
        for (auto coin : coins) {
            ans = min(ans, 1 + recur(coins, amount - coin));
        }
        return ans;
    }
    int use_recur(vector<int>& coins, int amount) {
        int ans = recur(coins, amount);
        return ans == MAX ? -1 : ans;
    }
    int memo(vector<int>& coins, int amount, vector<int>& dp) {
        if (amount == 0) {
            return 0;
        }
        if (amount < 0) {
            return MAX;
        }
        if (dp[amount] < MAX) {
            return dp[amount];
        }
        int ans = MAX;
        for (auto coin : coins) {
            ans = min(ans, 1 + memo(coins, amount - coin, dp));
        }
        return dp[amount] = ans;
    }
    int use_memo(vector<int>& coins, int amount) {
        vector<int> dp(amount + 1, MAX);
        int ans = memo(coins, amount, dp);
        return ans == MAX ? -1 : ans;
    }
    int tab(vector<int>& coins, int amount) {
        vector<int> dp(amount + 1, MAX);
        dp[0] = 0;
        int i = 1;
        while (i <= amount) {
            for (auto coin : coins) {
                if (i >= coin) {
                    dp[i] = min(dp[i], 1 + dp[i - coin]);
                }
            }
            i++;
        }
        return dp[amount] == MAX ? -1 : dp[amount];
    }
    int coinChange(vector<int>& coins, int amount) {
        // return use_recur(coins, amount);
        // return use_memo(coins, amount);
        return tab(coins, amount);
    }
};",true,2026-07-21T18:50:04.000Z,2026-09-04T00:02:44.097Z
"https://leetcode.com/problems/coin-change-ii/","Coin Change II","DYNAMIC PROGRAMMING","MEDIUM",1853454,,"CLEAR",,true,2026-07-21T18:50:04.000Z,2026-08-28T15:52:13.468Z
"https://leetcode.com/problems/coin-path/","Coin Path","DYNAMIC PROGRAMMING","HARD",50901,,"LOCKED",,true,2026-07-21T18:50:04.000Z,2026-08-28T15:52:13.468Z
"https://leetcode.com/problems/combination-sum-iv/","Combination Sum IV","DYNAMIC PROGRAMMING","MEDIUM",1135688,,"CLEAR",,true,2026-07-21T18:50:04.000Z,2026-08-28T15:52:13.468Z
"https://leetcode.com/problems/concatenated-words/","Concatenated Words","DYNAMIC PROGRAMMING","HARD",551039,,"CLEAR",,true,2026-07-21T18:50:04.000Z,2026-08-28T15:52:13.468Z
"https://leetcode.com/problems/constrained-subsequence-sum/","Constrained Subsequence Sum","DYNAMIC PROGRAMMING","HARD",170836,,"CLEAR",,true,2026-07-21T18:50:04.000Z,2026-08-28T15:52:13.468Z
"https://leetcode.com/problems/construct-string-with-minimum-cost/","Construct String with Minimum Cost","DYNAMIC PROGRAMMING","HARD",72088,,"CLEAR",,true,2026-07-21T18:50:04.000Z,2026-08-28T15:52:13.468Z
"https://leetcode.com/problems/construct-the-longest-new-string/","Construct the Longest New String","DYNAMIC PROGRAMMING","MEDIUM",51000,,"CLEAR",,true,2026-07-21T18:50:04.000Z,2026-08-28T15:52:13.468Z
"https://leetcode.com/problems/constructing-two-increasing-arrays/","Constructing Two Increasing Arrays","DYNAMIC PROGRAMMING","HARD",916,,"LOCKED",,true,2026-07-21T18:50:04.000Z,2026-08-28T15:52:13.468Z
"https://leetcode.com/problems/count-all-possible-routes/","Count All Possible Routes","DYNAMIC PROGRAMMING","HARD",105181,,"CLEAR",,true,2026-07-21T18:50:04.000Z,2026-08-28T15:52:13.468Z
"https://leetcode.com/problems/count-all-valid-pickup-and-delivery-options/","Count All Valid Pickup and Delivery Options","DYNAMIC PROGRAMMING","HARD",210461,,"CLEAR",,true,2026-07-21T18:50:04.000Z,2026-08-28T15:52:13.468Z
"https://leetcode.com/problems/count-beautiful-numbers/","Count Beautiful Numbers","DYNAMIC PROGRAMMING","HARD",25472,,"CLEAR",,true,2026-07-21T18:50:04.000Z,2026-08-28T15:52:13.468Z
"https://leetcode.com/problems/count-beautiful-splits-in-an-array/","Count Beautiful Splits in an Array","DYNAMIC PROGRAMMING","MEDIUM",44751,,"CLEAR",,true,2026-07-21T18:50:04.000Z,2026-08-28T15:52:13.468Z
"https://leetcode.com/problems/count-different-palindromic-subsequences/","Count Different Palindromic Subsequences","DYNAMIC PROGRAMMING","HARD",98762,,"CLEAR",,true,2026-07-21T18:50:04.000Z,2026-08-28T15:52:13.468Z
"https://leetcode.com/problems/count-distinct-integers-after-removing-zeros/","Count Distinct Integers After Removing Zeros","DYNAMIC PROGRAMMING","MEDIUM",71491,,"CLEAR",,true,2026-07-21T18:50:04.000Z,2026-08-28T15:52:13.468Z
"https://leetcode.com/problems/count-distinct-ways-to-form-target-from-two-strings/","Count Distinct Ways to Form Target from Two Strings","DYNAMIC PROGRAMMING","HARD",17387,,"CLEAR",,false,2026-07-21T18:50:04.000Z,2026-07-21T18:50:04.000Z
"https://leetcode.com/problems/count-fancy-numbers-in-a-range/","Count Fancy Numbers in a Range","DYNAMIC PROGRAMMING","HARD",20644,,"CLEAR",,true,2026-07-21T18:50:04.000Z,2026-08-28T15:52:13.468Z
"https://leetcode.com/problems/count-fertile-pyramids-in-a-land/","Count Fertile Pyramids in a Land","DYNAMIC PROGRAMMING","HARD",20915,,"CLEAR",,true,2026-07-21T18:50:04.000Z,2026-08-28T15:52:13.468Z
"https://leetcode.com/problems/count-good-integers-in-a-range/","Count Good Integers in a Range","DYNAMIC PROGRAMMING","HARD",18793,,"CLEAR",,false,2026-07-21T18:50:04.000Z,2026-07-21T18:50:04.000Z
"https://leetcode.com/problems/count-good-integers-on-a-grid-path/","Count Good Integers on a Grid Path","DYNAMIC PROGRAMMING","HARD",15797,,"CLEAR",,true,2026-07-21T18:50:04.000Z,2026-08-28T15:52:13.468Z
"https://leetcode.com/problems/count-increasing-quadruplets/","Count Increasing Quadruplets","DYNAMIC PROGRAMMING","HARD",37519,,"CLEAR",,true,2026-07-21T18:50:04.000Z,2026-08-28T15:52:13.468Z
"https://leetcode.com/problems/count-k-reducible-numbers-less-than-n/","Count K-Reducible Numbers Less Than N","DYNAMIC PROGRAMMING","HARD",17844,,"CLEAR",,true,2026-07-21T18:50:04.000Z,2026-08-28T15:52:13.468Z
"https://leetcode.com/problems/count-no-zero-pairs-that-sum-to-n/","Count No-Zero Pairs That Sum to N","DYNAMIC PROGRAMMING","HARD",37953,,"CLEAR",,true,2026-07-21T18:50:04.000Z,2026-08-28T15:52:13.468Z
"https://leetcode.com/problems/count-non-adjacent-subsets-in-a-rooted-tree/","Count Non Adjacent Subsets in a Rooted Tree","DYNAMIC PROGRAMMING","HARD",7619,,"CLEAR",,true,2026-07-21T18:50:04.000Z,2026-08-28T15:52:13.468Z
"https://leetcode.com/problems/count-non-decreasing-arrays-with-given-digit-sums/","Count Non Decreasing Arrays With Given Digit Sums","DYNAMIC PROGRAMMING","HARD",17167,,"CLEAR",,true,2026-07-21T18:50:04.000Z,2026-08-28T15:52:13.468Z
"https://leetcode.com/problems/count-number-of-balanced-permutations/","Count Number of Balanced Permutations","DYNAMIC PROGRAMMING","HARD",122688,,"CLEAR",,true,2026-07-21T18:50:04.000Z,2026-08-28T15:52:13.468Z
"https://leetcode.com/problems/count-number-of-possible-root-nodes/","Count Number of Possible Root Nodes","DYNAMIC PROGRAMMING","HARD",20335,,"CLEAR",,true,2026-07-21T18:50:04.000Z,2026-08-28T15:52:13.468Z
"https://leetcode.com/problems/count-number-of-special-subsequences/","Count Number of Special Subsequences","DYNAMIC PROGRAMMING","HARD",30738,,"CLEAR",,true,2026-07-21T18:50:04.000Z,2026-08-28T15:52:13.468Z
"https://leetcode.com/problems/count-number-of-teams/","Count Number of Teams","DYNAMIC PROGRAMMING","MEDIUM",354045,,"CLEAR",,true,2026-07-21T18:50:04.000Z,2026-08-28T15:52:13.468Z
"https://leetcode.com/problems/count-number-of-texts/","Count Number of Texts","DYNAMIC PROGRAMMING","MEDIUM",62501,,"CLEAR",,true,2026-07-21T18:50:04.000Z,2026-08-28T15:52:13.468Z
"https://leetcode.com/problems/count-number-of-ways-to-place-houses/","Count Number of Ways to Place Houses","DYNAMIC PROGRAMMING","MEDIUM",87343,,"CLEAR",,true,2026-07-21T18:50:04.000Z,2026-08-28T15:52:13.468Z
"https://leetcode.com/problems/count-numbers-with-non-decreasing-digits/","Count Numbers with Non-Decreasing Digits ","DYNAMIC PROGRAMMING","HARD",19164,,"CLEAR",,true,2026-07-21T18:50:04.000Z,2026-08-28T15:52:13.468Z
"https://leetcode.com/problems/count-numbers-with-unique-digits/","Count Numbers with Unique Digits","DYNAMIC PROGRAMMING","MEDIUM",352603,,"CLEAR",,true,2026-07-21T18:50:04.000Z,2026-08-28T15:52:13.468Z
"https://leetcode.com/problems/count-numbers-with-unique-digits-ii/","Count Numbers With Unique Digits II","DYNAMIC PROGRAMMING","EASY",10217,,"LOCKED",,true,2026-07-21T18:50:04.000Z,2026-08-28T15:52:13.468Z
"https://leetcode.com/problems/count-of-integers/","Count of Integers","DYNAMIC PROGRAMMING","HARD",58870,,"CLEAR",,true,2026-07-21T18:50:04.000Z,2026-08-28T15:52:13.468Z
"https://leetcode.com/problems/count-of-sub-multisets-with-bounded-sum/","Count of Sub-Multisets With Bounded Sum","DYNAMIC PROGRAMMING","HARD",28765,,"CLEAR",,true,2026-07-21T18:50:04.000Z,2026-08-28T15:52:13.468Z
"https://leetcode.com/problems/count-palindromic-subsequences/","Count Palindromic Subsequences","DYNAMIC PROGRAMMING","HARD",59203,,"CLEAR",,true,2026-07-21T18:50:04.000Z,2026-08-28T15:52:13.468Z
"https://leetcode.com/problems/count-partitions-with-max-min-difference-at-most-k/","Count Partitions With Max-Min Difference at Most K","DYNAMIC PROGRAMMING","MEDIUM",115988,,"CLEAR",,true,2026-07-21T18:50:04.000Z,2026-08-28T15:52:13.468Z
"https://leetcode.com/problems/count-routes-to-climb-a-rectangular-grid/","Count Routes to Climb a Rectangular Grid","DYNAMIC PROGRAMMING","HARD",16185,,"CLEAR",,true,2026-07-21T18:50:04.000Z,2026-08-28T15:52:13.468Z
"https://leetcode.com/problems/count-sequences-to-k/","Count Sequences to K","DYNAMIC PROGRAMMING","HARD",45645,,"CLEAR",,true,2026-07-21T18:50:04.000Z,2026-08-28T15:52:13.468Z
"https://leetcode.com/problems/count-sorted-vowel-strings/","Count Sorted Vowel Strings","DYNAMIC PROGRAMMING","MEDIUM",265780,,"CLEAR",,true,2026-07-21T18:50:04.000Z,2026-08-28T15:52:13.468Z
"https://leetcode.com/problems/count-special-integers/","Count Special Integers","DYNAMIC PROGRAMMING","HARD",44822,,"CLEAR",,true,2026-07-21T18:50:04.000Z,2026-08-28T15:52:13.468Z
"https://leetcode.com/problems/count-square-submatrices-with-all-ones/","Count Square Submatrices with All Ones","DYNAMIC PROGRAMMING","MEDIUM",618756,,"CLEAR",,true,2026-07-21T18:50:04.000Z,2026-08-28T15:52:13.468Z
"https://leetcode.com/problems/count-stepping-numbers-in-range/","Count Stepping Numbers in Range","DYNAMIC PROGRAMMING","HARD",42146,,"CLEAR",,true,2026-07-21T18:50:04.000Z,2026-08-28T15:52:13.468Z
"https://leetcode.com/problems/count-strictly-increasing-subarrays/","Count Strictly Increasing Subarrays","DYNAMIC PROGRAMMING","MEDIUM",11933,,"LOCKED",,true,2026-07-21T18:50:04.000Z,2026-08-28T15:52:13.468Z
"https://leetcode.com/problems/count-submatrices-with-all-ones/","Count Submatrices With All Ones","DYNAMIC PROGRAMMING","MEDIUM",213234,,"CLEAR",,true,2026-07-21T18:50:04.000Z,2026-08-28T15:52:13.468Z
"https://leetcode.com/problems/count-substrings-divisible-by-last-digit/","Count Substrings Divisible By Last Digit","DYNAMIC PROGRAMMING","HARD",28007,,"CLEAR",,true,2026-07-21T18:50:04.000Z,2026-08-28T15:52:13.468Z
"https://leetcode.com/problems/count-substrings-that-differ-by-one-character/","Count Substrings That Differ by One Character","DYNAMIC PROGRAMMING","MEDIUM",54092,,"CLEAR",,true,2026-07-21T18:50:04.000Z,2026-08-28T15:52:13.468Z
"https://leetcode.com/problems/count-the-number-of-ideal-arrays/","Count the Number of Ideal Arrays","DYNAMIC PROGRAMMING","HARD",125131,,"CLEAR",,true,2026-07-21T18:50:04.000Z,2026-08-28T15:52:13.468Z
"https://leetcode.com/problems/count-the-number-of-inversions/","Count the Number of Inversions","DYNAMIC PROGRAMMING","HARD",37806,,"CLEAR",,true,2026-07-21T18:50:04.000Z,2026-08-28T15:52:13.468Z
"https://leetcode.com/problems/count-the-number-of-k-free-subsets/","Count the Number of K-Free Subsets","DYNAMIC PROGRAMMING","MEDIUM",11453,,"LOCKED",,true,2026-07-21T18:50:04.000Z,2026-08-28T15:52:13.468Z
"https://leetcode.com/problems/count-the-number-of-powerful-integers/","Count the Number of Powerful Integers","DYNAMIC PROGRAMMING","HARD",171441,,"CLEAR",,true,2026-07-21T18:50:04.000Z,2026-08-28T15:52:13.468Z
"https://leetcode.com/problems/count-the-number-of-winning-sequences/","Count The Number of Winning Sequences","DYNAMIC PROGRAMMING","HARD",35211,,"CLEAR",,true,2026-07-21T18:50:04.000Z,2026-08-28T15:52:13.468Z
"https://leetcode.com/problems/count-the-repetitions/","Count The Repetitions","DYNAMIC PROGRAMMING","HARD",90118,,"CLEAR",,true,2026-07-21T18:50:04.000Z,2026-08-28T15:52:13.468Z
"https://leetcode.com/problems/count-unique-characters-of-all-substrings-of-a-given-string/","Count Unique Characters of All Substrings of a Given String","DYNAMIC PROGRAMMING","HARD",160339,,"CLEAR",,true,2026-07-21T18:50:04.000Z,2026-08-28T15:52:13.468Z
"https://leetcode.com/problems/count-valid-paths-in-a-tree/","Count Valid Paths in a Tree","DYNAMIC PROGRAMMING","HARD",29600,,"CLEAR",,true,2026-07-21T18:50:04.000Z,2026-08-28T15:52:13.468Z
"https://leetcode.com/problems/count-visited-nodes-in-a-directed-graph/","Count Visited Nodes in a Directed Graph","DYNAMIC PROGRAMMING","HARD",49875,,"CLEAR",,true,2026-07-21T18:50:04.000Z,2026-08-28T15:52:13.468Z
"https://leetcode.com/problems/count-vowels-permutation/","Count Vowels Permutation","DYNAMIC PROGRAMMING","HARD",304432,,"CLEAR",,true,2026-07-21T18:50:04.000Z,2026-08-28T15:52:13.468Z
"https://leetcode.com/problems/count-ways-to-build-good-strings/","Count Ways To Build Good Strings","DYNAMIC PROGRAMMING","MEDIUM",315638,,"CLEAR",,true,2026-07-21T18:50:04.000Z,2026-08-28T15:52:13.468Z
"https://leetcode.com/problems/count-ways-to-build-rooms-in-an-ant-colony/","Count Ways to Build Rooms in an Ant Colony","DYNAMIC PROGRAMMING","HARD",23368,,"CLEAR",,true,2026-07-21T18:50:04.000Z,2026-08-28T15:52:13.468Z
"https://leetcode.com/problems/count-ways-to-choose-coprime-integers-from-rows/","Count Ways to Choose Coprime Integers from Rows","DYNAMIC PROGRAMMING","HARD",21020,,"CLEAR",,true,2026-07-21T18:50:04.000Z,2026-08-28T15:52:13.468Z
"https://leetcode.com/problems/count-ways-to-distribute-candies/","Count Ways to Distribute Candies","DYNAMIC PROGRAMMING","HARD",5117,,"LOCKED",,true,2026-07-21T18:50:04.000Z,2026-08-28T15:52:13.468Z
"https://leetcode.com/problems/count-ways-to-make-array-with-product/","Count Ways to Make Array With Product","DYNAMIC PROGRAMMING","HARD",18755,,"CLEAR",,true,2026-07-21T18:50:04.000Z,2026-08-28T15:52:13.468Z
"https://leetcode.com/problems/decode-ways/","Decode Ways","DYNAMIC PROGRAMMING","MEDIUM",4519339,,"CLEAR",,true,2026-07-21T18:50:04.000Z,2026-08-28T15:52:13.468Z
"https://leetcode.com/problems/decode-ways-ii/","Decode Ways II","DYNAMIC PROGRAMMING","HARD",288145,,"CLEAR",,true,2026-07-21T18:50:04.000Z,2026-08-28T15:52:13.468Z
"https://leetcode.com/problems/decremental-string-concatenation/","Decremental String Concatenation","DYNAMIC PROGRAMMING","MEDIUM",41494,,"CLEAR",,true,2026-07-21T18:50:04.000Z,2026-08-28T15:52:13.468Z
"https://leetcode.com/problems/delete-and-earn/","Delete and Earn","DYNAMIC PROGRAMMING","MEDIUM",821388,,"CLEAR",,true,2026-07-21T18:50:04.000Z,2026-08-28T15:52:13.468Z
"https://leetcode.com/problems/delete-columns-to-make-sorted-iii/","Delete Columns to Make Sorted III","DYNAMIC PROGRAMMING","HARD",104503,,"CLEAR",,true,2026-07-21T18:50:04.000Z,2026-08-28T15:52:13.468Z
"https://leetcode.com/problems/delete-operation-for-two-strings/","Delete Operation for Two Strings","DYNAMIC PROGRAMMING","MEDIUM",646792,,"CLEAR",,true,2026-07-21T18:50:04.000Z,2026-08-28T15:52:13.468Z
"https://leetcode.com/problems/delivering-boxes-from-storage-to-ports/","Delivering Boxes from Storage to Ports","DYNAMIC PROGRAMMING","HARD",24592,,"CLEAR",,true,2026-07-21T18:50:04.000Z,2026-08-28T15:52:13.468Z
"https://leetcode.com/problems/dice-roll-simulation/","Dice Roll Simulation","DYNAMIC PROGRAMMING","HARD",77416,,"CLEAR",,true,2026-07-21T18:50:04.000Z,2026-08-28T15:52:13.468Z
"https://leetcode.com/problems/difference-between-maximum-and-minimum-price-sum/","Difference Between Maximum and Minimum Price Sum","DYNAMIC PROGRAMMING","HARD",35501,,"CLEAR",,true,2026-07-21T18:50:04.000Z,2026-08-28T15:52:13.468Z
"https://leetcode.com/problems/different-ways-to-add-parentheses/","Different Ways to Add Parentheses","DYNAMIC PROGRAMMING","MEDIUM",533935,,"CLEAR",,true,2026-07-21T18:50:04.000Z,2026-08-28T15:52:13.468Z
"https://leetcode.com/problems/digit-count-in-range/","Digit Count in Range","DYNAMIC PROGRAMMING","HARD",10421,,"LOCKED",,true,2026-07-21T18:50:04.000Z,2026-08-28T15:52:13.468Z
"https://leetcode.com/problems/disconnect-path-in-a-binary-matrix-by-at-most-one-flip/","Disconnect Path in a Binary Matrix by at Most One Flip","DYNAMIC PROGRAMMING","MEDIUM",70676,,"CLEAR",,true,2026-07-21T18:50:04.000Z,2026-08-28T15:52:13.468Z
"https://leetcode.com/problems/distinct-subsequences/","Distinct Subsequences","DYNAMIC PROGRAMMING","HARD",1575557,,"CLEAR",,true,2026-07-21T18:50:04.000Z,2026-08-28T15:52:13.468Z
"https://leetcode.com/problems/distinct-subsequences-ii/","Distinct Subsequences II","DYNAMIC PROGRAMMING","HARD",214900,,"CLEAR",,true,2026-07-21T18:50:04.000Z,2026-08-28T15:52:13.468Z
"https://leetcode.com/problems/divisible-game/","Divisible Game","DYNAMIC PROGRAMMING","MEDIUM",31505,,"CLEAR",,false,2026-07-21T18:50:04.000Z,2026-07-21T18:50:04.000Z
"https://leetcode.com/problems/divisor-game/","Divisor Game","DYNAMIC PROGRAMMING","EASY",566909,,"CLEAR",,true,2026-07-21T18:50:04.000Z,2026-08-28T15:52:13.468Z
"https://leetcode.com/problems/domino-and-tromino-tiling/","Domino and Tromino Tiling","DYNAMIC PROGRAMMING","MEDIUM",571931,,"CLEAR",,true,2026-07-21T18:50:04.000Z,2026-08-28T15:52:13.468Z
"https://leetcode.com/problems/dungeon-game/","Dungeon Game","DYNAMIC PROGRAMMING","HARD",764082,,"CLEAR",,true,2026-07-21T18:50:04.000Z,2026-08-28T15:52:13.468Z
"https://leetcode.com/problems/edit-distance/","Edit Distance","DYNAMIC PROGRAMMING","MEDIUM",2584634,,"CLEAR",,true,2026-07-21T18:50:04.000Z,2026-08-28T15:52:13.468Z
"https://leetcode.com/problems/egg-drop-with-2-eggs-and-n-floors/","Egg Drop With 2 Eggs and N Floors","DYNAMIC PROGRAMMING","MEDIUM",91261,,"CLEAR",,true,2026-07-21T18:50:04.000Z,2026-08-28T15:52:13.468Z
"https://leetcode.com/problems/elevator-requests-ii/","Elevator Requests II","DYNAMIC PROGRAMMING","HARD",19860,,"CLEAR",,false,2026-09-07T18:13:42.370Z,2026-09-07T18:13:42.370Z
"https://leetcode.com/problems/encode-string-with-shortest-length/","Encode String with Shortest Length","DYNAMIC PROGRAMMING","HARD",63829,,"LOCKED",,true,2026-07-21T18:50:04.000Z,2026-08-28T15:52:13.468Z
"https://leetcode.com/problems/equalize-strings-by-adding-or-removing-characters-at-ends/","Equalize Strings by Adding or Removing Characters at Ends","DYNAMIC PROGRAMMING","MEDIUM",2738,,"LOCKED",,true,2026-07-21T18:50:04.000Z,2026-08-28T15:52:13.468Z
"https://leetcode.com/problems/extra-characters-in-a-string/","Extra Characters in a String","DYNAMIC PROGRAMMING","MEDIUM",356473,,"CLEAR",,true,2026-07-21T18:50:04.000Z,2026-08-28T15:52:13.468Z
"https://leetcode.com/problems/fibonacci-number/","Fibonacci Number","DYNAMIC PROGRAMMING","EASY",4469013,,"CLEAR",,true,2026-07-21T18:50:04.000Z,2026-08-28T15:52:13.468Z
"https://leetcode.com/problems/filling-bookcase-shelves/","Filling Bookcase Shelves","DYNAMIC PROGRAMMING","MEDIUM",237125,,"CLEAR",,true,2026-07-21T18:50:04.000Z,2026-08-28T15:52:13.468Z
"https://leetcode.com/problems/find-all-good-indices/","Find All Good Indices","DYNAMIC PROGRAMMING","MEDIUM",82466,,"CLEAR",,true,2026-07-21T18:50:04.000Z,2026-08-28T15:52:13.468Z
"https://leetcode.com/problems/find-all-good-strings/","Find All Good Strings","DYNAMIC PROGRAMMING","HARD",22339,,"CLEAR",,true,2026-07-21T18:50:04.000Z,2026-08-28T15:52:13.468Z
"https://leetcode.com/problems/find-all-possible-stable-binary-arrays-i/","Find All Possible Stable Binary Arrays I","DYNAMIC PROGRAMMING","MEDIUM",163908,,"CLEAR",,true,2026-07-21T18:50:04.000Z,2026-08-28T15:52:13.468Z
"https://leetcode.com/problems/find-all-possible-stable-binary-arrays-ii/","Find All Possible Stable Binary Arrays II","DYNAMIC PROGRAMMING","HARD",118145,,"CLEAR",,true,2026-07-21T18:50:04.000Z,2026-08-28T15:52:13.468Z
"https://leetcode.com/problems/find-good-days-to-rob-the-bank/","Find Good Days to Rob the Bank","DYNAMIC PROGRAMMING","MEDIUM",91301,,"CLEAR",,true,2026-07-21T18:50:04.000Z,2026-08-28T15:52:13.468Z
"https://leetcode.com/problems/find-maximum-non-decreasing-array-length/","Find Maximum Non-decreasing Array Length","DYNAMIC PROGRAMMING","HARD",37738,,"CLEAR",,true,2026-07-21T18:50:04.000Z,2026-08-28T15:52:13.468Z
"https://leetcode.com/problems/find-maximum-number-of-non-intersecting-substrings/","Find Maximum Number of Non Intersecting Substrings","DYNAMIC PROGRAMMING","MEDIUM",55816,,"CLEAR",,true,2026-07-21T18:50:04.000Z,2026-08-28T15:52:13.468Z
"https://leetcode.com/problems/find-maximum-removals-from-source-string/","Find Maximum Removals From Source String","DYNAMIC PROGRAMMING","MEDIUM",32611,,"CLEAR",,true,2026-07-21T18:50:04.000Z,2026-08-28T15:52:13.468Z
"https://leetcode.com/problems/find-minimum-cost-to-remove-array-elements/","Find Minimum Cost to Remove Array Elements","DYNAMIC PROGRAMMING","MEDIUM",62564,,"CLEAR",,true,2026-07-21T18:50:04.000Z,2026-08-28T15:52:13.468Z
"https://leetcode.com/problems/find-number-of-coins-to-place-in-tree-nodes/","Find Number of Coins to Place in Tree Nodes","DYNAMIC PROGRAMMING","HARD",31822,,"CLEAR",,true,2026-07-21T18:50:04.000Z,2026-08-28T15:52:13.468Z
"https://leetcode.com/problems/find-the-city-with-the-smallest-number-of-neighbors-at-a-threshold-distance/","Find the City With the Smallest Number of Neighbors at a Threshold Distance","DYNAMIC PROGRAMMING","MEDIUM",490660,,"CLEAR",,true,2026-07-21T18:50:04.000Z,2026-08-28T15:52:13.468Z
"https://leetcode.com/problems/find-the-count-of-monotonic-pairs-i/","Find the Count of Monotonic Pairs I","DYNAMIC PROGRAMMING","HARD",45732,,"CLEAR",,true,2026-07-21T18:50:04.000Z,2026-08-28T15:52:13.468Z
"https://leetcode.com/problems/find-the-count-of-monotonic-pairs-ii/","Find the Count of Monotonic Pairs II","DYNAMIC PROGRAMMING","HARD",35216,,"CLEAR",,true,2026-07-21T18:50:04.000Z,2026-08-28T15:52:13.468Z
"https://leetcode.com/problems/find-the-derangement-of-an-array/","Find the Derangement of An Array","DYNAMIC PROGRAMMING","MEDIUM",30774,,"LOCKED",,true,2026-07-21T18:50:04.000Z,2026-08-28T15:52:13.468Z
"https://leetcode.com/problems/find-the-largest-palindrome-divisible-by-k/","Find the Largest Palindrome Divisible by K","DYNAMIC PROGRAMMING","HARD",56860,,"CLEAR",,true,2026-07-21T18:50:04.000Z,2026-08-28T15:52:13.468Z
"https://leetcode.com/problems/find-the-lexicographically-smallest-valid-sequence/","Find the Lexicographically Smallest Valid Sequence","DYNAMIC PROGRAMMING","MEDIUM",144134,,"CLEAR",,true,2026-07-21T18:50:04.000Z,2026-08-28T15:52:13.468Z
"https://leetcode.com/problems/find-the-maximum-length-of-a-good-subsequence-i/","Find the Maximum Length of a Good Subsequence I","DYNAMIC PROGRAMMING","MEDIUM",74738,,"CLEAR",,true,2026-07-21T18:50:04.000Z,2026-08-28T15:52:13.468Z
"https://leetcode.com/problems/find-the-maximum-length-of-a-good-subsequence-ii/","Find the Maximum Length of a Good Subsequence II","DYNAMIC PROGRAMMING","HARD",40554,,"CLEAR",,true,2026-07-21T18:50:04.000Z,2026-08-28T15:52:13.468Z
"https://leetcode.com/problems/find-the-maximum-length-of-valid-subsequence-i/","Find the Maximum Length of Valid Subsequence I","DYNAMIC PROGRAMMING","MEDIUM",262825,,"CLEAR",,true,2026-07-21T18:50:04.000Z,2026-08-28T15:52:13.468Z
"https://leetcode.com/problems/find-the-maximum-length-of-valid-subsequence-ii/","Find the Maximum Length of Valid Subsequence II","DYNAMIC PROGRAMMING","MEDIUM",181114,,"CLEAR",,true,2026-07-21T18:50:04.000Z,2026-08-28T15:52:13.468Z
"https://leetcode.com/problems/find-the-maximum-number-of-fruits-collected/","Find the Maximum Number of Fruits Collected","DYNAMIC PROGRAMMING","HARD",112078,,"CLEAR",,true,2026-07-21T18:50:04.000Z,2026-08-28T15:52:13.468Z
"https://leetcode.com/problems/find-the-number-of-k-even-arrays/","Find the Number of K-Even Arrays","DYNAMIC PROGRAMMING","MEDIUM",1113,,"LOCKED",,true,2026-07-21T18:50:04.000Z,2026-08-28T15:52:13.468Z
"https://leetcode.com/problems/find-the-number-of-possible-ways-for-an-event/","Find the Number of Possible Ways for an Event","DYNAMIC PROGRAMMING","HARD",16360,,"CLEAR",,true,2026-07-21T18:50:04.000Z,2026-08-28T15:52:13.468Z
"https://leetcode.com/problems/find-the-number-of-subsequences-with-equal-gcd/","Find the Number of Subsequences With Equal GCD","DYNAMIC PROGRAMMING","HARD",121603,,"CLEAR",,true,2026-07-21T18:50:04.000Z,2026-08-28T15:52:13.468Z
"https://leetcode.com/problems/find-the-original-typed-string-ii/","Find the Original Typed String II","DYNAMIC PROGRAMMING","HARD",156180,,"CLEAR",,true,2026-07-21T18:50:04.000Z,2026-08-28T15:52:13.468Z
"https://leetcode.com/problems/find-the-string-with-lcp/","Find the String with LCP","DYNAMIC PROGRAMMING","HARD",103629,,"CLEAR",,true,2026-07-21T18:50:04.000Z,2026-08-28T15:52:13.468Z
"https://leetcode.com/problems/find-the-substring-with-maximum-cost/","Find the Substring With Maximum Cost","DYNAMIC PROGRAMMING","MEDIUM",58005,,"CLEAR",,true,2026-07-21T18:50:04.000Z,2026-08-28T15:52:13.468Z
"https://leetcode.com/problems/find-the-sum-of-subsequence-powers/","Find the Sum of Subsequence Powers","DYNAMIC PROGRAMMING","HARD",29984,,"CLEAR",,true,2026-07-21T18:50:04.000Z,2026-08-28T15:52:13.468Z
"https://leetcode.com/problems/find-the-sum-of-the-power-of-all-subsequences/","Find the Sum of the Power of All Subsequences","DYNAMIC PROGRAMMING","HARD",28041,,"CLEAR",,true,2026-07-21T18:50:04.000Z,2026-08-28T15:52:13.468Z
"https://leetcode.com/problems/find-two-non-overlapping-sub-arrays-each-with-target-sum/","Find Two Non-overlapping Sub-arrays Each With Target Sum","DYNAMIC PROGRAMMING","MEDIUM",153652,,"CLEAR",,true,2026-07-21T18:50:04.000Z,2026-08-28T15:52:13.468Z
"https://leetcode.com/problems/find-x-value-of-array-i/","Find X Value of Array I","DYNAMIC PROGRAMMING","MEDIUM",32085,,"CLEAR",,true,2026-07-21T18:50:04.000Z,2026-08-28T15:52:13.468Z
"https://leetcode.com/problems/finish-time-of-tasks-i/","Finish Time of Tasks I","DYNAMIC PROGRAMMING","MEDIUM",33479,,"CLEAR",,false,2026-07-21T18:50:04.000Z,2026-07-21T18:50:04.000Z
"https://leetcode.com/problems/finish-time-of-tasks-ii/","Finish Time of Tasks II","DYNAMIC PROGRAMMING","HARD",867,,"LOCKED",,false,2026-07-21T18:50:04.000Z,2026-07-21T18:50:04.000Z
"https://leetcode.com/problems/first-day-where-you-have-been-in-all-the-rooms/","First Day Where You Have Been in All the Rooms","DYNAMIC PROGRAMMING","MEDIUM",40752,,"CLEAR",,true,2026-07-21T18:50:04.000Z,2026-08-28T15:52:13.468Z
"https://leetcode.com/problems/flip-game-ii/","Flip Game II","DYNAMIC PROGRAMMING","MEDIUM",146248,,"LOCKED",,true,2026-07-21T18:50:04.000Z,2026-08-28T15:52:13.468Z
"https://leetcode.com/problems/flip-string-to-monotone-increasing/","Flip String to Monotone Increasing","DYNAMIC PROGRAMMING","MEDIUM",357924,,"CLEAR",,true,2026-07-21T18:50:04.000Z,2026-08-28T15:52:13.468Z
"https://leetcode.com/problems/form-largest-integer-with-digits-that-add-up-to-target/","Form Largest Integer With Digits That Add up to Target","DYNAMIC PROGRAMMING","HARD",49221,,"CLEAR",,true,2026-07-21T18:50:04.000Z,2026-08-28T15:52:13.468Z
"https://leetcode.com/problems/freedom-trail/","Freedom Trail","DYNAMIC PROGRAMMING","HARD",215801,,"CLEAR",,true,2026-07-21T18:50:04.000Z,2026-08-28T15:52:13.468Z
"https://leetcode.com/problems/frog-jump/","Frog Jump","DYNAMIC PROGRAMMING","HARD",753164,,"CLEAR",,true,2026-07-21T18:50:04.000Z,2026-08-28T15:52:13.468Z
"https://leetcode.com/problems/generate-parentheses/","Generate Parentheses","DYNAMIC PROGRAMMING","MEDIUM",3901756,,"CLEAR",,true,2026-07-21T18:50:04.000Z,2026-08-28T15:52:13.468Z
"https://leetcode.com/problems/get-the-maximum-score/","Get the Maximum Score","DYNAMIC PROGRAMMING","HARD",93410,,"CLEAR",,true,2026-07-21T18:50:04.000Z,2026-08-28T15:52:13.468Z
"https://leetcode.com/problems/greatest-sum-divisible-by-three/","Greatest Sum Divisible by Three","DYNAMIC PROGRAMMING","MEDIUM",297054,,"CLEAR",,true,2026-07-21T18:50:04.000Z,2026-08-28T15:52:13.468Z
"https://leetcode.com/problems/guess-number-higher-or-lower-ii/","Guess Number Higher or Lower II","DYNAMIC PROGRAMMING","MEDIUM",314488,,"CLEAR",,true,2026-07-21T18:50:04.000Z,2026-08-28T15:52:13.468Z
"https://leetcode.com/problems/handshakes-that-dont-cross/","Handshakes That Don't Cross","DYNAMIC PROGRAMMING","HARD",25548,,"LOCKED",,true,2026-07-21T18:50:04.000Z,2026-08-28T15:52:13.468Z
"https://leetcode.com/problems/house-robber/","House Robber","DYNAMIC PROGRAMMING","MEDIUM",7162434,,"CLEAR",,true,2026-07-21T18:50:04.000Z,2026-08-28T15:52:13.468Z
"https://leetcode.com/problems/house-robber-ii/","House Robber II","DYNAMIC PROGRAMMING","MEDIUM",3018906,,"CLEAR",,true,2026-07-21T18:50:04.000Z,2026-08-28T15:52:13.468Z
"https://leetcode.com/problems/house-robber-iii/","House Robber III","DYNAMIC PROGRAMMING","MEDIUM",956218,,"CLEAR",,true,2026-07-21T18:50:04.000Z,2026-08-28T15:52:13.468Z
"https://leetcode.com/problems/house-robber-iv/","House Robber IV","DYNAMIC PROGRAMMING","MEDIUM",224417,,"CLEAR",,true,2026-07-21T18:50:04.000Z,2026-08-28T15:52:13.468Z
"https://leetcode.com/problems/house-robber-v/","House Robber V","DYNAMIC PROGRAMMING","MEDIUM",63627,,"CLEAR",,true,2026-07-21T18:50:04.000Z,2026-08-28T15:52:13.468Z
"https://leetcode.com/problems/integer-break/","Integer Break","DYNAMIC PROGRAMMING","MEDIUM",739219,,"CLEAR",,true,2026-07-21T18:50:04.000Z,2026-08-28T15:52:13.468Z
"https://leetcode.com/problems/interleaving-string/","Interleaving String","DYNAMIC PROGRAMMING","MEDIUM",1873046,,"CLEAR",,true,2026-07-21T18:50:04.000Z,2026-08-28T15:52:13.468Z
"https://leetcode.com/problems/inverse-coin-change/","Inverse Coin Change","DYNAMIC PROGRAMMING","MEDIUM",45945,,"CLEAR",,true,2026-07-21T18:50:04.000Z,2026-08-28T15:52:13.468Z
"https://leetcode.com/problems/is-subsequence/","Is Subsequence","DYNAMIC PROGRAMMING","EASY",5347189,,"CLEAR",,true,2026-07-21T18:50:04.000Z,2026-08-28T15:52:13.468Z
"https://leetcode.com/problems/jump-game/","Jump Game","DYNAMIC PROGRAMMING","MEDIUM",8251363,,"CLEAR",,true,2026-07-21T18:50:04.000Z,2026-08-28T15:52:13.468Z
"https://leetcode.com/problems/jump-game-ii/","Jump Game II","DYNAMIC PROGRAMMING","MEDIUM",5319106,,"CLEAR",,true,2026-07-21T18:50:04.000Z,2026-08-28T15:52:13.468Z
"https://leetcode.com/problems/jump-game-ix/","Jump Game IX","DYNAMIC PROGRAMMING","MEDIUM",186306,,"CLEAR",,true,2026-07-21T18:50:04.000Z,2026-08-28T15:52:13.468Z
"https://leetcode.com/problems/jump-game-v/","Jump Game V","DYNAMIC PROGRAMMING","HARD",154301,,"CLEAR",,true,2026-07-21T18:50:04.000Z,2026-08-28T15:52:13.468Z
"https://leetcode.com/problems/jump-game-vi/","Jump Game VI","DYNAMIC PROGRAMMING","MEDIUM",292192,,"CLEAR",,true,2026-07-21T18:50:04.000Z,2026-08-28T15:52:13.468Z
"https://leetcode.com/problems/jump-game-vii/","Jump Game VII","DYNAMIC PROGRAMMING","MEDIUM",424267,,"CLEAR",,true,2026-07-21T18:50:04.000Z,2026-08-28T15:52:13.468Z
"https://leetcode.com/problems/jump-game-viii/","Jump Game VIII","DYNAMIC PROGRAMMING","MEDIUM",18143,,"LOCKED",,true,2026-07-21T18:50:04.000Z,2026-08-28T15:52:13.468Z
"https://leetcode.com/problems/k-inverse-pairs-array/","K Inverse Pairs Array","DYNAMIC PROGRAMMING","HARD",292741,,"CLEAR",,true,2026-07-21T18:50:04.000Z,2026-08-28T15:52:13.468Z
"https://leetcode.com/problems/k-concatenation-maximum-sum/","K-Concatenation Maximum Sum","DYNAMIC PROGRAMMING","MEDIUM",185477,,"CLEAR",,true,2026-07-21T18:50:04.000Z,2026-08-28T15:52:13.468Z
"https://leetcode.com/problems/knight-dialer/","Knight Dialer","DYNAMIC PROGRAMMING","MEDIUM",330996,,"CLEAR",,true,2026-07-21T18:50:04.000Z,2026-08-28T15:52:13.468Z
"https://leetcode.com/problems/knight-probability-in-chessboard/","Knight Probability in Chessboard","DYNAMIC PROGRAMMING","MEDIUM",333418,,"CLEAR",,true,2026-07-21T18:50:04.000Z,2026-08-28T15:52:13.468Z
"https://leetcode.com/problems/kth-smallest-instructions/","Kth Smallest Instructions","DYNAMIC PROGRAMMING","HARD",41731,,"CLEAR",,true,2026-07-21T18:50:04.000Z,2026-08-28T15:52:13.468Z
"https://leetcode.com/problems/largest-1-bordered-square/","Largest 1-Bordered Square","DYNAMIC PROGRAMMING","MEDIUM",66303,,"CLEAR",,true,2026-07-21T18:50:04.000Z,2026-08-28T15:52:13.468Z
"https://leetcode.com/problems/largest-bst-subtree/","Largest BST Subtree","DYNAMIC PROGRAMMING","MEDIUM",283251,,"LOCKED",,true,2026-07-21T18:50:04.000Z,2026-08-28T15:52:13.468Z
"https://leetcode.com/problems/largest-color-value-in-a-directed-graph/","Largest Color Value in a Directed Graph","DYNAMIC PROGRAMMING","HARD",271242,,"CLEAR",,true,2026-07-21T18:50:04.000Z,2026-08-28T15:52:13.468Z
"https://leetcode.com/problems/largest-divisible-subset/","Largest Divisible Subset","DYNAMIC PROGRAMMING","MEDIUM",1067516,,"CLEAR",,true,2026-07-21T18:50:04.000Z,2026-08-28T15:52:13.468Z
"https://leetcode.com/problems/largest-multiple-of-three/","Largest Multiple of Three","DYNAMIC PROGRAMMING","HARD",82259,,"CLEAR",,true,2026-07-21T18:50:04.000Z,2026-08-28T15:52:13.468Z
"https://leetcode.com/problems/largest-plus-sign/","Largest Plus Sign","DYNAMIC PROGRAMMING","MEDIUM",145919,,"CLEAR",,true,2026-07-21T18:50:04.000Z,2026-08-28T15:52:13.468Z
"https://leetcode.com/problems/largest-sum-of-averages/","Largest Sum of Averages","DYNAMIC PROGRAMMING","MEDIUM",127522,,"CLEAR",,true,2026-07-21T18:50:04.000Z,2026-08-28T15:52:13.468Z
"https://leetcode.com/problems/last-stone-weight-ii/","Last Stone Weight II","DYNAMIC PROGRAMMING","MEDIUM",247144,,"CLEAR",,true,2026-07-21T18:50:04.000Z,2026-08-28T15:52:13.468Z
"https://leetcode.com/problems/least-operators-to-express-number/","Least Operators to Express Number","DYNAMIC PROGRAMMING","HARD",27648,,"CLEAR",,true,2026-07-21T18:50:04.000Z,2026-08-28T15:52:13.468Z
"https://leetcode.com/problems/length-of-longest-fibonacci-subsequence/","Length of Longest Fibonacci Subsequence","DYNAMIC PROGRAMMING","MEDIUM",340230,,"CLEAR",,true,2026-07-21T18:50:04.000Z,2026-08-28T15:52:13.468Z
"https://leetcode.com/problems/length-of-longest-v-shaped-diagonal-segment/","Length of Longest V-Shaped Diagonal Segment","DYNAMIC PROGRAMMING","HARD",133464,,"CLEAR",,true,2026-07-21T18:50:04.000Z,2026-08-28T15:52:13.468Z
"https://leetcode.com/problems/length-of-the-longest-subsequence-that-sums-to-target/","Length of the Longest Subsequence That Sums to Target","DYNAMIC PROGRAMMING","MEDIUM",102967,,"CLEAR",,true,2026-07-21T18:50:04.000Z,2026-08-28T15:52:13.468Z
"https://leetcode.com/problems/lexicographically-smallest-string-after-adjacent-removals/","Lexicographically Smallest String After Adjacent Removals","DYNAMIC PROGRAMMING","HARD",24921,,"CLEAR",,true,2026-07-21T18:50:04.000Z,2026-08-28T15:52:13.468Z
"https://leetcode.com/problems/longest-almost-palindromic-substring/","Longest Almost-Palindromic Substring","DYNAMIC PROGRAMMING","MEDIUM",68531,,"CLEAR",,true,2026-07-21T18:50:04.000Z,2026-08-28T15:52:13.468Z
"https://leetcode.com/problems/longest-alternating-subarray-after-removing-at-most-one-element/","Longest Alternating Subarray After Removing At Most One Element","DYNAMIC PROGRAMMING","HARD",27266,,"CLEAR",,true,2026-07-21T18:50:04.000Z,2026-08-28T15:52:13.468Z
"https://leetcode.com/problems/longest-arithmetic-subsequence/","Longest Arithmetic Subsequence","DYNAMIC PROGRAMMING","MEDIUM",437314,,"CLEAR",,true,2026-07-21T18:50:04.000Z,2026-08-28T15:52:13.468Z
"https://leetcode.com/problems/longest-arithmetic-subsequence-of-given-difference/","Longest Arithmetic Subsequence of Given Difference","DYNAMIC PROGRAMMING","MEDIUM",326806,,"CLEAR",,true,2026-07-21T18:50:04.000Z,2026-08-28T15:52:13.468Z
"https://leetcode.com/problems/longest-binary-subsequence-less-than-or-equal-to-k/","Longest Binary Subsequence Less Than or Equal to K","DYNAMIC PROGRAMMING","MEDIUM",213464,,"CLEAR",,true,2026-07-21T18:50:04.000Z,2026-08-28T15:52:13.468Z
"https://leetcode.com/problems/longest-chunked-palindrome-decomposition/","Longest Chunked Palindrome Decomposition","DYNAMIC PROGRAMMING","HARD",56074,,"CLEAR",,true,2026-07-21T18:50:04.000Z,2026-08-28T15:52:13.468Z
"https://leetcode.com/problems/longest-common-subsequence/","Longest Common Subsequence","DYNAMIC PROGRAMMING","MEDIUM",3313455,,"CLEAR",,true,2026-07-21T18:50:04.000Z,2026-08-28T15:52:13.468Z
"https://leetcode.com/problems/longest-ideal-subsequence/","Longest Ideal Subsequence","DYNAMIC PROGRAMMING","MEDIUM",271727,,"CLEAR",,true,2026-07-21T18:50:04.000Z,2026-08-28T15:52:13.468Z
"https://leetcode.com/problems/longest-increasing-path-in-a-matrix/","Longest Increasing Path in a Matrix","DYNAMIC PROGRAMMING","HARD",1312312,,"CLEAR",,true,2026-07-21T18:50:04.000Z,2026-08-28T15:52:13.468Z
"https://leetcode.com/problems/longest-increasing-subsequence/","Longest Increasing Subsequence","DYNAMIC PROGRAMMING","MEDIUM",4653505,,"CLEAR",,true,2026-07-21T18:50:04.000Z,2026-08-28T15:52:13.468Z
"https://leetcode.com/problems/longest-increasing-subsequence-ii/","Longest Increasing Subsequence II","DYNAMIC PROGRAMMING","HARD",99304,,"CLEAR",,true,2026-07-21T18:50:04.000Z,2026-08-28T15:52:13.468Z
"https://leetcode.com/problems/longest-line-of-consecutive-one-in-matrix/","Longest Line of Consecutive One in Matrix","DYNAMIC PROGRAMMING","MEDIUM",161600,,"LOCKED",,true,2026-07-21T18:50:04.000Z,2026-08-28T15:52:13.468Z
"https://leetcode.com/problems/longest-mountain-in-array/","Longest Mountain in Array","DYNAMIC PROGRAMMING","MEDIUM",507739,,"CLEAR",,true,2026-07-21T18:50:04.000Z,2026-08-28T15:52:13.468Z
"https://leetcode.com/problems/longest-non-decreasing-subarray-after-replacing-at-most-one-element/","Longest Non-Decreasing Subarray After Replacing at Most One Element","DYNAMIC PROGRAMMING","MEDIUM",73111,,"CLEAR",,true,2026-07-21T18:50:04.000Z,2026-08-28T15:52:13.468Z
"https://leetcode.com/problems/longest-non-decreasing-subarray-from-two-arrays/","Longest Non-decreasing Subarray From Two Arrays","DYNAMIC PROGRAMMING","MEDIUM",122047,,"CLEAR",,true,2026-07-21T18:50:04.000Z,2026-08-28T15:52:13.468Z
"https://leetcode.com/problems/longest-palindrome-after-substring-concatenation-i/","Longest Palindrome After Substring Concatenation I","DYNAMIC PROGRAMMING","MEDIUM",52608,,"CLEAR",,true,2026-07-21T18:50:04.000Z,2026-08-28T15:52:13.468Z
"https://leetcode.com/problems/longest-palindrome-after-substring-concatenation-ii/","Longest Palindrome After Substring Concatenation II","DYNAMIC PROGRAMMING","HARD",38945,,"CLEAR",,true,2026-07-21T18:50:04.000Z,2026-08-28T15:52:13.468Z
"https://leetcode.com/problems/longest-palindromic-subsequence/","Longest Palindromic Subsequence","DYNAMIC PROGRAMMING","MEDIUM",1261049,,"CLEAR",,true,2026-07-21T18:50:04.000Z,2026-08-28T15:52:13.468Z
"https://leetcode.com/problems/longest-palindromic-subsequence-after-at-most-k-operations/","Longest Palindromic Subsequence After at Most K Operations","DYNAMIC PROGRAMMING","MEDIUM",42902,,"CLEAR",,true,2026-07-21T18:50:04.000Z,2026-08-28T15:52:13.468Z
"https://leetcode.com/problems/longest-palindromic-subsequence-ii/","Longest Palindromic Subsequence II","DYNAMIC PROGRAMMING","MEDIUM",13102,,"LOCKED",,true,2026-07-21T18:50:04.000Z,2026-08-28T15:52:13.468Z
"https://leetcode.com/problems/longest-palindromic-substring/","Longest Palindromic Substring","DYNAMIC PROGRAMMING","MEDIUM",13130879,,"CLEAR",,true,2026-07-21T18:50:04.000Z,2026-08-28T15:52:13.468Z
"https://leetcode.com/problems/longest-repeating-substring/","Longest Repeating Substring","DYNAMIC PROGRAMMING","MEDIUM",92486,,"LOCKED",,true,2026-07-21T18:50:04.000Z,2026-08-28T15:52:13.468Z
"https://leetcode.com/problems/longest-square-streak-in-an-array/","Longest Square Streak in an Array","DYNAMIC PROGRAMMING","MEDIUM",297029,,"CLEAR",,true,2026-07-21T18:50:04.000Z,2026-08-28T15:52:13.468Z
"https://leetcode.com/problems/longest-string-chain/","Longest String Chain","DYNAMIC PROGRAMMING","MEDIUM",874818,,"CLEAR",,true,2026-07-21T18:50:04.000Z,2026-08-28T15:52:13.468Z
"https://leetcode.com/problems/longest-subarray-of-1s-after-deleting-one-element/","Longest Subarray of 1's After Deleting One Element","DYNAMIC PROGRAMMING","MEDIUM",966002,,"CLEAR",,true,2026-07-21T18:50:04.000Z,2026-08-28T15:52:13.468Z
"https://leetcode.com/problems/longest-subsequence-with-decreasing-adjacent-difference/","Longest Subsequence With Decreasing Adjacent Difference","DYNAMIC PROGRAMMING","MEDIUM",45725,,"CLEAR",,true,2026-07-21T18:50:04.000Z,2026-08-28T15:52:13.468Z
"https://leetcode.com/problems/longest-turbulent-subarray/","Longest Turbulent Subarray","DYNAMIC PROGRAMMING","MEDIUM",298192,,"CLEAR",,true,2026-07-21T18:50:04.000Z,2026-08-28T15:52:13.468Z
"https://leetcode.com/problems/longest-unequal-adjacent-groups-subsequence-i/","Longest Unequal Adjacent Groups Subsequence I","DYNAMIC PROGRAMMING","EASY",230406,,"CLEAR",,true,2026-07-21T18:50:04.000Z,2026-08-28T15:52:13.468Z
"https://leetcode.com/problems/longest-unequal-adjacent-groups-subsequence-ii/","Longest Unequal Adjacent Groups Subsequence II","DYNAMIC PROGRAMMING","MEDIUM",164518,,"CLEAR",,true,2026-07-21T18:50:04.000Z,2026-08-28T15:52:13.468Z
"https://leetcode.com/problems/longest-valid-parentheses/","Longest Valid Parentheses","DYNAMIC PROGRAMMING","HARD",2982998,,"CLEAR",,true,2026-07-21T18:50:04.000Z,2026-08-28T15:52:13.468Z
"https://leetcode.com/problems/longest-zigzag-path-in-a-binary-tree/","Longest ZigZag Path in a Binary Tree","DYNAMIC PROGRAMMING","MEDIUM",450445,,"CLEAR",,true,2026-07-21T18:50:04.000Z,2026-08-28T15:52:13.468Z
"https://leetcode.com/problems/make-array-non-decreasing-or-non-increasing/","Make Array Non-decreasing or Non-increasing","DYNAMIC PROGRAMMING","HARD",7553,,"LOCKED",,true,2026-07-21T18:50:04.000Z,2026-08-28T15:52:13.468Z
"https://leetcode.com/problems/make-array-strictly-increasing/","Make Array Strictly Increasing","DYNAMIC PROGRAMMING","HARD",120787,,"CLEAR",,true,2026-07-21T18:50:04.000Z,2026-08-28T15:52:13.468Z
"https://leetcode.com/problems/make-costs-of-paths-equal-in-a-binary-tree/","Make Costs of Paths Equal in a Binary Tree","DYNAMIC PROGRAMMING","MEDIUM",43107,,"CLEAR",,true,2026-07-21T18:50:04.000Z,2026-08-28T15:52:13.468Z
"https://leetcode.com/problems/max-consecutive-ones-ii/","Max Consecutive Ones II","DYNAMIC PROGRAMMING","MEDIUM",358692,,"LOCKED",,true,2026-07-21T18:50:04.000Z,2026-08-28T15:52:13.468Z
"https://leetcode.com/problems/max-dot-product-of-two-subsequences/","Max Dot Product of Two Subsequences","DYNAMIC PROGRAMMING","HARD",272990,,"CLEAR",,true,2026-07-21T18:50:04.000Z,2026-08-28T15:52:13.468Z
"https://leetcode.com/problems/maximal-rectangle/","Maximal Rectangle","DYNAMIC PROGRAMMING","HARD",1449060,,"CLEAR",,true,2026-07-21T18:50:04.000Z,2026-08-28T15:52:13.468Z
"https://leetcode.com/problems/maximal-square/","Maximal Square","DYNAMIC PROGRAMMING","MEDIUM",1908192,,"CLEAR",,true,2026-07-21T18:50:04.000Z,2026-08-28T15:52:13.468Z
"https://leetcode.com/problems/maximize-consecutive-elements-in-an-array-after-modification/","Maximize Consecutive Elements in an Array After Modification","DYNAMIC PROGRAMMING","HARD",35614,,"CLEAR",,true,2026-07-21T18:50:04.000Z,2026-08-28T15:52:13.468Z
"https://leetcode.com/problems/maximize-cyclic-partition-score/","Maximize Cyclic Partition Score","DYNAMIC PROGRAMMING","HARD",25367,,"CLEAR",,true,2026-07-21T18:50:04.000Z,2026-08-28T15:52:13.468Z
"https://leetcode.com/problems/maximize-palindrome-length-from-subsequences/","Maximize Palindrome Length From Subsequences","DYNAMIC PROGRAMMING","HARD",39799,,"CLEAR",,true,2026-07-21T18:50:04.000Z,2026-08-28T15:52:13.468Z
"https://leetcode.com/problems/maximize-subarray-sum-after-removing-all-occurrences-of-one-element/","Maximize Subarray Sum After Removing All Occurrences of One Element","DYNAMIC PROGRAMMING","HARD",19821,,"CLEAR",,true,2026-07-21T18:50:04.000Z,2026-08-28T15:52:13.468Z
"https://leetcode.com/problems/maximize-sum-of-weights-after-edge-removals/","Maximize Sum of Weights after Edge Removals","DYNAMIC PROGRAMMING","HARD",16999,,"CLEAR",,true,2026-07-21T18:50:04.000Z,2026-08-28T15:52:13.468Z
"https://leetcode.com/problems/maximize-the-profit-as-the-salesman/","Maximize the Profit as the Salesman","DYNAMIC PROGRAMMING","MEDIUM",73288,,"CLEAR",,true,2026-07-21T18:50:04.000Z,2026-08-28T15:52:13.468Z
"https://leetcode.com/problems/maximize-total-cost-of-alternating-subarrays/","Maximize Total Cost of Alternating Subarrays","DYNAMIC PROGRAMMING","MEDIUM",89176,,"CLEAR",,true,2026-07-21T18:50:04.000Z,2026-08-28T15:52:13.468Z
"https://leetcode.com/problems/maximize-total-tastiness-of-purchased-fruits/","Maximize Total Tastiness of Purchased Fruits","DYNAMIC PROGRAMMING","MEDIUM",6459,,"LOCKED",,true,2026-07-21T18:50:04.000Z,2026-08-28T15:52:13.468Z
"https://leetcode.com/problems/maximum-absolute-sum-of-any-subarray/","Maximum Absolute Sum of Any Subarray","DYNAMIC PROGRAMMING","MEDIUM",301741,,"CLEAR",,true,2026-07-21T18:50:04.000Z,2026-08-28T15:52:13.468Z
"https://leetcode.com/problems/maximum-alternating-subarray-sum/","Maximum Alternating Subarray Sum","DYNAMIC PROGRAMMING","MEDIUM",11331,,"LOCKED",,true,2026-07-21T18:50:04.000Z,2026-08-28T15:52:13.468Z
"https://leetcode.com/problems/maximum-alternating-subsequence-sum/","Maximum Alternating Subsequence Sum","DYNAMIC PROGRAMMING","MEDIUM",123678,,"CLEAR",,true,2026-07-21T18:50:04.000Z,2026-08-28T15:52:13.468Z
"https://leetcode.com/problems/maximum-amount-of-money-robot-can-earn/","Maximum Amount of Money Robot Can Earn","DYNAMIC PROGRAMMING","MEDIUM",223995,,"CLEAR",,true,2026-07-21T18:50:04.000Z,2026-08-28T15:52:13.468Z
"https://leetcode.com/problems/maximum-and-minimum-sums-of-at-most-size-k-subsequences/","Maximum and Minimum Sums of at Most Size K Subsequences","DYNAMIC PROGRAMMING","MEDIUM",61587,,"CLEAR",,true,2026-07-21T18:50:04.000Z,2026-08-28T15:52:13.468Z
"https://leetcode.com/problems/maximum-area-of-two-non-overlapping-square-submatrices/","Maximum Area of Two Non-Overlapping Square Submatrices","DYNAMIC PROGRAMMING","MEDIUM",33992,,"CLEAR",,false,2026-09-07T18:13:42.370Z,2026-09-07T18:13:42.370Z
"https://leetcode.com/problems/maximum-array-hopping-score-i/","Maximum Array Hopping Score I","DYNAMIC PROGRAMMING","MEDIUM",3681,,"LOCKED",,true,2026-07-21T18:50:04.000Z,2026-08-28T15:52:13.468Z
"https://leetcode.com/problems/maximum-balanced-shipments/","Maximum Balanced Shipments","DYNAMIC PROGRAMMING","MEDIUM",89388,,"CLEAR",,true,2026-07-21T18:50:04.000Z,2026-08-28T15:52:13.468Z
"https://leetcode.com/problems/maximum-balanced-subsequence-sum/","Maximum Balanced Subsequence Sum","DYNAMIC PROGRAMMING","HARD",43039,,"CLEAR",,true,2026-07-21T18:50:04.000Z,2026-08-28T15:52:13.468Z
"https://leetcode.com/problems/maximum-coin-collection/","Maximum Coin Collection ","DYNAMIC PROGRAMMING","MEDIUM",5334,,"LOCKED",,true,2026-07-21T18:50:04.000Z,2026-08-28T15:52:13.468Z
"https://leetcode.com/problems/maximum-consistent-columns-in-a-grid/","Maximum Consistent Columns in a Grid","DYNAMIC PROGRAMMING","HARD",16731,,"CLEAR",,false,2026-07-21T18:50:04.000Z,2026-07-21T18:50:04.000Z
"https://leetcode.com/problems/maximum-deletions-on-a-string/","Maximum Deletions on a String","DYNAMIC PROGRAMMING","HARD",50081,,"CLEAR",,true,2026-07-21T18:50:04.000Z,2026-08-28T15:52:13.468Z
"https://leetcode.com/problems/maximum-difference-score-in-a-grid/","Maximum Difference Score in a Grid","DYNAMIC PROGRAMMING","MEDIUM",52765,,"CLEAR",,true,2026-07-21T18:50:04.000Z,2026-08-28T15:52:13.468Z
"https://leetcode.com/problems/maximum-earnings-from-taxi/","Maximum Earnings From Taxi","DYNAMIC PROGRAMMING","MEDIUM",112516,,"CLEAR",,true,2026-07-21T18:50:04.000Z,2026-08-28T15:52:13.468Z
"https://leetcode.com/problems/maximum-employees-to-be-invited-to-a-meeting/","Maximum Employees to Be Invited to a Meeting","DYNAMIC PROGRAMMING","HARD",147482,,"CLEAR",,true,2026-07-21T18:50:04.000Z,2026-08-28T15:52:13.468Z
"https://leetcode.com/problems/maximum-energy-boost-from-two-drinks/","Maximum Energy Boost From Two Drinks","DYNAMIC PROGRAMMING","MEDIUM",73719,,"CLEAR",,true,2026-07-21T18:50:04.000Z,2026-08-28T15:52:13.468Z
"https://leetcode.com/problems/maximum-frequency-after-subarray-operation/","Maximum Frequency After Subarray Operation","DYNAMIC PROGRAMMING","MEDIUM",85309,,"CLEAR",,true,2026-07-21T18:50:04.000Z,2026-08-28T15:52:13.468Z
"https://leetcode.com/problems/maximum-height-by-stacking-cuboids/","Maximum Height by Stacking Cuboids ","DYNAMIC PROGRAMMING","HARD",77439,,"CLEAR",,true,2026-07-21T18:50:04.000Z,2026-08-28T15:52:13.468Z
"https://leetcode.com/problems/maximum-length-of-pair-chain/","Maximum Length of Pair Chain","DYNAMIC PROGRAMMING","MEDIUM",535868,,"CLEAR",,true,2026-07-21T18:50:04.000Z,2026-08-28T15:52:13.468Z
"https://leetcode.com/problems/maximum-length-of-repeated-subarray/","Maximum Length of Repeated Subarray","DYNAMIC PROGRAMMING","MEDIUM",734862,,"CLEAR",,true,2026-07-21T18:50:04.000Z,2026-08-28T15:52:13.468Z
"https://leetcode.com/problems/maximum-length-of-subarray-with-positive-product/","Maximum Length of Subarray With Positive Product","DYNAMIC PROGRAMMING","MEDIUM",255546,,"CLEAR",,true,2026-07-21T18:50:04.000Z,2026-08-28T15:52:13.468Z
"https://leetcode.com/problems/maximum-multiplication-score/","Maximum Multiplication Score","DYNAMIC PROGRAMMING","MEDIUM",91032,,"CLEAR",,true,2026-07-21T18:50:04.000Z,2026-08-28T15:52:13.468Z
"https://leetcode.com/problems/maximum-non-negative-product-in-a-matrix/","Maximum Non Negative Product in a Matrix","DYNAMIC PROGRAMMING","MEDIUM",221993,,"CLEAR",,true,2026-07-21T18:50:04.000Z,2026-08-28T15:52:13.468Z
"https://leetcode.com/problems/maximum-number-of-books-you-can-take/","Maximum Number of Books You Can Take","DYNAMIC PROGRAMMING","HARD",35938,,"LOCKED",,true,2026-07-21T18:50:04.000Z,2026-08-28T15:52:13.468Z
"https://leetcode.com/problems/maximum-number-of-events-that-can-be-attended-ii/","Maximum Number of Events That Can Be Attended II","DYNAMIC PROGRAMMING","HARD",262854,,"CLEAR",,true,2026-07-21T18:50:04.000Z,2026-08-28T15:52:13.468Z
"https://leetcode.com/problems/maximum-number-of-items-from-sale-i/","Maximum Number of Items From Sale I","DYNAMIC PROGRAMMING","MEDIUM",58693,,"CLEAR",,true,2026-07-21T18:50:04.000Z,2026-08-28T15:52:13.468Z
"https://leetcode.com/problems/maximum-number-of-jumps-to-reach-the-last-index/","Maximum Number of Jumps to Reach the Last Index","DYNAMIC PROGRAMMING","MEDIUM",221819,,"CLEAR",,true,2026-07-21T18:50:04.000Z,2026-08-28T15:52:13.468Z
"https://leetcode.com/problems/maximum-number-of-moves-in-a-grid/","Maximum Number of Moves in a Grid","DYNAMIC PROGRAMMING","MEDIUM",230492,,"CLEAR",,true,2026-07-21T18:50:04.000Z,2026-08-28T15:52:13.468Z
"https://leetcode.com/problems/maximum-number-of-non-overlapping-palindrome-substrings/","Maximum Number of Non-overlapping Palindrome Substrings","DYNAMIC PROGRAMMING","HARD",61589,,"CLEAR",,true,2026-07-21T18:50:04.000Z,2026-08-28T15:52:13.468Z
"https://leetcode.com/problems/maximum-number-of-operations-with-the-same-score-ii/","Maximum Number of Operations With the Same Score II","DYNAMIC PROGRAMMING","MEDIUM",77212,,"CLEAR",,true,2026-07-21T18:50:04.000Z,2026-08-28T15:52:13.468Z
"https://leetcode.com/problems/maximum-number-of-points-with-cost/","Maximum Number of Points with Cost","DYNAMIC PROGRAMMING","MEDIUM",388187,,"CLEAR",,true,2026-07-21T18:50:04.000Z,2026-08-28T15:52:13.468Z
"https://leetcode.com/problems/maximum-number-of-removal-queries-that-can-be-processed-i/","Maximum Number of Removal Queries That Can Be Processed I","DYNAMIC PROGRAMMING","HARD",1541,,"LOCKED",,true,2026-07-21T18:50:04.000Z,2026-08-28T15:52:13.468Z
"https://leetcode.com/problems/maximum-number-of-subsequences-after-one-inserting/","Maximum Number of Subsequences After One Inserting","DYNAMIC PROGRAMMING","MEDIUM",99798,,"CLEAR",,true,2026-07-21T18:50:04.000Z,2026-08-28T15:52:13.468Z
"https://leetcode.com/problems/maximum-path-intersection-sum-in-a-grid/","Maximum Path Intersection Sum in a Grid","DYNAMIC PROGRAMMING","MEDIUM",26940,,"CLEAR",,true,2026-07-21T18:50:04.000Z,2026-08-28T15:52:13.468Z
"https://leetcode.com/problems/maximum-path-score-in-a-grid/","Maximum Path Score in a Grid","DYNAMIC PROGRAMMING","MEDIUM",161358,,"CLEAR",,true,2026-07-21T18:50:04.000Z,2026-08-28T15:52:13.468Z
"https://leetcode.com/problems/maximum-points-tourist-can-earn/","Maximum Points Tourist Can Earn","DYNAMIC PROGRAMMING","MEDIUM",34419,,"CLEAR",,true,2026-07-21T18:50:04.000Z,2026-08-28T15:52:13.468Z
"https://leetcode.com/problems/maximum-product-of-subsequences-with-an-alternating-sum-equal-to-k/","Maximum Product of Subsequences With an Alternating Sum Equal to K","DYNAMIC PROGRAMMING","HARD",50859,,"CLEAR",,true,2026-07-21T18:50:04.000Z,2026-08-28T15:52:13.468Z
"https://leetcode.com/problems/maximum-product-subarray/","Maximum Product Subarray","DYNAMIC PROGRAMMING","MEDIUM",5945166,,"CLEAR",,true,2026-07-21T18:50:04.000Z,2026-08-28T15:52:13.468Z
"https://leetcode.com/problems/maximum-profit-from-trading-stocks/","Maximum Profit From Trading Stocks","DYNAMIC PROGRAMMING","MEDIUM",38063,,"LOCKED",,true,2026-07-21T18:50:04.000Z,2026-08-28T15:52:13.468Z
"https://leetcode.com/problems/maximum-profit-from-trading-stocks-with-discounts/","Maximum Profit from Trading Stocks with Discounts","DYNAMIC PROGRAMMING","HARD",91489,,"CLEAR",,true,2026-07-21T18:50:04.000Z,2026-08-28T15:52:13.468Z
"https://leetcode.com/problems/maximum-profit-in-job-scheduling/","Maximum Profit in Job Scheduling","DYNAMIC PROGRAMMING","HARD",799946,,"CLEAR",,true,2026-07-21T18:50:04.000Z,2026-08-28T15:52:13.468Z
"https://leetcode.com/problems/maximum-repeating-substring/","Maximum Repeating Substring","DYNAMIC PROGRAMMING","EASY",284285,,"CLEAR",,true,2026-07-21T18:50:04.000Z,2026-08-28T15:52:13.468Z
"https://leetcode.com/problems/maximum-score-after-applying-operations-on-a-tree/","Maximum Score After Applying Operations on a Tree","DYNAMIC PROGRAMMING","MEDIUM",38467,,"CLEAR",,true,2026-07-21T18:50:04.000Z,2026-08-28T15:52:13.468Z
"https://leetcode.com/problems/maximum-score-from-grid-operations/","Maximum Score From Grid Operations","DYNAMIC PROGRAMMING","HARD",79669,,"CLEAR",,true,2026-07-21T18:50:04.000Z,2026-08-28T15:52:13.468Z
"https://leetcode.com/problems/maximum-score-from-performing-multiplication-operations/","Maximum Score from Performing Multiplication Operations","DYNAMIC PROGRAMMING","HARD",316635,,"CLEAR",,true,2026-07-21T18:50:04.000Z,2026-08-28T15:52:13.468Z
"https://leetcode.com/problems/maximum-score-of-non-overlapping-intervals/","Maximum Score of Non-overlapping Intervals","DYNAMIC PROGRAMMING","HARD",15278,,"CLEAR",,true,2026-07-21T18:50:04.000Z,2026-08-28T15:52:13.468Z
"https://leetcode.com/problems/maximum-score-of-spliced-array/","Maximum Score Of Spliced Array","DYNAMIC PROGRAMMING","HARD",42842,,"CLEAR",,true,2026-07-21T18:50:04.000Z,2026-08-28T15:52:13.468Z
"https://leetcode.com/problems/maximum-score-using-exactly-k-pairs/","Maximum Score Using Exactly K Pairs","DYNAMIC PROGRAMMING","HARD",37988,,"CLEAR",,true,2026-07-21T18:50:04.000Z,2026-08-28T15:52:13.468Z
"https://leetcode.com/problems/maximum-strength-of-k-disjoint-subarrays/","Maximum Strength of K Disjoint Subarrays","DYNAMIC PROGRAMMING","HARD",33715,,"CLEAR",,true,2026-07-21T18:50:04.000Z,2026-08-28T15:52:13.468Z
"https://leetcode.com/problems/maximum-strictly-increasing-cells-in-a-matrix/","Maximum Strictly Increasing Cells in a Matrix","DYNAMIC PROGRAMMING","HARD",54577,,"CLEAR",,true,2026-07-21T18:50:04.000Z,2026-08-28T15:52:13.468Z
"https://leetcode.com/problems/maximum-subarray/","Maximum Subarray","DYNAMIC PROGRAMMING","MEDIUM",12219125,,"CLEAR",,true,2026-07-21T18:50:04.000Z,2026-08-28T15:52:13.468Z
"https://leetcode.com/problems/maximum-subarray-sum-after-multiplier/","Maximum Subarray Sum After Multiplier","DYNAMIC PROGRAMMING","MEDIUM",49608,,"CLEAR",,true,2026-07-21T18:50:04.000Z,2026-08-28T15:52:13.468Z
"https://leetcode.com/problems/maximum-subarray-sum-after-one-operation/","Maximum Subarray Sum After One Operation","DYNAMIC PROGRAMMING","MEDIUM",21733,,"LOCKED",,true,2026-07-21T18:50:04.000Z,2026-08-28T15:52:13.468Z
"https://leetcode.com/problems/maximum-subarray-sum-with-one-deletion/","Maximum Subarray Sum with One Deletion","DYNAMIC PROGRAMMING","MEDIUM",191606,,"CLEAR",,true,2026-07-21T18:50:04.000Z,2026-08-28T15:52:13.468Z
"https://leetcode.com/problems/maximum-subgraph-score-in-a-tree/","Maximum Subgraph Score in a Tree","DYNAMIC PROGRAMMING","HARD",9860,,"CLEAR",,true,2026-07-21T18:50:04.000Z,2026-08-28T15:52:13.468Z
"https://leetcode.com/problems/maximum-subtree-of-the-same-color/","Maximum Subtree of the Same Color","DYNAMIC PROGRAMMING","MEDIUM",4513,,"LOCKED",,true,2026-07-21T18:50:04.000Z,2026-08-28T15:52:13.468Z
"https://leetcode.com/problems/maximum-sum-bst-in-binary-tree/","Maximum Sum BST in Binary Tree","DYNAMIC PROGRAMMING","HARD",308738,,"CLEAR",,true,2026-07-21T18:50:04.000Z,2026-08-28T15:52:13.468Z
"https://leetcode.com/problems/maximum-sum-circular-subarray/","Maximum Sum Circular Subarray","DYNAMIC PROGRAMMING","MEDIUM",905398,,"CLEAR",,true,2026-07-21T18:50:04.000Z,2026-08-28T15:52:13.468Z
"https://leetcode.com/problems/maximum-sum-of-3-non-overlapping-subarrays/","Maximum Sum of 3 Non-Overlapping Subarrays","DYNAMIC PROGRAMMING","HARD",267080,,"CLEAR",,true,2026-07-21T18:50:04.000Z,2026-08-28T15:52:13.468Z
"https://leetcode.com/problems/maximum-sum-of-alternating-subsequence-with-distance-at-least-k/","Maximum Sum of Alternating Subsequence With Distance at Least K","DYNAMIC PROGRAMMING","HARD",15246,,"CLEAR",,true,2026-07-21T18:50:04.000Z,2026-08-28T15:52:13.468Z
"https://leetcode.com/problems/maximum-sum-of-m-non-overlapping-subarrays-i/","Maximum Sum of M Non-Overlapping Subarrays I","DYNAMIC PROGRAMMING","HARD",32374,,"CLEAR",,true,2026-07-21T18:50:04.000Z,2026-08-28T15:52:13.468Z
"https://leetcode.com/problems/maximum-sum-of-m-non-overlapping-subarrays-ii/","Maximum Sum of M Non-Overlapping Subarrays II","DYNAMIC PROGRAMMING","HARD",13687,,"CLEAR",,true,2026-07-21T18:50:04.000Z,2026-08-28T15:52:13.468Z
"https://leetcode.com/problems/maximum-sum-of-subsequence-with-non-adjacent-elements/","Maximum Sum of Subsequence With Non-adjacent Elements","DYNAMIC PROGRAMMING","HARD",60922,,"CLEAR",,true,2026-07-21T18:50:04.000Z,2026-08-28T15:52:13.468Z
"https://leetcode.com/problems/maximum-sum-of-two-non-overlapping-subarrays/","Maximum Sum of Two Non-Overlapping Subarrays","DYNAMIC PROGRAMMING","MEDIUM",146703,,"CLEAR",,true,2026-07-21T18:50:04.000Z,2026-08-28T15:52:13.468Z
"https://leetcode.com/problems/maximum-total-damage-with-spell-casting/","Maximum Total Damage With Spell Casting","DYNAMIC PROGRAMMING","MEDIUM",260405,,"CLEAR",,true,2026-07-21T18:50:04.000Z,2026-08-28T15:52:13.468Z
"https://leetcode.com/problems/maximum-total-value-of-covered-indices/","Maximum Total Value of Covered Indices","DYNAMIC PROGRAMMING","MEDIUM",65497,,"CLEAR",,true,2026-07-21T18:50:04.000Z,2026-08-28T15:52:13.468Z
"https://leetcode.com/problems/maximum-vacation-days/","Maximum Vacation Days","DYNAMIC PROGRAMMING","HARD",88952,,"LOCKED",,true,2026-07-21T18:50:04.000Z,2026-08-28T15:52:13.468Z
"https://leetcode.com/problems/maximum-value-of-k-coins-from-piles/","Maximum Value of K Coins From Piles","DYNAMIC PROGRAMMING","HARD",141405,,"CLEAR",,true,2026-07-21T18:50:04.000Z,2026-08-28T15:52:13.468Z
"https://leetcode.com/problems/maximum-value-sum-by-placing-three-rooks-i/","Maximum Value Sum by Placing Three Rooks I","DYNAMIC PROGRAMMING","HARD",61297,,"CLEAR",,true,2026-07-21T18:50:04.000Z,2026-08-28T15:52:13.468Z
"https://leetcode.com/problems/maximum-value-sum-by-placing-three-rooks-ii/","Maximum Value Sum by Placing Three Rooks II","DYNAMIC PROGRAMMING","HARD",22383,,"CLEAR",,true,2026-07-21T18:50:04.000Z,2026-08-28T15:52:13.468Z
"https://leetcode.com/problems/maximum-walls-destroyed-by-robots/","Maximum Walls Destroyed by Robots","DYNAMIC PROGRAMMING","HARD",136427,,"CLEAR",,true,2026-07-21T18:50:04.000Z,2026-08-28T15:52:13.468Z
"https://leetcode.com/problems/maximum-weight-in-two-bags/","Maximum Weight in Two Bags","DYNAMIC PROGRAMMING","MEDIUM",1406,,"LOCKED",,true,2026-07-21T18:50:04.000Z,2026-08-28T15:52:13.468Z
"https://leetcode.com/problems/maximum-weighted-k-edge-path/","Maximum Weighted K-Edge Path","DYNAMIC PROGRAMMING","MEDIUM",51711,,"CLEAR",,true,2026-07-21T18:50:04.000Z,2026-08-28T15:52:13.468Z
"https://leetcode.com/problems/maximum-xor-score-subarray-queries/","Maximum XOR Score Subarray Queries","DYNAMIC PROGRAMMING","HARD",13896,,"CLEAR",,true,2026-07-21T18:50:04.000Z,2026-08-28T15:52:13.468Z
"https://leetcode.com/problems/merge-operations-for-minimum-travel-time/","Merge Operations for Minimum Travel Time","DYNAMIC PROGRAMMING","HARD",16867,,"CLEAR",,true,2026-07-21T18:50:04.000Z,2026-08-28T15:52:13.468Z
"https://leetcode.com/problems/min-cost-climbing-stairs/","Min Cost Climbing Stairs","DYNAMIC PROGRAMMING","EASY",2718434,,"CLEAR",,true,2026-07-21T18:50:04.000Z,2026-08-28T15:52:13.468Z
"https://leetcode.com/problems/minimize-maximum-of-array/","Minimize Maximum of Array","DYNAMIC PROGRAMMING","MEDIUM",222439,,"CLEAR",,true,2026-07-21T18:50:04.000Z,2026-08-28T15:52:13.468Z
"https://leetcode.com/problems/minimize-the-difference-between-target-and-chosen-elements/","Minimize the Difference Between Target and Chosen Elements","DYNAMIC PROGRAMMING","MEDIUM",111461,,"CLEAR",,true,2026-07-21T18:50:04.000Z,2026-08-28T15:52:13.468Z
"https://leetcode.com/problems/minimize-the-maximum-difference-of-pairs/","Minimize the Maximum Difference of Pairs","DYNAMIC PROGRAMMING","MEDIUM",340326,,"CLEAR",,true,2026-07-21T18:50:04.000Z,2026-08-28T15:52:13.468Z
"https://leetcode.com/problems/minimize-the-total-price-of-the-trips/","Minimize the Total Price of the Trips","DYNAMIC PROGRAMMING","HARD",30504,,"CLEAR",,true,2026-07-21T18:50:04.000Z,2026-08-28T15:52:13.468Z
"https://leetcode.com/problems/minimizing-array-after-replacing-pairs-with-their-product/","Minimizing Array After Replacing Pairs With Their Product","DYNAMIC PROGRAMMING","MEDIUM",4798,,"LOCKED",,true,2026-07-21T18:50:04.000Z,2026-08-28T15:52:13.468Z
"https://leetcode.com/problems/minimum-additions-to-make-valid-string/","Minimum Additions to Make Valid String","DYNAMIC PROGRAMMING","MEDIUM",78019,,"CLEAR",,true,2026-07-21T18:50:04.000Z,2026-08-28T15:52:13.468Z
"https://leetcode.com/problems/minimum-array-sum/","Minimum Array Sum","DYNAMIC PROGRAMMING","MEDIUM",57375,,"CLEAR",,true,2026-07-21T18:50:04.000Z,2026-08-28T15:52:13.468Z
"https://leetcode.com/problems/minimum-ascii-delete-sum-for-two-strings/","Minimum ASCII Delete Sum for Two Strings","DYNAMIC PROGRAMMING","MEDIUM",399850,,"CLEAR",,true,2026-07-21T18:50:04.000Z,2026-08-28T15:52:13.468Z
"https://leetcode.com/problems/minimum-changes-to-make-k-semi-palindromes/","Minimum Changes to Make K Semi-palindromes","DYNAMIC PROGRAMMING","HARD",15902,,"CLEAR",,true,2026-07-21T18:50:04.000Z,2026-08-28T15:52:13.468Z
"https://leetcode.com/problems/minimum-cost-for-cutting-cake-i/","Minimum Cost for Cutting Cake I","DYNAMIC PROGRAMMING","MEDIUM",55079,,"CLEAR",,true,2026-07-21T18:50:04.000Z,2026-08-28T15:52:13.468Z
"https://leetcode.com/problems/minimum-cost-for-tickets/","Minimum Cost For Tickets","DYNAMIC PROGRAMMING","MEDIUM",724586,,"CLEAR",,true,2026-07-21T18:50:04.000Z,2026-08-28T15:52:13.468Z
"https://leetcode.com/problems/minimum-cost-good-caption/","Minimum Cost Good Caption","DYNAMIC PROGRAMMING","HARD",19806,,"CLEAR",,true,2026-07-21T18:50:04.000Z,2026-08-28T15:52:13.468Z
"https://leetcode.com/problems/minimum-cost-path-with-alternating-directions-ii/","Minimum Cost Path with Alternating Directions II","DYNAMIC PROGRAMMING","MEDIUM",45349,,"CLEAR",,true,2026-07-21T18:50:04.000Z,2026-08-28T15:52:13.468Z
"https://leetcode.com/problems/minimum-cost-path-with-teleportations/","Minimum Cost Path with Teleportations","DYNAMIC PROGRAMMING","HARD",149329,,"CLEAR",,true,2026-07-21T18:50:04.000Z,2026-08-28T15:52:13.468Z
"https://leetcode.com/problems/minimum-cost-to-change-the-final-value-of-expression/","Minimum Cost to Change the Final Value of Expression","DYNAMIC PROGRAMMING","HARD",11478,,"CLEAR",,true,2026-07-21T18:50:04.000Z,2026-08-28T15:52:13.468Z
"https://leetcode.com/problems/minimum-cost-to-convert-string-ii/","Minimum Cost to Convert String II","DYNAMIC PROGRAMMING","HARD",111784,,"CLEAR",,true,2026-07-21T18:50:04.000Z,2026-08-28T15:52:13.468Z
"https://leetcode.com/problems/minimum-cost-to-convert-string-iii/","Minimum Cost to Convert String III","DYNAMIC PROGRAMMING","HARD",12658,,"CLEAR",,false,2026-07-21T18:50:04.000Z,2026-07-21T18:50:04.000Z
"https://leetcode.com/problems/minimum-cost-to-cut-a-stick/","Minimum Cost to Cut a Stick","DYNAMIC PROGRAMMING","HARD",406895,,"CLEAR",,true,2026-07-21T18:50:04.000Z,2026-08-28T15:52:13.468Z
"https://leetcode.com/problems/minimum-cost-to-divide-array-into-subarrays/","Minimum Cost to Divide Array Into Subarrays","DYNAMIC PROGRAMMING","HARD",19690,,"CLEAR",,true,2026-07-21T18:50:04.000Z,2026-08-28T15:52:13.468Z
"https://leetcode.com/problems/minimum-cost-to-make-all-characters-equal/","Minimum Cost to Make All Characters Equal","DYNAMIC PROGRAMMING","MEDIUM",43620,,"CLEAR",,true,2026-07-21T18:50:04.000Z,2026-08-28T15:52:13.468Z
"https://leetcode.com/problems/minimum-cost-to-merge-stones/","Minimum Cost to Merge Stones","DYNAMIC PROGRAMMING","HARD",118793,,"CLEAR",,true,2026-07-21T18:50:04.000Z,2026-08-28T15:52:13.468Z
"https://leetcode.com/problems/minimum-cost-to-reach-destination-in-time/","Minimum Cost to Reach Destination in Time","DYNAMIC PROGRAMMING","HARD",103617,,"CLEAR",,true,2026-07-21T18:50:04.000Z,2026-08-28T15:52:13.468Z
"https://leetcode.com/problems/minimum-cost-to-separate-sentence-into-rows/","Minimum Cost to Separate Sentence Into Rows","DYNAMIC PROGRAMMING","MEDIUM",5117,,"LOCKED",,true,2026-07-21T18:50:04.000Z,2026-08-28T15:52:13.468Z
"https://leetcode.com/problems/minimum-cost-to-split-an-array/","Minimum Cost to Split an Array","DYNAMIC PROGRAMMING","HARD",39542,,"CLEAR",,true,2026-07-21T18:50:04.000Z,2026-08-28T15:52:13.468Z
"https://leetcode.com/problems/minimum-cost-to-split-into-ones/","Minimum Cost to Split into Ones","DYNAMIC PROGRAMMING","MEDIUM",65256,,"CLEAR",,true,2026-07-21T18:50:04.000Z,2026-08-28T15:52:13.468Z
"https://leetcode.com/problems/minimum-cost-tree-from-leaf-values/","Minimum Cost Tree From Leaf Values","DYNAMIC PROGRAMMING","MEDIUM",184869,,"CLEAR",,true,2026-07-21T18:50:04.000Z,2026-08-28T15:52:13.468Z
"https://leetcode.com/problems/minimum-costs-using-the-train-line/","Minimum Costs Using the Train Line","DYNAMIC PROGRAMMING","HARD",20287,,"LOCKED",,true,2026-07-21T18:50:04.000Z,2026-08-28T15:52:13.468Z
"https://leetcode.com/problems/minimum-deletions-to-make-string-balanced/","Minimum Deletions to Make String Balanced","DYNAMIC PROGRAMMING","MEDIUM",435422,,"CLEAR",,true,2026-07-21T18:50:04.000Z,2026-08-28T15:52:13.468Z
"https://leetcode.com/problems/minimum-difference-in-sums-after-removal-of-elements/","Minimum Difference in Sums After Removal of Elements","DYNAMIC PROGRAMMING","HARD",122125,,"CLEAR",,true,2026-07-21T18:50:04.000Z,2026-08-28T15:52:13.468Z
"https://leetcode.com/problems/minimum-difficulty-of-a-job-schedule/","Minimum Difficulty of a Job Schedule","DYNAMIC PROGRAMMING","HARD",392379,,"CLEAR",,true,2026-07-21T18:50:04.000Z,2026-08-28T15:52:13.468Z
"https://leetcode.com/problems/minimum-distance-to-type-a-word-using-two-fingers/","Minimum Distance to Type a Word Using Two Fingers","DYNAMIC PROGRAMMING","HARD",143501,,"CLEAR",,true,2026-07-21T18:50:04.000Z,2026-08-28T15:52:13.468Z
"https://leetcode.com/problems/minimum-edge-reversals-so-every-node-is-reachable/","Minimum Edge Reversals So Every Node Is Reachable","DYNAMIC PROGRAMMING","HARD",45725,,"CLEAR",,true,2026-07-21T18:50:04.000Z,2026-08-28T15:52:13.468Z
"https://leetcode.com/problems/minimum-falling-path-sum/","Minimum Falling Path Sum","DYNAMIC PROGRAMMING","MEDIUM",1131623,,"CLEAR",,true,2026-07-21T18:50:04.000Z,2026-08-28T15:52:13.468Z
"https://leetcode.com/problems/minimum-falling-path-sum-ii/","Minimum Falling Path Sum II","DYNAMIC PROGRAMMING","HARD",271500,,"CLEAR",,true,2026-07-21T18:50:04.000Z,2026-08-28T15:52:13.468Z
"https://leetcode.com/problems/minimum-flips-in-binary-tree-to-get-result/","Minimum Flips in Binary Tree to Get Result","DYNAMIC PROGRAMMING","HARD",9473,,"LOCKED",,true,2026-07-21T18:50:04.000Z,2026-08-28T15:52:13.468Z
"https://leetcode.com/problems/minimum-increase-to-maximize-special-indices/","Minimum Increase to Maximize Special Indices","DYNAMIC PROGRAMMING","MEDIUM",76018,,"CLEAR",,true,2026-07-21T18:50:04.000Z,2026-08-28T15:52:13.468Z
"https://leetcode.com/problems/minimum-increment-operations-to-make-array-beautiful/","Minimum Increment Operations to Make Array Beautiful","DYNAMIC PROGRAMMING","MEDIUM",51559,,"CLEAR",,true,2026-07-21T18:50:04.000Z,2026-08-28T15:52:13.468Z
"https://leetcode.com/problems/minimum-increments-to-equalize-leaf-paths/","Minimum Increments to Equalize Leaf Paths","DYNAMIC PROGRAMMING","MEDIUM",41609,,"CLEAR",,true,2026-07-21T18:50:04.000Z,2026-08-28T15:52:13.468Z
"https://leetcode.com/problems/minimum-insertion-steps-to-make-a-string-palindrome/","Minimum Insertion Steps to Make a String Palindrome","DYNAMIC PROGRAMMING","HARD",471929,,"CLEAR",,true,2026-07-21T18:50:04.000Z,2026-08-28T15:52:13.468Z
"https://leetcode.com/problems/minimum-number-of-coins-for-fruits/","Minimum Number of Coins for Fruits","DYNAMIC PROGRAMMING","MEDIUM",52103,,"CLEAR",,true,2026-07-21T18:50:04.000Z,2026-08-28T15:52:13.468Z
"https://leetcode.com/problems/minimum-number-of-coins-for-fruits-ii/","Minimum Number of Coins for Fruits II","DYNAMIC PROGRAMMING","HARD",2205,,"LOCKED",,true,2026-07-21T18:50:04.000Z,2026-08-28T15:52:13.468Z
"https://leetcode.com/problems/minimum-number-of-days-to-eat-n-oranges/","Minimum Number of Days to Eat N Oranges","DYNAMIC PROGRAMMING","HARD",126546,,"CLEAR",,true,2026-07-21T18:50:04.000Z,2026-08-28T15:52:13.468Z
"https://leetcode.com/problems/minimum-number-of-flips-to-make-the-binary-string-alternating/","Minimum Number of Flips to Make the Binary String Alternating","DYNAMIC PROGRAMMING","MEDIUM",244036,,"CLEAR",,true,2026-07-21T18:50:04.000Z,2026-08-28T15:52:13.468Z
"https://leetcode.com/problems/minimum-number-of-food-buckets-to-feed-the-hamsters/","Minimum Number of Food Buckets to Feed the Hamsters","DYNAMIC PROGRAMMING","MEDIUM",65880,,"CLEAR",,true,2026-07-21T18:50:04.000Z,2026-08-28T15:52:13.468Z
"https://leetcode.com/problems/minimum-number-of-increments-on-subarrays-to-form-a-target-array/","Minimum Number of Increments on Subarrays to Form a Target Array","DYNAMIC PROGRAMMING","HARD",202846,,"CLEAR",,true,2026-07-21T18:50:04.000Z,2026-08-28T15:52:13.468Z
"https://leetcode.com/problems/minimum-number-of-operations-to-make-x-and-y-equal/","Minimum Number of Operations to Make X and Y Equal","DYNAMIC PROGRAMMING","MEDIUM",62554,,"CLEAR",,true,2026-07-21T18:50:04.000Z,2026-08-28T15:52:13.468Z
"https://leetcode.com/problems/minimum-number-of-operations-to-satisfy-conditions/","Minimum Number of Operations to Satisfy Conditions","DYNAMIC PROGRAMMING","MEDIUM",48963,,"CLEAR",,true,2026-07-21T18:50:04.000Z,2026-08-28T15:52:13.468Z
"https://leetcode.com/problems/minimum-number-of-primes-to-sum-to-target/","Minimum Number of Primes to Sum to Target","DYNAMIC PROGRAMMING","MEDIUM",5933,,"LOCKED",,true,2026-07-21T18:50:04.000Z,2026-08-28T15:52:13.468Z
"https://leetcode.com/problems/minimum-number-of-refueling-stops/","Minimum Number of Refueling Stops","DYNAMIC PROGRAMMING","HARD",419693,,"CLEAR",,true,2026-07-21T18:50:04.000Z,2026-08-28T15:52:13.468Z
"https://leetcode.com/problems/minimum-number-of-removals-to-make-mountain-array/","Minimum Number of Removals to Make Mountain Array","DYNAMIC PROGRAMMING","HARD",235034,,"CLEAR",,true,2026-07-21T18:50:04.000Z,2026-08-28T15:52:13.468Z
"https://leetcode.com/problems/minimum-number-of-taps-to-open-to-water-a-garden/","Minimum Number of Taps to Open to Water a Garden","DYNAMIC PROGRAMMING","HARD",326916,,"CLEAR",,true,2026-07-21T18:50:04.000Z,2026-08-28T15:52:13.468Z
"https://leetcode.com/problems/minimum-number-of-valid-strings-to-form-target-i/","Minimum Number of Valid Strings to Form Target I","DYNAMIC PROGRAMMING","MEDIUM",72289,,"CLEAR",,true,2026-07-21T18:50:04.000Z,2026-08-28T15:52:13.468Z
"https://leetcode.com/problems/minimum-number-of-valid-strings-to-form-target-ii/","Minimum Number of Valid Strings to Form Target II","DYNAMIC PROGRAMMING","HARD",29340,,"CLEAR",,true,2026-07-21T18:50:04.000Z,2026-08-28T15:52:13.468Z
"https://leetcode.com/problems/minimum-number-of-visited-cells-in-a-grid/","Minimum Number of Visited Cells in a Grid","DYNAMIC PROGRAMMING","HARD",52837,,"CLEAR",,true,2026-07-21T18:50:04.000Z,2026-08-28T15:52:13.468Z
"https://leetcode.com/problems/minimum-operations-to-achieve-at-least-k-peaks/","Minimum Operations to Achieve At Least K Peaks","DYNAMIC PROGRAMMING","HARD",24896,,"CLEAR",,true,2026-07-21T18:50:04.000Z,2026-08-28T15:52:13.468Z
"https://leetcode.com/problems/minimum-operations-to-make-array-equal-to-target/","Minimum Operations to Make Array Equal to Target","DYNAMIC PROGRAMMING","HARD",61258,,"CLEAR",,true,2026-07-21T18:50:04.000Z,2026-08-28T15:52:13.468Z
"https://leetcode.com/problems/minimum-operations-to-make-binary-array-elements-equal-to-one-ii/","Minimum Operations to Make Binary Array Elements Equal to One II","DYNAMIC PROGRAMMING","MEDIUM",69417,,"CLEAR",,true,2026-07-21T18:50:04.000Z,2026-08-28T15:52:13.468Z
"https://leetcode.com/problems/minimum-operations-to-make-character-frequencies-equal/","Minimum Operations to Make Character Frequencies Equal","DYNAMIC PROGRAMMING","HARD",19381,,"CLEAR",,true,2026-07-21T18:50:04.000Z,2026-08-28T15:52:13.468Z
"https://leetcode.com/problems/minimum-operations-to-make-elements-within-k-subarrays-equal/","Minimum Operations to Make Elements Within K Subarrays Equal","DYNAMIC PROGRAMMING","HARD",16947,,"CLEAR",,true,2026-07-21T18:50:04.000Z,2026-08-28T15:52:13.468Z
"https://leetcode.com/problems/minimum-operations-to-make-the-array-beautiful/","Minimum Operations to Make the Array Beautiful","DYNAMIC PROGRAMMING","MEDIUM",1067,,"LOCKED",,true,2026-07-21T18:50:04.000Z,2026-08-28T15:52:13.468Z
"https://leetcode.com/problems/minimum-operations-to-transform-binary-string/","Minimum Operations to Transform Binary String","DYNAMIC PROGRAMMING","MEDIUM",42211,,"CLEAR",,false,2026-07-21T18:50:04.000Z,2026-07-21T18:50:04.000Z
"https://leetcode.com/problems/minimum-partition-score/","Minimum Partition Score","DYNAMIC PROGRAMMING","HARD",22486,,"CLEAR",,true,2026-07-21T18:50:04.000Z,2026-08-28T15:52:13.468Z
"https://leetcode.com/problems/minimum-partition-score-ii/","Minimum Partition Score II","DYNAMIC PROGRAMMING","HARD",319,,"LOCKED",,true,2026-07-21T18:50:04.000Z,2026-08-28T15:52:13.468Z
"https://leetcode.com/problems/minimum-path-cost-in-a-grid/","Minimum Path Cost in a Grid","DYNAMIC PROGRAMMING","MEDIUM",63281,,"CLEAR",,true,2026-07-21T18:50:04.000Z,2026-08-28T15:52:13.468Z
"https://leetcode.com/problems/minimum-path-sum/","Minimum Path Sum","DYNAMIC PROGRAMMING","MEDIUM",2897153,,"CLEAR",,true,2026-07-21T18:50:04.000Z,2026-08-28T15:52:13.468Z
"https://leetcode.com/problems/minimum-possible-maximum-waiting-time/","Minimum Possible Maximum Waiting Time","DYNAMIC PROGRAMMING","HARD",9165,,"CLEAR",,false,2026-09-07T18:13:42.370Z,2026-09-07T18:13:42.370Z
"https://leetcode.com/problems/minimum-score-triangulation-of-polygon/","Minimum Score Triangulation of Polygon","DYNAMIC PROGRAMMING","MEDIUM",215689,,"CLEAR",,true,2026-07-21T18:50:04.000Z,2026-08-28T15:52:13.468Z
"https://leetcode.com/problems/minimum-sideway-jumps/","Minimum Sideway Jumps","DYNAMIC PROGRAMMING","MEDIUM",119269,,"CLEAR",,true,2026-07-21T18:50:04.000Z,2026-08-28T15:52:13.468Z
"https://leetcode.com/problems/minimum-skips-to-arrive-at-meeting-on-time/","Minimum Skips to Arrive at Meeting On Time","DYNAMIC PROGRAMMING","HARD",23483,,"CLEAR",,true,2026-07-21T18:50:04.000Z,2026-08-28T15:52:13.468Z
"https://leetcode.com/problems/minimum-split-into-subarrays-with-gcd-greater-than-one/","Minimum Split Into Subarrays With GCD Greater Than One","DYNAMIC PROGRAMMING","MEDIUM",4331,,"LOCKED",,true,2026-07-21T18:50:04.000Z,2026-08-28T15:52:13.468Z
"https://leetcode.com/problems/minimum-steps-to-convert-string-with-operations/","Minimum Steps to Convert String with Operations","DYNAMIC PROGRAMMING","HARD",11148,,"CLEAR",,true,2026-07-21T18:50:04.000Z,2026-08-28T15:52:13.468Z
"https://leetcode.com/problems/minimum-subarrays-in-a-valid-split/","Minimum Subarrays in a Valid Split","DYNAMIC PROGRAMMING","MEDIUM",5642,,"LOCKED",,true,2026-07-21T18:50:04.000Z,2026-08-28T15:52:13.468Z
"https://leetcode.com/problems/minimum-substring-partition-of-equal-character-frequency/","Minimum Substring Partition of Equal Character Frequency","DYNAMIC PROGRAMMING","MEDIUM",48417,,"CLEAR",,true,2026-07-21T18:50:04.000Z,2026-08-28T15:52:13.468Z
"https://leetcode.com/problems/minimum-sum-after-divisible-sum-deletions/","Minimum Sum After Divisible Sum Deletions","DYNAMIC PROGRAMMING","MEDIUM",65566,,"CLEAR",,true,2026-07-21T18:50:04.000Z,2026-08-28T15:52:13.468Z
"https://leetcode.com/problems/minimum-swaps-to-make-sequences-increasing/","Minimum Swaps To Make Sequences Increasing","DYNAMIC PROGRAMMING","HARD",245956,,"CLEAR",,true,2026-07-21T18:50:04.000Z,2026-08-28T15:52:13.468Z
"https://leetcode.com/problems/minimum-time-to-finish-the-race/","Minimum Time to Finish the Race","DYNAMIC PROGRAMMING","HARD",37775,,"CLEAR",,true,2026-07-21T18:50:04.000Z,2026-08-28T15:52:13.468Z
"https://leetcode.com/problems/minimum-time-to-make-array-sum-at-most-x/","Minimum Time to Make Array Sum At Most x","DYNAMIC PROGRAMMING","HARD",25679,,"CLEAR",,true,2026-07-21T18:50:04.000Z,2026-08-28T15:52:13.468Z
"https://leetcode.com/problems/minimum-time-to-make-rope-colorful/","Minimum Time to Make Rope Colorful","DYNAMIC PROGRAMMING","MEDIUM",636070,,"CLEAR",,true,2026-07-21T18:50:04.000Z,2026-08-28T15:52:13.468Z
"https://leetcode.com/problems/minimum-time-to-reach-target-with-limited-power/","Minimum Time to Reach Target With Limited Power","DYNAMIC PROGRAMMING","HARD",27419,,"CLEAR",,true,2026-07-21T18:50:04.000Z,2026-08-28T15:52:13.468Z
"https://leetcode.com/problems/minimum-time-to-remove-all-cars-containing-illegal-goods/","Minimum Time to Remove All Cars Containing Illegal Goods","DYNAMIC PROGRAMMING","HARD",37777,,"CLEAR",,true,2026-07-21T18:50:04.000Z,2026-08-28T15:52:13.468Z
"https://leetcode.com/problems/minimum-total-distance-traveled/","Minimum Total Distance Traveled","DYNAMIC PROGRAMMING","HARD",216709,,"CLEAR",,true,2026-07-21T18:50:04.000Z,2026-08-28T15:52:13.468Z
"https://leetcode.com/problems/minimum-total-space-wasted-with-k-resizing-operations/","Minimum Total Space Wasted With K Resizing Operations","DYNAMIC PROGRAMMING","MEDIUM",26623,,"CLEAR",,true,2026-07-21T18:50:04.000Z,2026-08-28T15:52:13.468Z
"https://leetcode.com/problems/minimum-white-tiles-after-covering-with-carpets/","Minimum White Tiles After Covering With Carpets","DYNAMIC PROGRAMMING","HARD",43399,,"CLEAR",,true,2026-07-21T18:50:04.000Z,2026-08-28T15:52:13.468Z
"https://leetcode.com/problems/minimum-window-subsequence/","Minimum Window Subsequence","DYNAMIC PROGRAMMING","HARD",228071,,"LOCKED",,true,2026-07-21T18:50:04.000Z,2026-08-28T15:52:13.468Z
"https://leetcode.com/problems/most-expensive-item-that-can-not-be-bought/","Most Expensive Item That Can Not Be Bought","DYNAMIC PROGRAMMING","MEDIUM",8246,,"LOCKED",,true,2026-07-21T18:50:04.000Z,2026-08-28T15:52:13.468Z
"https://leetcode.com/problems/n-th-tribonacci-number/","N-th Tribonacci Number","DYNAMIC PROGRAMMING","EASY",1812243,,"CLEAR",,true,2026-07-21T18:50:04.000Z,2026-08-28T15:52:13.468Z
"https://leetcode.com/problems/network-recovery-pathways/","Network Recovery Pathways","DYNAMIC PROGRAMMING","HARD",175194,,"CLEAR",,true,2026-07-21T18:50:04.000Z,2026-08-28T15:52:13.468Z
"https://leetcode.com/problems/new-21-game/","New 21 Game","DYNAMIC PROGRAMMING","MEDIUM",315393,,"CLEAR",,true,2026-07-21T18:50:04.000Z,2026-08-28T15:52:13.468Z
"https://leetcode.com/problems/non-negative-integers-without-consecutive-ones/","Non-negative Integers without Consecutive Ones","DYNAMIC PROGRAMMING","HARD",131384,,"CLEAR",,true,2026-07-21T18:50:04.000Z,2026-08-28T15:52:13.468Z
"https://leetcode.com/problems/non-overlapping-intervals/","Non-overlapping Intervals","DYNAMIC PROGRAMMING","MEDIUM",1935634,,"CLEAR",,true,2026-07-21T18:50:04.000Z,2026-08-28T15:52:13.468Z
"https://leetcode.com/problems/number-of-balanced-integers-in-a-range/","Number of Balanced Integers in a Range","DYNAMIC PROGRAMMING","HARD",23658,,"CLEAR",,true,2026-07-21T18:50:04.000Z,2026-08-28T15:52:13.468Z
"https://leetcode.com/problems/number-of-beautiful-integers-in-the-range/","Number of Beautiful Integers in the Range","DYNAMIC PROGRAMMING","HARD",65907,,"CLEAR",,true,2026-07-21T18:50:04.000Z,2026-08-28T15:52:13.468Z
"https://leetcode.com/problems/number-of-beautiful-partitions/","Number of Beautiful Partitions","DYNAMIC PROGRAMMING","HARD",41911,,"CLEAR",,true,2026-07-21T18:50:04.000Z,2026-08-28T15:52:13.468Z
"https://leetcode.com/problems/number-of-corner-rectangles/","Number Of Corner Rectangles","DYNAMIC PROGRAMMING","MEDIUM",59709,,"LOCKED",,true,2026-07-21T18:50:04.000Z,2026-08-28T15:52:13.468Z
"https://leetcode.com/problems/number-of-dice-rolls-with-target-sum/","Number of Dice Rolls With Target Sum","DYNAMIC PROGRAMMING","MEDIUM",579633,,"CLEAR",,true,2026-07-21T18:50:04.000Z,2026-08-28T15:52:13.468Z
"https://leetcode.com/problems/number-of-digit-one/","Number of Digit One","DYNAMIC PROGRAMMING","HARD",402249,,"CLEAR",,true,2026-07-21T18:50:04.000Z,2026-08-28T15:52:13.468Z
"https://leetcode.com/problems/number-of-distinct-roll-sequences/","Number of Distinct Roll Sequences","DYNAMIC PROGRAMMING","HARD",25342,,"CLEAR",,true,2026-07-21T18:50:04.000Z,2026-08-28T15:52:13.468Z
"https://leetcode.com/problems/number-of-good-binary-strings/","Number of Good Binary Strings","DYNAMIC PROGRAMMING","MEDIUM",14932,,"LOCKED",,true,2026-07-21T18:50:04.000Z,2026-08-28T15:52:13.468Z
"https://leetcode.com/problems/number-of-great-partitions/","Number of Great Partitions","DYNAMIC PROGRAMMING","HARD",43285,,"CLEAR",,true,2026-07-21T18:50:04.000Z,2026-08-28T15:52:13.468Z
"https://leetcode.com/problems/number-of-increasing-paths-in-a-grid/","Number of Increasing Paths in a Grid","DYNAMIC PROGRAMMING","HARD",151355,,"CLEAR",,true,2026-07-21T18:50:04.000Z,2026-08-28T15:52:13.468Z
"https://leetcode.com/problems/number-of-longest-increasing-subsequence/","Number of Longest Increasing Subsequence","DYNAMIC PROGRAMMING","MEDIUM",695540,,"CLEAR",,true,2026-07-21T18:50:04.000Z,2026-08-28T15:52:13.468Z
"https://leetcode.com/problems/number-of-matching-subsequences/","Number of Matching Subsequences","DYNAMIC PROGRAMMING","MEDIUM",561146,,"CLEAR",,true,2026-07-21T18:50:04.000Z,2026-08-28T15:52:13.468Z
"https://leetcode.com/problems/number-of-music-playlists/","Number of Music Playlists","DYNAMIC PROGRAMMING","HARD",135392,,"CLEAR",,true,2026-07-21T18:50:04.000Z,2026-08-28T15:52:13.468Z
"https://leetcode.com/problems/number-of-paths-with-max-score/","Number of Paths with Max Score","DYNAMIC PROGRAMMING","HARD",145155,,"CLEAR",,true,2026-07-21T18:50:04.000Z,2026-08-28T15:52:13.468Z
"https://leetcode.com/problems/number-of-people-aware-of-a-secret/","Number of People Aware of a Secret","DYNAMIC PROGRAMMING","MEDIUM",213528,,"CLEAR",,true,2026-07-21T18:50:04.000Z,2026-08-28T15:52:13.468Z
"https://leetcode.com/problems/number-of-restricted-paths-from-first-to-last-node/","Number of Restricted Paths From First to Last Node","DYNAMIC PROGRAMMING","MEDIUM",90086,,"CLEAR",,true,2026-07-21T18:50:04.000Z,2026-08-28T15:52:13.468Z
"https://leetcode.com/problems/number-of-sets-of-k-non-overlapping-line-segments/","Number of Sets of K Non-Overlapping Line Segments","DYNAMIC PROGRAMMING","MEDIUM",30519,,"CLEAR",,true,2026-07-21T18:50:04.000Z,2026-08-28T15:52:13.468Z
"https://leetcode.com/problems/number-of-smooth-descent-periods-of-a-stock/","Number of Smooth Descent Periods of a Stock","DYNAMIC PROGRAMMING","MEDIUM",217714,,"CLEAR",,true,2026-07-21T18:50:04.000Z,2026-08-28T15:52:13.468Z
"https://leetcode.com/problems/number-of-stable-subsequences/","Number of Stable Subsequences","DYNAMIC PROGRAMMING","HARD",42099,,"CLEAR",,true,2026-07-21T18:50:04.000Z,2026-08-28T15:52:13.468Z
"https://leetcode.com/problems/number-of-strings-which-can-be-rearranged-to-contain-substring/","Number of Strings Which Can Be Rearranged to Contain Substring","DYNAMIC PROGRAMMING","MEDIUM",16785,,"CLEAR",,true,2026-07-21T18:50:04.000Z,2026-08-28T15:52:13.468Z
"https://leetcode.com/problems/number-of-sub-arrays-with-odd-sum/","Number of Sub-arrays With Odd Sum","DYNAMIC PROGRAMMING","MEDIUM",325822,,"CLEAR",,true,2026-07-21T18:50:04.000Z,2026-08-28T15:52:13.468Z
"https://leetcode.com/problems/number-of-subarrays-having-even-product/","Number of Subarrays Having Even Product","DYNAMIC PROGRAMMING","MEDIUM",4686,,"LOCKED",,true,2026-07-21T18:50:04.000Z,2026-08-28T15:52:13.468Z
"https://leetcode.com/problems/number-of-subsequences-with-odd-sum/","Number of Subsequences with Odd Sum","DYNAMIC PROGRAMMING","MEDIUM",2461,,"LOCKED",,true,2026-07-21T18:50:04.000Z,2026-08-28T15:52:13.468Z
"https://leetcode.com/problems/number-of-unique-good-subsequences/","Number of Unique Good Subsequences","DYNAMIC PROGRAMMING","HARD",35110,,"CLEAR",,true,2026-07-21T18:50:04.000Z,2026-08-28T15:52:13.468Z
"https://leetcode.com/problems/number-of-ways-of-cutting-a-pizza/","Number of Ways of Cutting a Pizza","DYNAMIC PROGRAMMING","HARD",127193,,"CLEAR",,true,2026-07-21T18:50:04.000Z,2026-08-28T15:52:13.468Z
"https://leetcode.com/problems/number-of-ways-to-arrive-at-destination/","Number of Ways to Arrive at Destination","DYNAMIC PROGRAMMING","MEDIUM",771909,,"CLEAR",,true,2026-07-21T18:50:04.000Z,2026-08-28T15:52:13.468Z
"https://leetcode.com/problems/number-of-ways-to-build-house-of-cards/","Number of Ways to Build House of Cards","DYNAMIC PROGRAMMING","MEDIUM",6449,,"LOCKED",,true,2026-07-21T18:50:04.000Z,2026-08-28T15:52:13.468Z
"https://leetcode.com/problems/number-of-ways-to-divide-a-long-corridor/","Number of Ways to Divide a Long Corridor","DYNAMIC PROGRAMMING","HARD",263052,,"CLEAR",,true,2026-07-21T18:50:04.000Z,2026-08-28T15:52:13.468Z
"https://leetcode.com/problems/number-of-ways-to-earn-points/","Number of Ways to Earn Points","DYNAMIC PROGRAMMING","HARD",42337,,"CLEAR",,true,2026-07-21T18:50:04.000Z,2026-08-28T15:52:13.468Z
"https://leetcode.com/problems/number-of-ways-to-form-a-target-string-given-a-dictionary/","Number of Ways to Form a Target String Given a Dictionary","DYNAMIC PROGRAMMING","HARD",242388,,"CLEAR",,true,2026-07-21T18:50:04.000Z,2026-08-28T15:52:13.468Z
"https://leetcode.com/problems/number-of-ways-to-paint-n-3-grid/","Number of Ways to Paint N × 3 Grid","DYNAMIC PROGRAMMING","HARD",172030,,"CLEAR",,true,2026-07-21T18:50:04.000Z,2026-08-28T15:52:13.468Z
"https://leetcode.com/problems/number-of-ways-to-reach-a-position-after-exactly-k-steps/","Number of Ways to Reach a Position After Exactly k Steps","DYNAMIC PROGRAMMING","MEDIUM",110921,,"CLEAR",,true,2026-07-21T18:50:04.000Z,2026-08-28T15:52:13.468Z
"https://leetcode.com/problems/number-of-ways-to-reach-destination-in-the-grid/","Number of Ways to Reach Destination in the Grid","DYNAMIC PROGRAMMING","HARD",2122,,"LOCKED",,true,2026-07-21T18:50:04.000Z,2026-08-28T15:52:13.468Z
"https://leetcode.com/problems/number-of-ways-to-rearrange-sticks-with-k-sticks-visible/","Number of Ways to Rearrange Sticks With K Sticks Visible","DYNAMIC PROGRAMMING","HARD",42114,,"CLEAR",,true,2026-07-21T18:50:04.000Z,2026-08-28T15:52:13.468Z
"https://leetcode.com/problems/number-of-ways-to-reorder-array-to-get-same-bst/","Number of Ways to Reorder Array to Get Same BST","DYNAMIC PROGRAMMING","HARD",119256,,"CLEAR",,true,2026-07-21T18:50:04.000Z,2026-08-28T15:52:13.468Z
"https://leetcode.com/problems/number-of-ways-to-select-buildings/","Number of Ways to Select Buildings","DYNAMIC PROGRAMMING","MEDIUM",109854,,"CLEAR",,true,2026-07-21T18:50:04.000Z,2026-08-28T15:52:13.468Z
"https://leetcode.com/problems/number-of-ways-to-separate-numbers/","Number of Ways to Separate Numbers","DYNAMIC PROGRAMMING","HARD",41717,,"CLEAR",,true,2026-07-21T18:50:04.000Z,2026-08-28T15:52:13.468Z
"https://leetcode.com/problems/number-of-ways-to-stay-in-the-same-place-after-some-steps/","Number of Ways to Stay in the Same Place After Some Steps","DYNAMIC PROGRAMMING","HARD",211809,,"CLEAR",,true,2026-07-21T18:50:04.000Z,2026-08-28T15:52:13.468Z
"https://leetcode.com/problems/number-of-zigzag-arrays-i/","Number of ZigZag Arrays I","DYNAMIC PROGRAMMING","HARD",175650,,"CLEAR",,true,2026-07-21T18:50:04.000Z,2026-08-28T15:52:13.468Z
"https://leetcode.com/problems/number-of-zigzag-arrays-ii/","Number of ZigZag Arrays II","DYNAMIC PROGRAMMING","HARD",108581,,"CLEAR",,true,2026-07-21T18:50:04.000Z,2026-08-28T15:52:13.468Z
"https://leetcode.com/problems/number-of-zigzag-arrays-iii/","Number of ZigZag Arrays III","DYNAMIC PROGRAMMING","HARD",430,,"LOCKED",,true,2026-07-21T18:50:04.000Z,2026-08-28T15:52:13.468Z
"https://leetcode.com/problems/numbers-at-most-n-given-digit-set/","Numbers At Most N Given Digit Set","DYNAMIC PROGRAMMING","HARD",128174,,"CLEAR",,true,2026-07-21T18:50:04.000Z,2026-08-28T15:52:13.468Z
"https://leetcode.com/problems/numbers-with-repeated-digits/","Numbers With Repeated Digits","DYNAMIC PROGRAMMING","HARD",60210,,"CLEAR",,true,2026-07-21T18:50:04.000Z,2026-08-28T15:52:13.468Z
"https://leetcode.com/problems/odd-even-jump/","Odd Even Jump","DYNAMIC PROGRAMMING","HARD",257986,,"CLEAR",,true,2026-07-21T18:50:04.000Z,2026-08-28T15:52:13.468Z
"https://leetcode.com/problems/ones-and-zeroes/","Ones and Zeroes","DYNAMIC PROGRAMMING","MEDIUM",681936,,"CLEAR",,true,2026-07-21T18:50:04.000Z,2026-08-28T15:52:13.468Z
"https://leetcode.com/problems/optimal-division/","Optimal Division","DYNAMIC PROGRAMMING","MEDIUM",86839,,"CLEAR",,true,2026-07-21T18:50:04.000Z,2026-08-28T15:52:13.468Z
"https://leetcode.com/problems/out-of-boundary-paths/","Out of Boundary Paths","DYNAMIC PROGRAMMING","MEDIUM",484844,,"CLEAR",,true,2026-07-21T18:50:04.000Z,2026-08-28T15:52:13.468Z
"https://leetcode.com/problems/paint-fence/","Paint Fence","DYNAMIC PROGRAMMING","MEDIUM",271173,,"LOCKED",,true,2026-07-21T18:50:04.000Z,2026-08-28T15:52:13.468Z
"https://leetcode.com/problems/paint-house/","Paint House","DYNAMIC PROGRAMMING","MEDIUM",386858,,"LOCKED",,true,2026-07-21T18:50:04.000Z,2026-08-28T15:52:13.468Z
"https://leetcode.com/problems/paint-house-ii/","Paint House II","DYNAMIC PROGRAMMING","HARD",256147,,"LOCKED",,true,2026-07-21T18:50:04.000Z,2026-08-28T15:52:13.468Z
"https://leetcode.com/problems/paint-house-iii/","Paint House III","DYNAMIC PROGRAMMING","HARD",122089,,"CLEAR",,true,2026-07-21T18:50:04.000Z,2026-08-28T15:52:13.468Z
"https://leetcode.com/problems/paint-house-iv/","Paint House IV","DYNAMIC PROGRAMMING","MEDIUM",26763,,"CLEAR",,true,2026-07-21T18:50:04.000Z,2026-08-28T15:52:13.468Z
"https://leetcode.com/problems/painting-a-grid-with-three-different-colors/","Painting a Grid With Three Different Colors","DYNAMIC PROGRAMMING","HARD",100754,,"CLEAR",,true,2026-07-21T18:50:04.000Z,2026-08-28T15:52:13.468Z
"https://leetcode.com/problems/painting-the-walls/","Painting the Walls","DYNAMIC PROGRAMMING","HARD",171291,,"CLEAR",,true,2026-07-21T18:50:04.000Z,2026-08-28T15:52:13.468Z
"https://leetcode.com/problems/palindrome-partitioning/","Palindrome Partitioning","DYNAMIC PROGRAMMING","MEDIUM",1913492,,"CLEAR",,true,2026-07-21T18:50:04.000Z,2026-08-28T15:52:13.468Z
"https://leetcode.com/problems/palindrome-partitioning-ii/","Palindrome Partitioning II","DYNAMIC PROGRAMMING","HARD",1178615,,"CLEAR",,true,2026-07-21T18:50:04.000Z,2026-08-28T15:52:13.468Z
"https://leetcode.com/problems/palindrome-partitioning-iii/","Palindrome Partitioning III","DYNAMIC PROGRAMMING","HARD",65544,,"CLEAR",,true,2026-07-21T18:50:04.000Z,2026-08-28T15:52:13.468Z
"https://leetcode.com/problems/palindrome-partitioning-iv/","Palindrome Partitioning IV","DYNAMIC PROGRAMMING","HARD",78023,,"CLEAR",,true,2026-07-21T18:50:04.000Z,2026-08-28T15:52:13.468Z
"https://leetcode.com/problems/palindrome-removal/","Palindrome Removal","DYNAMIC PROGRAMMING","HARD",26425,,"LOCKED",,true,2026-07-21T18:50:04.000Z,2026-08-28T15:52:13.468Z
"https://leetcode.com/problems/palindromic-substrings/","Palindromic Substrings","DYNAMIC PROGRAMMING","MEDIUM",1705805,,"CLEAR",,true,2026-07-21T18:50:04.000Z,2026-08-28T15:52:13.468Z
"https://leetcode.com/problems/parallel-courses-iii/","Parallel Courses III","DYNAMIC PROGRAMMING","HARD",188444,,"CLEAR",,true,2026-07-21T18:50:04.000Z,2026-08-28T15:52:13.468Z
"https://leetcode.com/problems/partition-array-for-maximum-sum/","Partition Array for Maximum Sum","DYNAMIC PROGRAMMING","MEDIUM",372349,,"CLEAR",,true,2026-07-21T18:50:04.000Z,2026-08-28T15:52:13.468Z
"https://leetcode.com/problems/partition-equal-subset-sum/","Partition Equal Subset Sum","DYNAMIC PROGRAMMING","MEDIUM",3266568,,"CLEAR",,true,2026-07-21T18:50:04.000Z,2026-08-28T15:52:13.468Z
"https://leetcode.com/problems/partition-string-into-minimum-beautiful-substrings/","Partition String Into Minimum Beautiful Substrings","DYNAMIC PROGRAMMING","MEDIUM",43698,,"CLEAR",,true,2026-07-21T18:50:04.000Z,2026-08-28T15:52:13.468Z
"https://leetcode.com/problems/partition-string-into-substrings-with-values-at-most-k/","Partition String Into Substrings With Values at Most K","DYNAMIC PROGRAMMING","MEDIUM",58326,,"CLEAR",,true,2026-07-21T18:50:04.000Z,2026-08-28T15:52:13.468Z
"https://leetcode.com/problems/pascals-triangle/","Pascal's Triangle","DYNAMIC PROGRAMMING","EASY",3582858,,"CLEAR",,true,2026-07-21T18:50:04.000Z,2026-08-28T15:52:13.468Z
"https://leetcode.com/problems/pascals-triangle-ii/","Pascal's Triangle II","DYNAMIC PROGRAMMING","EASY",1904269,,"CLEAR",,true,2026-07-21T18:50:04.000Z,2026-08-28T15:52:13.468Z
"https://leetcode.com/problems/paths-in-matrix-whose-sum-is-divisible-by-k/","Paths in Matrix Whose Sum Is Divisible by K","DYNAMIC PROGRAMMING","HARD",183781,,"CLEAR",,true,2026-07-21T18:50:04.000Z,2026-08-28T15:52:13.468Z
"https://leetcode.com/problems/perfect-squares/","Perfect Squares","DYNAMIC PROGRAMMING","MEDIUM",1933367,,"CLEAR",,true,2026-07-21T18:50:04.000Z,2026-08-28T15:52:13.468Z
"https://leetcode.com/problems/pizza-with-3n-slices/","Pizza With 3n Slices","DYNAMIC PROGRAMMING","HARD",74610,,"CLEAR",,true,2026-07-21T18:50:04.000Z,2026-08-28T15:52:13.468Z
"https://leetcode.com/problems/poor-pigs/","Poor Pigs","DYNAMIC PROGRAMMING","HARD",232259,,"CLEAR",,true,2026-07-21T18:50:04.000Z,2026-08-28T15:52:13.468Z
"https://leetcode.com/problems/power-of-heroes/","Power of Heroes","DYNAMIC PROGRAMMING","HARD",42736,,"CLEAR",,true,2026-07-21T18:50:04.000Z,2026-08-28T15:52:13.468Z
"https://leetcode.com/problems/predict-the-winner/","Predict the Winner","DYNAMIC PROGRAMMING","MEDIUM",705758,,"CLEAR",,true,2026-07-21T18:50:04.000Z,2026-08-28T15:52:13.468Z
"https://leetcode.com/problems/probability-of-a-two-boxes-having-the-same-number-of-distinct-balls/","Probability of a Two Boxes Having The Same Number of Distinct Balls","DYNAMIC PROGRAMMING","HARD",20562,,"CLEAR",,true,2026-07-21T18:50:04.000Z,2026-08-28T15:52:13.468Z
"https://leetcode.com/problems/profitable-schemes/","Profitable Schemes","DYNAMIC PROGRAMMING","HARD",173692,,"CLEAR",,true,2026-07-21T18:50:04.000Z,2026-08-28T15:52:13.468Z
"https://leetcode.com/problems/push-dominoes/","Push Dominoes","DYNAMIC PROGRAMMING","MEDIUM",369759,,"CLEAR",,true,2026-07-21T18:50:04.000Z,2026-08-28T15:52:13.468Z
"https://leetcode.com/problems/race-car/","Race Car","DYNAMIC PROGRAMMING","HARD",244201,,"CLEAR",,true,2026-07-21T18:50:04.000Z,2026-08-28T15:52:13.468Z
"https://leetcode.com/problems/reducing-dishes/","Reducing Dishes","DYNAMIC PROGRAMMING","HARD",251821,,"CLEAR",,true,2026-07-21T18:50:04.000Z,2026-08-28T15:52:13.468Z
"https://leetcode.com/problems/regular-expression-matching/","Regular Expression Matching","DYNAMIC PROGRAMMING","HARD",4694688,,"CLEAR",,true,2026-07-21T18:50:04.000Z,2026-08-28T15:52:13.468Z
"https://leetcode.com/problems/remove-adjacent-almost-equal-characters/","Remove Adjacent Almost-Equal Characters","DYNAMIC PROGRAMMING","MEDIUM",59724,,"CLEAR",,true,2026-07-21T18:50:04.000Z,2026-08-28T15:52:13.468Z
"https://leetcode.com/problems/remove-boxes/","Remove Boxes","DYNAMIC PROGRAMMING","HARD",134325,,"CLEAR",,true,2026-07-21T18:50:04.000Z,2026-08-28T15:52:13.468Z
"https://leetcode.com/problems/restore-the-array/","Restore The Array","DYNAMIC PROGRAMMING","HARD",150483,,"CLEAR",,true,2026-07-21T18:50:04.000Z,2026-08-28T15:52:13.468Z
"https://leetcode.com/problems/rotate-function/","Rotate Function","DYNAMIC PROGRAMMING","MEDIUM",390267,,"CLEAR",,true,2026-07-21T18:50:04.000Z,2026-08-28T15:52:13.468Z
"https://leetcode.com/problems/rotated-digits/","Rotated Digits","DYNAMIC PROGRAMMING","MEDIUM",354262,,"CLEAR",,true,2026-07-21T18:50:04.000Z,2026-08-28T15:52:13.468Z
"https://leetcode.com/problems/russian-doll-envelopes/","Russian Doll Envelopes","DYNAMIC PROGRAMMING","HARD",810279,,"CLEAR",,true,2026-07-21T18:50:04.000Z,2026-08-28T15:52:13.468Z
"https://leetcode.com/problems/scramble-string/","Scramble String","DYNAMIC PROGRAMMING","HARD",744152,,"CLEAR",,true,2026-07-21T18:50:04.000Z,2026-08-28T15:52:13.468Z
"https://leetcode.com/problems/select-k-disjoint-special-substrings/","Select K Disjoint Special Substrings","DYNAMIC PROGRAMMING","MEDIUM",60551,,"CLEAR",,true,2026-07-21T18:50:04.000Z,2026-08-28T15:52:13.468Z
"https://leetcode.com/problems/selling-pieces-of-wood/","Selling Pieces of Wood","DYNAMIC PROGRAMMING","HARD",31122,,"CLEAR",,true,2026-07-21T18:50:04.000Z,2026-08-28T15:52:13.468Z
"https://leetcode.com/problems/sentence-screen-fitting/","Sentence Screen Fitting","DYNAMIC PROGRAMMING","MEDIUM",295582,,"LOCKED",,true,2026-07-21T18:50:04.000Z,2026-08-28T15:52:13.468Z
"https://leetcode.com/problems/shortest-common-supersequence/","Shortest Common Supersequence ","DYNAMIC PROGRAMMING","HARD",550926,,"CLEAR",,true,2026-07-21T18:50:04.000Z,2026-08-28T15:52:13.468Z
"https://leetcode.com/problems/shortest-distance-to-target-color/","Shortest Distance to Target Color","DYNAMIC PROGRAMMING","MEDIUM",73574,,"LOCKED",,true,2026-07-21T18:50:04.000Z,2026-08-28T15:52:13.468Z
"https://leetcode.com/problems/sliding-puzzle/","Sliding Puzzle","DYNAMIC PROGRAMMING","HARD",277162,,"CLEAR",,true,2026-07-21T18:50:04.000Z,2026-08-28T15:52:13.468Z
"https://leetcode.com/problems/smallest-missing-genetic-value-in-each-subtree/","Smallest Missing Genetic Value in Each Subtree","DYNAMIC PROGRAMMING","HARD",25156,,"CLEAR",,true,2026-07-21T18:50:04.000Z,2026-08-28T15:52:13.468Z
"https://leetcode.com/problems/solving-questions-with-brainpower/","Solving Questions With Brainpower","DYNAMIC PROGRAMMING","MEDIUM",439945,,"CLEAR",,true,2026-07-21T18:50:04.000Z,2026-08-28T15:52:13.468Z
"https://leetcode.com/problems/sort-integers-by-the-power-value/","Sort Integers by The Power Value","DYNAMIC PROGRAMMING","MEDIUM",175573,,"CLEAR",,true,2026-07-21T18:50:04.000Z,2026-08-28T15:52:13.468Z
"https://leetcode.com/problems/sorting-three-groups/","Sorting Three Groups","DYNAMIC PROGRAMMING","MEDIUM",64405,,"CLEAR",,true,2026-07-21T18:50:04.000Z,2026-08-28T15:52:13.468Z
"https://leetcode.com/problems/soup-servings/","Soup Servings","DYNAMIC PROGRAMMING","MEDIUM",258203,,"CLEAR",,true,2026-07-21T18:50:04.000Z,2026-08-28T15:52:13.468Z
"https://leetcode.com/problems/split-array-largest-sum/","Split Array Largest Sum","DYNAMIC PROGRAMMING","HARD",1170569,,"CLEAR",,true,2026-07-21T18:50:04.000Z,2026-08-28T15:52:13.468Z
"https://leetcode.com/problems/steps-to-make-array-non-decreasing/","Steps to Make Array Non-decreasing","DYNAMIC PROGRAMMING","MEDIUM",132354,,"CLEAR",,true,2026-07-21T18:50:04.000Z,2026-08-28T15:52:13.468Z
"https://leetcode.com/problems/stone-game/","Stone Game","DYNAMIC PROGRAMMING","MEDIUM",688239,,"CLEAR",,true,2026-07-21T18:50:04.000Z,2026-08-28T15:52:13.468Z
"https://leetcode.com/problems/stone-game-ii/","Stone Game II","DYNAMIC PROGRAMMING","MEDIUM",381660,,"CLEAR",,true,2026-07-21T18:50:04.000Z,2026-08-28T15:52:13.468Z
"https://leetcode.com/problems/stone-game-iii/","Stone Game III","DYNAMIC PROGRAMMING","HARD",313782,,"CLEAR",,true,2026-07-21T18:50:04.000Z,2026-08-28T15:52:13.468Z
"https://leetcode.com/problems/stone-game-iv/","Stone Game IV","DYNAMIC PROGRAMMING","HARD",267447,,"CLEAR",,true,2026-07-21T18:50:04.000Z,2026-08-28T15:52:13.468Z
"https://leetcode.com/problems/stone-game-v/","Stone Game V","DYNAMIC PROGRAMMING","HARD",175451,,"CLEAR",,true,2026-07-21T18:50:04.000Z,2026-08-28T15:52:13.468Z
"https://leetcode.com/problems/stone-game-vii/","Stone Game VII","DYNAMIC PROGRAMMING","MEDIUM",80089,,"CLEAR",,true,2026-07-21T18:50:04.000Z,2026-08-28T15:52:13.468Z
"https://leetcode.com/problems/stone-game-viii/","Stone Game VIII","DYNAMIC PROGRAMMING","HARD",116713,,"CLEAR",,true,2026-07-21T18:50:04.000Z,2026-08-28T15:52:13.468Z
"https://leetcode.com/problems/strange-printer/","Strange Printer","DYNAMIC PROGRAMMING","HARD",273378,,"CLEAR",,true,2026-07-21T18:50:04.000Z,2026-08-28T15:52:13.468Z
"https://leetcode.com/problems/string-compression-ii/","String Compression II","DYNAMIC PROGRAMMING","HARD",205771,,"CLEAR",,true,2026-07-21T18:50:04.000Z,2026-08-28T15:52:13.468Z
"https://leetcode.com/problems/string-transformation/","String Transformation","DYNAMIC PROGRAMMING","HARD",27666,,"CLEAR",,true,2026-07-21T18:50:04.000Z,2026-08-28T15:52:13.468Z
"https://leetcode.com/problems/student-attendance-record-ii/","Student Attendance Record II","DYNAMIC PROGRAMMING","HARD",288223,,"CLEAR",,true,2026-07-21T18:50:04.000Z,2026-08-28T15:52:13.468Z
"https://leetcode.com/problems/subsequence-sum-after-capping-elements/","Subsequence Sum After Capping Elements","DYNAMIC PROGRAMMING","MEDIUM",82697,,"CLEAR",,true,2026-07-21T18:50:04.000Z,2026-08-28T15:52:13.468Z
"https://leetcode.com/problems/substring-with-largest-variance/","Substring With Largest Variance","DYNAMIC PROGRAMMING","HARD",167999,,"CLEAR",,true,2026-07-21T18:50:04.000Z,2026-08-28T15:52:13.468Z
"https://leetcode.com/problems/subtree-inversion-sum/","Subtree Inversion Sum","DYNAMIC PROGRAMMING","HARD",11204,,"CLEAR",,true,2026-07-21T18:50:04.000Z,2026-08-28T15:52:13.468Z
"https://leetcode.com/problems/subtree-inversion-sum-ii/","Subtree Inversion Sum II","DYNAMIC PROGRAMMING","HARD",380,,"LOCKED",,true,2026-07-21T18:50:04.000Z,2026-08-28T15:52:13.468Z
"https://leetcode.com/problems/subtree-removal-game-with-fibonacci-tree/","Subtree Removal Game with Fibonacci Tree","DYNAMIC PROGRAMMING","HARD",1772,,"LOCKED",,true,2026-07-21T18:50:04.000Z,2026-08-28T15:52:13.468Z
"https://leetcode.com/problems/sum-of-consecutive-subarrays/","Sum of Consecutive Subarrays","DYNAMIC PROGRAMMING","MEDIUM",2198,,"LOCKED",,true,2026-07-21T18:50:04.000Z,2026-08-28T15:52:13.468Z
"https://leetcode.com/problems/sum-of-consecutive-subsequences/","Sum of Consecutive Subsequences","DYNAMIC PROGRAMMING","HARD",1317,,"LOCKED",,true,2026-07-21T18:50:04.000Z,2026-08-28T15:52:13.468Z
"https://leetcode.com/problems/sum-of-distances-in-tree/","Sum of Distances in Tree","DYNAMIC PROGRAMMING","HARD",289850,,"CLEAR",,true,2026-07-21T18:50:04.000Z,2026-08-28T15:52:13.468Z
"https://leetcode.com/problems/sum-of-good-subsequences/","Sum of Good Subsequences","DYNAMIC PROGRAMMING","HARD",41751,,"CLEAR",,true,2026-07-21T18:50:04.000Z,2026-08-28T15:52:13.468Z
"https://leetcode.com/problems/sum-of-k-subarrays-with-length-at-least-m/","Sum of K Subarrays With Length at Least M","DYNAMIC PROGRAMMING","MEDIUM",33021,,"CLEAR",,true,2026-07-21T18:50:04.000Z,2026-08-28T15:52:13.468Z
"https://leetcode.com/problems/sum-of-numbers-with-units-digit-k/","Sum of Numbers With Units Digit K","DYNAMIC PROGRAMMING","MEDIUM",118513,,"CLEAR",,true,2026-07-21T18:50:04.000Z,2026-08-28T15:52:13.468Z
"https://leetcode.com/problems/sum-of-special-evenly-spaced-elements-in-array/","Sum Of Special Evenly-Spaced Elements In Array","DYNAMIC PROGRAMMING","HARD",3566,,"LOCKED",,true,2026-07-21T18:50:04.000Z,2026-08-28T15:52:13.468Z
"https://leetcode.com/problems/sum-of-subarray-minimums/","Sum of Subarray Minimums","DYNAMIC PROGRAMMING","MEDIUM",1275886,,"CLEAR",,true,2026-07-21T18:50:04.000Z,2026-08-28T15:52:13.468Z
"https://leetcode.com/problems/super-egg-drop/","Super Egg Drop","DYNAMIC PROGRAMMING","HARD",347548,,"CLEAR",,true,2026-07-21T18:50:04.000Z,2026-08-28T15:52:13.468Z
"https://leetcode.com/problems/super-ugly-number/","Super Ugly Number","DYNAMIC PROGRAMMING","MEDIUM",361025,,"CLEAR",,true,2026-07-21T18:50:04.000Z,2026-08-28T15:52:13.468Z
"https://leetcode.com/problems/taking-maximum-energy-from-the-mystic-dungeon/","Taking Maximum Energy From the Mystic Dungeon","DYNAMIC PROGRAMMING","MEDIUM",237018,,"CLEAR",,true,2026-07-21T18:50:04.000Z,2026-08-28T15:52:13.468Z
"https://leetcode.com/problems/tallest-billboard/","Tallest Billboard","DYNAMIC PROGRAMMING","HARD",144430,,"CLEAR",,true,2026-07-21T18:50:04.000Z,2026-08-28T15:52:13.468Z
"https://leetcode.com/problems/target-sum/","Target Sum","DYNAMIC PROGRAMMING","MEDIUM",2227922,,"CLEAR",,true,2026-07-21T18:50:04.000Z,2026-08-28T15:52:13.468Z
"https://leetcode.com/problems/the-earliest-and-latest-rounds-where-players-compete/","The Earliest and Latest Rounds Where Players Compete","DYNAMIC PROGRAMMING","HARD",87261,,"CLEAR",,true,2026-07-21T18:50:04.000Z,2026-08-28T15:52:13.468Z
"https://leetcode.com/problems/the-most-similar-path-in-a-graph/","The Most Similar Path in a Graph","DYNAMIC PROGRAMMING","HARD",30216,,"LOCKED",,true,2026-07-21T18:50:04.000Z,2026-08-28T15:52:13.468Z
"https://leetcode.com/problems/the-number-of-beautiful-subsets/","The Number of Beautiful Subsets","DYNAMIC PROGRAMMING","MEDIUM",264999,,"CLEAR",,true,2026-07-21T18:50:04.000Z,2026-08-28T15:52:13.468Z
"https://leetcode.com/problems/the-number-of-ways-to-make-the-sum/","The Number of Ways to Make the Sum","DYNAMIC PROGRAMMING","MEDIUM",4333,,"LOCKED",,true,2026-07-21T18:50:04.000Z,2026-08-28T15:52:13.468Z
"https://leetcode.com/problems/the-score-of-students-solving-math-expression/","The Score of Students Solving Math Expression","DYNAMIC PROGRAMMING","HARD",28833,,"CLEAR",,true,2026-07-21T18:50:04.000Z,2026-08-28T15:52:13.468Z
"https://leetcode.com/problems/time-needed-to-rearrange-a-binary-string/","Time Needed to Rearrange a Binary String","DYNAMIC PROGRAMMING","MEDIUM",88014,,"CLEAR",,true,2026-07-21T18:50:04.000Z,2026-08-28T15:52:13.468Z
"https://leetcode.com/problems/time-taken-to-mark-all-nodes/","Time Taken to Mark All Nodes","DYNAMIC PROGRAMMING","HARD",26171,,"CLEAR",,true,2026-07-21T18:50:04.000Z,2026-08-28T15:52:13.468Z
"https://leetcode.com/problems/toss-strange-coins/","Toss Strange Coins","DYNAMIC PROGRAMMING","MEDIUM",40384,,"LOCKED",,true,2026-07-21T18:50:04.000Z,2026-08-28T15:52:13.468Z
"https://leetcode.com/problems/total-appeal-of-a-string/","Total Appeal of A String","DYNAMIC PROGRAMMING","HARD",85958,,"CLEAR",,true,2026-07-21T18:50:04.000Z,2026-08-28T15:52:13.468Z
"https://leetcode.com/problems/total-characters-in-string-after-transformations-i/","Total Characters in String After Transformations I","DYNAMIC PROGRAMMING","MEDIUM",260144,,"CLEAR",,true,2026-07-21T18:50:04.000Z,2026-08-28T15:52:13.468Z
"https://leetcode.com/problems/total-characters-in-string-after-transformations-ii/","Total Characters in String After Transformations II","DYNAMIC PROGRAMMING","HARD",110993,,"CLEAR",,true,2026-07-21T18:50:04.000Z,2026-08-28T15:52:13.468Z
"https://leetcode.com/problems/total-waviness-of-numbers-in-range-i/","Total Waviness of Numbers in Range I","DYNAMIC PROGRAMMING","MEDIUM",169767,,"CLEAR",,true,2026-07-21T18:50:04.000Z,2026-08-28T15:52:13.468Z
"https://leetcode.com/problems/total-waviness-of-numbers-in-range-ii/","Total Waviness of Numbers in Range II","DYNAMIC PROGRAMMING","HARD",121087,,"CLEAR",,true,2026-07-21T18:50:04.000Z,2026-08-28T15:52:13.468Z
"https://leetcode.com/problems/trapping-rain-water/","Trapping Rain Water","DYNAMIC PROGRAMMING","HARD",5661907,,"CLEAR",,true,2026-07-21T18:50:04.000Z,2026-08-28T15:52:13.468Z
"https://leetcode.com/problems/triangle/","Triangle","DYNAMIC PROGRAMMING","MEDIUM",2315516,,"CLEAR",,true,2026-07-21T18:50:04.000Z,2026-08-28T15:52:13.468Z
"https://leetcode.com/problems/trionic-array-ii/","Trionic Array II","DYNAMIC PROGRAMMING","HARD",183087,,"CLEAR",,true,2026-07-21T18:50:04.000Z,2026-08-28T15:52:13.468Z
"https://leetcode.com/problems/twisted-mirror-path-count/","Twisted Mirror Path Count","DYNAMIC PROGRAMMING","MEDIUM",32686,,"CLEAR",,true,2026-07-21T18:50:04.000Z,2026-08-28T15:52:13.468Z
"https://leetcode.com/problems/two-best-non-overlapping-events/","Two Best Non-Overlapping Events","DYNAMIC PROGRAMMING","MEDIUM",284862,,"CLEAR",,true,2026-07-21T18:50:04.000Z,2026-08-28T15:52:13.468Z
"https://leetcode.com/problems/ugly-number-ii/","Ugly Number II","DYNAMIC PROGRAMMING","MEDIUM",1121361,,"CLEAR",,true,2026-07-21T18:50:04.000Z,2026-08-28T15:52:13.468Z
"https://leetcode.com/problems/uncrossed-lines/","Uncrossed Lines","DYNAMIC PROGRAMMING","MEDIUM",309568,,"CLEAR",,true,2026-07-21T18:50:04.000Z,2026-08-28T15:52:13.468Z
"https://leetcode.com/problems/unique-binary-search-trees/","Unique Binary Search Trees","DYNAMIC PROGRAMMING","MEDIUM",1417874,,"CLEAR",,true,2026-07-21T18:50:04.000Z,2026-08-28T15:52:13.468Z
"https://leetcode.com/problems/unique-binary-search-trees-ii/","Unique Binary Search Trees II","DYNAMIC PROGRAMMING","MEDIUM",966962,,"CLEAR",,true,2026-07-21T18:50:04.000Z,2026-08-28T15:52:13.468Z
"https://leetcode.com/problems/unique-paths/","Unique Paths","DYNAMIC PROGRAMMING","MEDIUM",4518656,,"CLEAR",,true,2026-07-21T18:50:04.000Z,2026-08-28T15:52:13.468Z
"https://leetcode.com/problems/unique-paths-ii/","Unique Paths II","DYNAMIC PROGRAMMING","MEDIUM",3560978,,"CLEAR",,true,2026-07-21T18:50:04.000Z,2026-08-28T15:52:13.468Z
"https://leetcode.com/problems/unique-substrings-in-wraparound-string/","Unique Substrings in Wraparound String","DYNAMIC PROGRAMMING","MEDIUM",136751,,"CLEAR",,true,2026-07-21T18:50:04.000Z,2026-08-28T15:52:13.468Z
"https://leetcode.com/problems/valid-palindrome-iii/","Valid Palindrome III","DYNAMIC PROGRAMMING","HARD",223122,,"LOCKED",,true,2026-07-21T18:50:04.000Z,2026-08-28T15:52:13.468Z
"https://leetcode.com/problems/valid-parenthesis-string/","Valid Parenthesis String","DYNAMIC PROGRAMMING","MEDIUM",1586310,,"CLEAR",,true,2026-07-21T18:50:04.000Z,2026-08-28T15:52:13.468Z
"https://leetcode.com/problems/valid-permutations-for-di-sequence/","Valid Permutations for DI Sequence","DYNAMIC PROGRAMMING","HARD",38799,,"CLEAR",,true,2026-07-21T18:50:04.000Z,2026-08-28T15:52:13.468Z
"https://leetcode.com/problems/video-stitching/","Video Stitching","DYNAMIC PROGRAMMING","MEDIUM",176437,,"CLEAR",,true,2026-07-21T18:50:04.000Z,2026-08-28T15:52:13.468Z
"https://leetcode.com/problems/visit-array-positions-to-maximize-score/","Visit Array Positions to Maximize Score","DYNAMIC PROGRAMMING","MEDIUM",70769,,"CLEAR",,true,2026-07-21T18:50:04.000Z,2026-08-28T15:52:13.468Z
"https://leetcode.com/problems/vowels-of-all-substrings/","Vowels of All Substrings","DYNAMIC PROGRAMMING","MEDIUM",85609,,"CLEAR",,true,2026-07-21T18:50:04.000Z,2026-08-28T15:52:13.468Z
"https://leetcode.com/problems/ways-to-express-an-integer-as-sum-of-powers/","Ways to Express an Integer as Sum of Powers","DYNAMIC PROGRAMMING","MEDIUM",243007,,"CLEAR",,true,2026-07-21T18:50:04.000Z,2026-08-28T15:52:13.468Z
"https://leetcode.com/problems/ways-to-split-array-into-good-subarrays/","Ways to Split Array Into Good Subarrays","DYNAMIC PROGRAMMING","MEDIUM",83498,,"CLEAR",,true,2026-07-21T18:50:04.000Z,2026-08-28T15:52:13.468Z
"https://leetcode.com/problems/wiggle-subsequence/","Wiggle Subsequence","DYNAMIC PROGRAMMING","MEDIUM",611536,,"CLEAR",,true,2026-07-21T18:50:04.000Z,2026-08-28T15:52:13.468Z
"https://leetcode.com/problems/wildcard-matching/","Wildcard Matching","DYNAMIC PROGRAMMING","HARD",2881570,,"CLEAR",,true,2026-07-21T18:50:04.000Z,2026-08-28T15:52:13.468Z
"https://leetcode.com/problems/word-break/","Word Break","DYNAMIC PROGRAMMING","MEDIUM",5001599,,"CLEAR",,true,2026-07-21T18:50:04.000Z,2026-08-28T15:52:13.468Z
"https://leetcode.com/problems/word-break-ii/","Word Break II","DYNAMIC PROGRAMMING","HARD",1506837,,"CLEAR",,true,2026-07-21T18:50:04.000Z,2026-08-28T15:52:13.468Z
"https://leetcode.com/problems/zero-array-transformation-iv/","Zero Array Transformation IV","DYNAMIC PROGRAMMING","MEDIUM",40077,,"CLEAR",,true,2026-07-21T18:50:04.000Z,2026-08-28T15:52:13.468Z
"https://leetcode.com/problems/zuma-game/","Zuma Game","DYNAMIC PROGRAMMING","HARD",107773,,"CLEAR",,true,2026-07-21T18:50:04.000Z,2026-08-28T15:52:13.468Z
"https://leetcode.com/problems/sequential-digits/","Sequential Digits","ENUMERATION","MEDIUM",521404,,"CLEAR",,false,2026-07-21T18:50:04.000Z,2026-07-21T18:50:04.000Z
"https://leetcode.com/problems/accounts-merge/","Accounts Merge","GRAPH THEORY","MEDIUM",1083208,,"CLEAR",,false,2026-07-21T18:50:04.000Z,2026-07-21T18:50:04.000Z
"https://leetcode.com/problems/add-edges-to-make-degrees-of-all-nodes-even/","Add Edges to Make Degrees of All Nodes Even","GRAPH THEORY","HARD",69660,,"CLEAR",,false,2026-07-21T18:50:04.000Z,2026-07-21T18:50:04.000Z
"https://leetcode.com/problems/alien-dictionary/","Alien Dictionary","GRAPH THEORY","HARD",1337194,,"LOCKED",,false,2026-07-21T18:50:04.000Z,2026-07-21T18:50:04.000Z
"https://leetcode.com/problems/all-ancestors-of-a-node-in-a-directed-acyclic-graph/","All Ancestors of a Node in a Directed Acyclic Graph","GRAPH THEORY","MEDIUM",267175,,"CLEAR",,false,2026-07-21T18:50:04.000Z,2026-07-21T18:50:04.000Z
"https://leetcode.com/problems/all-paths-from-source-lead-to-destination/","All Paths from Source Lead to Destination","GRAPH THEORY","MEDIUM",209721,,"LOCKED",,false,2026-07-21T18:50:04.000Z,2026-07-21T18:50:04.000Z
"https://leetcode.com/problems/apply-substitutions/","Apply Substitutions","GRAPH THEORY","MEDIUM",22168,,"LOCKED",,false,2026-07-21T18:50:04.000Z,2026-07-21T18:50:04.000Z
"https://leetcode.com/problems/array-nesting/","Array Nesting","GRAPH THEORY","MEDIUM",271170,,"CLEAR",,false,2026-07-21T18:50:04.000Z,2026-07-21T18:50:04.000Z
"https://leetcode.com/problems/battleships-in-a-board/","Battleships in a Board","GRAPH THEORY","MEDIUM",380580,,"CLEAR",,false,2026-07-21T18:50:04.000Z,2026-07-21T18:50:04.000Z
"https://leetcode.com/problems/build-a-matrix-with-conditions/","Build a Matrix With Conditions","GRAPH THEORY","HARD",138643,,"CLEAR",,false,2026-07-21T18:50:04.000Z,2026-07-21T18:50:04.000Z
"https://leetcode.com/problems/bus-routes/","Bus Routes","GRAPH THEORY","HARD",645953,,"CLEAR",,false,2026-07-21T18:50:04.000Z,2026-07-21T18:50:04.000Z
"https://leetcode.com/problems/check-for-contradictions-in-equations/","Check for Contradictions in Equations","GRAPH THEORY","HARD",12395,,"LOCKED",,false,2026-07-21T18:50:04.000Z,2026-07-21T18:50:04.000Z
"https://leetcode.com/problems/check-if-the-rectangle-corner-is-reachable/","Check if the Rectangle Corner Is Reachable","GRAPH THEORY","HARD",34334,,"CLEAR",,false,2026-07-21T18:50:04.000Z,2026-07-21T18:50:04.000Z
"https://leetcode.com/problems/check-if-there-is-a-valid-path-in-a-grid/","Check if There is a Valid Path in a Grid","GRAPH THEORY","MEDIUM",170316,,"CLEAR",,false,2026-07-21T18:50:04.000Z,2026-07-21T18:50:04.000Z
"https://leetcode.com/problems/check-knight-tour-configuration/","Check Knight Tour Configuration","GRAPH THEORY","MEDIUM",101321,,"CLEAR",,false,2026-07-21T18:50:04.000Z,2026-07-21T18:50:04.000Z
"https://leetcode.com/problems/checking-existence-of-edge-length-limited-paths/","Checking Existence of Edge Length Limited Paths","GRAPH THEORY","HARD",102251,,"CLEAR",,false,2026-07-21T18:50:04.000Z,2026-07-21T18:50:04.000Z
"https://leetcode.com/problems/checking-existence-of-edge-length-limited-paths-ii/","Checking Existence of Edge Length Limited Paths II","GRAPH THEORY","HARD",8575,,"LOCKED",,false,2026-07-21T18:50:04.000Z,2026-07-21T18:50:04.000Z
"https://leetcode.com/problems/clone-graph/","Clone Graph","GRAPH THEORY","MEDIUM",3041454,,"CLEAR",,false,2026-07-21T18:50:04.000Z,2026-07-21T18:50:04.000Z
"https://leetcode.com/problems/coloring-a-border/","Coloring A Border","GRAPH THEORY","MEDIUM",105295,,"CLEAR",,false,2026-07-21T18:50:04.000Z,2026-07-21T18:50:04.000Z
"https://leetcode.com/problems/connecting-cities-with-minimum-cost/","Connecting Cities With Minimum Cost","GRAPH THEORY","MEDIUM",147153,,"LOCKED",,false,2026-07-21T18:50:04.000Z,2026-07-21T18:50:04.000Z
"https://leetcode.com/problems/construct-2d-grid-matching-graph-layout/","Construct 2D Grid Matching Graph Layout","GRAPH THEORY","HARD",16735,,"CLEAR",,false,2026-07-21T18:50:04.000Z,2026-07-21T18:50:04.000Z
"https://leetcode.com/problems/contain-virus/","Contain Virus","GRAPH THEORY","HARD",36820,,"CLEAR",,false,2026-07-21T18:50:04.000Z,2026-07-21T18:50:04.000Z
"https://leetcode.com/problems/count-islands-with-total-value-divisible-by-k/","Count Islands With Total Value Divisible by K","GRAPH THEORY","MEDIUM",61238,,"CLEAR",,false,2026-07-21T18:50:04.000Z,2026-07-21T18:50:04.000Z
"https://leetcode.com/problems/count-pairs-of-nodes/","Count Pairs Of Nodes","GRAPH THEORY","HARD",25079,,"CLEAR",,false,2026-07-21T18:50:04.000Z,2026-07-21T18:50:04.000Z
"https://leetcode.com/problems/count-servers-that-communicate/","Count Servers that Communicate","GRAPH THEORY","MEDIUM",278043,,"CLEAR",,false,2026-07-21T18:50:04.000Z,2026-07-21T18:50:04.000Z
"https://leetcode.com/problems/count-sub-islands/","Count Sub Islands","GRAPH THEORY","MEDIUM",312898,,"CLEAR",,false,2026-07-21T18:50:04.000Z,2026-07-21T18:50:04.000Z
"https://leetcode.com/problems/count-the-number-of-complete-components/","Count the Number of Complete Components","GRAPH THEORY","MEDIUM",316782,,"CLEAR",,false,2026-07-21T18:50:04.000Z,2026-07-21T18:50:04.000Z
"https://leetcode.com/problems/count-the-number-of-houses-at-a-certain-distance-i/","Count the Number of Houses at a Certain Distance I","GRAPH THEORY","MEDIUM",50593,,"CLEAR",,false,2026-07-21T18:50:04.000Z,2026-07-21T18:50:04.000Z
"https://leetcode.com/problems/count-the-number-of-houses-at-a-certain-distance-ii/","Count the Number of Houses at a Certain Distance II","GRAPH THEORY","HARD",19866,,"CLEAR",,false,2026-07-21T18:50:04.000Z,2026-07-21T18:50:04.000Z
"https://leetcode.com/problems/count-unreachable-pairs-of-nodes-in-an-undirected-graph/","Count Unreachable Pairs of Nodes in an Undirected Graph","GRAPH THEORY","MEDIUM",253279,,"CLEAR",,false,2026-07-21T18:50:04.000Z,2026-07-21T18:50:04.000Z
"https://leetcode.com/problems/course-schedule/","Course Schedule","GRAPH THEORY","MEDIUM",5358391,,"CLEAR",,false,2026-07-21T18:50:04.000Z,2026-07-21T18:50:04.000Z
"https://leetcode.com/problems/course-schedule-ii/","Course Schedule II","GRAPH THEORY","MEDIUM",3276542,,"CLEAR",,false,2026-07-21T18:50:04.000Z,2026-07-21T18:50:04.000Z
"https://leetcode.com/problems/course-schedule-iv/","Course Schedule IV","GRAPH THEORY","MEDIUM",359723,,"CLEAR",,false,2026-07-21T18:50:04.000Z,2026-07-21T18:50:04.000Z
"https://leetcode.com/problems/cracking-the-safe/","Cracking the Safe","GRAPH THEORY","HARD",126325,,"CLEAR",,false,2026-07-21T18:50:04.000Z,2026-07-21T18:50:04.000Z
"https://leetcode.com/problems/critical-connections-in-a-network/","Critical Connections in a Network","GRAPH THEORY","HARD",571540,,"CLEAR",,false,2026-07-21T18:50:04.000Z,2026-07-21T18:50:04.000Z
"https://leetcode.com/problems/cut-off-trees-for-golf-event/","Cut Off Trees for Golf Event","GRAPH THEORY","HARD",239053,,"CLEAR",,false,2026-07-21T18:50:04.000Z,2026-07-21T18:50:04.000Z
"https://leetcode.com/problems/delete-duplicate-folders-in-system/","Delete Duplicate Folders in System","GRAPH THEORY","HARD",89681,,"CLEAR",,false,2026-07-21T18:50:04.000Z,2026-07-21T18:50:04.000Z
"https://leetcode.com/problems/design-add-and-search-words-data-structure/","Design Add and Search Words Data Structure","GRAPH THEORY","MEDIUM",1894436,,"CLEAR",,false,2026-07-21T18:50:04.000Z,2026-07-21T18:50:04.000Z
"https://leetcode.com/problems/design-excel-sum-formula/","Design Excel Sum Formula","GRAPH THEORY","HARD",93659,,"LOCKED",,false,2026-07-21T18:50:04.000Z,2026-07-21T18:50:04.000Z
"https://leetcode.com/problems/design-graph-with-shortest-path-calculator/","Design Graph With Shortest Path Calculator","GRAPH THEORY","HARD",127167,,"CLEAR",,false,2026-07-21T18:50:04.000Z,2026-07-21T18:50:04.000Z
"https://leetcode.com/problems/design-search-autocomplete-system/","Design Search Autocomplete System","GRAPH THEORY","HARD",343914,,"LOCKED",,false,2026-07-21T18:50:04.000Z,2026-07-21T18:50:04.000Z
"https://leetcode.com/problems/detect-cycles-in-2d-grid/","Detect Cycles in 2D Grid","GRAPH THEORY","MEDIUM",233107,,"CLEAR",,false,2026-07-21T18:50:04.000Z,2026-07-21T18:50:04.000Z
"https://leetcode.com/problems/determine-if-a-simple-graph-exists/","Determine if a Simple Graph Exists","GRAPH THEORY","MEDIUM",1021,,"LOCKED",,false,2026-07-21T18:50:04.000Z,2026-07-21T18:50:04.000Z
"https://leetcode.com/problems/detonate-the-maximum-bombs/","Detonate the Maximum Bombs","GRAPH THEORY","MEDIUM",375473,,"CLEAR",,false,2026-07-21T18:50:04.000Z,2026-07-21T18:50:04.000Z
"https://leetcode.com/problems/digit-operations-to-make-two-integers-equal/","Digit Operations to Make Two Integers Equal","GRAPH THEORY","MEDIUM",35280,,"CLEAR",,false,2026-07-21T18:50:04.000Z,2026-07-21T18:50:04.000Z
"https://leetcode.com/problems/distance-to-a-cycle-in-undirected-graph/","Distance to a Cycle in Undirected Graph","GRAPH THEORY","HARD",10509,,"LOCKED",,false,2026-07-21T18:50:04.000Z,2026-07-21T18:50:04.000Z
"https://leetcode.com/problems/divide-nodes-into-the-maximum-number-of-groups/","Divide Nodes Into the Maximum Number of Groups","GRAPH THEORY","HARD",132057,,"CLEAR",,false,2026-07-21T18:50:04.000Z,2026-07-21T18:50:04.000Z
"https://leetcode.com/problems/escape-a-large-maze/","Escape a Large Maze","GRAPH THEORY","HARD",81208,,"CLEAR",,false,2026-07-21T18:50:04.000Z,2026-07-21T18:50:04.000Z
"https://leetcode.com/problems/escape-the-spreading-fire/","Escape the Spreading Fire","GRAPH THEORY","HARD",60039,,"CLEAR",,false,2026-07-21T18:50:04.000Z,2026-07-21T18:50:04.000Z
"https://leetcode.com/problems/evaluate-division/","Evaluate Division","GRAPH THEORY","MEDIUM",1157433,,"CLEAR",,false,2026-07-21T18:50:04.000Z,2026-07-21T18:50:04.000Z
"https://leetcode.com/problems/find-a-safe-walk-through-a-grid/","Find a Safe Walk Through a Grid","GRAPH THEORY","MEDIUM",249049,,"CLEAR",,false,2026-07-21T18:50:04.000Z,2026-07-21T18:50:04.000Z
"https://leetcode.com/problems/find-all-groups-of-farmland/","Find All Groups of Farmland","GRAPH THEORY","MEDIUM",192121,,"CLEAR",,false,2026-07-21T18:50:04.000Z,2026-07-21T18:50:04.000Z
"https://leetcode.com/problems/find-all-people-with-secret/","Find All People With Secret","GRAPH THEORY","HARD",354295,,"CLEAR",,false,2026-07-21T18:50:04.000Z,2026-07-21T18:50:04.000Z
"https://leetcode.com/problems/find-all-possible-recipes-from-given-supplies/","Find All Possible Recipes from Given Supplies","GRAPH THEORY","MEDIUM",427564,,"CLEAR",,false,2026-07-21T18:50:04.000Z,2026-07-21T18:50:04.000Z
"https://leetcode.com/problems/find-center-of-star-graph/","Find Center of Star Graph","GRAPH THEORY","EASY",540127,,"CLEAR",,false,2026-07-21T18:50:04.000Z,2026-07-21T18:50:04.000Z
"https://leetcode.com/problems/find-champion-ii/","Find Champion II","GRAPH THEORY","MEDIUM",197809,,"CLEAR",,false,2026-07-21T18:50:04.000Z,2026-07-21T18:50:04.000Z
"https://leetcode.com/problems/find-closest-node-to-given-two-nodes/","Find Closest Node to Given Two Nodes","GRAPH THEORY","MEDIUM",324817,,"CLEAR",,false,2026-07-21T18:50:04.000Z,2026-07-21T18:50:04.000Z
"https://leetcode.com/problems/find-critical-and-pseudo-critical-edges-in-minimum-spanning-tree/","Find Critical and Pseudo-Critical Edges in Minimum Spanning Tree","GRAPH THEORY","HARD",119205,,"CLEAR",,false,2026-07-21T18:50:04.000Z,2026-07-21T18:50:04.000Z
"https://leetcode.com/problems/find-edges-in-shortest-paths/","Find Edges in Shortest Paths","GRAPH THEORY","HARD",45408,,"CLEAR",,false,2026-07-21T18:50:04.000Z,2026-07-21T18:50:04.000Z
"https://leetcode.com/problems/find-eventual-safe-states/","Find Eventual Safe States","GRAPH THEORY","MEDIUM",880626,,"CLEAR",,false,2026-07-21T18:50:04.000Z,2026-07-21T18:50:04.000Z
"https://leetcode.com/problems/find-if-path-exists-in-graph/","Find if Path Exists in Graph","GRAPH THEORY","EASY",1347856,,"CLEAR",,false,2026-07-21T18:50:04.000Z,2026-07-21T18:50:04.000Z
"https://leetcode.com/problems/find-minimum-time-to-reach-last-room-i/","Find Minimum Time to Reach Last Room I","GRAPH THEORY","MEDIUM",215546,,"CLEAR",,false,2026-07-21T18:50:04.000Z,2026-07-21T18:50:04.000Z
"https://leetcode.com/problems/find-minimum-time-to-reach-last-room-ii/","Find Minimum Time to Reach Last Room II","GRAPH THEORY","MEDIUM",146675,,"CLEAR",,false,2026-07-21T18:50:04.000Z,2026-07-21T18:50:04.000Z
"https://leetcode.com/problems/find-shortest-path-with-k-hops/","Find Shortest Path with K Hops","GRAPH THEORY","HARD",3712,,"LOCKED",,false,2026-07-21T18:50:04.000Z,2026-07-21T18:50:04.000Z
"https://leetcode.com/problems/find-the-celebrity/","Find the Celebrity","GRAPH THEORY","MEDIUM",672254,,"LOCKED",,false,2026-07-21T18:50:04.000Z,2026-07-21T18:50:04.000Z
"https://leetcode.com/problems/find-the-closest-marked-node/","Find the Closest Marked Node","GRAPH THEORY","MEDIUM",11510,,"LOCKED",,false,2026-07-21T18:50:04.000Z,2026-07-21T18:50:04.000Z
"https://leetcode.com/problems/find-the-degree-of-each-vertex/","Find the Degree of Each Vertex","GRAPH THEORY","EASY",80945,,"CLEAR",,false,2026-07-21T18:50:04.000Z,2026-07-21T18:50:04.000Z
"https://leetcode.com/problems/find-the-safest-path-in-a-grid/","Find the Safest Path in a Grid","GRAPH THEORY","MEDIUM",361364,,"CLEAR",,false,2026-07-21T18:50:04.000Z,2026-07-21T18:50:04.000Z
"https://leetcode.com/problems/find-the-town-judge/","Find the Town Judge","GRAPH THEORY","EASY",1536194,,"CLEAR",,false,2026-07-21T18:50:04.000Z,2026-07-21T18:50:04.000Z
"https://leetcode.com/problems/flatten-a-multilevel-doubly-linked-list/","Flatten a Multilevel Doubly Linked List","GRAPH THEORY","MEDIUM",731095,,"CLEAR",,false,2026-07-21T18:50:04.000Z,2026-07-21T18:50:04.000Z
"https://leetcode.com/problems/flood-fill/","Flood Fill","GRAPH THEORY","EASY",2205050,,"CLEAR",,false,2026-07-21T18:50:04.000Z,2026-07-21T18:50:04.000Z
"https://leetcode.com/problems/flower-planting-with-no-adjacent/","Flower Planting With No Adjacent","GRAPH THEORY","MEDIUM",201923,,"CLEAR",,false,2026-07-21T18:50:04.000Z,2026-07-21T18:50:04.000Z
"https://leetcode.com/problems/get-watched-videos-by-your-friends/","Get Watched Videos by Your Friends","GRAPH THEORY","MEDIUM",86128,,"CLEAR",,false,2026-07-21T18:50:04.000Z,2026-07-21T18:50:04.000Z
"https://leetcode.com/problems/graph-valid-tree/","Graph Valid Tree","GRAPH THEORY","MEDIUM",1093464,,"LOCKED",,false,2026-07-21T18:50:04.000Z,2026-07-21T18:50:04.000Z
"https://leetcode.com/problems/grid-teleportation-traversal/","Grid Teleportation Traversal","GRAPH THEORY","MEDIUM",61938,,"CLEAR",,false,2026-07-21T18:50:04.000Z,2026-07-21T18:50:04.000Z
"https://leetcode.com/problems/implement-magic-dictionary/","Implement Magic Dictionary","GRAPH THEORY","MEDIUM",190243,,"CLEAR",,false,2026-07-21T18:50:04.000Z,2026-07-21T18:50:04.000Z
"https://leetcode.com/problems/incremental-even-weighted-cycle-queries/","Incremental Even-Weighted Cycle Queries","GRAPH THEORY","HARD",16174,,"CLEAR",,false,2026-07-21T18:50:04.000Z,2026-07-21T18:50:04.000Z
"https://leetcode.com/problems/is-graph-bipartite/","Is Graph Bipartite?","GRAPH THEORY","MEDIUM",1582799,,"CLEAR",,false,2026-07-21T18:50:04.000Z,2026-07-21T18:50:04.000Z
"https://leetcode.com/problems/island-perimeter/","Island Perimeter","GRAPH THEORY","EASY",1167490,,"CLEAR",,false,2026-07-21T18:50:04.000Z,2026-07-21T18:50:04.000Z
"https://leetcode.com/problems/jump-game-iii/","Jump Game III","GRAPH THEORY","MEDIUM",574218,,"CLEAR",,false,2026-07-21T18:50:04.000Z,2026-07-21T18:50:04.000Z
"https://leetcode.com/problems/jump-game-iv/","Jump Game IV","GRAPH THEORY","HARD",480006,,"CLEAR",,false,2026-07-21T18:50:04.000Z,2026-07-21T18:50:04.000Z
"https://leetcode.com/problems/k-highest-ranked-items-within-a-price-range/","K Highest Ranked Items Within a Price Range","GRAPH THEORY","MEDIUM",48592,,"CLEAR",,false,2026-07-21T18:50:04.000Z,2026-07-21T18:50:04.000Z
"https://leetcode.com/problems/k-similar-strings/","K-Similar Strings","GRAPH THEORY","HARD",137878,,"CLEAR",,false,2026-07-21T18:50:04.000Z,2026-07-21T18:50:04.000Z
"https://leetcode.com/problems/keys-and-rooms/","Keys and Rooms","GRAPH THEORY","MEDIUM",969039,,"CLEAR",,false,2026-07-21T18:50:04.000Z,2026-07-21T18:50:04.000Z
"https://leetcode.com/problems/last-day-where-you-can-still-cross/","Last Day Where You Can Still Cross","GRAPH THEORY","HARD",196294,,"CLEAR",,false,2026-07-21T18:50:04.000Z,2026-07-21T18:50:04.000Z
"https://leetcode.com/problems/lexicographical-numbers/","Lexicographical Numbers","GRAPH THEORY","MEDIUM",517656,,"CLEAR",,false,2026-07-21T18:50:04.000Z,2026-07-21T18:50:04.000Z
"https://leetcode.com/problems/lexicographically-smallest-string-after-applying-operations/","Lexicographically Smallest String After Applying Operations","GRAPH THEORY","MEDIUM",110527,,"CLEAR",,false,2026-07-21T18:50:04.000Z,2026-07-21T18:50:04.000Z
"https://leetcode.com/problems/longest-absolute-file-path/","Longest Absolute File Path","GRAPH THEORY","MEDIUM",379886,,"CLEAR",,false,2026-07-21T18:50:04.000Z,2026-07-21T18:50:04.000Z
"https://leetcode.com/problems/longest-cycle-in-a-graph/","Longest Cycle in a Graph","GRAPH THEORY","HARD",225384,,"CLEAR",,false,2026-07-21T18:50:04.000Z,2026-07-21T18:50:04.000Z
"https://leetcode.com/problems/longest-word-with-all-prefixes/","Longest Word With All Prefixes","GRAPH THEORY","MEDIUM",22389,,"LOCKED",,false,2026-07-21T18:50:04.000Z,2026-07-21T18:50:04.000Z
"https://leetcode.com/problems/loud-and-rich/","Loud and Rich","GRAPH THEORY","MEDIUM",130996,,"CLEAR",,false,2026-07-21T18:50:04.000Z,2026-07-21T18:50:04.000Z
"https://leetcode.com/problems/making-a-large-island/","Making A Large Island","GRAPH THEORY","HARD",786788,,"CLEAR",,false,2026-07-21T18:50:04.000Z,2026-07-21T18:50:04.000Z
"https://leetcode.com/problems/map-of-highest-peak/","Map of Highest Peak","GRAPH THEORY","MEDIUM",224853,,"CLEAR",,false,2026-07-21T18:50:04.000Z,2026-07-21T18:50:04.000Z
"https://leetcode.com/problems/max-area-of-island/","Max Area of Island","GRAPH THEORY","MEDIUM",1769618,,"CLEAR",,false,2026-07-21T18:50:04.000Z,2026-07-21T18:50:04.000Z
"https://leetcode.com/problems/maximal-network-rank/","Maximal Network Rank","GRAPH THEORY","MEDIUM",264411,,"CLEAR",,false,2026-07-21T18:50:04.000Z,2026-07-21T18:50:04.000Z
"https://leetcode.com/problems/maximize-amount-after-two-days-of-conversions/","Maximize Amount After Two Days of Conversions","GRAPH THEORY","MEDIUM",34461,,"CLEAR",,false,2026-07-21T18:50:04.000Z,2026-07-21T18:50:04.000Z
"https://leetcode.com/problems/maximum-candies-you-can-get-from-boxes/","Maximum Candies You Can Get from Boxes","GRAPH THEORY","HARD",164226,,"CLEAR",,false,2026-07-21T18:50:04.000Z,2026-07-21T18:50:04.000Z
"https://leetcode.com/problems/maximum-number-of-accepted-invitations/","Maximum Number of Accepted Invitations","GRAPH THEORY","MEDIUM",21704,,"LOCKED",,false,2026-07-21T18:50:04.000Z,2026-07-21T18:50:04.000Z
"https://leetcode.com/problems/maximum-number-of-fish-in-a-grid/","Maximum Number of Fish in a Grid","GRAPH THEORY","MEDIUM",239407,,"CLEAR",,false,2026-07-21T18:50:04.000Z,2026-07-21T18:50:04.000Z
"https://leetcode.com/problems/maximum-number-of-points-from-grid-queries/","Maximum Number of Points From Grid Queries","GRAPH THEORY","HARD",168830,,"CLEAR",,false,2026-07-21T18:50:04.000Z,2026-07-21T18:50:04.000Z
"https://leetcode.com/problems/maximum-partition-factor/","Maximum Partition Factor","GRAPH THEORY","HARD",23800,,"CLEAR",,false,2026-07-21T18:50:04.000Z,2026-07-21T18:50:04.000Z
"https://leetcode.com/problems/maximum-score-of-a-node-sequence/","Maximum Score of a Node Sequence","GRAPH THEORY","HARD",46094,,"CLEAR",,false,2026-07-21T18:50:04.000Z,2026-07-21T18:50:04.000Z
"https://leetcode.com/problems/min-cost-to-connect-all-points/","Min Cost to Connect All Points","GRAPH THEORY","MEDIUM",716550,,"CLEAR",,false,2026-07-21T18:50:04.000Z,2026-07-21T18:50:04.000Z
"https://leetcode.com/problems/minesweeper/","Minesweeper","GRAPH THEORY","MEDIUM",305951,,"CLEAR",,false,2026-07-21T18:50:04.000Z,2026-07-21T18:50:04.000Z
"https://leetcode.com/problems/mini-parser/","Mini Parser","GRAPH THEORY","MEDIUM",181367,,"CLEAR",,false,2026-07-21T18:50:04.000Z,2026-07-21T18:50:04.000Z
"https://leetcode.com/problems/minimize-hamming-distance-after-swap-operations/","Minimize Hamming Distance After Swap Operations","GRAPH THEORY","MEDIUM",137271,,"CLEAR",,false,2026-07-21T18:50:04.000Z,2026-07-21T18:50:04.000Z
"https://leetcode.com/problems/minimize-malware-spread/","Minimize Malware Spread","GRAPH THEORY","HARD",182686,,"CLEAR",,false,2026-07-21T18:50:04.000Z,2026-07-21T18:50:04.000Z
"https://leetcode.com/problems/minimize-malware-spread-ii/","Minimize Malware Spread II","GRAPH THEORY","HARD",69927,,"CLEAR",,false,2026-07-21T18:50:04.000Z,2026-07-21T18:50:04.000Z
"https://leetcode.com/problems/minimize-maximum-component-cost/","Minimize Maximum Component Cost","GRAPH THEORY","MEDIUM",59332,,"CLEAR",,false,2026-07-21T18:50:04.000Z,2026-07-21T18:50:04.000Z
"https://leetcode.com/problems/minimize-maximum-value-in-a-grid/","Minimize Maximum Value in a Grid","GRAPH THEORY","HARD",11021,,"LOCKED",,false,2026-07-21T18:50:04.000Z,2026-07-21T18:50:04.000Z
"https://leetcode.com/problems/minimize-the-maximum-edge-weight-of-graph/","Minimize the Maximum Edge Weight of Graph","GRAPH THEORY","MEDIUM",38692,,"CLEAR",,false,2026-07-21T18:50:04.000Z,2026-07-21T18:50:04.000Z
"https://leetcode.com/problems/minimum-cost-of-a-path-with-special-roads/","Minimum Cost of a Path With Special Roads","GRAPH THEORY","MEDIUM",48814,,"CLEAR",,false,2026-07-21T18:50:04.000Z,2026-07-21T18:50:04.000Z
"https://leetcode.com/problems/minimum-cost-path-with-alternating-directions-iii/","Minimum Cost Path with Alternating Directions III","GRAPH THEORY","HARD",16715,,"CLEAR",,false,2026-09-07T18:13:42.370Z,2026-09-07T18:13:42.370Z
"https://leetcode.com/problems/minimum-cost-path-with-edge-reversals/","Minimum Cost Path with Edge Reversals","GRAPH THEORY","MEDIUM",174985,,"CLEAR",,false,2026-07-21T18:50:04.000Z,2026-07-21T18:50:04.000Z
"https://leetcode.com/problems/minimum-cost-to-buy-apples/","Minimum Cost to Buy Apples","GRAPH THEORY","MEDIUM",11308,,"LOCKED",,false,2026-07-21T18:50:04.000Z,2026-07-21T18:50:04.000Z
"https://leetcode.com/problems/minimum-cost-to-buy-apples-ii/","Minimum Cost to Buy Apples II","GRAPH THEORY","HARD",26273,,"CLEAR",,false,2026-07-21T18:50:04.000Z,2026-07-21T18:50:04.000Z
"https://leetcode.com/problems/minimum-cost-to-convert-string-i/","Minimum Cost to Convert String I","GRAPH THEORY","MEDIUM",315360,,"CLEAR",,false,2026-07-21T18:50:04.000Z,2026-07-21T18:50:04.000Z
"https://leetcode.com/problems/minimum-cost-to-make-at-least-one-valid-path-in-a-grid/","Minimum Cost to Make at Least One Valid Path in a Grid","GRAPH THEORY","HARD",246435,,"CLEAR",,false,2026-07-21T18:50:04.000Z,2026-07-21T18:50:04.000Z
"https://leetcode.com/problems/minimum-cost-to-reach-city-with-discounts/","Minimum Cost to Reach City With Discounts","GRAPH THEORY","MEDIUM",22117,,"LOCKED",,false,2026-07-21T18:50:04.000Z,2026-07-21T18:50:04.000Z
"https://leetcode.com/problems/minimum-cost-to-repair-edges-to-traverse-a-graph/","Minimum Cost to Repair Edges to Traverse a Graph","GRAPH THEORY","MEDIUM",1196,,"LOCKED",,false,2026-07-21T18:50:04.000Z,2026-07-21T18:50:04.000Z
"https://leetcode.com/problems/minimum-degree-of-a-connected-trio-in-a-graph/","Minimum Degree of a Connected Trio in a Graph","GRAPH THEORY","HARD",69523,,"CLEAR",,false,2026-07-21T18:50:04.000Z,2026-07-21T18:50:04.000Z
"https://leetcode.com/problems/minimum-genetic-mutation/","Minimum Genetic Mutation","GRAPH THEORY","MEDIUM",523325,,"CLEAR",,false,2026-07-21T18:50:04.000Z,2026-07-21T18:50:04.000Z
"https://leetcode.com/problems/minimum-height-trees/","Minimum Height Trees","GRAPH THEORY","MEDIUM",1184407,,"CLEAR",,false,2026-07-21T18:50:04.000Z,2026-07-21T18:50:04.000Z
"https://leetcode.com/problems/minimum-jumps-to-reach-end-via-prime-teleportation/","Minimum Jumps to Reach End via Prime Teleportation","GRAPH THEORY","MEDIUM",205408,,"CLEAR",,false,2026-07-21T18:50:04.000Z,2026-07-21T18:50:04.000Z
"https://leetcode.com/problems/minimum-jumps-to-reach-home/","Minimum Jumps to Reach Home","GRAPH THEORY","MEDIUM",176519,,"CLEAR",,false,2026-07-21T18:50:04.000Z,2026-07-21T18:50:04.000Z
"https://leetcode.com/problems/minimum-knight-moves/","Minimum Knight Moves","GRAPH THEORY","MEDIUM",467595,,"LOCKED",,false,2026-07-21T18:50:04.000Z,2026-07-21T18:50:04.000Z
"https://leetcode.com/problems/minimum-moves-to-balance-circular-array-ii/","Minimum Moves to Balance Circular Array II","GRAPH THEORY","HARD",236,,"LOCKED",,false,2026-09-07T18:13:42.370Z,2026-09-07T18:13:42.370Z
"https://leetcode.com/problems/minimum-moves-to-move-a-box-to-their-target-location/","Minimum Moves to Move a Box to Their Target Location","GRAPH THEORY","HARD",66460,,"CLEAR",,false,2026-07-21T18:50:04.000Z,2026-07-21T18:50:04.000Z
"https://leetcode.com/problems/minimum-moves-to-reach-target-with-rotations/","Minimum Moves to Reach Target with Rotations","GRAPH THEORY","HARD",25666,,"CLEAR",,false,2026-07-21T18:50:04.000Z,2026-07-21T18:50:04.000Z
"https://leetcode.com/problems/minimum-number-of-days-to-disconnect-island/","Minimum Number of Days to Disconnect Island","GRAPH THEORY","HARD",173438,,"CLEAR",,false,2026-07-21T18:50:04.000Z,2026-07-21T18:50:04.000Z
"https://leetcode.com/problems/minimum-number-of-vertices-to-reach-all-nodes/","Minimum Number of Vertices to Reach All Nodes","GRAPH THEORY","MEDIUM",300030,,"CLEAR",,false,2026-07-21T18:50:04.000Z,2026-07-21T18:50:04.000Z
"https://leetcode.com/problems/minimum-obstacle-removal-to-reach-corner/","Minimum Obstacle Removal to Reach Corner","GRAPH THEORY","HARD",183918,,"CLEAR",,false,2026-07-21T18:50:04.000Z,2026-07-21T18:50:04.000Z
"https://leetcode.com/problems/minimum-operations-to-convert-number/","Minimum Operations to Convert Number","GRAPH THEORY","MEDIUM",44666,,"CLEAR",,false,2026-07-21T18:50:04.000Z,2026-07-21T18:50:04.000Z
"https://leetcode.com/problems/minimum-operations-to-equalize-binary-string/","Minimum Operations to Equalize Binary String","GRAPH THEORY","HARD",139257,,"CLEAR",,false,2026-07-21T18:50:04.000Z,2026-07-21T18:50:04.000Z
"https://leetcode.com/problems/minimum-operations-to-remove-adjacent-ones-in-matrix/","Minimum Operations to Remove Adjacent Ones in Matrix","GRAPH THEORY","HARD",3272,,"LOCKED",,false,2026-07-21T18:50:04.000Z,2026-07-21T18:50:04.000Z
"https://leetcode.com/problems/minimum-path-cost-in-a-hidden-grid/","Minimum Path Cost in a Hidden Grid","GRAPH THEORY","MEDIUM",9745,,"LOCKED",,false,2026-07-21T18:50:04.000Z,2026-07-21T18:50:04.000Z
"https://leetcode.com/problems/minimum-reverse-operations/","Minimum Reverse Operations","GRAPH THEORY","HARD",44121,,"CLEAR",,false,2026-07-21T18:50:04.000Z,2026-07-21T18:50:04.000Z
"https://leetcode.com/problems/minimum-runes-to-add-to-cast-spell/","Minimum Runes to Add to Cast Spell","GRAPH THEORY","HARD",1983,,"LOCKED",,false,2026-07-21T18:50:04.000Z,2026-07-21T18:50:04.000Z
"https://leetcode.com/problems/minimum-score-of-a-path-between-two-cities/","Minimum Score of a Path Between Two Cities","GRAPH THEORY","MEDIUM",314704,,"CLEAR",,false,2026-07-21T18:50:04.000Z,2026-07-21T18:50:04.000Z
"https://leetcode.com/problems/minimum-threshold-path-with-limited-heavy-edges/","Minimum Threshold Path With Limited Heavy Edges","GRAPH THEORY","HARD",22391,,"CLEAR",,false,2026-07-21T18:50:04.000Z,2026-07-21T18:50:04.000Z
"https://leetcode.com/problems/minimum-time-for-k-connected-components/","Minimum Time for K Connected Components","GRAPH THEORY","MEDIUM",41993,,"CLEAR",,false,2026-07-21T18:50:04.000Z,2026-07-21T18:50:04.000Z
"https://leetcode.com/problems/minimum-time-takes-to-reach-destination-without-drowning/","Minimum Time Takes to Reach Destination Without Drowning","GRAPH THEORY","HARD",3096,,"LOCKED",,false,2026-07-21T18:50:04.000Z,2026-07-21T18:50:04.000Z
"https://leetcode.com/problems/minimum-time-to-break-locks-ii/","Minimum Time to Break Locks II","GRAPH THEORY","HARD",846,,"LOCKED",,false,2026-07-21T18:50:04.000Z,2026-07-21T18:50:04.000Z
"https://leetcode.com/problems/minimum-time-to-reach-destination-in-directed-graph/","Minimum Time to Reach Destination in Directed Graph","GRAPH THEORY","MEDIUM",42429,,"CLEAR",,false,2026-07-21T18:50:04.000Z,2026-07-21T18:50:04.000Z
"https://leetcode.com/problems/minimum-time-to-visit-a-cell-in-a-grid/","Minimum Time to Visit a Cell In a Grid","GRAPH THEORY","HARD",162856,,"CLEAR",,false,2026-07-21T18:50:04.000Z,2026-07-21T18:50:04.000Z
"https://leetcode.com/problems/minimum-time-to-visit-disappearing-nodes/","Minimum Time to Visit Disappearing Nodes","GRAPH THEORY","MEDIUM",77798,,"CLEAR",,false,2026-07-21T18:50:04.000Z,2026-07-21T18:50:04.000Z
"https://leetcode.com/problems/minimum-weighted-subgraph-with-the-required-paths/","Minimum Weighted Subgraph With the Required Paths","GRAPH THEORY","HARD",58736,,"CLEAR",,false,2026-07-21T18:50:04.000Z,2026-07-21T18:50:04.000Z
"https://leetcode.com/problems/modify-graph-edge-weights/","Modify Graph Edge Weights","GRAPH THEORY","HARD",125198,,"CLEAR",,false,2026-07-21T18:50:04.000Z,2026-07-21T18:50:04.000Z
"https://leetcode.com/problems/most-stones-removed-with-same-row-or-column/","Most Stones Removed with Same Row or Column","GRAPH THEORY","MEDIUM",685153,,"CLEAR",,false,2026-07-21T18:50:04.000Z,2026-07-21T18:50:04.000Z
"https://leetcode.com/problems/multi-source-flood-fill/","Multi Source Flood Fill","GRAPH THEORY","MEDIUM",48556,,"CLEAR",,false,2026-07-21T18:50:04.000Z,2026-07-21T18:50:04.000Z
"https://leetcode.com/problems/nearest-exit-from-entrance-in-maze/","Nearest Exit from Entrance in Maze","GRAPH THEORY","MEDIUM",615049,,"CLEAR",,false,2026-07-21T18:50:04.000Z,2026-07-21T18:50:04.000Z
"https://leetcode.com/problems/nested-list-weight-sum/","Nested List Weight Sum","GRAPH THEORY","MEDIUM",487601,,"LOCKED",,false,2026-07-21T18:50:04.000Z,2026-07-21T18:50:04.000Z
"https://leetcode.com/problems/nested-list-weight-sum-ii/","Nested List Weight Sum II","GRAPH THEORY","MEDIUM",252701,,"LOCKED",,false,2026-07-21T18:50:04.000Z,2026-07-21T18:50:04.000Z
"https://leetcode.com/problems/network-delay-time/","Network Delay Time","GRAPH THEORY","MEDIUM",1590635,,"CLEAR",,false,2026-07-21T18:50:04.000Z,2026-07-21T18:50:04.000Z
"https://leetcode.com/problems/node-with-highest-edge-score/","Node With Highest Edge Score","GRAPH THEORY","MEDIUM",96687,,"CLEAR",,false,2026-07-21T18:50:04.000Z,2026-07-21T18:50:04.000Z
"https://leetcode.com/problems/number-of-closed-islands/","Number of Closed Islands","GRAPH THEORY","MEDIUM",434574,,"CLEAR",,false,2026-07-21T18:50:04.000Z,2026-07-21T18:50:04.000Z
"https://leetcode.com/problems/number-of-connected-components-in-an-undirected-graph/","Number of Connected Components in an Undirected Graph","GRAPH THEORY","MEDIUM",850854,,"LOCKED",,false,2026-07-21T18:50:04.000Z,2026-07-21T18:50:04.000Z
"https://leetcode.com/problems/number-of-distinct-islands/","Number of Distinct Islands","GRAPH THEORY","MEDIUM",336754,,"LOCKED",,false,2026-07-21T18:50:04.000Z,2026-07-21T18:50:04.000Z
"https://leetcode.com/problems/number-of-distinct-islands-ii/","Number of Distinct Islands II","GRAPH THEORY","HARD",26211,,"LOCKED",,false,2026-07-21T18:50:04.000Z,2026-07-21T18:50:04.000Z
"https://leetcode.com/problems/number-of-enclaves/","Number of Enclaves","GRAPH THEORY","MEDIUM",642813,,"CLEAR",,false,2026-07-21T18:50:04.000Z,2026-07-21T18:50:04.000Z
"https://leetcode.com/problems/number-of-islands/","Number of Islands","GRAPH THEORY","MEDIUM",6838116,,"CLEAR",,false,2026-07-21T18:50:04.000Z,2026-07-21T18:50:04.000Z
"https://leetcode.com/problems/number-of-operations-to-make-network-connected/","Number of Operations to Make Network Connected","GRAPH THEORY","MEDIUM",598449,,"CLEAR",,false,2026-07-21T18:50:04.000Z,2026-07-21T18:50:04.000Z
"https://leetcode.com/problems/number-of-provinces/","Number of Provinces","GRAPH THEORY","MEDIUM",2361875,,"CLEAR",,false,2026-07-21T18:50:04.000Z,2026-07-21T18:50:04.000Z
"https://leetcode.com/problems/open-the-lock/","Open the Lock","GRAPH THEORY","MEDIUM",691182,,"CLEAR",,false,2026-07-21T18:50:04.000Z,2026-07-21T18:50:04.000Z
"https://leetcode.com/problems/optimize-water-distribution-in-a-village/","Optimize Water Distribution in a Village","GRAPH THEORY","HARD",93073,,"LOCKED",,false,2026-07-21T18:50:04.000Z,2026-07-21T18:50:04.000Z
"https://leetcode.com/problems/pacific-atlantic-water-flow/","Pacific Atlantic Water Flow","GRAPH THEORY","MEDIUM",1398160,,"CLEAR",,false,2026-07-21T18:50:04.000Z,2026-07-21T18:50:04.000Z
"https://leetcode.com/problems/parallel-courses/","Parallel Courses","GRAPH THEORY","MEDIUM",183999,,"LOCKED",,false,2026-07-21T18:50:04.000Z,2026-07-21T18:50:04.000Z
"https://leetcode.com/problems/path-existence-queries-in-a-graph-i/","Path Existence Queries in a Graph I","GRAPH THEORY","MEDIUM",169873,,"CLEAR",,false,2026-07-21T18:50:04.000Z,2026-07-21T18:50:04.000Z
"https://leetcode.com/problems/path-with-maximum-minimum-value/","Path With Maximum Minimum Value","GRAPH THEORY","MEDIUM",134618,,"LOCKED",,false,2026-07-21T18:50:04.000Z,2026-07-21T18:50:04.000Z
"https://leetcode.com/problems/path-with-maximum-probability/","Path with Maximum Probability","GRAPH THEORY","MEDIUM",593163,,"CLEAR",,false,2026-07-21T18:50:04.000Z,2026-07-21T18:50:04.000Z
"https://leetcode.com/problems/path-with-minimum-effort/","Path With Minimum Effort","GRAPH THEORY","MEDIUM",814876,,"CLEAR",,false,2026-07-21T18:50:04.000Z,2026-07-21T18:50:04.000Z
"https://leetcode.com/problems/paths-in-maze-that-lead-to-same-room/","Paths in Maze That Lead to Same Room","GRAPH THEORY","MEDIUM",11971,,"LOCKED",,false,2026-07-21T18:50:04.000Z,2026-07-21T18:50:04.000Z
"https://leetcode.com/problems/possible-bipartition/","Possible Bipartition","GRAPH THEORY","MEDIUM",525301,,"CLEAR",,false,2026-07-21T18:50:04.000Z,2026-07-21T18:50:04.000Z
"https://leetcode.com/problems/power-grid-maintenance/","Power Grid Maintenance","GRAPH THEORY","MEDIUM",170349,,"CLEAR",,false,2026-07-21T18:50:04.000Z,2026-07-21T18:50:04.000Z
"https://leetcode.com/problems/process-restricted-friend-requests/","Process Restricted Friend Requests","GRAPH THEORY","HARD",46259,,"CLEAR",,false,2026-07-21T18:50:04.000Z,2026-07-21T18:50:04.000Z
"https://leetcode.com/problems/properties-graph/","Properties Graph","GRAPH THEORY","MEDIUM",55974,,"CLEAR",,false,2026-07-21T18:50:04.000Z,2026-07-21T18:50:04.000Z
"https://leetcode.com/problems/rank-transform-of-a-matrix/","Rank Transform of a Matrix","GRAPH THEORY","HARD",67663,,"CLEAR",,false,2026-07-21T18:50:04.000Z,2026-07-21T18:50:04.000Z
"https://leetcode.com/problems/reachable-nodes-in-subdivided-graph/","Reachable Nodes In Subdivided Graph","GRAPH THEORY","HARD",76248,,"CLEAR",,false,2026-07-21T18:50:04.000Z,2026-07-21T18:50:04.000Z
"https://leetcode.com/problems/reconstruct-itinerary/","Reconstruct Itinerary","GRAPH THEORY","HARD",1280239,,"CLEAR",,false,2026-07-21T18:50:04.000Z,2026-07-21T18:50:04.000Z
"https://leetcode.com/problems/redundant-connection/","Redundant Connection","GRAPH THEORY","MEDIUM",1022702,,"CLEAR",,false,2026-07-21T18:50:04.000Z,2026-07-21T18:50:04.000Z
"https://leetcode.com/problems/redundant-connection-ii/","Redundant Connection II","GRAPH THEORY","HARD",264007,,"CLEAR",,false,2026-07-21T18:50:04.000Z,2026-07-21T18:50:04.000Z
"https://leetcode.com/problems/regions-cut-by-slashes/","Regions Cut By Slashes","GRAPH THEORY","MEDIUM",197893,,"CLEAR",,false,2026-07-21T18:50:04.000Z,2026-07-21T18:50:04.000Z
"https://leetcode.com/problems/remove-max-number-of-edges-to-keep-graph-fully-traversable/","Remove Max Number of Edges to Keep Graph Fully Traversable","GRAPH THEORY","HARD",212363,,"CLEAR",,false,2026-07-21T18:50:04.000Z,2026-07-21T18:50:04.000Z
"https://leetcode.com/problems/remove-methods-from-project/","Remove Methods From Project","GRAPH THEORY","MEDIUM",193534,,"CLEAR",,false,2026-07-21T18:50:04.000Z,2026-07-21T18:50:04.000Z
"https://leetcode.com/problems/remove-sub-folders-from-the-filesystem/","Remove Sub-Folders from the Filesystem","GRAPH THEORY","MEDIUM",342802,,"CLEAR",,false,2026-07-21T18:50:04.000Z,2026-07-21T18:50:04.000Z
"https://leetcode.com/problems/reorder-routes-to-make-all-paths-lead-to-the-city-zero/","Reorder Routes to Make All Paths Lead to the City Zero","GRAPH THEORY","MEDIUM",511496,,"CLEAR",,false,2026-07-21T18:50:04.000Z,2026-07-21T18:50:04.000Z
"https://leetcode.com/problems/restore-the-array-from-adjacent-pairs/","Restore the Array From Adjacent Pairs","GRAPH THEORY","MEDIUM",175383,,"CLEAR",,false,2026-07-21T18:50:04.000Z,2026-07-21T18:50:04.000Z
"https://leetcode.com/problems/rotting-oranges/","Rotting Oranges","GRAPH THEORY","MEDIUM",3084016,,"CLEAR",,false,2026-07-21T18:50:04.000Z,2026-07-21T18:50:04.000Z
"https://leetcode.com/problems/satisfiability-of-equality-equations/","Satisfiability of Equality Equations","GRAPH THEORY","MEDIUM",341657,,"CLEAR",,false,2026-07-21T18:50:04.000Z,2026-07-21T18:50:04.000Z
"https://leetcode.com/problems/second-minimum-time-to-reach-destination/","Second Minimum Time to Reach Destination","GRAPH THEORY","HARD",152565,,"CLEAR",,false,2026-07-21T18:50:04.000Z,2026-07-21T18:50:04.000Z
"https://leetcode.com/problems/sentence-similarity-ii/","Sentence Similarity II","GRAPH THEORY","MEDIUM",156423,,"LOCKED",,false,2026-07-21T18:50:04.000Z,2026-07-21T18:50:04.000Z
"https://leetcode.com/problems/sequence-reconstruction/","Sequence Reconstruction","GRAPH THEORY","MEDIUM",215512,,"LOCKED",,false,2026-07-21T18:50:04.000Z,2026-07-21T18:50:04.000Z
"https://leetcode.com/problems/shortest-bridge/","Shortest Bridge","GRAPH THEORY","MEDIUM",480819,,"CLEAR",,false,2026-07-21T18:50:04.000Z,2026-07-21T18:50:04.000Z
"https://leetcode.com/problems/shortest-cycle-in-a-graph/","Shortest Cycle in a Graph","GRAPH THEORY","HARD",84340,,"CLEAR",,false,2026-07-21T18:50:04.000Z,2026-07-21T18:50:04.000Z
"https://leetcode.com/problems/shortest-distance-after-road-addition-queries-i/","Shortest Distance After Road Addition Queries I","GRAPH THEORY","MEDIUM",191756,,"CLEAR",,false,2026-07-21T18:50:04.000Z,2026-07-21T18:50:04.000Z
"https://leetcode.com/problems/shortest-distance-from-all-buildings/","Shortest Distance from All Buildings","GRAPH THEORY","HARD",494119,,"LOCKED",,false,2026-07-21T18:50:04.000Z,2026-07-21T18:50:04.000Z
"https://leetcode.com/problems/shortest-path-in-a-grid-with-obstacles-elimination/","Shortest Path in a Grid with Obstacles Elimination","GRAPH THEORY","HARD",622182,,"CLEAR",,false,2026-07-21T18:50:04.000Z,2026-07-21T18:50:04.000Z
"https://leetcode.com/problems/shortest-path-in-a-hidden-grid/","Shortest Path in a Hidden Grid","GRAPH THEORY","MEDIUM",39596,,"LOCKED",,false,2026-07-21T18:50:04.000Z,2026-07-21T18:50:04.000Z
"https://leetcode.com/problems/shortest-path-in-binary-matrix/","Shortest Path in Binary Matrix","GRAPH THEORY","MEDIUM",1747516,,"CLEAR",,false,2026-07-21T18:50:04.000Z,2026-07-21T18:50:04.000Z
"https://leetcode.com/problems/shortest-path-to-get-food/","Shortest Path to Get Food","GRAPH THEORY","MEDIUM",146936,,"LOCKED",,false,2026-07-21T18:50:04.000Z,2026-07-21T18:50:04.000Z
"https://leetcode.com/problems/shortest-path-with-alternating-colors/","Shortest Path with Alternating Colors","GRAPH THEORY","MEDIUM",335880,,"CLEAR",,false,2026-07-21T18:50:04.000Z,2026-07-21T18:50:04.000Z
"https://leetcode.com/problems/shortest-path-with-at-most-k-consecutive-identical-characters/","Shortest Path With At Most K Consecutive Identical Characters","GRAPH THEORY","MEDIUM",41772,,"CLEAR",,false,2026-07-21T18:50:04.000Z,2026-07-21T18:50:04.000Z
"https://leetcode.com/problems/similar-string-groups/","Similar String Groups","GRAPH THEORY","HARD",261065,,"CLEAR",,false,2026-07-21T18:50:04.000Z,2026-07-21T18:50:04.000Z
"https://leetcode.com/problems/smallest-rectangle-enclosing-black-pixels/","Smallest Rectangle Enclosing Black Pixels","GRAPH THEORY","HARD",94968,,"LOCKED",,false,2026-07-21T18:50:04.000Z,2026-07-21T18:50:04.000Z
"https://leetcode.com/problems/smallest-string-with-swaps/","Smallest String With Swaps","GRAPH THEORY","MEDIUM",254645,,"CLEAR",,false,2026-07-21T18:50:04.000Z,2026-07-21T18:50:04.000Z
"https://leetcode.com/problems/snakes-and-ladders/","Snakes and Ladders","GRAPH THEORY","MEDIUM",788969,,"CLEAR",,false,2026-07-21T18:50:04.000Z,2026-07-21T18:50:04.000Z
"https://leetcode.com/problems/sort-array-using-prefix-reversals/","Sort Array Using Prefix Reversals","GRAPH THEORY","MEDIUM",419,,"LOCKED",,false,2026-07-21T18:50:04.000Z,2026-07-21T18:50:04.000Z
"https://leetcode.com/problems/sort-items-by-groups-respecting-dependencies/","Sort Items by Groups Respecting Dependencies","GRAPH THEORY","HARD",106568,,"CLEAR",,false,2026-07-21T18:50:04.000Z,2026-07-21T18:50:04.000Z
"https://leetcode.com/problems/split-and-merge-array-transformation/","Split and Merge Array Transformation","GRAPH THEORY","MEDIUM",44292,,"CLEAR",,false,2026-07-21T18:50:04.000Z,2026-07-21T18:50:04.000Z
"https://leetcode.com/problems/strange-printer-ii/","Strange Printer II","GRAPH THEORY","HARD",29186,,"CLEAR",,false,2026-07-21T18:50:04.000Z,2026-07-21T18:50:04.000Z
"https://leetcode.com/problems/string-transforms-into-another-string/","String Transforms Into Another String","GRAPH THEORY","HARD",158171,,"LOCKED",,false,2026-07-21T18:50:04.000Z,2026-07-21T18:50:04.000Z
"https://leetcode.com/problems/sum-of-remoteness-of-all-cells/","Sum of Remoteness of All Cells","GRAPH THEORY","MEDIUM",9412,,"LOCKED",,false,2026-07-21T18:50:04.000Z,2026-07-21T18:50:04.000Z
"https://leetcode.com/problems/surrounded-regions/","Surrounded Regions","GRAPH THEORY","MEDIUM",2800712,,"CLEAR",,false,2026-07-21T18:50:04.000Z,2026-07-21T18:50:04.000Z
"https://leetcode.com/problems/swim-in-rising-water/","Swim in Rising Water","GRAPH THEORY","HARD",608632,,"CLEAR",,false,2026-07-21T18:50:04.000Z,2026-07-21T18:50:04.000Z
"https://leetcode.com/problems/the-maze/","The Maze","GRAPH THEORY","MEDIUM",351190,,"LOCKED",,false,2026-07-21T18:50:04.000Z,2026-07-21T18:50:04.000Z
"https://leetcode.com/problems/the-maze-ii/","The Maze II","GRAPH THEORY","MEDIUM",237400,,"LOCKED",,false,2026-07-21T18:50:04.000Z,2026-07-21T18:50:04.000Z
"https://leetcode.com/problems/the-maze-iii/","The Maze III","GRAPH THEORY","HARD",78663,,"LOCKED",,false,2026-07-21T18:50:04.000Z,2026-07-21T18:50:04.000Z
"https://leetcode.com/problems/the-time-when-the-network-becomes-idle/","The Time When the Network Becomes Idle","GRAPH THEORY","MEDIUM",45076,,"CLEAR",,false,2026-07-21T18:50:04.000Z,2026-07-21T18:50:04.000Z
"https://leetcode.com/problems/trapping-rain-water-ii/","Trapping Rain Water II","GRAPH THEORY","HARD",426271,,"CLEAR",,false,2026-07-21T18:50:04.000Z,2026-07-21T18:50:04.000Z
"https://leetcode.com/problems/unit-conversion-i/","Unit Conversion I","GRAPH THEORY","MEDIUM",39892,,"CLEAR",,false,2026-07-21T18:50:04.000Z,2026-07-21T18:50:04.000Z
"https://leetcode.com/problems/unit-conversion-ii/","Unit Conversion II","GRAPH THEORY","MEDIUM",1123,,"LOCKED",,false,2026-07-21T18:50:04.000Z,2026-07-21T18:50:04.000Z
"https://leetcode.com/problems/valid-arrangement-of-pairs/","Valid Arrangement of Pairs","GRAPH THEORY","HARD",129002,,"CLEAR",,false,2026-07-21T18:50:04.000Z,2026-07-21T18:50:04.000Z
"https://leetcode.com/problems/walls-and-gates/","Walls and Gates","GRAPH THEORY","MEDIUM",680746,,"LOCKED",,false,2026-07-21T18:50:04.000Z,2026-07-21T18:50:04.000Z
"https://leetcode.com/problems/water-and-jug-problem/","Water and Jug Problem","GRAPH THEORY","MEDIUM",342248,,"CLEAR",,false,2026-07-21T18:50:04.000Z,2026-07-21T18:50:04.000Z
"https://leetcode.com/problems/web-crawler/","Web Crawler","GRAPH THEORY","MEDIUM",85457,,"LOCKED",,false,2026-07-21T18:50:04.000Z,2026-07-21T18:50:04.000Z
"https://leetcode.com/problems/web-crawler-multithreaded/","Web Crawler Multithreaded","GRAPH THEORY","MEDIUM",216219,,"LOCKED",,false,2026-07-21T18:50:04.000Z,2026-07-21T18:50:04.000Z
"https://leetcode.com/problems/word-ladder/","Word Ladder","GRAPH THEORY","HARD",3716332,,"CLEAR",,false,2026-07-21T18:50:04.000Z,2026-07-21T18:50:04.000Z
"https://leetcode.com/problems/add-minimum-number-of-rungs/","Add Minimum Number of Rungs","GREEDY","MEDIUM",83173,,"CLEAR",,false,2026-07-21T18:50:04.000Z,2026-07-21T18:50:04.000Z
"https://leetcode.com/problems/advantage-shuffle/","Advantage Shuffle","GREEDY","MEDIUM",156778,,"CLEAR",,false,2026-07-21T18:50:04.000Z,2026-07-21T18:50:04.000Z
"https://leetcode.com/problems/append-characters-to-string-to-make-subsequence/","Append Characters to String to Make Subsequence","GREEDY","MEDIUM",318813,,"CLEAR",,false,2026-07-21T18:50:04.000Z,2026-07-21T18:50:04.000Z
"https://leetcode.com/problems/append-k-integers-with-minimal-sum/","Append K Integers With Minimal Sum","GREEDY","MEDIUM",162292,,"CLEAR",,false,2026-07-21T18:50:04.000Z,2026-07-21T18:50:04.000Z
"https://leetcode.com/problems/apple-redistribution-into-boxes/","Apple Redistribution into Boxes","GREEDY","EASY",222124,,"CLEAR",,false,2026-07-21T18:50:04.000Z,2026-07-21T18:50:04.000Z
"https://leetcode.com/problems/apply-operations-to-make-sum-of-array-greater-than-or-equal-to-k/","Apply Operations to Make Sum of Array Greater Than or Equal to k","GREEDY","MEDIUM",76269,,"CLEAR",,false,2026-07-21T18:50:04.000Z,2026-07-21T18:50:04.000Z
"https://leetcode.com/problems/apply-operations-to-maximize-score/","Apply Operations to Maximize Score","GREEDY","HARD",144095,,"CLEAR",,false,2026-07-21T18:50:04.000Z,2026-07-21T18:50:04.000Z
"https://leetcode.com/problems/array-of-doubled-pairs/","Array of Doubled Pairs","GREEDY","MEDIUM",270486,,"CLEAR",,false,2026-07-21T18:50:04.000Z,2026-07-21T18:50:04.000Z
"https://leetcode.com/problems/array-partition/","Array Partition","GREEDY","EASY",873829,,"CLEAR",,false,2026-07-21T18:50:04.000Z,2026-07-21T18:50:04.000Z
"https://leetcode.com/problems/array-with-elements-not-equal-to-average-of-neighbors/","Array With Elements Not Equal to Average of Neighbors","GREEDY","MEDIUM",102371,,"CLEAR",,false,2026-07-21T18:50:04.000Z,2026-07-21T18:50:04.000Z
"https://leetcode.com/problems/assign-cookies/","Assign Cookies","GREEDY","EASY",1938021,,"CLEAR",,false,2026-07-21T18:50:04.000Z,2026-07-21T18:50:04.000Z
"https://leetcode.com/problems/avoid-flood-in-the-city/","Avoid Flood in The City","GREEDY","MEDIUM",349657,,"CLEAR",,false,2026-07-21T18:50:04.000Z,2026-07-21T18:50:04.000Z
"https://leetcode.com/problems/bag-of-tokens/","Bag of Tokens","GREEDY","MEDIUM",466331,,"CLEAR",,false,2026-07-21T18:50:04.000Z,2026-07-21T18:50:04.000Z
"https://leetcode.com/problems/balance-a-binary-search-tree/","Balance a Binary Search Tree","GREEDY","MEDIUM",483169,,"CLEAR",,false,2026-07-21T18:50:04.000Z,2026-07-21T18:50:04.000Z
"https://leetcode.com/problems/boats-to-save-people/","Boats to Save People","GREEDY","MEDIUM",998089,,"CLEAR",,false,2026-07-21T18:50:04.000Z,2026-07-21T18:50:04.000Z
"https://leetcode.com/problems/break-a-palindrome/","Break a Palindrome","GREEDY","MEDIUM",394190,,"CLEAR",,false,2026-07-21T18:50:04.000Z,2026-07-21T18:50:04.000Z
"https://leetcode.com/problems/broken-calculator/","Broken Calculator","GREEDY","MEDIUM",226879,,"CLEAR",,false,2026-07-21T18:50:04.000Z,2026-07-21T18:50:04.000Z
"https://leetcode.com/problems/building-boxes/","Building Boxes","GREEDY","HARD",19659,,"CLEAR",,false,2026-07-21T18:50:04.000Z,2026-07-21T18:50:04.000Z
"https://leetcode.com/problems/buy-two-chocolates/","Buy Two Chocolates","GREEDY","EASY",342478,,"CLEAR",,false,2026-07-21T18:50:04.000Z,2026-07-21T18:50:04.000Z
"https://leetcode.com/problems/can-place-flowers/","Can Place Flowers","GREEDY","EASY",5052674,,"CLEAR",,false,2026-07-21T18:50:04.000Z,2026-07-21T18:50:04.000Z
"https://leetcode.com/problems/candy/","Candy","GREEDY","HARD",2297508,,"CLEAR",,false,2026-07-21T18:50:04.000Z,2026-07-21T18:50:04.000Z
"https://leetcode.com/problems/check-if-a-parentheses-string-can-be-valid/","Check if a Parentheses String Can Be Valid","GREEDY","MEDIUM",352272,,"CLEAR",,false,2026-07-21T18:50:04.000Z,2026-07-21T18:50:04.000Z
"https://leetcode.com/problems/check-if-a-string-can-break-another-string/","Check If a String Can Break Another String","GREEDY","MEDIUM",78814,,"CLEAR",,false,2026-07-21T18:50:04.000Z,2026-07-21T18:50:04.000Z
"https://leetcode.com/problems/check-if-string-is-transformable-with-substring-sort-operations/","Check If String Is Transformable With Substring Sort Operations","GREEDY","HARD",26085,,"CLEAR",,false,2026-07-21T18:50:04.000Z,2026-07-21T18:50:04.000Z
"https://leetcode.com/problems/construct-k-palindrome-strings/","Construct K Palindrome Strings","GREEDY","MEDIUM",312018,,"CLEAR",,false,2026-07-21T18:50:04.000Z,2026-07-21T18:50:04.000Z
"https://leetcode.com/problems/construct-smallest-number-from-di-string/","Construct Smallest Number From DI String","GREEDY","MEDIUM",201405,,"CLEAR",,false,2026-07-21T18:50:04.000Z,2026-07-21T18:50:04.000Z
"https://leetcode.com/problems/construct-string-with-repeat-limit/","Construct String With Repeat Limit","GREEDY","MEDIUM",189536,,"CLEAR",,false,2026-07-21T18:50:04.000Z,2026-07-21T18:50:04.000Z
"https://leetcode.com/problems/container-with-most-water/","Container With Most Water","GREEDY","MEDIUM",9633082,,"CLEAR",,false,2026-07-21T18:50:04.000Z,2026-07-21T18:50:04.000Z
"https://leetcode.com/problems/count-k-subsequences-of-a-string-with-maximum-beauty/","Count K-Subsequences of a String With Maximum Beauty","GREEDY","HARD",50886,,"CLEAR",,false,2026-07-21T18:50:04.000Z,2026-07-21T18:50:04.000Z
"https://leetcode.com/problems/count-pairs-of-equal-substrings-with-minimum-difference/","Count Pairs of Equal Substrings With Minimum Difference","GREEDY","MEDIUM",4094,,"LOCKED",,false,2026-07-21T18:50:04.000Z,2026-07-21T18:50:04.000Z
"https://leetcode.com/problems/couples-holding-hands/","Couples Holding Hands","GREEDY","HARD",147356,,"CLEAR",,false,2026-07-21T18:50:04.000Z,2026-07-21T18:50:04.000Z
"https://leetcode.com/problems/course-schedule-iii/","Course Schedule III","GREEDY","HARD",355597,,"CLEAR",,false,2026-07-21T18:50:04.000Z,2026-07-21T18:50:04.000Z
"https://leetcode.com/problems/create-maximum-number/","Create Maximum Number","GREEDY","HARD",255341,,"CLEAR",,false,2026-07-21T18:50:04.000Z,2026-07-21T18:50:04.000Z
"https://leetcode.com/problems/decrease-elements-to-make-array-zigzag/","Decrease Elements To Make Array Zigzag","GREEDY","MEDIUM",54712,,"CLEAR",,false,2026-07-21T18:50:04.000Z,2026-07-21T18:50:04.000Z
"https://leetcode.com/problems/delete-columns-to-make-sorted-ii/","Delete Columns to Make Sorted II","GREEDY","MEDIUM",184522,,"CLEAR",,false,2026-07-21T18:50:04.000Z,2026-07-21T18:50:04.000Z
"https://leetcode.com/problems/design-an-atm-machine/","Design an ATM Machine","GREEDY","MEDIUM",85875,,"CLEAR",,false,2026-07-21T18:50:04.000Z,2026-07-21T18:50:04.000Z
"https://leetcode.com/problems/destroying-asteroids/","Destroying Asteroids","GREEDY","MEDIUM",310526,,"CLEAR",,false,2026-07-21T18:50:04.000Z,2026-07-21T18:50:04.000Z
"https://leetcode.com/problems/determine-the-minimum-sum-of-a-k-avoiding-array/","Determine the Minimum Sum of a k-avoiding Array","GREEDY","MEDIUM",69135,,"CLEAR",,false,2026-07-21T18:50:04.000Z,2026-07-21T18:50:04.000Z
"https://leetcode.com/problems/di-string-match/","DI String Match","GREEDY","EASY",268437,,"CLEAR",,false,2026-07-21T18:50:04.000Z,2026-07-21T18:50:04.000Z
"https://leetcode.com/problems/distant-barcodes/","Distant Barcodes","GREEDY","MEDIUM",123580,,"CLEAR",,false,2026-07-21T18:50:04.000Z,2026-07-21T18:50:04.000Z
"https://leetcode.com/problems/distribute-money-to-maximum-children/","Distribute Money to Maximum Children","GREEDY","EASY",249053,,"CLEAR",,false,2026-07-21T18:50:04.000Z,2026-07-21T18:50:04.000Z
"https://leetcode.com/problems/divide-array-in-sets-of-k-consecutive-numbers/","Divide Array in Sets of K Consecutive Numbers","GREEDY","MEDIUM",229743,,"CLEAR",,false,2026-07-21T18:50:04.000Z,2026-07-21T18:50:04.000Z
"https://leetcode.com/problems/divide-array-into-arrays-with-max-difference/","Divide Array Into Arrays With Max Difference","GREEDY","MEDIUM",361321,,"CLEAR",,false,2026-07-21T18:50:04.000Z,2026-07-21T18:50:04.000Z
"https://leetcode.com/problems/divide-intervals-into-minimum-number-of-groups/","Divide Intervals Into Minimum Number of Groups","GREEDY","MEDIUM",232347,,"CLEAR",,false,2026-07-21T18:50:04.000Z,2026-07-21T18:50:04.000Z
"https://leetcode.com/problems/dota2-senate/","Dota2 Senate","GREEDY","MEDIUM",616638,,"CLEAR",,false,2026-07-21T18:50:04.000Z,2026-07-21T18:50:04.000Z
"https://leetcode.com/problems/earliest-finish-time-for-land-and-water-rides-i/","Earliest Finish Time for Land and Water Rides I","GREEDY","EASY",209687,,"CLEAR",,false,2026-07-21T18:50:04.000Z,2026-07-21T18:50:04.000Z
"https://leetcode.com/problems/earliest-finish-time-for-land-and-water-rides-ii/","Earliest Finish Time for Land and Water Rides II","GREEDY","MEDIUM",172187,,"CLEAR",,false,2026-07-21T18:50:04.000Z,2026-07-21T18:50:04.000Z
"https://leetcode.com/problems/earliest-possible-day-of-full-bloom/","Earliest Possible Day of Full Bloom","GREEDY","HARD",93481,,"CLEAR",,false,2026-07-21T18:50:04.000Z,2026-07-21T18:50:04.000Z
"https://leetcode.com/problems/earliest-second-to-mark-indices-ii/","Earliest Second to Mark Indices II","GREEDY","HARD",18897,,"CLEAR",,false,2026-07-21T18:50:04.000Z,2026-07-21T18:50:04.000Z
"https://leetcode.com/problems/eat-pizzas/","Eat Pizzas!","GREEDY","MEDIUM",78706,,"CLEAR",,false,2026-07-21T18:50:04.000Z,2026-07-21T18:50:04.000Z
"https://leetcode.com/problems/eliminate-maximum-number-of-monsters/","Eliminate Maximum Number of Monsters","GREEDY","MEDIUM",247892,,"CLEAR",,false,2026-07-21T18:50:04.000Z,2026-07-21T18:50:04.000Z
"https://leetcode.com/problems/equal-sum-arrays-with-minimum-number-of-operations/","Equal Sum Arrays With Minimum Number of Operations","GREEDY","MEDIUM",67645,,"CLEAR",,false,2026-07-21T18:50:04.000Z,2026-07-21T18:50:04.000Z
"https://leetcode.com/problems/find-maximum-area-of-a-triangle/","Find Maximum Area of a Triangle","GREEDY","MEDIUM",43478,,"CLEAR",,false,2026-07-21T18:50:04.000Z,2026-07-21T18:50:04.000Z
"https://leetcode.com/problems/find-maximum-value-in-a-constrained-sequence/","Find Maximum Value in a Constrained Sequence","GREEDY","MEDIUM",24167,,"CLEAR",,false,2026-07-21T18:50:04.000Z,2026-07-21T18:50:04.000Z
"https://leetcode.com/problems/find-minimum-time-to-finish-all-jobs-ii/","Find Minimum Time to Finish All Jobs II","GREEDY","MEDIUM",19589,,"LOCKED",,false,2026-07-21T18:50:04.000Z,2026-07-21T18:50:04.000Z
"https://leetcode.com/problems/find-original-array-from-doubled-array/","Find Original Array From Doubled Array","GREEDY","MEDIUM",390727,,"CLEAR",,false,2026-07-21T18:50:04.000Z,2026-07-21T18:50:04.000Z
"https://leetcode.com/problems/find-permutation/","Find Permutation","GREEDY","MEDIUM",65782,,"LOCKED",,false,2026-07-21T18:50:04.000Z,2026-07-21T18:50:04.000Z
"https://leetcode.com/problems/find-polygon-with-the-largest-perimeter/","Find Polygon With the Largest Perimeter","GREEDY","MEDIUM",225561,,"CLEAR",,false,2026-07-21T18:50:04.000Z,2026-07-21T18:50:04.000Z
"https://leetcode.com/problems/find-the-maximum-number-of-marked-indices/","Find the Maximum Number of Marked Indices","GREEDY","MEDIUM",69131,,"CLEAR",,false,2026-07-21T18:50:04.000Z,2026-07-21T18:50:04.000Z
"https://leetcode.com/problems/find-the-minimum-number-of-fibonacci-numbers-whose-sum-is-k/","Find the Minimum Number of Fibonacci Numbers Whose Sum Is K","GREEDY","MEDIUM",84070,,"CLEAR",,false,2026-07-21T18:50:04.000Z,2026-07-21T18:50:04.000Z
"https://leetcode.com/problems/find-the-minimum-possible-sum-of-a-beautiful-array/","Find the Minimum Possible Sum of a Beautiful Array","GREEDY","MEDIUM",97442,,"CLEAR",,false,2026-07-21T18:50:04.000Z,2026-07-21T18:50:04.000Z
"https://leetcode.com/problems/find-the-most-competitive-subsequence/","Find the Most Competitive Subsequence","GREEDY","MEDIUM",168081,,"CLEAR",,false,2026-07-21T18:50:04.000Z,2026-07-21T18:50:04.000Z
"https://leetcode.com/problems/find-time-required-to-eliminate-bacterial-strains/","Find Time Required to Eliminate Bacterial Strains","GREEDY","HARD",975,,"LOCKED",,false,2026-07-21T18:50:04.000Z,2026-07-21T18:50:04.000Z
"https://leetcode.com/problems/find-valid-matrix-given-row-and-column-sums/","Find Valid Matrix Given Row and Column Sums","GREEDY","MEDIUM",199069,,"CLEAR",,false,2026-07-21T18:50:04.000Z,2026-07-21T18:50:04.000Z
"https://leetcode.com/problems/form-array-by-concatenating-subarrays-of-another-array/","Form Array by Concatenating Subarrays of Another Array","GREEDY","MEDIUM",39760,,"CLEAR",,false,2026-07-21T18:50:04.000Z,2026-07-21T18:50:04.000Z
"https://leetcode.com/problems/frequency-of-the-most-frequent-element/","Frequency of the Most Frequent Element","GREEDY","MEDIUM",664334,,"CLEAR",,false,2026-07-21T18:50:04.000Z,2026-07-21T18:50:04.000Z
"https://leetcode.com/problems/frog-jump-ii/","Frog Jump II","GREEDY","MEDIUM",71580,,"CLEAR",,false,2026-07-21T18:50:04.000Z,2026-07-21T18:50:04.000Z
"https://leetcode.com/problems/furthest-building-you-can-reach/","Furthest Building You Can Reach","GREEDY","MEDIUM",548778,,"CLEAR",,false,2026-07-21T18:50:04.000Z,2026-07-21T18:50:04.000Z
"https://leetcode.com/problems/gas-station/","Gas Station","GREEDY","MEDIUM",2989879,,"CLEAR",,false,2026-07-21T18:50:04.000Z,2026-07-21T18:50:04.000Z
"https://leetcode.com/problems/generate-schedule/","Generate Schedule","GREEDY","MEDIUM",20168,,"CLEAR",,false,2026-07-21T18:50:04.000Z,2026-07-21T18:50:04.000Z
"https://leetcode.com/problems/group-the-people-given-the-group-size-they-belong-to/","Group the People Given the Group Size They Belong To","GREEDY","MEDIUM",295178,,"CLEAR",,false,2026-07-21T18:50:04.000Z,2026-07-21T18:50:04.000Z
"https://leetcode.com/problems/hand-of-straights/","Hand of Straights","GREEDY","MEDIUM",834895,,"CLEAR",,false,2026-07-21T18:50:04.000Z,2026-07-21T18:50:04.000Z
"https://leetcode.com/problems/how-many-apples-can-you-put-into-the-basket/","How Many Apples Can You Put into the Basket","GREEDY","EASY",80267,,"LOCKED",,false,2026-07-21T18:50:04.000Z,2026-07-21T18:50:04.000Z
"https://leetcode.com/problems/increasing-triplet-subsequence/","Increasing Triplet Subsequence","GREEDY","MEDIUM",2463575,,"CLEAR",,false,2026-07-21T18:50:04.000Z,2026-07-21T18:50:04.000Z
"https://leetcode.com/problems/ipo/","IPO","GREEDY","HARD",628126,,"CLEAR",,false,2026-07-21T18:50:04.000Z,2026-07-21T18:50:04.000Z
"https://leetcode.com/problems/k-items-with-the-maximum-sum/","K Items With the Maximum Sum","GREEDY","EASY",114453,,"CLEAR",,false,2026-07-21T18:50:04.000Z,2026-07-21T18:50:04.000Z
"https://leetcode.com/problems/largest-element-in-an-array-after-merge-operations/","Largest Element in an Array after Merge Operations","GREEDY","MEDIUM",81627,,"CLEAR",,false,2026-07-21T18:50:04.000Z,2026-07-21T18:50:04.000Z
"https://leetcode.com/problems/largest-integer-with-given-digit-sum/","Largest Integer With Given Digit Sum","GREEDY","EASY",90971,,"CLEAR",,false,2026-09-07T18:13:42.370Z,2026-09-07T18:13:42.370Z
"https://leetcode.com/problems/largest-merge-of-two-strings/","Largest Merge Of Two Strings","GREEDY","MEDIUM",68765,,"CLEAR",,false,2026-07-21T18:50:04.000Z,2026-07-21T18:50:04.000Z
"https://leetcode.com/problems/largest-number/","Largest Number","GREEDY","MEDIUM",2001429,,"CLEAR",,false,2026-07-21T18:50:04.000Z,2026-07-21T18:50:04.000Z
"https://leetcode.com/problems/largest-number-after-mutating-substring/","Largest Number After Mutating Substring","GREEDY","MEDIUM",72742,,"CLEAR",,false,2026-07-21T18:50:04.000Z,2026-07-21T18:50:04.000Z
"https://leetcode.com/problems/largest-odd-number-in-string/","Largest Odd Number in String","GREEDY","EASY",943156,,"CLEAR",,false,2026-07-21T18:50:04.000Z,2026-07-21T18:50:04.000Z
"https://leetcode.com/problems/largest-palindromic-number/","Largest Palindromic Number","GREEDY","MEDIUM",150832,,"CLEAR",,false,2026-07-21T18:50:04.000Z,2026-07-21T18:50:04.000Z
"https://leetcode.com/problems/largest-perimeter-triangle/","Largest Perimeter Triangle","GREEDY","EASY",710599,,"CLEAR",,false,2026-07-21T18:50:04.000Z,2026-07-21T18:50:04.000Z
"https://leetcode.com/problems/largest-subarray-length-k/","Largest Subarray Length K","GREEDY","EASY",16696,,"LOCKED",,false,2026-07-21T18:50:04.000Z,2026-07-21T18:50:04.000Z
"https://leetcode.com/problems/largest-submatrix-with-rearrangements/","Largest Submatrix With Rearrangements","GREEDY","MEDIUM",201535,,"CLEAR",,false,2026-07-21T18:50:04.000Z,2026-07-21T18:50:04.000Z
"https://leetcode.com/problems/largest-values-from-labels/","Largest Values From Labels","GREEDY","MEDIUM",81757,,"CLEAR",,false,2026-07-21T18:50:04.000Z,2026-07-21T18:50:04.000Z
"https://leetcode.com/problems/latest-time-by-replacing-hidden-digits/","Latest Time by Replacing Hidden Digits","GREEDY","EASY",114799,,"CLEAR",,false,2026-07-21T18:50:04.000Z,2026-07-21T18:50:04.000Z
"https://leetcode.com/problems/least-number-of-unique-integers-after-k-removals/","Least Number of Unique Integers after K Removals","GREEDY","MEDIUM",450454,,"CLEAR",,false,2026-07-21T18:50:04.000Z,2026-07-21T18:50:04.000Z
"https://leetcode.com/problems/lemonade-change/","Lemonade Change","GREEDY","EASY",1111503,,"CLEAR",,false,2026-07-21T18:50:04.000Z,2026-07-21T18:50:04.000Z
"https://leetcode.com/problems/lexicographically-maximum-mex-array/","Lexicographically Maximum MEX Array","GREEDY","HARD",14367,,"CLEAR",,false,2026-07-21T18:50:04.000Z,2026-07-21T18:50:04.000Z
"https://leetcode.com/problems/lexicographically-minimum-string-after-removing-stars/","Lexicographically Minimum String After Removing Stars","GREEDY","MEDIUM",239078,,"CLEAR",,false,2026-07-21T18:50:04.000Z,2026-07-21T18:50:04.000Z
"https://leetcode.com/problems/lexicographically-smallest-beautiful-string/","Lexicographically Smallest Beautiful String","GREEDY","HARD",29812,,"CLEAR",,false,2026-07-21T18:50:04.000Z,2026-07-21T18:50:04.000Z
"https://leetcode.com/problems/lexicographically-smallest-generated-string/","Lexicographically Smallest Generated String","GREEDY","HARD",124028,,"CLEAR",,false,2026-07-21T18:50:04.000Z,2026-07-21T18:50:04.000Z
"https://leetcode.com/problems/lexicographically-smallest-negated-permutation-that-sums-to-target/","Lexicographically Smallest Negated Permutation that Sums to Target","GREEDY","MEDIUM",46396,,"CLEAR",,false,2026-07-21T18:50:04.000Z,2026-07-21T18:50:04.000Z
"https://leetcode.com/problems/lexicographically-smallest-palindrome/","Lexicographically Smallest Palindrome","GREEDY","EASY",111624,,"CLEAR",,false,2026-07-21T18:50:04.000Z,2026-07-21T18:50:04.000Z
"https://leetcode.com/problems/lexicographically-smallest-permutation-greater-than-target/","Lexicographically Smallest Permutation Greater Than Target","GREEDY","MEDIUM",189945,,"CLEAR",,false,2026-07-21T18:50:04.000Z,2026-07-21T18:50:04.000Z
"https://leetcode.com/problems/lexicographically-smallest-string-after-a-swap/","Lexicographically Smallest String After a Swap","GREEDY","EASY",105278,,"CLEAR",,false,2026-07-21T18:50:04.000Z,2026-07-21T18:50:04.000Z
"https://leetcode.com/problems/lexicographically-smallest-string-after-deleting-duplicate-characters/","Lexicographically Smallest String After Deleting Duplicate Characters","GREEDY","HARD",29630,,"CLEAR",,false,2026-07-21T18:50:04.000Z,2026-07-21T18:50:04.000Z
"https://leetcode.com/problems/lexicographically-smallest-string-after-operations-with-constraint/","Lexicographically Smallest String After Operations With Constraint","GREEDY","MEDIUM",48366,,"CLEAR",,false,2026-07-21T18:50:04.000Z,2026-07-21T18:50:04.000Z
"https://leetcode.com/problems/lexicographically-smallest-string-after-substring-operation/","Lexicographically Smallest String After Substring Operation","GREEDY","MEDIUM",105558,,"CLEAR",,false,2026-07-21T18:50:04.000Z,2026-07-21T18:50:04.000Z
"https://leetcode.com/problems/longest-happy-string/","Longest Happy String","GREEDY","MEDIUM",345521,,"CLEAR",,false,2026-07-21T18:50:04.000Z,2026-07-21T18:50:04.000Z
"https://leetcode.com/problems/longest-palindrome/","Longest Palindrome","GREEDY","EASY",1975361,,"CLEAR",,false,2026-07-21T18:50:04.000Z,2026-07-21T18:50:04.000Z
"https://leetcode.com/problems/longest-palindrome-by-concatenating-two-letter-words/","Longest Palindrome by Concatenating Two Letter Words","GREEDY","MEDIUM",466108,,"CLEAR",,false,2026-07-21T18:50:04.000Z,2026-07-21T18:50:04.000Z
"https://leetcode.com/problems/longest-subsequence-with-limited-sum/","Longest Subsequence With Limited Sum","GREEDY","EASY",237729,,"CLEAR",,false,2026-07-21T18:50:04.000Z,2026-07-21T18:50:04.000Z
"https://leetcode.com/problems/make-a-positive-array/","Make a Positive Array","GREEDY","MEDIUM",2367,,"LOCKED",,false,2026-07-21T18:50:04.000Z,2026-07-21T18:50:04.000Z
"https://leetcode.com/problems/make-array-empty/","Make Array Empty","GREEDY","HARD",56984,,"CLEAR",,false,2026-07-21T18:50:04.000Z,2026-07-21T18:50:04.000Z
"https://leetcode.com/problems/make-array-non-decreasing/","Make Array Non-decreasing","GREEDY","MEDIUM",61436,,"CLEAR",,false,2026-07-21T18:50:04.000Z,2026-07-21T18:50:04.000Z
"https://leetcode.com/problems/make-array-zero-by-subtracting-equal-amounts/","Make Array Zero by Subtracting Equal Amounts","GREEDY","EASY",256976,,"CLEAR",,false,2026-07-21T18:50:04.000Z,2026-07-21T18:50:04.000Z
"https://leetcode.com/problems/make-k-subarray-sums-equal/","Make K-Subarray Sums Equal","GREEDY","MEDIUM",38864,,"CLEAR",,false,2026-07-21T18:50:04.000Z,2026-07-21T18:50:04.000Z
"https://leetcode.com/problems/make-string-anti-palindrome/","Make String Anti-palindrome","GREEDY","HARD",2272,,"LOCKED",,false,2026-07-21T18:50:04.000Z,2026-07-21T18:50:04.000Z
"https://leetcode.com/problems/make-the-prefix-sum-non-negative/","Make the Prefix Sum Non-negative","GREEDY","MEDIUM",16625,,"LOCKED",,false,2026-07-21T18:50:04.000Z,2026-07-21T18:50:04.000Z
"https://leetcode.com/problems/max-chunks-to-make-sorted/","Max Chunks To Make Sorted","GREEDY","MEDIUM",381213,,"CLEAR",,false,2026-07-21T18:50:04.000Z,2026-07-21T18:50:04.000Z
"https://leetcode.com/problems/max-chunks-to-make-sorted-ii/","Max Chunks To Make Sorted II","GREEDY","HARD",164942,,"CLEAR",,false,2026-07-21T18:50:04.000Z,2026-07-21T18:50:04.000Z
"https://leetcode.com/problems/max-difference-you-can-get-from-changing-an-integer/","Max Difference You Can Get From Changing an Integer","GREEDY","MEDIUM",236506,,"CLEAR",,false,2026-07-21T18:50:04.000Z,2026-07-21T18:50:04.000Z
"https://leetcode.com/problems/max-increase-to-keep-city-skyline/","Max Increase to Keep City Skyline","GREEDY","MEDIUM",224333,,"CLEAR",,false,2026-07-21T18:50:04.000Z,2026-07-21T18:50:04.000Z
"https://leetcode.com/problems/maximal-score-after-applying-k-operations/","Maximal Score After Applying K Operations","GREEDY","MEDIUM",261658,,"CLEAR",,false,2026-07-21T18:50:04.000Z,2026-07-21T18:50:04.000Z
"https://leetcode.com/problems/maximize-alternating-sum-using-swaps/","Maximize Alternating Sum Using Swaps","GREEDY","HARD",15852,,"CLEAR",,false,2026-07-21T18:50:04.000Z,2026-07-21T18:50:04.000Z
"https://leetcode.com/problems/maximize-expression-of-three-elements/","Maximize Expression of Three Elements","GREEDY","EASY",68691,,"CLEAR",,false,2026-07-21T18:50:04.000Z,2026-07-21T18:50:04.000Z
"https://leetcode.com/problems/maximize-greatness-of-an-array/","Maximize Greatness of an Array","GREEDY","MEDIUM",72389,,"CLEAR",,false,2026-07-21T18:50:04.000Z,2026-07-21T18:50:04.000Z
"https://leetcode.com/problems/maximize-happiness-of-selected-children/","Maximize Happiness of Selected Children","GREEDY","MEDIUM",496704,,"CLEAR",,false,2026-07-21T18:50:04.000Z,2026-07-21T18:50:04.000Z
"https://leetcode.com/problems/maximize-number-of-subsequences-in-a-string/","Maximize Number of Subsequences in a String","GREEDY","MEDIUM",71291,,"CLEAR",,false,2026-07-21T18:50:04.000Z,2026-07-21T18:50:04.000Z
"https://leetcode.com/problems/maximize-points-after-choosing-k-tasks/","Maximize Points After Choosing K Tasks","GREEDY","MEDIUM",30157,,"CLEAR",,false,2026-07-21T18:50:04.000Z,2026-07-21T18:50:04.000Z
"https://leetcode.com/problems/maximize-profit-from-task-assignment/","Maximize Profit from Task Assignment","GREEDY","MEDIUM",1839,,"LOCKED",,false,2026-07-21T18:50:04.000Z,2026-07-21T18:50:04.000Z
"https://leetcode.com/problems/maximize-score-after-pair-deletions/","Maximize Score After Pair Deletions","GREEDY","MEDIUM",2945,,"LOCKED",,false,2026-07-21T18:50:04.000Z,2026-07-21T18:50:04.000Z
"https://leetcode.com/problems/maximize-score-of-numbers-in-ranges/","Maximize Score of Numbers in Ranges","GREEDY","MEDIUM",69434,,"CLEAR",,false,2026-07-21T18:50:04.000Z,2026-07-21T18:50:04.000Z
"https://leetcode.com/problems/maximize-spanning-tree-stability-with-upgrades/","Maximize Spanning Tree Stability with Upgrades","GREEDY","HARD",110134,,"CLEAR",,false,2026-07-21T18:50:04.000Z,2026-07-21T18:50:04.000Z
"https://leetcode.com/problems/maximize-sum-of-array-after-k-negations/","Maximize Sum Of Array After K Negations","GREEDY","EASY",277312,,"CLEAR",,false,2026-07-21T18:50:04.000Z,2026-07-21T18:50:04.000Z
"https://leetcode.com/problems/maximize-sum-of-at-most-k-distinct-elements/","Maximize Sum of At Most K Distinct Elements","GREEDY","EASY",88808,,"CLEAR",,false,2026-07-21T18:50:04.000Z,2026-07-21T18:50:04.000Z
"https://leetcode.com/problems/maximize-sum-of-device-ratings/","Maximize Sum of Device Ratings","GREEDY","MEDIUM",41284,,"CLEAR",,false,2026-07-21T18:50:04.000Z,2026-07-21T18:50:04.000Z
"https://leetcode.com/problems/maximize-sum-of-squares-of-digits/","Maximize Sum of Squares of Digits","GREEDY","MEDIUM",41177,,"CLEAR",,false,2026-07-21T18:50:04.000Z,2026-07-21T18:50:04.000Z
"https://leetcode.com/problems/maximize-the-beauty-of-the-garden/","Maximize the Beauty of the Garden","GREEDY","HARD",4383,,"LOCKED",,false,2026-07-21T18:50:04.000Z,2026-07-21T18:50:04.000Z
"https://leetcode.com/problems/maximize-the-minimum-game-score/","Maximize the Minimum Game Score","GREEDY","HARD",18304,,"CLEAR",,false,2026-07-21T18:50:04.000Z,2026-07-21T18:50:04.000Z
"https://leetcode.com/problems/maximize-the-minimum-powered-city/","Maximize the Minimum Powered City","GREEDY","HARD",113785,,"CLEAR",,false,2026-07-21T18:50:04.000Z,2026-07-21T18:50:04.000Z
"https://leetcode.com/problems/maximize-the-topmost-element-after-k-moves/","Maximize the Topmost Element After K Moves","GREEDY","MEDIUM",166825,,"CLEAR",,false,2026-07-21T18:50:04.000Z,2026-07-21T18:50:04.000Z
"https://leetcode.com/problems/maximize-the-total-height-of-unique-towers/","Maximize the Total Height of Unique Towers","GREEDY","MEDIUM",95914,,"CLEAR",,false,2026-07-21T18:50:04.000Z,2026-07-21T18:50:04.000Z
"https://leetcode.com/problems/maximize-ysum-by-picking-a-triplet-of-distinct-xvalues/","Maximize Y‑Sum by Picking a Triplet of Distinct X‑Values","GREEDY","MEDIUM",51541,,"CLEAR",,false,2026-07-21T18:50:04.000Z,2026-07-21T18:50:04.000Z
"https://leetcode.com/problems/maximum-69-number/","Maximum 69 Number","GREEDY","EASY",601127,,"CLEAR",,false,2026-07-21T18:50:04.000Z,2026-07-21T18:50:04.000Z
"https://leetcode.com/problems/maximum-alternating-sum-of-squares/","Maximum Alternating Sum of Squares","GREEDY","MEDIUM",57887,,"CLEAR",,false,2026-07-21T18:50:04.000Z,2026-07-21T18:50:04.000Z
"https://leetcode.com/problems/maximum-area-of-a-piece-of-cake-after-horizontal-and-vertical-cuts/","Maximum Area of a Piece of Cake After Horizontal and Vertical Cuts","GREEDY","MEDIUM",429778,,"CLEAR",,false,2026-07-21T18:50:04.000Z,2026-07-21T18:50:04.000Z
"https://leetcode.com/problems/maximum-array-hopping-score-ii/","Maximum Array Hopping Score II","GREEDY","MEDIUM",2067,,"LOCKED",,false,2026-07-21T18:50:04.000Z,2026-07-21T18:50:04.000Z
"https://leetcode.com/problems/maximum-average-pass-ratio/","Maximum Average Pass Ratio","GREEDY","MEDIUM",285954,,"CLEAR",,false,2026-07-21T18:50:04.000Z,2026-07-21T18:50:04.000Z
"https://leetcode.com/problems/maximum-bags-with-full-capacity-of-rocks/","Maximum Bags With Full Capacity of Rocks","GREEDY","MEDIUM",173839,,"CLEAR",,false,2026-07-21T18:50:04.000Z,2026-07-21T18:50:04.000Z
"https://leetcode.com/problems/maximum-binary-string-after-change/","Maximum Binary String After Change","GREEDY","MEDIUM",40604,,"CLEAR",,false,2026-07-21T18:50:04.000Z,2026-07-21T18:50:04.000Z
"https://leetcode.com/problems/maximum-calories-burnt-from-jumps/","Maximum Calories Burnt from Jumps","GREEDY","MEDIUM",1253,,"LOCKED",,false,2026-07-21T18:50:04.000Z,2026-07-21T18:50:04.000Z
"https://leetcode.com/problems/maximum-coins-from-k-consecutive-bags/","Maximum Coins From K Consecutive Bags","GREEDY","MEDIUM",46545,,"CLEAR",,false,2026-07-21T18:50:04.000Z,2026-07-21T18:50:04.000Z
"https://leetcode.com/problems/maximum-difference-by-remapping-a-digit/","Maximum Difference by Remapping a Digit","GREEDY","EASY",180341,,"CLEAR",,false,2026-07-21T18:50:04.000Z,2026-07-21T18:50:04.000Z
"https://leetcode.com/problems/maximum-distance-in-arrays/","Maximum Distance in Arrays","GREEDY","MEDIUM",468014,,"CLEAR",,false,2026-07-21T18:50:04.000Z,2026-07-21T18:50:04.000Z
"https://leetcode.com/problems/maximum-elegance-of-a-k-length-subsequence/","Maximum Elegance of a K-Length Subsequence","GREEDY","HARD",31182,,"CLEAR",,false,2026-07-21T18:50:04.000Z,2026-07-21T18:50:04.000Z
"https://leetcode.com/problems/maximum-element-after-decreasing-and-rearranging/","Maximum Element After Decreasing and Rearranging","GREEDY","MEDIUM",328201,,"CLEAR",,false,2026-07-21T18:50:04.000Z,2026-07-21T18:50:04.000Z
"https://leetcode.com/problems/maximum-gap-between-stations/","Maximum Gap Between Stations","GREEDY","MEDIUM",44790,,"CLEAR",,false,2026-09-07T18:13:42.370Z,2026-09-07T18:13:42.370Z
"https://leetcode.com/problems/maximum-ice-cream-bars/","Maximum Ice Cream Bars","GREEDY","MEDIUM",445103,,"CLEAR",,false,2026-07-21T18:50:04.000Z,2026-07-21T18:50:04.000Z
"https://leetcode.com/problems/maximum-matching-of-players-with-trainers/","Maximum Matching of Players With Trainers","GREEDY","MEDIUM",258893,,"CLEAR",,false,2026-07-21T18:50:04.000Z,2026-07-21T18:50:04.000Z
"https://leetcode.com/problems/maximum-matrix-sum/","Maximum Matrix Sum","GREEDY","MEDIUM",356028,,"CLEAR",,false,2026-07-21T18:50:04.000Z,2026-07-21T18:50:04.000Z
"https://leetcode.com/problems/maximum-median-sum-of-subsequences-of-size-3/","Maximum Median Sum of Subsequences of Size 3","GREEDY","MEDIUM",100188,,"CLEAR",,false,2026-07-21T18:50:04.000Z,2026-07-21T18:50:04.000Z
"https://leetcode.com/problems/maximum-number-of-coins-you-can-get/","Maximum Number of Coins You Can Get","GREEDY","MEDIUM",244792,,"CLEAR",,false,2026-07-21T18:50:04.000Z,2026-07-21T18:50:04.000Z
"https://leetcode.com/problems/maximum-number-of-consecutive-values-you-can-make/","Maximum Number of Consecutive Values You Can Make","GREEDY","MEDIUM",43782,,"CLEAR",,false,2026-07-21T18:50:04.000Z,2026-07-21T18:50:04.000Z
"https://leetcode.com/problems/maximum-number-of-distinct-elements-after-operations/","Maximum Number of Distinct Elements After Operations","GREEDY","MEDIUM",201247,,"CLEAR",,false,2026-07-21T18:50:04.000Z,2026-07-21T18:50:04.000Z
"https://leetcode.com/problems/maximum-number-of-eaten-apples/","Maximum Number of Eaten Apples","GREEDY","MEDIUM",81924,,"CLEAR",,false,2026-07-21T18:50:04.000Z,2026-07-21T18:50:04.000Z
"https://leetcode.com/problems/maximum-number-of-events-that-can-be-attended/","Maximum Number of Events That Can Be Attended","GREEDY","MEDIUM",603108,,"CLEAR",,false,2026-07-21T18:50:04.000Z,2026-07-21T18:50:04.000Z
"https://leetcode.com/problems/maximum-number-of-groups-entering-a-competition/","Maximum Number of Groups Entering a Competition","GREEDY","MEDIUM",67694,,"CLEAR",,false,2026-07-21T18:50:04.000Z,2026-07-21T18:50:04.000Z
"https://leetcode.com/problems/maximum-number-of-groups-with-increasing-length/","Maximum Number of Groups With Increasing Length","GREEDY","HARD",60668,,"CLEAR",,false,2026-07-21T18:50:04.000Z,2026-07-21T18:50:04.000Z
"https://leetcode.com/problems/maximum-number-of-integers-to-choose-from-a-range-i/","Maximum Number of Integers to Choose From a Range I","GREEDY","MEDIUM",253724,,"CLEAR",,false,2026-07-21T18:50:04.000Z,2026-07-21T18:50:04.000Z
"https://leetcode.com/problems/maximum-number-of-integers-to-choose-from-a-range-ii/","Maximum Number of Integers to Choose From a Range II","GREEDY","MEDIUM",8606,,"LOCKED",,false,2026-07-21T18:50:04.000Z,2026-07-21T18:50:04.000Z
"https://leetcode.com/problems/maximum-number-of-items-from-sale-ii/","Maximum Number of Items From Sale II","GREEDY","MEDIUM",23121,,"CLEAR",,false,2026-07-21T18:50:04.000Z,2026-07-21T18:50:04.000Z
"https://leetcode.com/problems/maximum-number-of-non-overlapping-subarrays-with-sum-equals-target/","Maximum Number of Non-Overlapping Subarrays With Sum Equals Target","GREEDY","MEDIUM",76158,,"CLEAR",,false,2026-07-21T18:50:04.000Z,2026-07-21T18:50:04.000Z
"https://leetcode.com/problems/maximum-number-of-non-overlapping-substrings/","Maximum Number of Non-Overlapping Substrings","GREEDY","HARD",65807,,"CLEAR",,false,2026-07-21T18:50:04.000Z,2026-07-21T18:50:04.000Z
"https://leetcode.com/problems/maximum-number-of-ones/","Maximum Number of Ones","GREEDY","HARD",11274,,"LOCKED",,false,2026-07-21T18:50:04.000Z,2026-07-21T18:50:04.000Z
"https://leetcode.com/problems/maximum-number-of-operations-to-move-ones-to-the-end/","Maximum Number of Operations to Move Ones to the End","GREEDY","MEDIUM",189136,,"CLEAR",,false,2026-07-21T18:50:04.000Z,2026-07-21T18:50:04.000Z
"https://leetcode.com/problems/maximum-number-of-people-that-can-be-caught-in-tag/","Maximum Number of People That Can Be Caught in Tag","GREEDY","MEDIUM",5904,,"LOCKED",,false,2026-07-21T18:50:04.000Z,2026-07-21T18:50:04.000Z
"https://leetcode.com/problems/maximum-number-of-potholes-that-can-be-fixed/","Maximum Number of Potholes That Can Be Fixed","GREEDY","MEDIUM",7978,,"LOCKED",,false,2026-07-21T18:50:04.000Z,2026-07-21T18:50:04.000Z
"https://leetcode.com/problems/maximum-number-of-tasks-you-can-assign/","Maximum Number of Tasks You Can Assign","GREEDY","HARD",174700,,"CLEAR",,false,2026-07-21T18:50:04.000Z,2026-07-21T18:50:04.000Z
"https://leetcode.com/problems/maximum-number-of-weeks-for-which-you-can-work/","Maximum Number of Weeks for Which You Can Work","GREEDY","MEDIUM",75385,,"CLEAR",,false,2026-07-21T18:50:04.000Z,2026-07-21T18:50:04.000Z
"https://leetcode.com/problems/maximum-number-that-makes-result-of-bitwise-and-zero/","Maximum Number That Makes Result of Bitwise AND Zero","GREEDY","MEDIUM",2040,,"LOCKED",,false,2026-07-21T18:50:04.000Z,2026-07-21T18:50:04.000Z
"https://leetcode.com/problems/maximum-odd-binary-number/","Maximum Odd Binary Number","GREEDY","EASY",290804,,"CLEAR",,false,2026-07-21T18:50:04.000Z,2026-07-21T18:50:04.000Z
"https://leetcode.com/problems/maximum-palindromes-after-operations/","Maximum Palindromes After Operations","GREEDY","MEDIUM",51137,,"CLEAR",,false,2026-07-21T18:50:04.000Z,2026-07-21T18:50:04.000Z
"https://leetcode.com/problems/maximum-performance-of-a-team/","Maximum Performance of a Team","GREEDY","HARD",240336,,"CLEAR",,false,2026-07-21T18:50:04.000Z,2026-07-21T18:50:04.000Z
"https://leetcode.com/problems/maximum-points-after-enemy-battles/","Maximum Points After Enemy Battles","GREEDY","MEDIUM",94416,,"CLEAR",,false,2026-07-21T18:50:04.000Z,2026-07-21T18:50:04.000Z
"https://leetcode.com/problems/maximum-price-to-fill-a-bag/","Maximum Price to Fill a Bag","GREEDY","MEDIUM",3284,,"LOCKED",,false,2026-07-21T18:50:04.000Z,2026-07-21T18:50:04.000Z
"https://leetcode.com/problems/maximum-product-after-k-increments/","Maximum Product After K Increments","GREEDY","MEDIUM",110084,,"CLEAR",,false,2026-07-21T18:50:04.000Z,2026-07-21T18:50:04.000Z
"https://leetcode.com/problems/maximum-product-of-three-elements-after-one-replacement/","Maximum Product of Three Elements After One Replacement","GREEDY","MEDIUM",72514,,"CLEAR",,false,2026-07-21T18:50:04.000Z,2026-07-21T18:50:04.000Z
"https://leetcode.com/problems/maximum-requests-without-violating-the-limit/","Maximum Requests Without Violating the Limit","GREEDY","MEDIUM",864,,"LOCKED",,false,2026-07-21T18:50:04.000Z,2026-07-21T18:50:04.000Z
"https://leetcode.com/problems/maximum-running-time-of-n-computers/","Maximum Running Time of N Computers","GREEDY","HARD",254830,,"CLEAR",,false,2026-07-21T18:50:04.000Z,2026-07-21T18:50:04.000Z
"https://leetcode.com/problems/maximum-score-after-binary-swaps/","Maximum Score After Binary Swaps","GREEDY","MEDIUM",44234,,"CLEAR",,false,2026-07-21T18:50:04.000Z,2026-07-21T18:50:04.000Z
"https://leetcode.com/problems/maximum-score-from-removing-stones/","Maximum Score From Removing Stones","GREEDY","MEDIUM",81756,,"CLEAR",,false,2026-07-21T18:50:04.000Z,2026-07-21T18:50:04.000Z
"https://leetcode.com/problems/maximum-score-from-removing-substrings/","Maximum Score From Removing Substrings","GREEDY","MEDIUM",370127,,"CLEAR",,false,2026-07-21T18:50:04.000Z,2026-07-21T18:50:04.000Z
"https://leetcode.com/problems/maximum-size-of-a-set-after-removals/","Maximum Size of a Set After Removals","GREEDY","MEDIUM",46023,,"CLEAR",,false,2026-07-21T18:50:04.000Z,2026-07-21T18:50:04.000Z
"https://leetcode.com/problems/maximum-spending-after-buying-items/","Maximum Spending After Buying Items","GREEDY","HARD",28342,,"CLEAR",,false,2026-07-21T18:50:04.000Z,2026-07-21T18:50:04.000Z
"https://leetcode.com/problems/maximum-split-of-positive-even-integers/","Maximum Split of Positive Even Integers","GREEDY","MEDIUM",97921,,"CLEAR",,false,2026-07-21T18:50:04.000Z,2026-07-21T18:50:04.000Z
"https://leetcode.com/problems/maximum-star-sum-of-a-graph/","Maximum Star Sum of a Graph","GREEDY","MEDIUM",78501,,"CLEAR",,false,2026-07-21T18:50:04.000Z,2026-07-21T18:50:04.000Z
"https://leetcode.com/problems/maximum-subarray-sum-after-at-most-k-swaps/","Maximum Subarray Sum After at Most K Swaps","GREEDY","HARD",24921,,"CLEAR",,false,2026-07-21T18:50:04.000Z,2026-07-21T18:50:04.000Z
"https://leetcode.com/problems/maximum-subsequence-score/","Maximum Subsequence Score","GREEDY","MEDIUM",297722,,"CLEAR",,false,2026-07-21T18:50:04.000Z,2026-07-21T18:50:04.000Z
"https://leetcode.com/problems/maximum-sum-obtained-of-any-permutation/","Maximum Sum Obtained of Any Permutation","GREEDY","MEDIUM",77401,,"CLEAR",,false,2026-07-21T18:50:04.000Z,2026-07-21T18:50:04.000Z
"https://leetcode.com/problems/maximum-sum-of-edge-values-in-a-graph/","Maximum Sum of Edge Values in a Graph","GREEDY","HARD",19737,,"CLEAR",,false,2026-07-21T18:50:04.000Z,2026-07-21T18:50:04.000Z
"https://leetcode.com/problems/maximum-sum-of-three-numbers-divisible-by-three/","Maximum Sum of Three Numbers Divisible by Three","GREEDY","MEDIUM",50708,,"CLEAR",,false,2026-07-21T18:50:04.000Z,2026-07-21T18:50:04.000Z
"https://leetcode.com/problems/maximum-sum-with-at-most-k-elements/","Maximum Sum With at Most K Elements","GREEDY","MEDIUM",68980,,"CLEAR",,false,2026-07-21T18:50:04.000Z,2026-07-21T18:50:04.000Z
"https://leetcode.com/problems/maximum-sum-with-exactly-k-elements/","Maximum Sum With Exactly K Elements ","GREEDY","EASY",139442,,"CLEAR",,false,2026-07-21T18:50:04.000Z,2026-07-21T18:50:04.000Z
"https://leetcode.com/problems/maximum-swap/","Maximum Swap","GREEDY","MEDIUM",1003465,,"CLEAR",,false,2026-07-21T18:50:04.000Z,2026-07-21T18:50:04.000Z
"https://leetcode.com/problems/maximum-tastiness-of-candy-basket/","Maximum Tastiness of Candy Basket","GREEDY","MEDIUM",64666,,"CLEAR",,false,2026-07-21T18:50:04.000Z,2026-07-21T18:50:04.000Z
"https://leetcode.com/problems/maximum-total-beauty-of-the-gardens/","Maximum Total Beauty of the Gardens","GREEDY","HARD",33591,,"CLEAR",,false,2026-07-21T18:50:04.000Z,2026-07-21T18:50:04.000Z
"https://leetcode.com/problems/maximum-total-from-optimal-activation-order/","Maximum Total from Optimal Activation Order","GREEDY","MEDIUM",55132,,"CLEAR",,false,2026-07-21T18:50:04.000Z,2026-07-21T18:50:04.000Z
"https://leetcode.com/problems/maximum-total-importance-of-roads/","Maximum Total Importance of Roads","GREEDY","MEDIUM",241108,,"CLEAR",,false,2026-07-21T18:50:04.000Z,2026-07-21T18:50:04.000Z
"https://leetcode.com/problems/maximum-total-subarray-value-i/","Maximum Total Subarray Value I","GREEDY","MEDIUM",253520,,"CLEAR",,false,2026-07-21T18:50:04.000Z,2026-07-21T18:50:04.000Z
"https://leetcode.com/problems/maximum-total-subarray-value-ii/","Maximum Total Subarray Value II","GREEDY","HARD",180165,,"CLEAR",,false,2026-07-21T18:50:04.000Z,2026-07-21T18:50:04.000Z
"https://leetcode.com/problems/maximum-total-sum-of-k-selected-elements/","Maximum Total Sum of K Selected Elements","GREEDY","MEDIUM",100168,,"CLEAR",,false,2026-07-21T18:50:04.000Z,2026-07-21T18:50:04.000Z
"https://leetcode.com/problems/maximum-total-sum-with-threshold-constraints/","Maximum Total Sum with Threshold Constraints","GREEDY","MEDIUM",1020,,"LOCKED",,false,2026-07-21T18:50:04.000Z,2026-07-21T18:50:04.000Z
"https://leetcode.com/problems/maximum-total-value/","Maximum Total Value","GREEDY","HARD",25127,,"CLEAR",,false,2026-07-21T18:50:04.000Z,2026-07-21T18:50:04.000Z
"https://leetcode.com/problems/maximum-transactions-without-negative-balance/","Maximum Transactions Without Negative Balance","GREEDY","MEDIUM",1840,,"LOCKED",,false,2026-07-21T18:50:04.000Z,2026-07-21T18:50:04.000Z
"https://leetcode.com/problems/maximum-unique-subarray-sum-after-deletion/","Maximum Unique Subarray Sum After Deletion","GREEDY","EASY",395604,,"CLEAR",,false,2026-07-21T18:50:04.000Z,2026-07-21T18:50:04.000Z
"https://leetcode.com/problems/maximum-units-on-a-truck/","Maximum Units on a Truck","GREEDY","EASY",546250,,"CLEAR",,false,2026-07-21T18:50:04.000Z,2026-07-21T18:50:04.000Z
"https://leetcode.com/problems/maximum-value-after-insertion/","Maximum Value after Insertion","GREEDY","MEDIUM",88913,,"CLEAR",,false,2026-07-21T18:50:04.000Z,2026-07-21T18:50:04.000Z
"https://leetcode.com/problems/maximum-value-at-a-given-index-in-a-bounded-array/","Maximum Value at a Given Index in a Bounded Array","GREEDY","MEDIUM",235696,,"CLEAR",,false,2026-07-21T18:50:04.000Z,2026-07-21T18:50:04.000Z
"https://leetcode.com/problems/maximum-value-of-an-alternating-sequence/","Maximum Value of an Alternating Sequence","GREEDY","MEDIUM",97464,,"CLEAR",,false,2026-07-21T18:50:04.000Z,2026-07-21T18:50:04.000Z
"https://leetcode.com/problems/maximum-value-of-concatenated-binary-segments/","Maximum Value of Concatenated Binary Segments","GREEDY","HARD",51677,,"CLEAR",,false,2026-07-21T18:50:04.000Z,2026-07-21T18:50:04.000Z
"https://leetcode.com/problems/maximum-white-tiles-covered-by-a-carpet/","Maximum White Tiles Covered by a Carpet","GREEDY","MEDIUM",64172,,"CLEAR",,false,2026-07-21T18:50:04.000Z,2026-07-21T18:50:04.000Z
"https://leetcode.com/problems/meeting-rooms-ii/","Meeting Rooms II","GREEDY","MEDIUM",2280890,,"LOCKED",,false,2026-07-21T18:50:04.000Z,2026-07-21T18:50:04.000Z
"https://leetcode.com/problems/merge-operations-to-turn-array-into-a-palindrome/","Merge Operations to Turn Array Into a Palindrome","GREEDY","MEDIUM",28105,,"LOCKED",,false,2026-07-21T18:50:04.000Z,2026-07-21T18:50:04.000Z
"https://leetcode.com/problems/merge-triplets-to-form-target-triplet/","Merge Triplets to Form Target Triplet","GREEDY","MEDIUM",188302,,"CLEAR",,false,2026-07-21T18:50:04.000Z,2026-07-21T18:50:04.000Z
"https://leetcode.com/problems/mice-and-cheese/","Mice and Cheese","GREEDY","MEDIUM",84393,,"CLEAR",,false,2026-07-21T18:50:04.000Z,2026-07-21T18:50:04.000Z
"https://leetcode.com/problems/minimize-array-sum-using-divisible-replacements/","Minimize Array Sum Using Divisible Replacements","GREEDY","MEDIUM",73803,,"CLEAR",,false,2026-07-21T18:50:04.000Z,2026-07-21T18:50:04.000Z
"https://leetcode.com/problems/minimize-deviation-in-array/","Minimize Deviation in Array","GREEDY","HARD",189422,,"CLEAR",,false,2026-07-21T18:50:04.000Z,2026-07-21T18:50:04.000Z
"https://leetcode.com/problems/minimize-length-of-array-using-operations/","Minimize Length of Array Using Operations","GREEDY","MEDIUM",51372,,"CLEAR",,false,2026-07-21T18:50:04.000Z,2026-07-21T18:50:04.000Z
"https://leetcode.com/problems/minimize-maximum-pair-sum-in-array/","Minimize Maximum Pair Sum in Array","GREEDY","MEDIUM",415251,,"CLEAR",,false,2026-07-21T18:50:04.000Z,2026-07-21T18:50:04.000Z
"https://leetcode.com/problems/minimize-product-sum-of-two-arrays/","Minimize Product Sum of Two Arrays","GREEDY","MEDIUM",28717,,"LOCKED",,false,2026-07-21T18:50:04.000Z,2026-07-21T18:50:04.000Z
"https://leetcode.com/problems/minimize-rounding-error-to-meet-target/","Minimize Rounding Error to Meet Target","GREEDY","MEDIUM",25580,,"LOCKED",,false,2026-07-21T18:50:04.000Z,2026-07-21T18:50:04.000Z
"https://leetcode.com/problems/minimize-the-maximum-adjacent-element-difference/","Minimize the Maximum Adjacent Element Difference","GREEDY","HARD",19893,,"CLEAR",,false,2026-07-21T18:50:04.000Z,2026-07-21T18:50:04.000Z
"https://leetcode.com/problems/minimize-the-maximum-waiting-time-at-synchronized-traffic-lights/","Minimize the Maximum Waiting Time at Synchronized Traffic Lights","GREEDY","MEDIUM",53013,,"CLEAR",,false,2026-09-07T18:13:42.370Z,2026-09-07T18:13:42.370Z
"https://leetcode.com/problems/minimized-maximum-of-products-distributed-to-any-store/","Minimized Maximum of Products Distributed to Any Store","GREEDY","MEDIUM",254318,,"CLEAR",,false,2026-07-21T18:50:04.000Z,2026-07-21T18:50:04.000Z
"https://leetcode.com/problems/minimum-add-to-make-parentheses-valid/","Minimum Add to Make Parentheses Valid","GREEDY","MEDIUM",991346,,"CLEAR",,false,2026-07-21T18:50:04.000Z,2026-07-21T18:50:04.000Z
"https://leetcode.com/problems/minimum-addition-to-make-integer-beautiful/","Minimum Addition to Make Integer Beautiful","GREEDY","MEDIUM",68051,,"CLEAR",,false,2026-07-21T18:50:04.000Z,2026-07-21T18:50:04.000Z
"https://leetcode.com/problems/minimum-adjacent-swaps-for-k-consecutive-ones/","Minimum Adjacent Swaps for K Consecutive Ones","GREEDY","HARD",36019,,"CLEAR",,false,2026-07-21T18:50:04.000Z,2026-07-21T18:50:04.000Z
"https://leetcode.com/problems/minimum-adjacent-swaps-to-alternate-parity/","Minimum Adjacent Swaps to Alternate Parity","GREEDY","MEDIUM",50280,,"CLEAR",,false,2026-07-21T18:50:04.000Z,2026-07-21T18:50:04.000Z
"https://leetcode.com/problems/minimum-adjacent-swaps-to-make-a-valid-array/","Minimum Adjacent Swaps to Make a Valid Array","GREEDY","MEDIUM",56753,,"LOCKED",,false,2026-07-21T18:50:04.000Z,2026-07-21T18:50:04.000Z
"https://leetcode.com/problems/minimum-adjacent-swaps-to-partition-array/","Minimum Adjacent Swaps to Partition Array","GREEDY","MEDIUM",33817,,"CLEAR",,false,2026-07-21T18:50:04.000Z,2026-07-21T18:50:04.000Z
"https://leetcode.com/problems/minimum-adjacent-swaps-to-reach-the-kth-smallest-number/","Minimum Adjacent Swaps to Reach the Kth Smallest Number","GREEDY","MEDIUM",40786,,"CLEAR",,false,2026-07-21T18:50:04.000Z,2026-07-21T18:50:04.000Z
"https://leetcode.com/problems/minimum-amount-of-damage-dealt-to-bob/","Minimum Amount of Damage Dealt to Bob","GREEDY","HARD",38390,,"CLEAR",,false,2026-07-21T18:50:04.000Z,2026-07-21T18:50:04.000Z
"https://leetcode.com/problems/minimum-amount-of-time-to-fill-cups/","Minimum Amount of Time to Fill Cups","GREEDY","EASY",118824,,"CLEAR",,false,2026-07-21T18:50:04.000Z,2026-07-21T18:50:04.000Z
"https://leetcode.com/problems/minimum-array-length-after-pair-removals/","Minimum Array Length After Pair Removals","GREEDY","MEDIUM",121801,,"CLEAR",,false,2026-07-21T18:50:04.000Z,2026-07-21T18:50:04.000Z
"https://leetcode.com/problems/minimum-cost-for-cutting-cake-ii/","Minimum Cost for Cutting Cake II","GREEDY","HARD",46299,,"CLEAR",,false,2026-07-21T18:50:04.000Z,2026-07-21T18:50:04.000Z
"https://leetcode.com/problems/minimum-cost-homecoming-of-a-robot-in-a-grid/","Minimum Cost Homecoming of a Robot in a Grid","GREEDY","MEDIUM",58282,,"CLEAR",,false,2026-07-21T18:50:04.000Z,2026-07-21T18:50:04.000Z
"https://leetcode.com/problems/minimum-cost-of-buying-candies-with-discount/","Minimum Cost of Buying Candies With Discount","GREEDY","EASY",322644,,"CLEAR",,false,2026-07-21T18:50:04.000Z,2026-07-21T18:50:04.000Z
"https://leetcode.com/problems/minimum-cost-to-acquire-required-items/","Minimum Cost to Acquire Required Items","GREEDY","MEDIUM",71409,,"CLEAR",,false,2026-07-21T18:50:04.000Z,2026-07-21T18:50:04.000Z
"https://leetcode.com/problems/minimum-cost-to-connect-sticks/","Minimum Cost to Connect Sticks","GREEDY","MEDIUM",211528,,"LOCKED",,false,2026-07-21T18:50:04.000Z,2026-07-21T18:50:04.000Z
"https://leetcode.com/problems/minimum-cost-to-equalize-array/","Minimum Cost to Equalize Array","GREEDY","HARD",35982,,"CLEAR",,false,2026-07-21T18:50:04.000Z,2026-07-21T18:50:04.000Z
"https://leetcode.com/problems/minimum-cost-to-equalize-arrays-using-swaps/","Minimum Cost to Equalize Arrays Using Swaps","GREEDY","MEDIUM",54494,,"CLEAR",,false,2026-07-21T18:50:04.000Z,2026-07-21T18:50:04.000Z
"https://leetcode.com/problems/minimum-cost-to-hire-k-workers/","Minimum Cost to Hire K Workers","GREEDY","HARD",259822,,"CLEAR",,false,2026-07-21T18:50:04.000Z,2026-07-21T18:50:04.000Z
"https://leetcode.com/problems/minimum-cost-to-make-array-equal/","Minimum Cost to Make Array Equal","GREEDY","HARD",172205,,"CLEAR",,false,2026-07-21T18:50:04.000Z,2026-07-21T18:50:04.000Z
"https://leetcode.com/problems/minimum-cost-to-make-array-equalindromic/","Minimum Cost to Make Array Equalindromic","GREEDY","MEDIUM",72081,,"CLEAR",,false,2026-07-21T18:50:04.000Z,2026-07-21T18:50:04.000Z
"https://leetcode.com/problems/minimum-cost-to-make-arrays-identical/","Minimum Cost to Make Arrays Identical","GREEDY","MEDIUM",69144,,"CLEAR",,false,2026-07-21T18:50:04.000Z,2026-07-21T18:50:04.000Z
"https://leetcode.com/problems/minimum-cost-to-make-two-binary-strings-equal/","Minimum Cost to Make Two Binary Strings Equal","GREEDY","MEDIUM",25686,,"CLEAR",,false,2026-07-21T18:50:04.000Z,2026-07-21T18:50:04.000Z
"https://leetcode.com/problems/minimum-cost-to-move-between-indices/","Minimum Cost to Move Between Indices","GREEDY","MEDIUM",32500,,"CLEAR",,false,2026-07-21T18:50:04.000Z,2026-07-21T18:50:04.000Z
"https://leetcode.com/problems/minimum-cost-to-move-chips-to-the-same-position/","Minimum Cost to Move Chips to The Same Position","GREEDY","EASY",244550,,"CLEAR",,false,2026-07-21T18:50:04.000Z,2026-07-21T18:50:04.000Z
"https://leetcode.com/problems/minimum-deletions-for-at-most-k-distinct-characters/","Minimum Deletions for At Most K Distinct Characters","GREEDY","EASY",62436,,"CLEAR",,false,2026-07-21T18:50:04.000Z,2026-07-21T18:50:04.000Z
"https://leetcode.com/problems/minimum-deletions-to-make-array-beautiful/","Minimum Deletions to Make Array Beautiful","GREEDY","MEDIUM",84319,,"CLEAR",,false,2026-07-21T18:50:04.000Z,2026-07-21T18:50:04.000Z
"https://leetcode.com/problems/minimum-deletions-to-make-character-frequencies-unique/","Minimum Deletions to Make Character Frequencies Unique","GREEDY","MEDIUM",499430,,"CLEAR",,false,2026-07-21T18:50:04.000Z,2026-07-21T18:50:04.000Z
"https://leetcode.com/problems/minimum-deletions-to-make-string-k-special/","Minimum Deletions to Make String K-Special","GREEDY","MEDIUM",167510,,"CLEAR",,false,2026-07-21T18:50:04.000Z,2026-07-21T18:50:04.000Z
"https://leetcode.com/problems/minimum-difference-between-largest-and-smallest-value-in-three-moves/","Minimum Difference Between Largest and Smallest Value in Three Moves","GREEDY","MEDIUM",428326,,"CLEAR",,false,2026-07-21T18:50:04.000Z,2026-07-21T18:50:04.000Z
"https://leetcode.com/problems/minimum-division-operations-to-make-array-non-decreasing/","Minimum Division Operations to Make Array Non Decreasing","GREEDY","MEDIUM",85461,,"CLEAR",,false,2026-07-21T18:50:04.000Z,2026-07-21T18:50:04.000Z
"https://leetcode.com/problems/minimum-domino-rotations-for-equal-row/","Minimum Domino Rotations For Equal Row","GREEDY","MEDIUM",570475,,"CLEAR",,false,2026-07-21T18:50:04.000Z,2026-07-21T18:50:04.000Z
"https://leetcode.com/problems/minimum-elements-to-add-to-form-a-given-sum/","Minimum Elements to Add to Form a Given Sum","GREEDY","MEDIUM",63470,,"CLEAR",,false,2026-07-21T18:50:04.000Z,2026-07-21T18:50:04.000Z
"https://leetcode.com/problems/minimum-equal-sum-of-two-arrays-after-replacing-zeros/","Minimum Equal Sum of Two Arrays After Replacing Zeros","GREEDY","MEDIUM",292128,,"CLEAR",,false,2026-07-21T18:50:04.000Z,2026-07-21T18:50:04.000Z
"https://leetcode.com/problems/minimum-factorization/","Minimum Factorization","GREEDY","MEDIUM",36383,,"LOCKED",,false,2026-07-21T18:50:04.000Z,2026-07-21T18:50:04.000Z
"https://leetcode.com/problems/minimum-health-to-beat-game/","Minimum Health to Beat Game","GREEDY","MEDIUM",69775,,"LOCKED",,false,2026-07-21T18:50:04.000Z,2026-07-21T18:50:04.000Z
"https://leetcode.com/problems/minimum-hours-of-training-to-win-a-competition/","Minimum Hours of Training to Win a Competition","GREEDY","EASY",97049,,"CLEAR",,false,2026-07-21T18:50:04.000Z,2026-07-21T18:50:04.000Z
"https://leetcode.com/problems/minimum-increment-to-make-array-unique/","Minimum Increment to Make Array Unique","GREEDY","MEDIUM",454605,,"CLEAR",,false,2026-07-21T18:50:04.000Z,2026-07-21T18:50:04.000Z
"https://leetcode.com/problems/minimum-initial-energy-to-finish-tasks/","Minimum Initial Energy to Finish Tasks","GREEDY","HARD",137254,,"CLEAR",,false,2026-07-21T18:50:04.000Z,2026-07-21T18:50:04.000Z
"https://leetcode.com/problems/minimum-initial-strength-to-defeat-all-monsters/","Minimum Initial Strength to Defeat All Monsters","GREEDY","MEDIUM",35363,,"CLEAR",,false,2026-09-07T18:13:42.370Z,2026-09-07T18:13:42.370Z
"https://leetcode.com/problems/minimum-insertions-to-balance-a-parentheses-string/","Minimum Insertions to Balance a Parentheses String","GREEDY","MEDIUM",160375,,"CLEAR",,false,2026-07-21T18:50:04.000Z,2026-07-21T18:50:04.000Z
"https://leetcode.com/problems/minimum-money-required-before-transactions/","Minimum Money Required Before Transactions","GREEDY","HARD",33781,,"CLEAR",,false,2026-07-21T18:50:04.000Z,2026-07-21T18:50:04.000Z
"https://leetcode.com/problems/minimum-moves-to-balance-circular-array/","Minimum Moves to Balance Circular Array","GREEDY","MEDIUM",54852,,"CLEAR",,false,2026-07-21T18:50:04.000Z,2026-07-21T18:50:04.000Z
"https://leetcode.com/problems/minimum-moves-to-convert-string/","Minimum Moves to Convert String","GREEDY","EASY",108987,,"CLEAR",,false,2026-07-21T18:50:04.000Z,2026-07-21T18:50:04.000Z
"https://leetcode.com/problems/minimum-moves-to-get-a-peaceful-board/","Minimum Moves to Get a Peaceful Board","GREEDY","MEDIUM",6457,,"LOCKED",,false,2026-07-21T18:50:04.000Z,2026-07-21T18:50:04.000Z
"https://leetcode.com/problems/minimum-moves-to-pick-k-ones/","Minimum Moves to Pick K Ones","GREEDY","HARD",21531,,"CLEAR",,false,2026-07-21T18:50:04.000Z,2026-07-21T18:50:04.000Z
"https://leetcode.com/problems/minimum-moves-to-reach-target-score/","Minimum Moves to Reach Target Score","GREEDY","MEDIUM",123334,,"CLEAR",,false,2026-07-21T18:50:04.000Z,2026-07-21T18:50:04.000Z
"https://leetcode.com/problems/minimum-non-zero-product-of-the-array-elements/","Minimum Non-Zero Product of the Array Elements","GREEDY","MEDIUM",46024,,"CLEAR",,false,2026-07-21T18:50:04.000Z,2026-07-21T18:50:04.000Z
"https://leetcode.com/problems/minimum-number-of-arrows-to-burst-balloons/","Minimum Number of Arrows to Burst Balloons","GREEDY","MEDIUM",1350207,,"CLEAR",,false,2026-07-21T18:50:04.000Z,2026-07-21T18:50:04.000Z
"https://leetcode.com/problems/minimum-number-of-coins-to-be-added/","Minimum Number of Coins to be Added","GREEDY","MEDIUM",49526,,"CLEAR",,false,2026-07-21T18:50:04.000Z,2026-07-21T18:50:04.000Z
"https://leetcode.com/problems/minimum-number-of-groups-to-create-a-valid-assignment/","Minimum Number of Groups to Create a Valid Assignment","GREEDY","MEDIUM",68668,,"CLEAR",,false,2026-07-21T18:50:04.000Z,2026-07-21T18:50:04.000Z
"https://leetcode.com/problems/minimum-number-of-keypresses/","Minimum Number of Keypresses","GREEDY","MEDIUM",52548,,"LOCKED",,false,2026-07-21T18:50:04.000Z,2026-07-21T18:50:04.000Z
"https://leetcode.com/problems/minimum-number-of-moves-to-make-palindrome/","Minimum Number of Moves to Make Palindrome","GREEDY","HARD",70464,,"CLEAR",,false,2026-07-21T18:50:04.000Z,2026-07-21T18:50:04.000Z
"https://leetcode.com/problems/minimum-number-of-moves-to-seat-everyone/","Minimum Number of Moves to Seat Everyone","GREEDY","EASY",337406,,"CLEAR",,false,2026-07-21T18:50:04.000Z,2026-07-21T18:50:04.000Z
"https://leetcode.com/problems/minimum-number-of-operations-to-convert-time/","Minimum Number of Operations to Convert Time","GREEDY","EASY",86816,,"CLEAR",,false,2026-07-21T18:50:04.000Z,2026-07-21T18:50:04.000Z
"https://leetcode.com/problems/minimum-number-of-operations-to-make-array-empty/","Minimum Number of Operations to Make Array Empty","GREEDY","MEDIUM",329218,,"CLEAR",,false,2026-07-21T18:50:04.000Z,2026-07-21T18:50:04.000Z
"https://leetcode.com/problems/minimum-number-of-operations-to-make-arrays-similar/","Minimum Number of Operations to Make Arrays Similar","GREEDY","HARD",29720,,"CLEAR",,false,2026-07-21T18:50:04.000Z,2026-07-21T18:50:04.000Z
"https://leetcode.com/problems/minimum-number-of-people-to-teach/","Minimum Number of People to Teach","GREEDY","MEDIUM",150194,,"CLEAR",,false,2026-07-21T18:50:04.000Z,2026-07-21T18:50:04.000Z
"https://leetcode.com/problems/minimum-number-of-pushes-to-type-word-i/","Minimum Number of Pushes to Type Word I","GREEDY","EASY",249415,,"CLEAR",,false,2026-07-21T18:50:04.000Z,2026-07-21T18:50:04.000Z
"https://leetcode.com/problems/minimum-number-of-pushes-to-type-word-ii/","Minimum Number of Pushes to Type Word II","GREEDY","MEDIUM",383323,,"CLEAR",,false,2026-07-21T18:50:04.000Z,2026-07-21T18:50:04.000Z
"https://leetcode.com/problems/minimum-number-of-seconds-to-make-mountain-height-zero/","Minimum Number of Seconds to Make Mountain Height Zero","GREEDY","MEDIUM",184390,,"CLEAR",,false,2026-07-21T18:50:04.000Z,2026-07-21T18:50:04.000Z
"https://leetcode.com/problems/minimum-number-of-swaps-to-make-the-binary-string-alternating/","Minimum Number of Swaps to Make the Binary String Alternating","GREEDY","MEDIUM",85278,,"CLEAR",,false,2026-07-21T18:50:04.000Z,2026-07-21T18:50:04.000Z
"https://leetcode.com/problems/minimum-number-of-swaps-to-make-the-string-balanced/","Minimum Number of Swaps to Make the String Balanced","GREEDY","MEDIUM",324962,,"CLEAR",,false,2026-07-21T18:50:04.000Z,2026-07-21T18:50:04.000Z
"https://leetcode.com/problems/minimum-operations-to-convert-all-elements-to-zero/","Minimum Operations to Convert All Elements to Zero","GREEDY","MEDIUM",169538,,"CLEAR",,false,2026-07-21T18:50:04.000Z,2026-07-21T18:50:04.000Z
"https://leetcode.com/problems/minimum-operations-to-halve-array-sum/","Minimum Operations to Halve Array Sum","GREEDY","MEDIUM",113416,,"CLEAR",,false,2026-07-21T18:50:04.000Z,2026-07-21T18:50:04.000Z
"https://leetcode.com/problems/minimum-operations-to-make-a-special-number/","Minimum Operations to Make a Special Number","GREEDY","MEDIUM",80070,,"CLEAR",,false,2026-07-21T18:50:04.000Z,2026-07-21T18:50:04.000Z
"https://leetcode.com/problems/minimum-operations-to-make-a-subsequence/","Minimum Operations to Make a Subsequence","GREEDY","HARD",34565,,"CLEAR",,false,2026-07-21T18:50:04.000Z,2026-07-21T18:50:04.000Z
"https://leetcode.com/problems/minimum-operations-to-make-array-equal-ii/","Minimum Operations to Make Array Equal II","GREEDY","MEDIUM",88668,,"CLEAR",,false,2026-07-21T18:50:04.000Z,2026-07-21T18:50:04.000Z
"https://leetcode.com/problems/minimum-operations-to-make-array-non-decreasing/","Minimum Operations to Make Array Non Decreasing","GREEDY","MEDIUM",47660,,"CLEAR",,false,2026-07-21T18:50:04.000Z,2026-07-21T18:50:04.000Z
"https://leetcode.com/problems/minimum-operations-to-make-array-parity-alternating/","Minimum Operations to Make Array Parity Alternating","GREEDY","MEDIUM",50650,,"CLEAR",,false,2026-07-21T18:50:04.000Z,2026-07-21T18:50:04.000Z
"https://leetcode.com/problems/minimum-operations-to-make-columns-strictly-increasing/","Minimum Operations to Make Columns Strictly Increasing","GREEDY","EASY",55321,,"CLEAR",,false,2026-07-21T18:50:04.000Z,2026-07-21T18:50:04.000Z
"https://leetcode.com/problems/minimum-operations-to-make-median-of-array-equal-to-k/","Minimum Operations to Make Median of Array Equal to K","GREEDY","MEDIUM",67737,,"CLEAR",,false,2026-07-21T18:50:04.000Z,2026-07-21T18:50:04.000Z
"https://leetcode.com/problems/minimum-operations-to-make-the-array-alternating/","Minimum Operations to Make the Array Alternating","GREEDY","MEDIUM",87489,,"CLEAR",,false,2026-07-21T18:50:04.000Z,2026-07-21T18:50:04.000Z
"https://leetcode.com/problems/minimum-operations-to-make-the-array-increasing/","Minimum Operations to Make the Array Increasing","GREEDY","EASY",176689,,"CLEAR",,false,2026-07-21T18:50:04.000Z,2026-07-21T18:50:04.000Z
"https://leetcode.com/problems/minimum-operations-to-reach-target-array/","Minimum Operations to Reach Target Array","GREEDY","MEDIUM",41210,,"CLEAR",,false,2026-07-21T18:50:04.000Z,2026-07-21T18:50:04.000Z
"https://leetcode.com/problems/minimum-operations-to-transform-array/","Minimum Operations to Transform Array","GREEDY","MEDIUM",37540,,"CLEAR",,false,2026-07-21T18:50:04.000Z,2026-07-21T18:50:04.000Z
"https://leetcode.com/problems/minimum-operations-to-transform-string/","Minimum Operations to Transform String","GREEDY","MEDIUM",85715,,"CLEAR",,false,2026-07-21T18:50:04.000Z,2026-07-21T18:50:04.000Z
"https://leetcode.com/problems/minimum-possible-integer-after-at-most-k-adjacent-swaps-on-digits/","Minimum Possible Integer After at Most K Adjacent Swaps On Digits","GREEDY","HARD",32298,,"CLEAR",,false,2026-07-21T18:50:04.000Z,2026-07-21T18:50:04.000Z
"https://leetcode.com/problems/minimum-processing-time/","Minimum Processing Time","GREEDY","MEDIUM",69106,,"CLEAR",,false,2026-07-21T18:50:04.000Z,2026-07-21T18:50:04.000Z
"https://leetcode.com/problems/minimum-rectangles-to-cover-points/","Minimum Rectangles to Cover Points","GREEDY","MEDIUM",53896,,"CLEAR",,false,2026-07-21T18:50:04.000Z,2026-07-21T18:50:04.000Z
"https://leetcode.com/problems/minimum-replacements-to-sort-the-array/","Minimum Replacements to Sort the Array","GREEDY","HARD",146268,,"CLEAR",,false,2026-07-21T18:50:04.000Z,2026-07-21T18:50:04.000Z
"https://leetcode.com/problems/minimum-rounds-to-complete-all-tasks/","Minimum Rounds to Complete All Tasks","GREEDY","MEDIUM",281173,,"CLEAR",,false,2026-07-21T18:50:04.000Z,2026-07-21T18:50:04.000Z
"https://leetcode.com/problems/minimum-score-by-changing-two-elements/","Minimum Score by Changing Two Elements","GREEDY","MEDIUM",47421,,"CLEAR",,false,2026-07-21T18:50:04.000Z,2026-07-21T18:50:04.000Z
"https://leetcode.com/problems/minimum-stability-factor-of-array/","Minimum Stability Factor of Array","GREEDY","HARD",20568,,"CLEAR",,false,2026-07-21T18:50:04.000Z,2026-07-21T18:50:04.000Z
"https://leetcode.com/problems/minimum-subsequence-in-non-increasing-order/","Minimum Subsequence in Non-Increasing Order","GREEDY","EASY",130326,,"CLEAR",,false,2026-07-21T18:50:04.000Z,2026-07-21T18:50:04.000Z
"https://leetcode.com/problems/minimum-suffix-flips/","Minimum Suffix Flips","GREEDY","MEDIUM",93838,,"CLEAR",,false,2026-07-21T18:50:04.000Z,2026-07-21T18:50:04.000Z
"https://leetcode.com/problems/minimum-sum-of-four-digit-number-after-splitting-digits/","Minimum Sum of Four Digit Number After Splitting Digits","GREEDY","EASY",205762,,"CLEAR",,false,2026-07-21T18:50:04.000Z,2026-07-21T18:50:04.000Z
"https://leetcode.com/problems/minimum-sum-of-squared-difference/","Minimum Sum of Squared Difference","GREEDY","MEDIUM",73744,,"CLEAR",,false,2026-07-21T18:50:04.000Z,2026-07-21T18:50:04.000Z
"https://leetcode.com/problems/minimum-swaps-to-arrange-a-binary-grid/","Minimum Swaps to Arrange a Binary Grid","GREEDY","MEDIUM",153278,,"CLEAR",,false,2026-07-21T18:50:04.000Z,2026-07-21T18:50:04.000Z
"https://leetcode.com/problems/minimum-swaps-to-avoid-forbidden-values/","Minimum Swaps to Avoid Forbidden Values","GREEDY","HARD",38920,,"CLEAR",,false,2026-07-21T18:50:04.000Z,2026-07-21T18:50:04.000Z
"https://leetcode.com/problems/minimum-swaps-to-make-strings-equal/","Minimum Swaps to Make Strings Equal","GREEDY","MEDIUM",82820,,"CLEAR",,false,2026-07-21T18:50:04.000Z,2026-07-21T18:50:04.000Z
"https://leetcode.com/problems/minimum-time-to-build-blocks/","Minimum Time to Build Blocks","GREEDY","HARD",17673,,"LOCKED",,false,2026-07-21T18:50:04.000Z,2026-07-21T18:50:04.000Z
"https://leetcode.com/problems/minimum-time-to-complete-all-tasks/","Minimum Time to Complete All Tasks","GREEDY","HARD",39374,,"CLEAR",,false,2026-07-21T18:50:04.000Z,2026-07-21T18:50:04.000Z
"https://leetcode.com/problems/minimum-time-to-type-word-using-special-typewriter/","Minimum Time to Type Word Using Special Typewriter","GREEDY","EASY",89375,,"CLEAR",,false,2026-07-21T18:50:04.000Z,2026-07-21T18:50:04.000Z
"https://leetcode.com/problems/minimum-total-cost-to-make-arrays-unequal/","Minimum Total Cost to Make Arrays Unequal","GREEDY","HARD",16280,,"CLEAR",,false,2026-07-21T18:50:04.000Z,2026-07-21T18:50:04.000Z
"https://leetcode.com/problems/minimum-total-price-after-applying-discounts/","Minimum Total Price After Applying Discounts","GREEDY","MEDIUM",81783,,"CLEAR",,false,2026-09-07T18:13:42.370Z,2026-09-07T18:13:42.370Z
"https://leetcode.com/problems/monotone-increasing-digits/","Monotone Increasing Digits","GREEDY","MEDIUM",145951,,"CLEAR",,false,2026-07-21T18:50:04.000Z,2026-07-21T18:50:04.000Z
"https://leetcode.com/problems/most-profit-assigning-work/","Most Profit Assigning Work","GREEDY","MEDIUM",444700,,"CLEAR",,false,2026-07-21T18:50:04.000Z,2026-07-21T18:50:04.000Z
"https://leetcode.com/problems/optimal-partition-of-string/","Optimal Partition of String","GREEDY","MEDIUM",362834,,"CLEAR",,false,2026-07-21T18:50:04.000Z,2026-07-21T18:50:04.000Z
"https://leetcode.com/problems/pancake-sorting/","Pancake Sorting","GREEDY","MEDIUM",164008,,"CLEAR",,false,2026-07-21T18:50:04.000Z,2026-07-21T18:50:04.000Z
"https://leetcode.com/problems/partition-array-into-three-parts-with-equal-sum/","Partition Array Into Three Parts With Equal Sum","GREEDY","EASY",306377,,"CLEAR",,false,2026-07-21T18:50:04.000Z,2026-07-21T18:50:04.000Z
"https://leetcode.com/problems/partition-array-such-that-maximum-difference-is-k/","Partition Array Such That Maximum Difference Is K","GREEDY","MEDIUM",212390,,"CLEAR",,false,2026-07-21T18:50:04.000Z,2026-07-21T18:50:04.000Z
"https://leetcode.com/problems/partition-labels/","Partition Labels","GREEDY","MEDIUM",1016984,,"CLEAR",,false,2026-07-21T18:50:04.000Z,2026-07-21T18:50:04.000Z
"https://leetcode.com/problems/partitioning-into-minimum-number-of-deci-binary-numbers/","Partitioning Into Minimum Number Of Deci-Binary Numbers","GREEDY","MEDIUM",425406,,"CLEAR",,false,2026-07-21T18:50:04.000Z,2026-07-21T18:50:04.000Z
"https://leetcode.com/problems/patching-array/","Patching Array","GREEDY","HARD",349345,,"CLEAR",,false,2026-07-21T18:50:04.000Z,2026-07-21T18:50:04.000Z
"https://leetcode.com/problems/previous-permutation-with-one-swap/","Previous Permutation With One Swap","GREEDY","MEDIUM",102425,,"CLEAR",,false,2026-07-21T18:50:04.000Z,2026-07-21T18:50:04.000Z
"https://leetcode.com/problems/prime-subtraction-operation/","Prime Subtraction Operation","GREEDY","MEDIUM",218996,,"CLEAR",,false,2026-07-21T18:50:04.000Z,2026-07-21T18:50:04.000Z
"https://leetcode.com/problems/put-boxes-into-the-warehouse-i/","Put Boxes Into the Warehouse I","GREEDY","MEDIUM",31643,,"LOCKED",,false,2026-07-21T18:50:04.000Z,2026-07-21T18:50:04.000Z
"https://leetcode.com/problems/put-boxes-into-the-warehouse-ii/","Put Boxes Into the Warehouse II","GREEDY","MEDIUM",18439,,"LOCKED",,false,2026-07-21T18:50:04.000Z,2026-07-21T18:50:04.000Z
"https://leetcode.com/problems/put-marbles-in-bags/","Put Marbles in Bags","GREEDY","HARD",216062,,"CLEAR",,false,2026-07-21T18:50:04.000Z,2026-07-21T18:50:04.000Z
"https://leetcode.com/problems/rabbits-in-forest/","Rabbits in Forest","GREEDY","MEDIUM",334660,,"CLEAR",,false,2026-07-21T18:50:04.000Z,2026-07-21T18:50:04.000Z
"https://leetcode.com/problems/reach-end-of-array-with-max-score/","Reach End of Array With Max Score","GREEDY","MEDIUM",89753,,"CLEAR",,false,2026-07-21T18:50:04.000Z,2026-07-21T18:50:04.000Z
"https://leetcode.com/problems/rearrange-array-to-maximize-prefix-score/","Rearrange Array to Maximize Prefix Score","GREEDY","MEDIUM",98025,,"CLEAR",,false,2026-07-21T18:50:04.000Z,2026-07-21T18:50:04.000Z
"https://leetcode.com/problems/rearrange-string-k-distance-apart/","Rearrange String k Distance Apart","GREEDY","HARD",186875,,"LOCKED",,false,2026-07-21T18:50:04.000Z,2026-07-21T18:50:04.000Z
"https://leetcode.com/problems/rearranging-fruits/","Rearranging Fruits","GREEDY","HARD",173800,,"CLEAR",,false,2026-07-21T18:50:04.000Z,2026-07-21T18:50:04.000Z
"https://leetcode.com/problems/reconstruct-a-2-row-binary-matrix/","Reconstruct a 2-Row Binary Matrix","GREEDY","MEDIUM",72763,,"CLEAR",,false,2026-07-21T18:50:04.000Z,2026-07-21T18:50:04.000Z
"https://leetcode.com/problems/reduce-array-size-to-the-half/","Reduce Array Size to The Half","GREEDY","MEDIUM",346103,,"CLEAR",,false,2026-07-21T18:50:04.000Z,2026-07-21T18:50:04.000Z
"https://leetcode.com/problems/remove-colored-pieces-if-both-neighbors-are-the-same-color/","Remove Colored Pieces if Both Neighbors are the Same Color","GREEDY","MEDIUM",261164,,"CLEAR",,false,2026-07-21T18:50:04.000Z,2026-07-21T18:50:04.000Z
"https://leetcode.com/problems/remove-digit-from-number-to-maximize-result/","Remove Digit From Number to Maximize Result","GREEDY","EASY",275370,,"CLEAR",,false,2026-07-21T18:50:04.000Z,2026-07-21T18:50:04.000Z
"https://leetcode.com/problems/remove-duplicate-letters/","Remove Duplicate Letters","GREEDY","MEDIUM",898848,,"CLEAR",,false,2026-07-21T18:50:04.000Z,2026-07-21T18:50:04.000Z
"https://leetcode.com/problems/remove-k-digits/","Remove K Digits","GREEDY","MEDIUM",2127514,,"CLEAR",,false,2026-07-21T18:50:04.000Z,2026-07-21T18:50:04.000Z
"https://leetcode.com/problems/remove-stones-to-minimize-the-total/","Remove Stones to Minimize the Total","GREEDY","MEDIUM",240912,,"CLEAR",,false,2026-07-21T18:50:04.000Z,2026-07-21T18:50:04.000Z
"https://leetcode.com/problems/removing-minimum-and-maximum-from-array/","Removing Minimum and Maximum From Array","GREEDY","MEDIUM",276723,,"CLEAR",,false,2026-07-21T18:50:04.000Z,2026-07-21T18:50:04.000Z
"https://leetcode.com/problems/removing-minimum-number-of-magic-beans/","Removing Minimum Number of Magic Beans","GREEDY","MEDIUM",84391,,"CLEAR",,false,2026-07-21T18:50:04.000Z,2026-07-21T18:50:04.000Z
"https://leetcode.com/problems/reorganize-string/","Reorganize String","GREEDY","MEDIUM",1103900,,"CLEAR",,false,2026-07-21T18:50:04.000Z,2026-07-21T18:50:04.000Z
"https://leetcode.com/problems/replace-question-marks-in-string-to-minimize-its-value/","Replace Question Marks in String to Minimize Its Value","GREEDY","MEDIUM",63810,,"CLEAR",,false,2026-07-21T18:50:04.000Z,2026-07-21T18:50:04.000Z
"https://leetcode.com/problems/reschedule-meetings-for-maximum-free-time-i/","Reschedule Meetings for Maximum Free Time I","GREEDY","MEDIUM",205773,,"CLEAR",,false,2026-07-21T18:50:04.000Z,2026-07-21T18:50:04.000Z
"https://leetcode.com/problems/reschedule-meetings-for-maximum-free-time-ii/","Reschedule Meetings for Maximum Free Time II","GREEDY","MEDIUM",141914,,"CLEAR",,false,2026-07-21T18:50:04.000Z,2026-07-21T18:50:04.000Z
"https://leetcode.com/problems/reverse-subarray-to-maximize-array-value/","Reverse Subarray To Maximize Array Value","GREEDY","HARD",21149,,"CLEAR",,false,2026-07-21T18:50:04.000Z,2026-07-21T18:50:04.000Z
"https://leetcode.com/problems/sell-diminishing-valued-colored-balls/","Sell Diminishing-Valued Colored Balls","GREEDY","MEDIUM",158340,,"CLEAR",,false,2026-07-21T18:50:04.000Z,2026-07-21T18:50:04.000Z
"https://leetcode.com/problems/separate-black-and-white-balls/","Separate Black and White Balls","GREEDY","MEDIUM",294164,,"CLEAR",,false,2026-07-21T18:50:04.000Z,2026-07-21T18:50:04.000Z
"https://leetcode.com/problems/set-intersection-size-at-least-two/","Set Intersection Size At Least Two","GREEDY","HARD",171482,,"CLEAR",,false,2026-07-21T18:50:04.000Z,2026-07-21T18:50:04.000Z
"https://leetcode.com/problems/shortest-distance-after-road-addition-queries-ii/","Shortest Distance After Road Addition Queries II","GREEDY","HARD",60171,,"CLEAR",,false,2026-07-21T18:50:04.000Z,2026-07-21T18:50:04.000Z
"https://leetcode.com/problems/shortest-impossible-sequence-of-rolls/","Shortest Impossible Sequence of Rolls","GREEDY","HARD",28413,,"CLEAR",,false,2026-07-21T18:50:04.000Z,2026-07-21T18:50:04.000Z
"https://leetcode.com/problems/shortest-string-that-contains-three-strings/","Shortest String That Contains Three Strings","GREEDY","MEDIUM",63389,,"CLEAR",,false,2026-07-21T18:50:04.000Z,2026-07-21T18:50:04.000Z
"https://leetcode.com/problems/shortest-unsorted-continuous-subarray/","Shortest Unsorted Continuous Subarray","GREEDY","MEDIUM",1067093,,"CLEAR",,false,2026-07-21T18:50:04.000Z,2026-07-21T18:50:04.000Z
"https://leetcode.com/problems/shortest-way-to-form-string/","Shortest Way to Form String","GREEDY","MEDIUM",186055,,"LOCKED",,false,2026-07-21T18:50:04.000Z,2026-07-21T18:50:04.000Z
"https://leetcode.com/problems/smallest-divisible-digit-product-ii/","Smallest Divisible Digit Product II","GREEDY","HARD",154987,,"CLEAR",,false,2026-07-21T18:50:04.000Z,2026-07-21T18:50:04.000Z
"https://leetcode.com/problems/smallest-k-length-subsequence-with-occurrences-of-a-letter/","Smallest K-Length Subsequence With Occurrences of a Letter","GREEDY","HARD",30552,,"CLEAR",,false,2026-07-21T18:50:04.000Z,2026-07-21T18:50:04.000Z
"https://leetcode.com/problems/smallest-missing-non-negative-integer-after-operations/","Smallest Missing Non-negative Integer After Operations","GREEDY","MEDIUM",208105,,"CLEAR",,false,2026-07-21T18:50:04.000Z,2026-07-21T18:50:04.000Z
"https://leetcode.com/problems/smallest-number-with-given-digit-product/","Smallest Number With Given Digit Product","GREEDY","MEDIUM",3707,,"LOCKED",,false,2026-07-21T18:50:04.000Z,2026-07-21T18:50:04.000Z
"https://leetcode.com/problems/smallest-range-covering-elements-from-k-lists/","Smallest Range Covering Elements from K Lists","GREEDY","HARD",362573,,"CLEAR",,false,2026-07-21T18:50:04.000Z,2026-07-21T18:50:04.000Z
"https://leetcode.com/problems/smallest-range-ii/","Smallest Range II","GREEDY","MEDIUM",179471,,"CLEAR",,false,2026-07-21T18:50:04.000Z,2026-07-21T18:50:04.000Z
"https://leetcode.com/problems/smallest-string-with-a-given-numeric-value/","Smallest String With A Given Numeric Value","GREEDY","MEDIUM",159133,,"CLEAR",,false,2026-07-21T18:50:04.000Z,2026-07-21T18:50:04.000Z
"https://leetcode.com/problems/smallest-subarray-to-sort-in-every-sliding-window/","Smallest Subarray to Sort in Every Sliding Window","GREEDY","MEDIUM",1479,,"LOCKED",,false,2026-07-21T18:50:04.000Z,2026-07-21T18:50:04.000Z
"https://leetcode.com/problems/smallest-subsequence-of-distinct-characters/","Smallest Subsequence of Distinct Characters","GREEDY","MEDIUM",276416,,"CLEAR",,false,2026-07-21T18:50:04.000Z,2026-07-21T18:50:04.000Z
"https://leetcode.com/problems/split-a-string-in-balanced-strings/","Split a String in Balanced Strings","GREEDY","EASY",462964,,"CLEAR",,false,2026-07-21T18:50:04.000Z,2026-07-21T18:50:04.000Z
"https://leetcode.com/problems/split-array-into-consecutive-subsequences/","Split Array into Consecutive Subsequences","GREEDY","MEDIUM",292057,,"CLEAR",,false,2026-07-21T18:50:04.000Z,2026-07-21T18:50:04.000Z
"https://leetcode.com/problems/split-concatenated-strings/","Split Concatenated Strings","GREEDY","MEDIUM",17615,,"LOCKED",,false,2026-07-21T18:50:04.000Z,2026-07-21T18:50:04.000Z
"https://leetcode.com/problems/split-with-minimum-sum/","Split With Minimum Sum","GREEDY","EASY",75400,,"CLEAR",,false,2026-07-21T18:50:04.000Z,2026-07-21T18:50:04.000Z
"https://leetcode.com/problems/stamping-the-grid/","Stamping the Grid","GREEDY","HARD",30235,,"CLEAR",,false,2026-07-21T18:50:04.000Z,2026-07-21T18:50:04.000Z
"https://leetcode.com/problems/stamping-the-sequence/","Stamping The Sequence","GREEDY","HARD",105921,,"CLEAR",,false,2026-07-21T18:50:04.000Z,2026-07-21T18:50:04.000Z
"https://leetcode.com/problems/stone-game-ix/","Stone Game IX","GREEDY","MEDIUM",162543,,"CLEAR",,false,2026-07-21T18:50:04.000Z,2026-07-21T18:50:04.000Z
"https://leetcode.com/problems/stone-game-vi/","Stone Game VI","GREEDY","MEDIUM",52027,,"CLEAR",,false,2026-07-21T18:50:04.000Z,2026-07-21T18:50:04.000Z
"https://leetcode.com/problems/string-without-aaa-or-bbb/","String Without AAA or BBB","GREEDY","MEDIUM",140892,,"CLEAR",,false,2026-07-21T18:50:04.000Z,2026-07-21T18:50:04.000Z
"https://leetcode.com/problems/strong-password-checker/","Strong Password Checker","GREEDY","HARD",364959,,"CLEAR",,false,2026-07-21T18:50:04.000Z,2026-07-21T18:50:04.000Z
"https://leetcode.com/problems/subsequence-of-size-k-with-the-largest-even-sum/","Subsequence of Size K With the Largest Even Sum","GREEDY","MEDIUM",14458,,"LOCKED",,false,2026-07-21T18:50:04.000Z,2026-07-21T18:50:04.000Z
"https://leetcode.com/problems/sum-game/","Sum Game","GREEDY","MEDIUM",176298,,"CLEAR",,false,2026-07-21T18:50:04.000Z,2026-07-21T18:50:04.000Z
"https://leetcode.com/problems/super-washing-machines/","Super Washing Machines","GREEDY","HARD",95643,,"CLEAR",,false,2026-07-21T18:50:04.000Z,2026-07-21T18:50:04.000Z
"https://leetcode.com/problems/task-scheduler/","Task Scheduler","GREEDY","MEDIUM",1636899,,"CLEAR",,false,2026-07-21T18:50:04.000Z,2026-07-21T18:50:04.000Z
"https://leetcode.com/problems/the-number-of-weak-characters-in-the-game/","The Number of Weak Characters in the Game","GREEDY","MEDIUM",271105,,"CLEAR",,false,2026-07-21T18:50:04.000Z,2026-07-21T18:50:04.000Z
"https://leetcode.com/problems/the-wording-game/","The Wording Game","GREEDY","HARD",1559,,"LOCKED",,false,2026-07-21T18:50:04.000Z,2026-07-21T18:50:04.000Z
"https://leetcode.com/problems/transform-array-to-all-equal-elements/","Transform Array to All Equal Elements","GREEDY","MEDIUM",95320,,"CLEAR",,false,2026-07-21T18:50:04.000Z,2026-07-21T18:50:04.000Z
"https://leetcode.com/problems/transform-binary-string-using-subsequence-sort/","Transform Binary String Using Subsequence Sort","GREEDY","MEDIUM",38437,,"CLEAR",,false,2026-07-21T18:50:04.000Z,2026-07-21T18:50:04.000Z
"https://leetcode.com/problems/two-city-scheduling/","Two City Scheduling","GREEDY","MEDIUM",431576,,"CLEAR",,false,2026-07-21T18:50:04.000Z,2026-07-21T18:50:04.000Z
"https://leetcode.com/problems/two-furthest-houses-with-different-colors/","Two Furthest Houses With Different Colors","GREEDY","EASY",317465,,"CLEAR",,false,2026-07-21T18:50:04.000Z,2026-07-21T18:50:04.000Z
"https://leetcode.com/problems/using-a-robot-to-print-the-lexicographically-smallest-string/","Using a Robot to Print the Lexicographically Smallest String","GREEDY","MEDIUM",179619,,"CLEAR",,false,2026-07-21T18:50:04.000Z,2026-07-21T18:50:04.000Z
"https://leetcode.com/problems/valid-palindrome-ii/","Valid Palindrome II","GREEDY","EASY",2711512,,"CLEAR",,false,2026-07-21T18:50:04.000Z,2026-07-21T18:50:04.000Z
"https://leetcode.com/problems/valid-triangle-number/","Valid Triangle Number","GREEDY","MEDIUM",668436,,"CLEAR",,false,2026-07-21T18:50:04.000Z,2026-07-21T18:50:04.000Z
"https://leetcode.com/problems/wiggle-sort/","Wiggle Sort","GREEDY","MEDIUM",234278,,"LOCKED",,false,2026-07-21T18:50:04.000Z,2026-07-21T18:50:04.000Z
"https://leetcode.com/problems/wiggle-sort-ii/","Wiggle Sort II","GREEDY","MEDIUM",570608,,"CLEAR",,false,2026-07-21T18:50:04.000Z,2026-07-21T18:50:04.000Z
"https://leetcode.com/problems/word-abbreviation/","Word Abbreviation","GREEDY","HARD",54706,,"LOCKED",,false,2026-07-21T18:50:04.000Z,2026-07-21T18:50:04.000Z
"https://leetcode.com/problems/zero-array-transformation-iii/","Zero Array Transformation III","GREEDY","MEDIUM",143195,,"CLEAR",,false,2026-07-21T18:50:04.000Z,2026-07-21T18:50:04.000Z
"https://leetcode.com/problems/minimum-discards-to-balance-inventory/"," Minimum Discards to Balance Inventory","HASH TABLE","MEDIUM",60117,,"CLEAR",,true,2026-07-21T18:50:04.000Z,2026-08-23T20:28:18.563Z
"https://leetcode.com/problems/4sum-ii/","4Sum II","HASH TABLE","MEDIUM",689789,,"CLEAR",,true,2026-07-21T18:50:04.000Z,2026-08-23T20:28:18.563Z
"https://leetcode.com/problems/alert-using-same-key-card-three-or-more-times-in-a-one-hour-period/","Alert Using Same Key-Card Three or More Times in a One Hour Period","HASH TABLE","MEDIUM",111913,,"CLEAR",,true,2026-07-21T18:50:04.000Z,2026-08-23T20:28:18.563Z
"https://leetcode.com/problems/alphabet-board-path/","Alphabet Board Path","HASH TABLE","MEDIUM",118096,,"CLEAR",,true,2026-07-21T18:50:04.000Z,2026-08-23T20:28:18.563Z
"https://leetcode.com/problems/alt-and-tab-simulation/","Alt and Tab Simulation","HASH TABLE","MEDIUM",2474,,"LOCKED",,true,2026-07-21T18:50:04.000Z,2026-08-23T20:28:18.563Z
"https://leetcode.com/problems/analyze-user-website-visit-pattern/","Analyze User Website Visit Pattern","HASH TABLE","MEDIUM",299926,,"LOCKED",,true,2026-07-21T18:50:04.000Z,2026-08-23T20:28:18.563Z
"https://leetcode.com/problems/apply-discount-every-n-orders/","Apply Discount Every n Orders","HASH TABLE","MEDIUM",47275,,"CLEAR",,true,2026-07-21T18:50:04.000Z,2026-08-23T20:28:18.563Z
"https://leetcode.com/problems/apply-operations-to-make-string-empty/","Apply Operations to Make String Empty","HASH TABLE","MEDIUM",59104,,"CLEAR",,true,2026-07-21T18:50:04.000Z,2026-08-23T20:28:18.563Z
"https://leetcode.com/problems/arithmetic-subarrays/","Arithmetic Subarrays","HASH TABLE","MEDIUM",192370,,"CLEAR",,true,2026-07-21T18:50:04.000Z,2026-08-23T20:28:18.563Z
"https://leetcode.com/problems/assign-elements-to-groups-with-constraints/","Assign Elements to Groups with Constraints","HASH TABLE","MEDIUM",78680,,"CLEAR",,true,2026-07-21T18:50:04.000Z,2026-08-23T20:28:18.563Z
"https://leetcode.com/problems/before-and-after-puzzle/","Before and After Puzzle","HASH TABLE","MEDIUM",25368,,"LOCKED",,true,2026-07-21T18:50:04.000Z,2026-08-23T20:28:18.563Z
"https://leetcode.com/problems/best-poker-hand/","Best Poker Hand","HASH TABLE","EASY",91440,,"CLEAR",,true,2026-07-21T18:50:04.000Z,2026-08-23T20:28:18.563Z
"https://leetcode.com/problems/better-compression-of-string/","Better Compression of String","HASH TABLE","MEDIUM",8207,,"LOCKED",,true,2026-07-21T18:50:04.000Z,2026-08-23T20:28:18.563Z
"https://leetcode.com/problems/binary-subarrays-with-sum/","Binary Subarrays With Sum","HASH TABLE","MEDIUM",852024,,"CLEAR",,true,2026-07-21T18:50:04.000Z,2026-08-23T20:28:18.563Z
"https://leetcode.com/problems/brick-wall/","Brick Wall","HASH TABLE","MEDIUM",315289,,"CLEAR",,true,2026-07-21T18:50:04.000Z,2026-08-23T20:28:18.563Z
"https://leetcode.com/problems/brightest-position-on-street/","Brightest Position on Street","HASH TABLE","MEDIUM",29594,,"LOCKED",,true,2026-07-21T18:50:04.000Z,2026-08-23T20:28:18.563Z
"https://leetcode.com/problems/buddy-strings/","Buddy Strings","HASH TABLE","EASY",886265,,"SUCCESS","class Solution {
public:
    bool buddyStrings(string s, string goal) {
        int n = s.size();

        vector<int> freq(26, 0);
        bool flag = false;

        if (goal.size() != n) {
            return false;
        }
        vector<int> diff;
        int i = 0;
        while (i < n) {
            if (s[i] != goal[i]) {
                diff.push_back(i);
            }
            freq[s[i] - 'a']++;
            if (freq[s[i] - 'a'] > 1) {
                flag = true;
            }
            i++;
        }
        if (diff.size() == 0) {
            return flag;
        }
        if (diff.size() == 2) {
            int j = diff[0], k = diff[1];
            return s[j] == goal[k] && goal[j] == s[k];
        }
        return false;
    }
};",true,2026-07-21T18:50:04.000Z,2026-08-23T20:28:18.563Z
"https://leetcode.com/problems/bulls-and-cows/","Bulls and Cows","HASH TABLE","MEDIUM",879242,,"CLEAR",,true,2026-07-21T18:50:04.000Z,2026-08-23T20:28:18.563Z
"https://leetcode.com/problems/calculate-score-after-performing-instructions/","Calculate Score After Performing Instructions","HASH TABLE","MEDIUM",73668,,"CLEAR",,true,2026-07-21T18:50:04.000Z,2026-08-23T20:28:18.563Z
"https://leetcode.com/problems/can-convert-string-in-k-moves/","Can Convert String in K Moves","HASH TABLE","MEDIUM",72792,,"CLEAR",,true,2026-07-21T18:50:04.000Z,2026-08-23T20:28:18.563Z
"https://leetcode.com/problems/card-flipping-game/","Card Flipping Game","HASH TABLE","MEDIUM",55377,,"CLEAR",,true,2026-07-21T18:50:04.000Z,2026-08-23T20:28:18.563Z
"https://leetcode.com/problems/change-minimum-characters-to-satisfy-one-of-three-conditions/","Change Minimum Characters to Satisfy One of Three Conditions","HASH TABLE","MEDIUM",44941,,"CLEAR",,true,2026-07-21T18:50:04.000Z,2026-08-23T20:28:18.563Z
"https://leetcode.com/problems/check-array-formation-through-concatenation/","Check Array Formation Through Concatenation","HASH TABLE","EASY",164514,,"CLEAR",,true,2026-07-21T18:50:04.000Z,2026-08-23T20:28:18.563Z
"https://leetcode.com/problems/check-distances-between-same-letters/","Check Distances Between Same Letters","HASH TABLE","EASY",93413,,"CLEAR",,true,2026-07-21T18:50:04.000Z,2026-08-23T20:28:18.563Z
"https://leetcode.com/problems/check-if-all-characters-have-equal-number-of-occurrences/","Check if All Characters Have Equal Number of Occurrences","HASH TABLE","EASY",234917,,"CLEAR",,true,2026-07-21T18:50:04.000Z,2026-08-23T20:28:18.563Z
"https://leetcode.com/problems/check-if-all-the-integers-in-a-range-are-covered/","Check if All the Integers in a Range Are Covered","HASH TABLE","EASY",142188,,"CLEAR",,true,2026-07-21T18:50:04.000Z,2026-08-23T20:28:18.563Z
"https://leetcode.com/problems/check-if-an-array-is-consecutive/","Check if an Array Is Consecutive","HASH TABLE","EASY",13134,,"LOCKED",,true,2026-07-21T18:50:04.000Z,2026-08-23T20:28:18.563Z
"https://leetcode.com/problems/check-if-any-element-has-prime-frequency/","Check if Any Element Has Prime Frequency","HASH TABLE","EASY",95813,,"CLEAR",,true,2026-07-21T18:50:04.000Z,2026-08-23T20:28:18.563Z
"https://leetcode.com/problems/check-if-array-is-good/","Check if Array is Good","HASH TABLE","EASY",321909,,"CLEAR",,true,2026-07-21T18:50:04.000Z,2026-08-23T20:28:18.563Z
"https://leetcode.com/problems/check-if-array-pairs-are-divisible-by-k/","Check If Array Pairs Are Divisible by k","HASH TABLE","MEDIUM",462027,,"CLEAR",,true,2026-07-21T18:50:04.000Z,2026-08-23T20:28:18.563Z
"https://leetcode.com/problems/check-if-every-row-and-column-contains-all-numbers/","Check if Every Row and Column Contains All Numbers","HASH TABLE","EASY",225807,,"CLEAR",,true,2026-07-21T18:50:04.000Z,2026-08-23T20:28:18.563Z
"https://leetcode.com/problems/check-if-number-has-equal-digit-count-and-digit-value/","Check if Number Has Equal Digit Count and Digit Value","HASH TABLE","EASY",122911,,"CLEAR",,true,2026-07-21T18:50:04.000Z,2026-08-23T20:28:18.563Z
"https://leetcode.com/problems/check-if-one-string-swap-can-make-strings-equal/","Check if One String Swap Can Make Strings Equal","HASH TABLE","EASY",638457,,"CLEAR",,true,2026-07-21T18:50:04.000Z,2026-08-23T20:28:18.563Z
"https://leetcode.com/problems/check-if-strings-can-be-made-equal-with-operations-ii/","Check if Strings Can be Made Equal With Operations II","HASH TABLE","MEDIUM",195567,,"CLEAR",,true,2026-07-21T18:50:04.000Z,2026-08-23T20:28:18.563Z
"https://leetcode.com/problems/check-if-the-number-is-fascinating/","Check if The Number is Fascinating","HASH TABLE","EASY",124469,,"CLEAR",,true,2026-07-21T18:50:04.000Z,2026-08-23T20:28:18.563Z
"https://leetcode.com/problems/check-if-the-sentence-is-pangram/","Check if the Sentence Is Pangram","HASH TABLE","EASY",698521,,"CLEAR",,true,2026-07-21T18:50:04.000Z,2026-08-23T20:28:18.563Z
"https://leetcode.com/problems/check-whether-two-strings-are-almost-equivalent/","Check Whether Two Strings are Almost Equivalent","HASH TABLE","EASY",133707,,"CLEAR",,true,2026-07-21T18:50:04.000Z,2026-08-23T20:28:18.563Z
"https://leetcode.com/problems/closest-equal-element-queries/","Closest Equal Element Queries","HASH TABLE","MEDIUM",205709,,"CLEAR",,true,2026-07-21T18:50:04.000Z,2026-08-23T20:28:18.563Z
"https://leetcode.com/problems/closest-room/","Closest Room","HASH TABLE","HARD",31315,,"CLEAR",,true,2026-07-21T18:50:04.000Z,2026-08-23T20:28:18.563Z
"https://leetcode.com/problems/compare-strings-by-frequency-of-the-smallest-character/","Compare Strings by Frequency of the Smallest Character","HASH TABLE","MEDIUM",150384,,"CLEAR",,true,2026-07-21T18:50:04.000Z,2026-08-23T20:28:18.563Z
"https://leetcode.com/problems/contains-duplicate/","Contains Duplicate","HASH TABLE","EASY",10730673,,"SUCCESS","class Solution {
public:
    bool containsDuplicate(vector<int>& nums) {  
        unordered_map<int,int> mp;
        for(auto it:nums){
            if(mp.contains(it)){
                return true;
            }
            mp[it]++;
        }
        return false;
    }
};",true,2026-07-21T18:50:04.000Z,2026-08-23T20:28:18.563Z
"https://leetcode.com/problems/contains-duplicate-ii/","Contains Duplicate II","HASH TABLE","EASY",3739478,,"SUCCESS","class Solution {
public:
    bool containsNearbyDuplicate(vector<int>& nums, int k) {
        unordered_map<int, int> mp;
        int n = nums.size();
        for (int i = 0; i < n; i++) {
            if (mp.contains(nums[i]) && i - mp[nums[i]] <= k) {
                return true;
            }
            mp[nums[i]] = i;
        }
        return false;
        ;
    }
};",true,2026-07-21T18:50:04.000Z,2026-08-23T20:28:18.563Z
"https://leetcode.com/problems/contains-duplicate-iii/","Contains Duplicate III","HASH TABLE","HARD",1319846,,"CLEAR",,true,2026-07-21T18:50:04.000Z,2026-08-23T20:28:18.563Z
"https://leetcode.com/problems/contiguous-array/","Contiguous Array","HASH TABLE","MEDIUM",1409800,,"CLEAR",,true,2026-07-21T18:50:04.000Z,2026-08-23T20:28:18.563Z
"https://leetcode.com/problems/continuous-subarray-sum/","Continuous Subarray Sum","HASH TABLE","MEDIUM",2604361,,"CLEAR",,true,2026-07-21T18:50:04.000Z,2026-08-23T20:28:18.563Z
"https://leetcode.com/problems/convert-an-array-into-a-2d-array-with-conditions/","Convert an Array Into a 2D Array With Conditions","HASH TABLE","MEDIUM",268090,,"CLEAR",,true,2026-07-21T18:50:04.000Z,2026-08-23T20:28:18.563Z
"https://leetcode.com/problems/count-almost-equal-pairs-i/","Count Almost Equal Pairs I","HASH TABLE","MEDIUM",78630,,"CLEAR",,true,2026-07-21T18:50:04.000Z,2026-08-23T20:28:18.563Z
"https://leetcode.com/problems/count-almost-equal-pairs-ii/","Count Almost Equal Pairs II","HASH TABLE","HARD",35412,,"CLEAR",,true,2026-07-21T18:50:04.000Z,2026-08-23T20:28:18.563Z
"https://leetcode.com/problems/count-anagrams/","Count Anagrams","HASH TABLE","HARD",58703,,"CLEAR",,true,2026-07-21T18:50:04.000Z,2026-08-23T20:28:18.563Z
"https://leetcode.com/problems/count-array-pairs-divisible-by-k/","Count Array Pairs Divisible by K","HASH TABLE","HARD",80866,,"CLEAR",,true,2026-07-21T18:50:04.000Z,2026-08-23T20:28:18.563Z
"https://leetcode.com/problems/count-artifacts-that-can-be-extracted/","Count Artifacts That Can Be Extracted","HASH TABLE","MEDIUM",42029,,"CLEAR",,true,2026-07-21T18:50:04.000Z,2026-08-23T20:28:18.563Z
"https://leetcode.com/problems/count-beautiful-substrings-i/","Count Beautiful Substrings I","HASH TABLE","MEDIUM",49632,,"CLEAR",,true,2026-07-21T18:50:04.000Z,2026-08-23T20:28:18.563Z
"https://leetcode.com/problems/count-beautiful-substrings-ii/","Count Beautiful Substrings II","HASH TABLE","HARD",31826,,"CLEAR",,true,2026-07-21T18:50:04.000Z,2026-08-23T20:28:18.563Z
"https://leetcode.com/problems/count-caesar-cipher-pairs/","Count Caesar Cipher Pairs","HASH TABLE","MEDIUM",54075,,"CLEAR",,true,2026-07-21T18:50:04.000Z,2026-08-23T20:28:18.563Z
"https://leetcode.com/problems/count-cells-in-overlapping-horizontal-and-vertical-substrings/","Count Cells in Overlapping Horizontal and Vertical Substrings","HASH TABLE","MEDIUM",29183,,"CLEAR",,true,2026-07-21T18:50:04.000Z,2026-08-23T20:28:18.563Z
"https://leetcode.com/problems/count-common-words-with-one-occurrence/","Count Common Words With One Occurrence","HASH TABLE","EASY",160243,,"CLEAR",,true,2026-07-21T18:50:04.000Z,2026-08-23T20:28:18.563Z
"https://leetcode.com/problems/count-complete-subarrays-in-an-array/","Count Complete Subarrays in an Array","HASH TABLE","MEDIUM",233964,,"CLEAR",,true,2026-07-21T18:50:04.000Z,2026-08-23T20:28:18.563Z
"https://leetcode.com/problems/count-complete-substrings/","Count Complete Substrings","HASH TABLE","HARD",39948,,"CLEAR",,true,2026-07-21T18:50:04.000Z,2026-08-23T20:28:18.563Z
"https://leetcode.com/problems/count-connected-components-in-lcm-graph/","Count Connected Components in LCM Graph","HASH TABLE","HARD",19639,,"CLEAR",,true,2026-07-21T18:50:04.000Z,2026-08-23T20:28:18.563Z
"https://leetcode.com/problems/count-covered-buildings/","Count Covered Buildings","HASH TABLE","MEDIUM",181015,,"CLEAR",,true,2026-07-21T18:50:04.000Z,2026-08-23T20:28:18.563Z
"https://leetcode.com/problems/count-distinct-numbers-on-board/","Count Distinct Numbers on Board","HASH TABLE","EASY",111873,,"CLEAR",,true,2026-07-21T18:50:04.000Z,2026-08-23T20:28:18.563Z
"https://leetcode.com/problems/count-distinct-subarrays-divisible-by-k-in-sorted-array/","Count Distinct Subarrays Divisible by K in Sorted Array","HASH TABLE","HARD",22578,,"CLEAR",,true,2026-07-21T18:50:04.000Z,2026-08-23T20:28:18.563Z
"https://leetcode.com/problems/count-elements-with-maximum-frequency/","Count Elements With Maximum Frequency","HASH TABLE","EASY",551890,,"CLEAR",,true,2026-07-21T18:50:04.000Z,2026-08-23T20:28:18.563Z
"https://leetcode.com/problems/count-good-meals/","Count Good Meals","HASH TABLE","MEDIUM",171786,,"CLEAR",,true,2026-07-21T18:50:04.000Z,2026-08-23T20:28:18.563Z
"https://leetcode.com/problems/count-largest-group/","Count Largest Group","HASH TABLE","EASY",255975,,"CLEAR",,true,2026-07-21T18:50:04.000Z,2026-08-23T20:28:18.563Z
"https://leetcode.com/problems/count-lattice-points-inside-a-circle/","Count Lattice Points Inside a Circle","HASH TABLE","MEDIUM",59401,,"CLEAR",,true,2026-07-21T18:50:04.000Z,2026-08-23T20:28:18.563Z
"https://leetcode.com/problems/count-nice-pairs-in-an-array/","Count Nice Pairs in an Array","HASH TABLE","MEDIUM",289121,,"CLEAR",,true,2026-07-21T18:50:04.000Z,2026-08-23T20:28:18.563Z
"https://leetcode.com/problems/count-number-of-bad-pairs/","Count Number of Bad Pairs","HASH TABLE","MEDIUM",351952,,"CLEAR",,true,2026-07-21T18:50:04.000Z,2026-08-23T20:28:18.563Z
"https://leetcode.com/problems/count-number-of-distinct-integers-after-reverse-operations/","Count Number of Distinct Integers After Reverse Operations","HASH TABLE","MEDIUM",133529,,"CLEAR",,true,2026-07-21T18:50:04.000Z,2026-08-23T20:28:18.563Z
"https://leetcode.com/problems/count-number-of-nice-subarrays/","Count Number of Nice Subarrays","HASH TABLE","MEDIUM",734855,,"CLEAR",,true,2026-07-21T18:50:04.000Z,2026-08-23T20:28:18.563Z
"https://leetcode.com/problems/count-number-of-pairs-with-absolute-difference-k/","Count Number of Pairs With Absolute Difference K","HASH TABLE","EASY",292664,,"CLEAR",,true,2026-07-21T18:50:04.000Z,2026-08-23T20:28:18.563Z
"https://leetcode.com/problems/count-number-of-trapezoids-i/","Count Number of Trapezoids I","HASH TABLE","MEDIUM",249061,,"CLEAR",,true,2026-07-21T18:50:04.000Z,2026-08-23T20:28:18.563Z
"https://leetcode.com/problems/count-number-of-trapezoids-ii/","Count Number of Trapezoids II","HASH TABLE","HARD",147102,,"CLEAR",,true,2026-07-21T18:50:04.000Z,2026-08-23T20:28:18.563Z
"https://leetcode.com/problems/count-odd-letters-from-number/","Count Odd Letters from Number","HASH TABLE","EASY",1909,,"LOCKED",,true,2026-07-21T18:50:04.000Z,2026-08-23T20:28:18.563Z
"https://leetcode.com/problems/count-of-interesting-subarrays/","Count of Interesting Subarrays","HASH TABLE","MEDIUM",162168,,"CLEAR",,true,2026-07-21T18:50:04.000Z,2026-08-23T20:28:18.563Z
"https://leetcode.com/problems/count-of-substrings-containing-every-vowel-and-k-consonants-i/","Count of Substrings Containing Every Vowel and K Consonants I","HASH TABLE","MEDIUM",81998,,"CLEAR",,true,2026-07-21T18:50:04.000Z,2026-08-23T20:28:18.563Z
"https://leetcode.com/problems/count-of-substrings-containing-every-vowel-and-k-consonants-ii/","Count of Substrings Containing Every Vowel and K Consonants II","HASH TABLE","MEDIUM",287134,,"CLEAR",,true,2026-07-21T18:50:04.000Z,2026-08-23T20:28:18.563Z
"https://leetcode.com/problems/count-pairs-that-form-a-complete-day-i/","Count Pairs That Form a Complete Day I","HASH TABLE","EASY",102398,,"CLEAR",,true,2026-07-21T18:50:04.000Z,2026-08-23T20:28:18.563Z
"https://leetcode.com/problems/count-pairs-that-form-a-complete-day-ii/","Count Pairs That Form a Complete Day II","HASH TABLE","MEDIUM",114763,,"CLEAR",,true,2026-07-21T18:50:04.000Z,2026-08-23T20:28:18.563Z
"https://leetcode.com/problems/count-residue-prefixes/","Count Residue Prefixes","HASH TABLE","EASY",74201,,"CLEAR",,true,2026-07-21T18:50:04.000Z,2026-08-23T20:28:18.563Z
"https://leetcode.com/problems/count-special-quadruplets/","Count Special Quadruplets","HASH TABLE","EASY",102313,,"CLEAR",,true,2026-07-21T18:50:04.000Z,2026-08-23T20:28:18.563Z
"https://leetcode.com/problems/count-special-subsequences/","Count Special Subsequences","HASH TABLE","MEDIUM",39806,,"CLEAR",,true,2026-07-21T18:50:04.000Z,2026-08-23T20:28:18.563Z
"https://leetcode.com/problems/count-special-triplets/","Count Special Triplets","HASH TABLE","MEDIUM",255728,,"CLEAR",,true,2026-07-21T18:50:04.000Z,2026-08-23T20:28:18.563Z
"https://leetcode.com/problems/count-subarrays-with-k-distinct-integers/","Count Subarrays With K Distinct Integers","HASH TABLE","HARD",37748,,"CLEAR",,true,2026-07-21T18:50:04.000Z,2026-08-23T20:28:18.563Z
"https://leetcode.com/problems/count-subarrays-with-median-k/","Count Subarrays With Median K","HASH TABLE","HARD",45276,,"CLEAR",,true,2026-07-21T18:50:04.000Z,2026-08-23T20:28:18.563Z
"https://leetcode.com/problems/count-substrings-that-can-be-rearranged-to-contain-a-string-i/","Count Substrings That Can Be Rearranged to Contain a String I","HASH TABLE","MEDIUM",48905,,"CLEAR",,true,2026-07-21T18:50:04.000Z,2026-08-23T20:28:18.563Z
"https://leetcode.com/problems/count-substrings-that-can-be-rearranged-to-contain-a-string-ii/","Count Substrings That Can Be Rearranged to Contain a String II","HASH TABLE","HARD",32991,,"CLEAR",,true,2026-07-21T18:50:04.000Z,2026-08-23T20:28:18.563Z
"https://leetcode.com/problems/count-substrings-with-k-frequency-characters-i/","Count Substrings With K-Frequency Characters I","HASH TABLE","MEDIUM",71049,,"CLEAR",,true,2026-07-21T18:50:04.000Z,2026-08-23T20:28:18.563Z
"https://leetcode.com/problems/count-substrings-with-k-frequency-characters-ii/","Count Substrings With K-Frequency Characters II","HASH TABLE","HARD",1730,,"LOCKED",,true,2026-07-21T18:50:04.000Z,2026-08-23T20:28:18.563Z
"https://leetcode.com/problems/count-substrings-without-repeating-character/","Count Substrings Without Repeating Character","HASH TABLE","MEDIUM",12726,,"LOCKED",,true,2026-07-21T18:50:04.000Z,2026-08-23T20:28:18.563Z
"https://leetcode.com/problems/count-the-number-of-good-partitions/","Count the Number of Good Partitions","HASH TABLE","HARD",35141,,"CLEAR",,true,2026-07-21T18:50:04.000Z,2026-08-23T20:28:18.563Z
"https://leetcode.com/problems/count-the-number-of-good-subarrays/","Count the Number of Good Subarrays","HASH TABLE","MEDIUM",205862,,"CLEAR",,true,2026-07-21T18:50:04.000Z,2026-08-23T20:28:18.563Z
"https://leetcode.com/problems/count-the-number-of-good-subsequences/","Count the Number of Good Subsequences","HASH TABLE","MEDIUM",8941,,"LOCKED",,true,2026-07-21T18:50:04.000Z,2026-08-23T20:28:18.563Z
"https://leetcode.com/problems/count-the-number-of-special-characters-i/","Count the Number of Special Characters I","HASH TABLE","EASY",262657,,"CLEAR",,true,2026-07-21T18:50:04.000Z,2026-08-23T20:28:18.563Z
"https://leetcode.com/problems/count-the-number-of-special-characters-ii/","Count the Number of Special Characters II","HASH TABLE","MEDIUM",284652,,"CLEAR",,true,2026-07-21T18:50:04.000Z,2026-08-23T20:28:18.563Z
"https://leetcode.com/problems/count-valid-word-occurrences/","Count Valid Word Occurrences","HASH TABLE","MEDIUM",49191,,"CLEAR",,true,2026-07-21T18:50:04.000Z,2026-08-23T20:28:18.563Z
"https://leetcode.com/problems/count-vowel-substrings-of-a-string/","Count Vowel Substrings of a String","HASH TABLE","EASY",113987,,"CLEAR",,true,2026-07-21T18:50:04.000Z,2026-08-23T20:28:18.563Z
"https://leetcode.com/problems/count-zero-request-servers/","Count Zero Request Servers","HASH TABLE","MEDIUM",37654,,"CLEAR",,true,2026-07-21T18:50:04.000Z,2026-08-23T20:28:18.563Z
"https://leetcode.com/problems/counting-elements/","Counting Elements","HASH TABLE","EASY",283190,,"LOCKED",,true,2026-07-21T18:50:04.000Z,2026-08-23T20:28:18.563Z
"https://leetcode.com/problems/coupon-code-validator/","Coupon Code Validator","HASH TABLE","EASY",199425,,"CLEAR",,true,2026-07-21T18:50:04.000Z,2026-08-23T20:28:18.563Z
"https://leetcode.com/problems/custom-sort-string/","Custom Sort String","HASH TABLE","MEDIUM",816298,,"CLEAR",,true,2026-07-21T18:50:04.000Z,2026-08-23T20:28:18.563Z
"https://leetcode.com/problems/data-stream-as-disjoint-intervals/","Data Stream as Disjoint Intervals","HASH TABLE","HARD",235594,,"CLEAR",,true,2026-07-21T18:50:04.000Z,2026-08-23T20:28:18.563Z
"https://leetcode.com/problems/decode-the-message/","Decode the Message","HASH TABLE","EASY",187536,,"CLEAR",,true,2026-07-21T18:50:04.000Z,2026-08-23T20:28:18.563Z
"https://leetcode.com/problems/degree-of-an-array/","Degree of an Array","HASH TABLE","EASY",497151,,"CLEAR",,true,2026-07-21T18:50:04.000Z,2026-08-23T20:28:18.563Z
"https://leetcode.com/problems/delayed-count-of-equal-elements/","Delayed Count of Equal Elements","HASH TABLE","MEDIUM",746,,"LOCKED",,true,2026-07-21T18:50:04.000Z,2026-08-23T20:28:18.563Z
"https://leetcode.com/problems/describe-the-painting/","Describe the Painting","HASH TABLE","MEDIUM",43112,,"CLEAR",,true,2026-07-21T18:50:04.000Z,2026-08-23T20:28:18.563Z
"https://leetcode.com/problems/design-a-leaderboard/","Design A Leaderboard","HASH TABLE","MEDIUM",150778,,"LOCKED",,true,2026-07-21T18:50:04.000Z,2026-08-23T20:28:18.563Z
"https://leetcode.com/problems/design-a-todo-list/","Design a Todo List","HASH TABLE","MEDIUM",7868,,"LOCKED",,true,2026-07-21T18:50:04.000Z,2026-08-23T20:28:18.563Z
"https://leetcode.com/problems/design-an-ordered-stream/","Design an Ordered Stream","HASH TABLE","EASY",138019,,"CLEAR",,true,2026-07-21T18:50:04.000Z,2026-08-23T20:28:18.563Z
"https://leetcode.com/problems/design-bitset/","Design Bitset","HASH TABLE","MEDIUM",89522,,"CLEAR",,true,2026-07-21T18:50:04.000Z,2026-08-23T20:28:18.563Z
"https://leetcode.com/problems/design-log-storage-system/","Design Log Storage System","HASH TABLE","MEDIUM",76885,,"LOCKED",,true,2026-07-21T18:50:04.000Z,2026-08-23T20:28:18.563Z
"https://leetcode.com/problems/design-memory-allocator/","Design Memory Allocator","HASH TABLE","MEDIUM",108103,,"CLEAR",,true,2026-07-21T18:50:04.000Z,2026-08-23T20:28:18.563Z
"https://leetcode.com/problems/design-neighbor-sum-service/","Design Neighbor Sum Service","HASH TABLE","EASY",64777,,"CLEAR",,true,2026-07-21T18:50:04.000Z,2026-08-23T20:28:18.563Z
"https://leetcode.com/problems/design-order-management-system/","Design Order Management System","HASH TABLE","MEDIUM",2559,,"LOCKED",,true,2026-07-21T18:50:04.000Z,2026-08-23T20:28:18.563Z
"https://leetcode.com/problems/design-spreadsheet/","Design Spreadsheet","HASH TABLE","MEDIUM",169950,,"CLEAR",,true,2026-07-21T18:50:04.000Z,2026-08-23T20:28:18.563Z
"https://leetcode.com/problems/design-sql/","Design SQL","HASH TABLE","MEDIUM",35737,,"CLEAR",,true,2026-07-21T18:50:04.000Z,2026-08-23T20:28:18.563Z
"https://leetcode.com/problems/design-tic-tac-toe/","Design Tic-Tac-Toe","HASH TABLE","MEDIUM",546346,,"LOCKED",,true,2026-07-21T18:50:04.000Z,2026-08-23T20:28:18.563Z
"https://leetcode.com/problems/design-underground-system/","Design Underground System","HASH TABLE","MEDIUM",377465,,"SUCCESS","class UndergroundSystem {
    // unordered_map<pair<string, string>, pair<double, int>> mean; 
    // RCA: unordered_map requires a hash function for its key;
    // std::hash<pair<string,string>> isn't provided by default, 
    // so a custom hash is required for a pair key.
    unordered_map<string, pair<double, int>> mean;
    unordered_map<int, pair<string, int>> transit;

public:
    void checkIn(int id, string stationName, int t) {
        transit[id] = {stationName, t};
    }

    void checkOut(int id, string stationName, int t) {
        string old_station = transit[id].first;
        if (!mean.contains(old_station + ""-"" + stationName)) {
            mean[old_station + ""-"" + stationName] = {0, 0};
        }

        double average = mean[old_station + ""-"" + stationName].first;
        int count = mean[old_station + ""-"" + stationName].second;

        int old_time = transit[id].second;

        average = (average * count + t - old_time) / (count + 1);
        count++;

        mean[old_station + ""-"" + stationName] = {average, count};
    }

    double getAverageTime(string startStation, string endStation) {
        return mean[startStation + ""-"" + endStation].first;
    }
};

/**
 * Your UndergroundSystem object will be instantiated and called as such:
 * UndergroundSystem* obj = new UndergroundSystem();
 * obj->checkIn(id,stationName,t);
 * obj->checkOut(id,stationName,t);
 * double param_3 = obj->getAverageTime(startStation,endStation);
 */",true,2026-07-21T18:50:04.000Z,2026-08-29T13:57:18.903Z
"https://leetcode.com/problems/destination-city/","Destination City","HASH TABLE","EASY",422716,,"CLEAR",,true,2026-07-21T18:50:04.000Z,2026-08-23T20:28:18.563Z
"https://leetcode.com/problems/destroy-sequential-targets/","Destroy Sequential Targets","HASH TABLE","MEDIUM",58387,,"CLEAR",,true,2026-07-21T18:50:04.000Z,2026-08-23T20:28:18.563Z
"https://leetcode.com/problems/detect-squares/","Detect Squares","HASH TABLE","MEDIUM",218571,,"CLEAR",,true,2026-07-21T18:50:04.000Z,2026-08-23T20:28:18.563Z
"https://leetcode.com/problems/determine-if-two-strings-are-close/","Determine if Two Strings Are Close","HASH TABLE","MEDIUM",1101897,,"CLEAR",,true,2026-07-21T18:50:04.000Z,2026-08-23T20:28:18.563Z
"https://leetcode.com/problems/difference-of-number-of-distinct-values-on-diagonals/","Difference of Number of Distinct Values on Diagonals","HASH TABLE","MEDIUM",35012,,"CLEAR",,true,2026-07-21T18:50:04.000Z,2026-08-23T20:28:18.563Z
"https://leetcode.com/problems/digit-frequency-score/","Digit Frequency Score","HASH TABLE","EASY",81246,,"CLEAR",,true,2026-07-21T18:50:04.000Z,2026-08-23T20:28:18.563Z
"https://leetcode.com/problems/display-table-of-food-orders-in-a-restaurant/","Display Table of Food Orders in a Restaurant","HASH TABLE","MEDIUM",51069,,"CLEAR",,true,2026-07-21T18:50:04.000Z,2026-08-23T20:28:18.563Z
"https://leetcode.com/problems/distinct-numbers-in-each-subarray/","Distinct Numbers in Each Subarray","HASH TABLE","MEDIUM",22308,,"LOCKED",,true,2026-07-21T18:50:04.000Z,2026-08-23T20:28:18.563Z
"https://leetcode.com/problems/distinct-points-reachable-after-substring-removal/","Distinct Points Reachable After Substring Removal","HASH TABLE","MEDIUM",32829,,"CLEAR",,true,2026-07-21T18:50:04.000Z,2026-08-23T20:28:18.563Z
"https://leetcode.com/problems/distinct-prime-factors-of-product-of-array/","Distinct Prime Factors of Product of Array","HASH TABLE","MEDIUM",95576,,"CLEAR",,true,2026-07-21T18:50:04.000Z,2026-08-23T20:28:18.563Z
"https://leetcode.com/problems/distribute-candies/","Distribute Candies","HASH TABLE","EASY",596170,,"CLEAR",,true,2026-07-21T18:50:04.000Z,2026-08-23T20:28:18.563Z
"https://leetcode.com/problems/encode-and-decode-tinyurl/","Encode and Decode TinyURL","HASH TABLE","MEDIUM",368643,,"CLEAR",,true,2026-07-21T18:50:04.000Z,2026-08-23T20:28:18.563Z
"https://leetcode.com/problems/equal-row-and-column-pairs/","Equal Row and Column Pairs","HASH TABLE","MEDIUM",606732,,"CLEAR",,true,2026-07-21T18:50:04.000Z,2026-08-23T20:28:18.563Z
"https://leetcode.com/problems/equal-sum-grid-partition-ii/","Equal Sum Grid Partition II","HASH TABLE","HARD",177744,,"CLEAR",,true,2026-07-21T18:50:04.000Z,2026-08-23T20:28:18.563Z
"https://leetcode.com/problems/evaluate-the-bracket-pairs-of-a-string/","Evaluate the Bracket Pairs of a String","HASH TABLE","MEDIUM",63290,,"CLEAR",,true,2026-07-21T18:50:04.000Z,2026-08-23T20:28:18.563Z
"https://leetcode.com/problems/existence-of-a-substring-in-a-string-and-its-reverse/","Existence of a Substring in a String and Its Reverse","HASH TABLE","EASY",89012,,"CLEAR",,true,2026-07-21T18:50:04.000Z,2026-08-23T20:28:18.563Z
"https://leetcode.com/problems/fair-candy-swap/","Fair Candy Swap","HASH TABLE","EASY",278881,,"CLEAR",,true,2026-07-21T18:50:04.000Z,2026-08-23T20:28:18.563Z
"https://leetcode.com/problems/filter-characters-by-frequency/","Filter Characters by Frequency","HASH TABLE","EASY",1981,,"LOCKED",,true,2026-07-21T18:50:04.000Z,2026-08-23T20:28:18.563Z
"https://leetcode.com/problems/find-all-anagrams-in-a-string/","Find All Anagrams in a String","HASH TABLE","MEDIUM",2375981,,"CLEAR",,true,2026-07-21T18:50:04.000Z,2026-08-23T20:28:18.563Z
"https://leetcode.com/problems/find-all-duplicates-in-an-array/","Find All Duplicates in an Array","HASH TABLE","MEDIUM",1419785,,"CLEAR",,true,2026-07-21T18:50:04.000Z,2026-08-23T20:28:18.563Z
"https://leetcode.com/problems/find-all-lonely-numbers-in-the-array/","Find All Lonely Numbers in the Array","HASH TABLE","MEDIUM",123949,,"CLEAR",,true,2026-07-21T18:50:04.000Z,2026-08-23T20:28:18.563Z
"https://leetcode.com/problems/find-all-numbers-disappeared-in-an-array/","Find All Numbers Disappeared in an Array","HASH TABLE","EASY",2330785,,"SUCCESS","class Solution {
public:
    vector<int> findDisappearedNumbers(vector<int>& nums) {
        int n = nums.size();
        for(int i = 0; i < n; i++){
            nums[abs(nums[i])-1] = -1*abs(nums[abs(nums[i])-1]);
        }
        vector<int> ans;
        for(int i = 0; i < n; i++){
            if(nums[i] > 0){
                ans.push_back(i + 1);
            }
        }
        return ans;
    }
};",true,2026-07-21T18:50:04.000Z,2026-08-23T20:28:18.563Z
"https://leetcode.com/problems/find-anagram-mappings/","Find Anagram Mappings","HASH TABLE","EASY",135592,,"LOCKED",,true,2026-07-21T18:50:04.000Z,2026-08-23T20:28:18.563Z
"https://leetcode.com/problems/find-and-replace-in-string/","Find And Replace in String","HASH TABLE","MEDIUM",341457,,"CLEAR",,true,2026-07-21T18:50:04.000Z,2026-08-23T20:28:18.563Z
"https://leetcode.com/problems/find-and-replace-pattern/","Find and Replace Pattern","HASH TABLE","MEDIUM",286187,,"CLEAR",,true,2026-07-21T18:50:04.000Z,2026-08-23T20:28:18.563Z
"https://leetcode.com/problems/find-array-given-subset-sums/","Find Array Given Subset Sums","HASH TABLE","HARD",17358,,"CLEAR",,true,2026-07-21T18:50:04.000Z,2026-08-23T20:28:18.563Z
"https://leetcode.com/problems/find-common-characters/","Find Common Characters","HASH TABLE","EASY",596942,,"CLEAR",,true,2026-07-21T18:50:04.000Z,2026-08-23T20:28:18.563Z
"https://leetcode.com/problems/find-common-elements-between-two-arrays/","Find Common Elements Between Two Arrays","HASH TABLE","EASY",137679,,"CLEAR",,true,2026-07-21T18:50:04.000Z,2026-08-23T20:28:18.563Z
"https://leetcode.com/problems/find-duplicate-file-in-system/","Find Duplicate File in System","HASH TABLE","MEDIUM",269605,,"CLEAR",,true,2026-07-21T18:50:04.000Z,2026-08-23T20:28:18.563Z
"https://leetcode.com/problems/find-k-length-substrings-with-no-repeated-characters/","Find K-Length Substrings With No Repeated Characters","HASH TABLE","MEDIUM",75453,,"LOCKED",,true,2026-07-21T18:50:04.000Z,2026-08-23T20:28:18.563Z
"https://leetcode.com/problems/find-latest-group-of-size-m/","Find Latest Group of Size M","HASH TABLE","MEDIUM",52807,,"CLEAR",,true,2026-07-21T18:50:04.000Z,2026-08-23T20:28:18.563Z
"https://leetcode.com/problems/find-longest-self-contained-substring/","Find Longest Self-Contained Substring","HASH TABLE","HARD",5287,,"LOCKED",,true,2026-07-21T18:50:04.000Z,2026-08-23T20:28:18.563Z
"https://leetcode.com/problems/find-longest-special-substring-that-occurs-thrice-i/","Find Longest Special Substring That Occurs Thrice I","HASH TABLE","MEDIUM",217710,,"CLEAR",,true,2026-07-21T18:50:04.000Z,2026-08-23T20:28:18.563Z
"https://leetcode.com/problems/find-longest-special-substring-that-occurs-thrice-ii/","Find Longest Special Substring That Occurs Thrice II","HASH TABLE","MEDIUM",85242,,"CLEAR",,true,2026-07-21T18:50:04.000Z,2026-08-23T20:28:18.563Z
"https://leetcode.com/problems/find-lucky-integer-in-an-array/","Find Lucky Integer in an Array","HASH TABLE","EASY",473600,,"CLEAR",,true,2026-07-21T18:50:04.000Z,2026-08-23T20:28:18.563Z
"https://leetcode.com/problems/find-maximum-number-of-string-pairs/","Find Maximum Number of String Pairs","HASH TABLE","EASY",151151,,"CLEAR",,true,2026-07-21T18:50:04.000Z,2026-08-23T20:28:18.563Z
"https://leetcode.com/problems/find-missing-and-repeated-values/","Find Missing and Repeated Values","HASH TABLE","EASY",454103,,"CLEAR",,true,2026-07-21T18:50:04.000Z,2026-08-23T20:28:18.563Z
"https://leetcode.com/problems/find-missing-elements/","Find Missing Elements","HASH TABLE","EASY",309589,,"CLEAR",,true,2026-07-21T18:50:04.000Z,2026-08-23T20:28:18.563Z
"https://leetcode.com/problems/find-most-frequent-vowel-and-consonant/","Find Most Frequent Vowel and Consonant","HASH TABLE","EASY",251689,,"CLEAR",,true,2026-07-21T18:50:04.000Z,2026-08-23T20:28:18.563Z
"https://leetcode.com/problems/find-occurrences-of-an-element-in-an-array/","Find Occurrences of an Element in an Array","HASH TABLE","MEDIUM",87934,,"CLEAR",,true,2026-07-21T18:50:04.000Z,2026-08-23T20:28:18.563Z
"https://leetcode.com/problems/find-pattern-in-infinite-stream-i/","Find Pattern in Infinite Stream I","HASH TABLE","MEDIUM",3684,,"LOCKED",,true,2026-07-21T18:50:04.000Z,2026-08-23T20:28:18.563Z
"https://leetcode.com/problems/find-pattern-in-infinite-stream-ii/","Find Pattern in Infinite Stream II","HASH TABLE","HARD",2189,,"LOCKED",,true,2026-07-21T18:50:04.000Z,2026-08-23T20:28:18.563Z
"https://leetcode.com/problems/find-players-with-zero-or-one-losses/","Find Players With Zero or One Losses","HASH TABLE","MEDIUM",451106,,"CLEAR",,true,2026-07-21T18:50:04.000Z,2026-08-23T20:28:18.563Z
"https://leetcode.com/problems/find-resultant-array-after-removing-anagrams/","Find Resultant Array After Removing Anagrams","HASH TABLE","EASY",307475,,"CLEAR",,true,2026-07-21T18:50:04.000Z,2026-08-23T20:28:18.563Z
"https://leetcode.com/problems/find-smallest-common-element-in-all-rows/","Find Smallest Common Element in All Rows","HASH TABLE","MEDIUM",73659,,"LOCKED",,true,2026-07-21T18:50:04.000Z,2026-08-23T20:28:18.563Z
"https://leetcode.com/problems/find-subarrays-with-equal-sum/","Find Subarrays With Equal Sum","HASH TABLE","EASY",117114,,"CLEAR",,true,2026-07-21T18:50:04.000Z,2026-08-23T20:28:18.563Z
"https://leetcode.com/problems/find-substring-with-given-hash-value/","Find Substring With Given Hash Value","HASH TABLE","HARD",66494,,"CLEAR",,true,2026-07-21T18:50:04.000Z,2026-08-23T20:28:18.563Z
"https://leetcode.com/problems/find-the-count-of-good-integers/","Find the Count of Good Integers","HASH TABLE","HARD",106150,,"CLEAR",,true,2026-07-21T18:50:04.000Z,2026-08-23T20:28:18.563Z
"https://leetcode.com/problems/find-the-difference-of-two-arrays/","Find the Difference of Two Arrays","HASH TABLE","EASY",844388,,"CLEAR",,true,2026-07-21T18:50:04.000Z,2026-08-23T20:28:18.563Z
"https://leetcode.com/problems/find-the-distinct-difference-array/","Find the Distinct Difference Array","HASH TABLE","EASY",72343,,"CLEAR",,true,2026-07-21T18:50:04.000Z,2026-08-23T20:28:18.563Z
"https://leetcode.com/problems/find-the-largest-almost-missing-integer/","Find the Largest Almost Missing Integer","HASH TABLE","EASY",335054,,"CLEAR",,true,2026-07-21T18:50:04.000Z,2026-08-23T20:28:18.563Z
"https://leetcode.com/problems/find-the-least-frequent-digit/","Find The Least Frequent Digit","HASH TABLE","EASY",70373,,"CLEAR",,true,2026-07-21T18:50:04.000Z,2026-08-23T20:28:18.563Z
"https://leetcode.com/problems/find-the-longest-equal-subarray/","Find the Longest Equal Subarray","HASH TABLE","MEDIUM",84711,,"CLEAR",,true,2026-07-21T18:50:04.000Z,2026-08-23T20:28:18.563Z
"https://leetcode.com/problems/find-the-losers-of-the-circular-game/","Find the Losers of the Circular Game","HASH TABLE","EASY",70872,,"CLEAR",,true,2026-07-21T18:50:04.000Z,2026-08-23T20:28:18.563Z
"https://leetcode.com/problems/find-the-maximum-number-of-elements-in-subset/","Find the Maximum Number of Elements in Subset","HASH TABLE","MEDIUM",274857,,"CLEAR",,true,2026-07-21T18:50:04.000Z,2026-08-23T20:28:18.563Z
"https://leetcode.com/problems/find-the-median-of-the-uniqueness-array/","Find the Median of the Uniqueness Array","HASH TABLE","HARD",31875,,"CLEAR",,true,2026-07-21T18:50:04.000Z,2026-08-23T20:28:18.563Z
"https://leetcode.com/problems/find-the-most-common-response/","Find the Most Common Response","HASH TABLE","MEDIUM",54720,,"CLEAR",,true,2026-07-21T18:50:04.000Z,2026-08-23T20:28:18.563Z
"https://leetcode.com/problems/find-the-number-of-distinct-colors-among-the-balls/","Find the Number of Distinct Colors Among the Balls","HASH TABLE","MEDIUM",319317,,"CLEAR",,true,2026-07-21T18:50:04.000Z,2026-08-23T20:28:18.563Z
"https://leetcode.com/problems/find-the-number-of-good-pairs-i/","Find the Number of Good Pairs I","HASH TABLE","EASY",119718,,"CLEAR",,true,2026-07-21T18:50:04.000Z,2026-08-23T20:28:18.563Z
"https://leetcode.com/problems/find-the-number-of-good-pairs-ii/","Find the Number of Good Pairs II","HASH TABLE","MEDIUM",114105,,"CLEAR",,true,2026-07-21T18:50:04.000Z,2026-08-23T20:28:18.563Z
"https://leetcode.com/problems/find-the-number-of-winning-players/","Find the Number of Winning Players","HASH TABLE","EASY",83336,,"CLEAR",,true,2026-07-21T18:50:04.000Z,2026-08-23T20:28:18.563Z
"https://leetcode.com/problems/find-valid-pair-of-adjacent-digits-in-string/","Find Valid Pair of Adjacent Digits in String","HASH TABLE","EASY",82899,,"CLEAR",,true,2026-07-21T18:50:04.000Z,2026-08-23T20:28:18.563Z
"https://leetcode.com/problems/find-winner-on-a-tic-tac-toe-game/","Find Winner on a Tic Tac Toe Game","HASH TABLE","EASY",320361,,"CLEAR",,true,2026-07-21T18:50:04.000Z,2026-08-23T20:28:18.563Z
"https://leetcode.com/problems/find-words-that-can-be-formed-by-characters/","Find Words That Can Be Formed by Characters","HASH TABLE","EASY",479762,,"CLEAR",,true,2026-07-21T18:50:04.000Z,2026-08-23T20:28:18.563Z
"https://leetcode.com/problems/finding-pairs-with-a-certain-sum/","Finding Pairs With a Certain Sum","HASH TABLE","MEDIUM",239936,,"CLEAR",,true,2026-07-21T18:50:04.000Z,2026-08-23T20:28:18.563Z
"https://leetcode.com/problems/finding-the-users-active-minutes/","Finding the Users Active Minutes","HASH TABLE","MEDIUM",90086,,"CLEAR",,true,2026-07-21T18:50:04.000Z,2026-08-23T20:28:18.563Z
"https://leetcode.com/problems/first-completely-painted-row-or-column/","First Completely Painted Row or Column","HASH TABLE","MEDIUM",253495,,"CLEAR",,true,2026-07-21T18:50:04.000Z,2026-08-23T20:28:18.563Z
"https://leetcode.com/problems/first-element-with-unique-frequency/","First Element with Unique Frequency","HASH TABLE","MEDIUM",75657,,"CLEAR",,true,2026-07-21T18:50:04.000Z,2026-08-23T20:28:18.563Z
"https://leetcode.com/problems/first-missing-positive/","First Missing Positive","HASH TABLE","HARD",4305775,,"CLEAR",,true,2026-07-21T18:50:04.000Z,2026-08-23T20:28:18.563Z
"https://leetcode.com/problems/first-unique-even-element/","First Unique Even Element","HASH TABLE","EASY",83509,,"CLEAR",,true,2026-07-21T18:50:04.000Z,2026-08-23T20:28:18.563Z
"https://leetcode.com/problems/flip-columns-for-maximum-number-of-equal-rows/","Flip Columns For Maximum Number of Equal Rows","HASH TABLE","MEDIUM",153529,,"CLEAR",,true,2026-07-21T18:50:04.000Z,2026-08-23T20:28:18.563Z
"https://leetcode.com/problems/form-smallest-number-from-two-digit-arrays/","Form Smallest Number From Two Digit Arrays","HASH TABLE","EASY",98161,,"CLEAR",,true,2026-07-21T18:50:04.000Z,2026-08-23T20:28:18.563Z
"https://leetcode.com/problems/fraction-to-recurring-decimal/","Fraction to Recurring Decimal","HASH TABLE","MEDIUM",1201301,,"CLEAR",,true,2026-07-21T18:50:04.000Z,2026-08-23T20:28:18.563Z
"https://leetcode.com/problems/frequency-balance-subarray/","Frequency Balance Subarray","HASH TABLE","MEDIUM",76125,,"CLEAR",,false,2026-07-21T18:50:04.000Z,2026-07-21T18:50:04.000Z
"https://leetcode.com/problems/frequency-tracker/","Frequency Tracker","HASH TABLE","MEDIUM",97030,,"CLEAR",,true,2026-07-21T18:50:04.000Z,2026-08-23T20:28:18.563Z
"https://leetcode.com/problems/fruit-into-baskets/","Fruit Into Baskets","HASH TABLE","MEDIUM",1831334,,"CLEAR",,true,2026-07-21T18:50:04.000Z,2026-08-23T20:28:18.563Z
"https://leetcode.com/problems/greatest-english-letter-in-upper-and-lower-case/","Greatest English Letter in Upper and Lower Case","HASH TABLE","EASY",108952,,"CLEAR",,true,2026-07-21T18:50:04.000Z,2026-08-23T20:28:18.563Z
"https://leetcode.com/problems/grid-illumination/","Grid Illumination","HASH TABLE","HARD",72052,,"CLEAR",,true,2026-07-21T18:50:04.000Z,2026-08-23T20:28:18.563Z
"https://leetcode.com/problems/group-anagrams/","Group Anagrams","HASH TABLE","MEDIUM",7021343,,"SUCCESS","class Solution {
public:
    vector<vector<string>> groupAnagrams(vector<string>& strs) {
        unordered_map<string, vector<string>> mp;
        for (auto str : strs) {
            string sorted(str);
            sort(sorted.begin(), sorted.end());
            if (mp.contains(sorted)) {
                mp[sorted].push_back(str);
            } else {
                mp[sorted] = {str};
            }
        }
        vector<vector<string>> ans;
        for (auto p : mp) {
            ans.push_back(p.second);
        }
        return ans;
    }
};",true,2026-07-21T18:50:04.000Z,2026-08-23T20:28:18.563Z
"https://leetcode.com/problems/group-shifted-strings/","Group Shifted Strings","HASH TABLE","MEDIUM",470639,,"LOCKED",,true,2026-07-21T18:50:04.000Z,2026-08-23T20:28:18.563Z
"https://leetcode.com/problems/groups-of-special-equivalent-strings/","Groups of Special-Equivalent Strings","HASH TABLE","MEDIUM",82861,,"CLEAR",,true,2026-07-21T18:50:04.000Z,2026-08-23T20:28:18.563Z
"https://leetcode.com/problems/high-access-employees/","High-Access Employees","HASH TABLE","MEDIUM",72091,,"CLEAR",,true,2026-07-21T18:50:04.000Z,2026-08-23T20:28:18.563Z
"https://leetcode.com/problems/how-many-numbers-are-smaller-than-the-current-number/","How Many Numbers Are Smaller Than the Current Number","HASH TABLE","EASY",1121607,,"CLEAR",,true,2026-07-21T18:50:04.000Z,2026-08-23T20:28:18.563Z
"https://leetcode.com/problems/html-entity-parser/","HTML Entity Parser","HASH TABLE","MEDIUM",65929,,"CLEAR",,true,2026-07-21T18:50:04.000Z,2026-08-23T20:28:18.563Z
"https://leetcode.com/problems/identify-the-largest-outlier-in-an-array/","Identify the Largest Outlier in an Array","HASH TABLE","MEDIUM",149357,,"CLEAR",,true,2026-07-21T18:50:04.000Z,2026-08-23T20:28:18.563Z
"https://leetcode.com/problems/increasing-decreasing-string/","Increasing Decreasing String","HASH TABLE","EASY",133246,,"CLEAR",,true,2026-07-21T18:50:04.000Z,2026-08-23T20:28:18.563Z
"https://leetcode.com/problems/insert-delete-getrandom-o1/","Insert Delete GetRandom O(1)","HASH TABLE","MEDIUM",2563996,,"SUCCESS","class RandomizedSet {
    unordered_set<int> st;

public:
    RandomizedSet() {}

    bool insert(int val) {
        if (st.contains(val)) {
            return false;
        }
        st.insert(val);
        return true;
    }

    bool remove(int val) {
        if (st.contains(val)) {
            st.erase(val);
            return true;
        }
        return false;
    }

    int getRandom() {
        int i = rand() % (st.size());
        auto it = st.begin();
        advance(it, i);
        return *it;
    }
};

/**
 * Your RandomizedSet object will be instantiated and called as such:
 * RandomizedSet* obj = new RandomizedSet();
 * bool param_1 = obj->insert(val);
 * bool param_2 = obj->remove(val);
 * int param_3 = obj->getRandom();
 */",true,2026-07-21T18:50:04.000Z,2026-08-28T23:21:14.192Z
"https://leetcode.com/problems/insert-delete-getrandom-o1-duplicates-allowed/","Insert Delete GetRandom O(1) - Duplicates allowed","HASH TABLE","HARD",536846,,"CLEAR",,true,2026-07-21T18:50:04.000Z,2026-08-23T20:28:18.563Z
"https://leetcode.com/problems/integer-to-roman/","Integer to Roman","HASH TABLE","MEDIUM",3204257,,"CLEAR",,true,2026-07-21T18:50:04.000Z,2026-08-23T20:28:18.563Z
"https://leetcode.com/problems/integers-with-multiple-sum-of-two-cubes/","Integers With Multiple Sum of Two Cubes","HASH TABLE","MEDIUM",60854,,"CLEAR",,true,2026-07-21T18:50:04.000Z,2026-08-23T20:28:18.563Z
"https://leetcode.com/problems/intersection-of-multiple-arrays/","Intersection of Multiple Arrays","HASH TABLE","EASY",198473,,"CLEAR",,true,2026-07-21T18:50:04.000Z,2026-08-23T20:28:18.563Z
"https://leetcode.com/problems/intersection-of-three-sorted-arrays/","Intersection of Three Sorted Arrays","HASH TABLE","EASY",129809,,"LOCKED",,true,2026-07-21T18:50:04.000Z,2026-08-23T20:28:18.563Z
"https://leetcode.com/problems/intervals-between-identical-elements/","Intervals Between Identical Elements","HASH TABLE","MEDIUM",67259,,"CLEAR",,true,2026-07-21T18:50:04.000Z,2026-08-23T20:28:18.563Z
"https://leetcode.com/problems/invalid-transactions/","Invalid Transactions","HASH TABLE","MEDIUM",368201,,"CLEAR",,true,2026-07-21T18:50:04.000Z,2026-08-23T20:28:18.563Z
"https://leetcode.com/problems/isomorphic-strings/","Isomorphic Strings","HASH TABLE","EASY",4744738,,"SUCCESS","class Solution {
public:
    bool isIsomorphic(string s, string t) {
        int n = s.size();
        if(n < 2){
            return true;
        }

        unordered_map<char,char> mp1;
        unordered_map<char,char> mp2;

        for(int i = 0; i < n; i++){
            char chs = s[i];
            char cht = t[i];

            if(mp1.contains(chs) && mp1[chs] != cht){
                return false;
            }
            if(mp2.contains(cht) && mp2[cht] != chs){
                return false;
            }

            mp1[chs] = cht;
            mp2[cht] = chs;
        }

        return true;
    }
};",true,2026-07-21T18:50:04.000Z,2026-08-23T20:28:18.563Z
"https://leetcode.com/problems/jewels-and-stones/","Jewels and Stones","HASH TABLE","EASY",1601372,,"SUCCESS","class Solution {
public:
    int numJewelsInStones(string jewels, string stones) {
        unordered_map<char,bool> mp;
        for(auto ch:jewels){
            mp[ch] = true;
        }
        int ans = 0;
        for(auto ch:stones){
            if(mp.contains(ch)){
                ans++;
            }
        }
        return ans;
    }
};",true,2026-07-21T18:50:04.000Z,2026-08-23T20:28:18.563Z
"https://leetcode.com/problems/keep-multiplying-found-values-by-two/","Keep Multiplying Found Values by Two","HASH TABLE","EASY",388281,,"CLEAR",,true,2026-07-21T18:50:04.000Z,2026-08-23T20:28:18.563Z
"https://leetcode.com/problems/keyboard-row/","Keyboard Row","HASH TABLE","EASY",470648,,"CLEAR",,true,2026-07-21T18:50:04.000Z,2026-08-23T20:28:18.563Z
"https://leetcode.com/problems/kth-distinct-string-in-an-array/","Kth Distinct String in an Array","HASH TABLE","EASY",340772,,"CLEAR",,true,2026-07-21T18:50:04.000Z,2026-08-23T20:28:18.563Z
"https://leetcode.com/problems/largest-component-size-by-common-factor/","Largest Component Size by Common Factor","HASH TABLE","HARD",164388,,"CLEAR",,true,2026-07-21T18:50:04.000Z,2026-08-23T20:28:18.563Z
"https://leetcode.com/problems/largest-substring-between-two-equal-characters/","Largest Substring Between Two Equal Characters","HASH TABLE","EASY",272650,,"CLEAR",,true,2026-07-21T18:50:04.000Z,2026-08-23T20:28:18.563Z
"https://leetcode.com/problems/largest-unique-number/","Largest Unique Number","HASH TABLE","EASY",161675,,"LOCKED",,true,2026-07-21T18:50:04.000Z,2026-08-23T20:28:18.563Z
"https://leetcode.com/problems/length-of-longest-subarray-with-at-most-k-frequency/","Length of Longest Subarray With at Most K Frequency","HASH TABLE","MEDIUM",554617,,"CLEAR",,true,2026-07-21T18:50:04.000Z,2026-08-23T20:28:18.563Z
"https://leetcode.com/problems/length-of-the-longest-valid-substring/","Length of the Longest Valid Substring","HASH TABLE","HARD",103786,,"CLEAR",,true,2026-07-21T18:50:04.000Z,2026-08-23T20:28:18.563Z
"https://leetcode.com/problems/lexicographically-smallest-string-after-reverse-ii/","Lexicographically Smallest String After Reverse II","HASH TABLE","HARD",744,,"LOCKED",,true,2026-07-21T18:50:04.000Z,2026-08-23T20:28:18.563Z
"https://leetcode.com/problems/line-reflection/","Line Reflection","HASH TABLE","MEDIUM",129038,,"LOCKED",,true,2026-07-21T18:50:04.000Z,2026-08-23T20:28:18.563Z
"https://leetcode.com/problems/logger-rate-limiter/","Logger Rate Limiter","HASH TABLE","EASY",524497,,"LOCKED",,true,2026-07-21T18:50:04.000Z,2026-08-23T20:28:18.563Z
"https://leetcode.com/problems/lonely-pixel-i/","Lonely Pixel I","HASH TABLE","MEDIUM",77980,,"LOCKED",,true,2026-07-21T18:50:04.000Z,2026-08-23T20:28:18.563Z
"https://leetcode.com/problems/lonely-pixel-ii/","Lonely Pixel II","HASH TABLE","MEDIUM",29796,,"LOCKED",,true,2026-07-21T18:50:04.000Z,2026-08-23T20:28:18.563Z
"https://leetcode.com/problems/longest-balanced-substring-after-one-swap/","Longest Balanced Substring After One Swap","HASH TABLE","MEDIUM",76588,,"CLEAR",,true,2026-07-21T18:50:04.000Z,2026-08-23T20:28:18.563Z
"https://leetcode.com/problems/longest-balanced-substring-i/","Longest Balanced Substring I","HASH TABLE","MEDIUM",200466,,"CLEAR",,true,2026-07-21T18:50:04.000Z,2026-08-23T20:28:18.563Z
"https://leetcode.com/problems/longest-balanced-substring-ii/","Longest Balanced Substring II","HASH TABLE","MEDIUM",182919,,"CLEAR",,true,2026-07-21T18:50:04.000Z,2026-08-23T20:28:18.563Z
"https://leetcode.com/problems/longest-common-subpath/","Longest Common Subpath","HASH TABLE","HARD",36765,,"CLEAR",,true,2026-07-21T18:50:04.000Z,2026-08-23T20:28:18.563Z
"https://leetcode.com/problems/longest-common-subsequence-between-sorted-arrays/","Longest Common Subsequence Between Sorted Arrays","HASH TABLE","MEDIUM",18696,,"LOCKED",,true,2026-07-21T18:50:04.000Z,2026-08-23T20:28:18.563Z
"https://leetcode.com/problems/longest-consecutive-sequence/","Longest Consecutive Sequence","HASH TABLE","MEDIUM",7679926,,"CLEAR",,true,2026-07-21T18:50:04.000Z,2026-08-23T20:28:18.563Z
"https://leetcode.com/problems/longest-duplicate-substring/","Longest Duplicate Substring","HASH TABLE","HARD",283430,,"CLEAR",,true,2026-07-21T18:50:04.000Z,2026-08-23T20:28:18.563Z
"https://leetcode.com/problems/longest-happy-prefix/","Longest Happy Prefix","HASH TABLE","HARD",214362,,"CLEAR",,true,2026-07-21T18:50:04.000Z,2026-08-23T20:28:18.563Z
"https://leetcode.com/problems/longest-harmonious-subsequence/","Longest Harmonious Subsequence","HASH TABLE","EASY",629977,,"SUCCESS","class Solution {
public:
    int findLHS(vector<int>& nums) {
        map<int, int> mp;
        for (auto num : nums) {
            mp[num]++;
        }
        int lastVal = mp.begin()->first;
        int ans = 0;
        for (auto it : mp) {
            if (it.first - lastVal == 1) {
                ans = max(ans, it.second + mp[lastVal]);
            }
            lastVal = it.first;
        }
        return ans;
    }
};",true,2026-07-21T18:50:04.000Z,2026-08-23T20:28:18.563Z
"https://leetcode.com/problems/longest-repeating-character-replacement/","Longest Repeating Character Replacement","HASH TABLE","MEDIUM",2909288,,"CLEAR",,true,2026-07-21T18:50:04.000Z,2026-08-23T20:28:18.563Z
"https://leetcode.com/problems/longest-semi-repeating-subarray/","Longest Semi-Repeating Subarray","HASH TABLE","MEDIUM",1895,,"LOCKED",,true,2026-07-21T18:50:04.000Z,2026-08-23T20:28:18.563Z
"https://leetcode.com/problems/longest-substring-with-at-most-k-distinct-characters/","Longest Substring with At Most K Distinct Characters","HASH TABLE","MEDIUM",809077,,"LOCKED",,true,2026-07-21T18:50:04.000Z,2026-08-23T20:28:18.563Z
"https://leetcode.com/problems/longest-substring-with-at-most-two-distinct-characters/","Longest Substring with At Most Two Distinct Characters","HASH TABLE","MEDIUM",535812,,"LOCKED",,true,2026-07-21T18:50:04.000Z,2026-08-23T20:28:18.563Z
"https://leetcode.com/problems/longest-substring-without-repeating-characters/","Longest Substring Without Repeating Characters","HASH TABLE","MEDIUM",25680032,,"CLEAR",,true,2026-07-21T18:50:04.000Z,2026-08-23T20:28:18.563Z
"https://leetcode.com/problems/magic-squares-in-grid/","Magic Squares In Grid","HASH TABLE","MEDIUM",419623,,"CLEAR",,true,2026-07-21T18:50:04.000Z,2026-08-23T20:28:18.563Z
"https://leetcode.com/problems/majority-element-ii/","Majority Element II","HASH TABLE","MEDIUM",2460403,,"CLEAR",,true,2026-07-21T18:50:04.000Z,2026-08-23T20:28:18.563Z
"https://leetcode.com/problems/majority-frequency-characters/","Majority Frequency Characters","HASH TABLE","EASY",49681,,"CLEAR",,true,2026-07-21T18:50:04.000Z,2026-08-23T20:28:18.563Z
"https://leetcode.com/problems/make-number-of-distinct-characters-equal/","Make Number of Distinct Characters Equal","HASH TABLE","MEDIUM",90100,,"CLEAR",,true,2026-07-21T18:50:04.000Z,2026-08-23T20:28:18.563Z
"https://leetcode.com/problems/make-sum-divisible-by-p/","Make Sum Divisible by P","HASH TABLE","MEDIUM",557306,,"CLEAR",,true,2026-07-21T18:50:04.000Z,2026-08-23T20:28:18.563Z
"https://leetcode.com/problems/make-two-arrays-equal-by-reversing-subarrays/","Make Two Arrays Equal by Reversing Subarrays","HASH TABLE","EASY",449088,,"CLEAR",,true,2026-07-21T18:50:04.000Z,2026-08-23T20:28:18.563Z
"https://leetcode.com/problems/making-file-names-unique/","Making File Names Unique","HASH TABLE","MEDIUM",105698,,"CLEAR",,true,2026-07-21T18:50:04.000Z,2026-08-23T20:28:18.563Z
"https://leetcode.com/problems/match-alphanumerical-pattern-in-matrix-i/","Match Alphanumerical Pattern in Matrix I","HASH TABLE","MEDIUM",2500,,"LOCKED",,true,2026-07-21T18:50:04.000Z,2026-08-23T20:28:18.563Z
"https://leetcode.com/problems/match-substring-after-replacement/","Match Substring After Replacement","HASH TABLE","HARD",43032,,"CLEAR",,true,2026-07-21T18:50:04.000Z,2026-08-23T20:28:18.563Z
"https://leetcode.com/problems/max-pair-sum-in-an-array/","Max Pair Sum in an Array","HASH TABLE","EASY",104351,,"CLEAR",,true,2026-07-21T18:50:04.000Z,2026-08-23T20:28:18.563Z
"https://leetcode.com/problems/max-points-on-a-line/","Max Points on a Line","HASH TABLE","HARD",1760547,"// O(n^3) // less optimal

// using hashmap can be solved in O(n^2)

class Solution {
public:
    bool line(vector<int>& A, vector<int>& B, vector<int>& C) {
        return (B[1] - A[1]) * (C[0] - B[0]) == (C[1] - B[1]) * (B[0] - A[0]);
    }
    int maxPoints(vector<vector<int>>& points) {
        int n = points.size();
        if (n < 3) {
            return n;
        }
        int ans = 2;
        for (int i = 0; i < n - 2; i++) {
            for (int j = i + 1; j < n - 1; j++) {
                int temp = 2;
                for (int k = j + 1; k < n; k++) {
                    if (line(points[i], points[j], points[k])) {
                        temp++;
                    }
                }
                ans = max(ans, temp);
            }
        }
        return ans;
    }
};","TLE","// O(n^3) // less optimal

// using hashmap can be solved in O(n^2)

class Solution {
public:
    bool line(vector<int>& A, vector<int>& B, vector<int>& C) {
        return (B[1] - A[1]) * (C[0] - B[0]) == (C[1] - B[1]) * (B[0] - A[0]);
    }
    int maxPoints(vector<vector<int>>& points) {
        int n = points.size();
        if (n < 3) {
            return n;
        }
        int ans = 2;
        for (int i = 0; i < n - 2; i++) {
            for (int j = i + 1; j < n - 1; j++) {
                int temp = 2;
                for (int k = j + 1; k < n; k++) {
                    if (line(points[i], points[j], points[k])) {
                        temp++;
                    }
                }
                ans = max(ans, temp);
            }
        }
        return ans;
    }
};",true,2026-07-21T18:50:04.000Z,2026-08-30T11:18:23.951Z
"https://leetcode.com/problems/max-sum-of-rectangle-no-larger-than-k/","Max Sum of Rectangle No Larger Than K","HASH TABLE","HARD",324037,,"CLEAR",,true,2026-07-21T18:50:04.000Z,2026-08-23T20:28:18.563Z
"https://leetcode.com/problems/maximum-difference-between-even-and-odd-frequency-i/","Maximum Difference Between Even and Odd Frequency I","HASH TABLE","EASY",306800,,"CLEAR",,true,2026-07-21T18:50:04.000Z,2026-08-23T20:28:18.563Z
"https://leetcode.com/problems/maximum-equal-frequency/","Maximum Equal Frequency","HASH TABLE","HARD",53015,,"CLEAR",,true,2026-07-21T18:50:04.000Z,2026-08-23T20:28:18.563Z
"https://leetcode.com/problems/maximum-erasure-value/","Maximum Erasure Value","HASH TABLE","MEDIUM",479302,,"CLEAR",,true,2026-07-21T18:50:04.000Z,2026-08-23T20:28:18.563Z
"https://leetcode.com/problems/maximum-good-subarray-sum/","Maximum Good Subarray Sum","HASH TABLE","MEDIUM",158607,,"CLEAR",,true,2026-07-21T18:50:04.000Z,2026-08-23T20:28:18.563Z
"https://leetcode.com/problems/maximum-increasing-triplet-value/","Maximum Increasing Triplet Value","HASH TABLE","MEDIUM",4058,,"LOCKED",,true,2026-07-21T18:50:04.000Z,2026-08-23T20:28:18.563Z
"https://leetcode.com/problems/maximum-length-substring-with-two-occurrences/","Maximum Length Substring With Two Occurrences","HASH TABLE","EASY",259547,,"CLEAR",,true,2026-07-21T18:50:04.000Z,2026-08-23T20:28:18.563Z
"https://leetcode.com/problems/maximum-linear-stock-score/","Maximum Linear Stock Score","HASH TABLE","MEDIUM",2362,,"LOCKED",,true,2026-07-21T18:50:04.000Z,2026-08-23T20:28:18.563Z
"https://leetcode.com/problems/maximum-manhattan-distance-after-k-changes/","Maximum Manhattan Distance After K Changes","HASH TABLE","MEDIUM",189357,,"CLEAR",,true,2026-07-21T18:50:04.000Z,2026-08-23T20:28:18.563Z
"https://leetcode.com/problems/maximum-number-of-balloons/","Maximum Number of Balloons","HASH TABLE","EASY",790892,,"CLEAR",,true,2026-07-21T18:50:04.000Z,2026-08-23T20:28:18.563Z
"https://leetcode.com/problems/maximum-number-of-balls-in-a-box/","Maximum Number of Balls in a Box","HASH TABLE","EASY",118721,,"CLEAR",,true,2026-07-21T18:50:04.000Z,2026-08-23T20:28:18.563Z
"https://leetcode.com/problems/maximum-number-of-equal-length-runs/","Maximum Number of Equal Length Runs","HASH TABLE","MEDIUM",1109,,"LOCKED",,true,2026-07-21T18:50:04.000Z,2026-08-23T20:28:18.563Z
"https://leetcode.com/problems/maximum-number-of-occurrences-of-a-substring/","Maximum Number of Occurrences of a Substring","HASH TABLE","MEDIUM",164736,,"CLEAR",,true,2026-07-21T18:50:04.000Z,2026-08-23T20:28:18.563Z
"https://leetcode.com/problems/maximum-number-of-pairs-in-array/","Maximum Number of Pairs in Array","HASH TABLE","EASY",126708,,"CLEAR",,true,2026-07-21T18:50:04.000Z,2026-08-23T20:28:18.563Z
"https://leetcode.com/problems/maximum-number-of-ways-to-partition-an-array/","Maximum Number of Ways to Partition an Array","HASH TABLE","HARD",40413,,"CLEAR",,true,2026-07-21T18:50:04.000Z,2026-08-23T20:28:18.563Z
"https://leetcode.com/problems/maximum-number-of-words-you-can-type/","Maximum Number of Words You Can Type","HASH TABLE","EASY",286596,,"CLEAR",,true,2026-07-21T18:50:04.000Z,2026-08-23T20:28:18.563Z
"https://leetcode.com/problems/maximum-points-activated-with-one-addition/","Maximum Points Activated with One Addition","HASH TABLE","HARD",19053,,"CLEAR",,true,2026-07-21T18:50:04.000Z,2026-08-23T20:28:18.563Z
"https://leetcode.com/problems/maximum-points-inside-the-square/","Maximum Points Inside the Square","HASH TABLE","MEDIUM",56434,,"CLEAR",,true,2026-07-21T18:50:04.000Z,2026-08-23T20:28:18.563Z
"https://leetcode.com/problems/maximum-score-with-co-prime-element/","Maximum Score with Co-Prime Element","HASH TABLE","HARD",13776,,"CLEAR",,true,2026-07-21T18:50:04.000Z,2026-08-23T20:28:18.563Z
"https://leetcode.com/problems/maximum-segment-sum-after-removals/","Maximum Segment Sum After Removals","HASH TABLE","HARD",26545,,"CLEAR",,true,2026-07-21T18:50:04.000Z,2026-08-23T20:28:18.563Z
"https://leetcode.com/problems/maximum-size-subarray-sum-equals-k/","Maximum Size Subarray Sum Equals k","HASH TABLE","MEDIUM",439919,,"LOCKED",,true,2026-07-21T18:50:04.000Z,2026-08-23T20:28:18.563Z
"https://leetcode.com/problems/maximum-square-area-by-removing-fences-from-a-field/","Maximum Square Area by Removing Fences From a Field","HASH TABLE","MEDIUM",201291,,"CLEAR",,true,2026-07-21T18:50:04.000Z,2026-08-23T20:28:18.563Z
"https://leetcode.com/problems/maximum-students-on-a-single-bench/","Maximum Students on a Single Bench","HASH TABLE","EASY",2845,,"LOCKED",,true,2026-07-21T18:50:04.000Z,2026-08-23T20:28:18.563Z
"https://leetcode.com/problems/maximum-subarray-sum-with-length-divisible-by-k/","Maximum Subarray Sum With Length Divisible by K","HASH TABLE","MEDIUM",180349,,"CLEAR",,true,2026-07-21T18:50:04.000Z,2026-08-23T20:28:18.563Z
"https://leetcode.com/problems/maximum-substrings-with-distinct-start/","Maximum Substrings With Distinct Start","HASH TABLE","MEDIUM",79714,,"CLEAR",,true,2026-07-21T18:50:04.000Z,2026-08-23T20:28:18.563Z
"https://leetcode.com/problems/maximum-sum-of-almost-unique-subarray/","Maximum Sum of Almost Unique Subarray","HASH TABLE","MEDIUM",92472,,"CLEAR",,true,2026-07-21T18:50:04.000Z,2026-08-23T20:28:18.563Z
"https://leetcode.com/problems/maximum-sum-of-distinct-subarrays-with-length-k/","Maximum Sum of Distinct Subarrays With Length K","HASH TABLE","MEDIUM",719824,,"CLEAR",,true,2026-07-21T18:50:04.000Z,2026-08-23T20:28:18.563Z
"https://leetcode.com/problems/maximum-total-area-occupied-by-pistons/","Maximum Total Area Occupied by Pistons","HASH TABLE","HARD",1339,,"LOCKED",,true,2026-07-21T18:50:04.000Z,2026-08-23T20:28:18.563Z
"https://leetcode.com/problems/merge-close-characters/","Merge Close Characters","HASH TABLE","MEDIUM",54588,,"CLEAR",,true,2026-07-21T18:50:04.000Z,2026-08-23T20:28:18.563Z
"https://leetcode.com/problems/merge-close-characters-ii/","Merge Close Characters II","HASH TABLE","MEDIUM",315,,"LOCKED",,false,2026-09-07T18:13:42.370Z,2026-09-07T18:13:42.370Z
"https://leetcode.com/problems/merge-similar-items/","Merge Similar Items","HASH TABLE","EASY",109597,,"CLEAR",,true,2026-07-21T18:50:04.000Z,2026-08-23T20:28:18.563Z
"https://leetcode.com/problems/minimize-manhattan-distances/","Minimize Manhattan Distances","HASH TABLE","HARD",33970,,"CLEAR",,true,2026-07-21T18:50:04.000Z,2026-08-23T20:28:18.563Z
"https://leetcode.com/problems/minimize-string-length/","Minimize String Length","HASH TABLE","EASY",107368,,"CLEAR",,true,2026-07-21T18:50:04.000Z,2026-08-23T20:28:18.563Z
"https://leetcode.com/problems/minimum-absolute-difference-between-elements-with-constraint/","Minimum Absolute Difference Between Elements With Constraint","HASH TABLE","MEDIUM",114936,,"CLEAR",,true,2026-07-21T18:50:04.000Z,2026-08-23T20:28:18.563Z
"https://leetcode.com/problems/minimum-absolute-distance-between-mirror-pairs/","Minimum Absolute Distance Between Mirror Pairs","HASH TABLE","MEDIUM",200990,,"CLEAR",,true,2026-07-21T18:50:04.000Z,2026-08-23T20:28:18.563Z
"https://leetcode.com/problems/minimum-absolute-sum-difference/","Minimum Absolute Sum Difference","HASH TABLE","MEDIUM",104837,,"CLEAR",,true,2026-07-21T18:50:04.000Z,2026-08-23T20:28:18.563Z
"https://leetcode.com/problems/minimum-area-rectangle/","Minimum Area Rectangle","HASH TABLE","MEDIUM",331830,,"CLEAR",,true,2026-07-21T18:50:04.000Z,2026-08-23T20:28:18.563Z
"https://leetcode.com/problems/minimum-area-rectangle-ii/","Minimum Area Rectangle II","HASH TABLE","MEDIUM",67073,,"CLEAR",,true,2026-07-21T18:50:04.000Z,2026-08-23T20:28:18.563Z
"https://leetcode.com/problems/minimum-array-changes-to-make-differences-equal/","Minimum Array Changes to Make Differences Equal","HASH TABLE","MEDIUM",65183,,"CLEAR",,true,2026-07-21T18:50:04.000Z,2026-08-23T20:28:18.563Z
"https://leetcode.com/problems/minimum-consecutive-cards-to-pick-up/","Minimum Consecutive Cards to Pick Up","HASH TABLE","MEDIUM",234238,,"CLEAR",,true,2026-07-21T18:50:04.000Z,2026-08-23T20:28:18.563Z
"https://leetcode.com/problems/minimum-deletion-cost-to-make-all-characters-equal/","Minimum Deletion Cost to Make All Characters Equal","HASH TABLE","MEDIUM",69176,,"CLEAR",,true,2026-07-21T18:50:04.000Z,2026-08-23T20:28:18.563Z
"https://leetcode.com/problems/minimum-distance-between-three-equal-elements-i/","Minimum Distance Between Three Equal Elements I","HASH TABLE","EASY",206414,,"CLEAR",,true,2026-07-21T18:50:04.000Z,2026-08-23T20:28:18.563Z
"https://leetcode.com/problems/minimum-distance-between-three-equal-elements-ii/","Minimum Distance Between Three Equal Elements II","HASH TABLE","MEDIUM",179087,,"CLEAR",,true,2026-07-21T18:50:04.000Z,2026-08-23T20:28:18.563Z
"https://leetcode.com/problems/minimum-generations-to-target-point/","Minimum Generations to Target Point","HASH TABLE","MEDIUM",28228,,"CLEAR",,true,2026-07-21T18:50:04.000Z,2026-08-23T20:28:18.563Z
"https://leetcode.com/problems/minimum-index-of-a-valid-split/","Minimum Index of a Valid Split","HASH TABLE","MEDIUM",201493,,"CLEAR",,true,2026-07-21T18:50:04.000Z,2026-08-23T20:28:18.563Z
"https://leetcode.com/problems/minimum-index-sum-of-common-elements/","Minimum Index Sum of Common Elements","HASH TABLE","MEDIUM",1076,,"LOCKED",,true,2026-07-21T18:50:04.000Z,2026-08-23T20:28:18.563Z
"https://leetcode.com/problems/minimum-index-sum-of-two-lists/","Minimum Index Sum of Two Lists","HASH TABLE","EASY",548096,,"CLEAR",,true,2026-07-21T18:50:04.000Z,2026-08-23T20:28:18.563Z
"https://leetcode.com/problems/minimum-length-of-anagram-concatenation/","Minimum Length of Anagram Concatenation","HASH TABLE","MEDIUM",87770,,"CLEAR",,true,2026-07-21T18:50:04.000Z,2026-08-23T20:28:18.563Z
"https://leetcode.com/problems/minimum-length-of-string-after-operations/","Minimum Length of String After Operations","HASH TABLE","MEDIUM",263206,,"CLEAR",,true,2026-07-21T18:50:04.000Z,2026-08-23T20:28:18.563Z
"https://leetcode.com/problems/minimum-moves-to-make-array-complementary/","Minimum Moves to Make Array Complementary","HASH TABLE","MEDIUM",119601,,"CLEAR",,true,2026-07-21T18:50:04.000Z,2026-08-23T20:28:18.563Z
"https://leetcode.com/problems/minimum-number-of-operations-to-have-distinct-elements/","Minimum Number of Operations to Have Distinct Elements","HASH TABLE","MEDIUM",70179,,"CLEAR",,true,2026-07-21T18:50:04.000Z,2026-08-23T20:28:18.563Z
"https://leetcode.com/problems/minimum-number-of-operations-to-make-array-continuous/","Minimum Number of Operations to Make Array Continuous","HASH TABLE","HARD",175035,,"CLEAR",,true,2026-07-21T18:50:04.000Z,2026-08-23T20:28:18.563Z
"https://leetcode.com/problems/minimum-number-of-operations-to-make-elements-in-array-distinct/","Minimum Number of Operations to Make Elements in Array Distinct","HASH TABLE","EASY",259347,,"CLEAR",,true,2026-07-21T18:50:04.000Z,2026-08-23T20:28:18.563Z
"https://leetcode.com/problems/minimum-number-of-operations-to-make-string-sorted/","Minimum Number of Operations to Make String Sorted","HASH TABLE","HARD",11819,,"CLEAR",,true,2026-07-21T18:50:04.000Z,2026-08-23T20:28:18.563Z
"https://leetcode.com/problems/minimum-number-of-operations-to-make-word-k-periodic/","Minimum Number of Operations to Make Word K-Periodic","HASH TABLE","MEDIUM",48783,,"CLEAR",,true,2026-07-21T18:50:04.000Z,2026-08-23T20:28:18.563Z
"https://leetcode.com/problems/minimum-number-of-steps-to-make-two-strings-anagram/","Minimum Number of Steps to Make Two Strings Anagram","HASH TABLE","MEDIUM",417589,,"CLEAR",,true,2026-07-21T18:50:04.000Z,2026-08-23T20:28:18.563Z
"https://leetcode.com/problems/minimum-number-of-steps-to-make-two-strings-anagram-ii/","Minimum Number of Steps to Make Two Strings Anagram II","HASH TABLE","MEDIUM",77282,,"CLEAR",,true,2026-07-21T18:50:04.000Z,2026-08-23T20:28:18.563Z
"https://leetcode.com/problems/minimum-operations-to-make-array-equal-iii/","Minimum Operations to Make Array Equal III","HASH TABLE","HARD",816,,"LOCKED",,false,2026-09-07T18:13:42.370Z,2026-09-07T18:13:42.370Z
"https://leetcode.com/problems/minimum-operations-to-make-array-values-equal-to-k/","Minimum Operations to Make Array Values Equal to K","HASH TABLE","EASY",232507,,"CLEAR",,true,2026-07-21T18:50:04.000Z,2026-08-23T20:28:18.563Z
"https://leetcode.com/problems/minimum-operations-to-reduce-x-to-zero/","Minimum Operations to Reduce X to Zero","HASH TABLE","MEDIUM",598592,,"CLEAR",,true,2026-07-21T18:50:04.000Z,2026-08-23T20:28:18.563Z
"https://leetcode.com/problems/minimum-operations-to-write-the-letter-y-on-a-grid/","Minimum Operations to Write the Letter Y on a Grid","HASH TABLE","MEDIUM",60038,,"CLEAR",,true,2026-07-21T18:50:04.000Z,2026-08-23T20:28:18.563Z
"https://leetcode.com/problems/minimum-seconds-to-equalize-a-circular-array/","Minimum Seconds to Equalize a Circular Array","HASH TABLE","MEDIUM",67269,,"CLEAR",,true,2026-07-21T18:50:04.000Z,2026-08-23T20:28:18.563Z
"https://leetcode.com/problems/minimum-size-subarray-in-infinite-array/","Minimum Size Subarray in Infinite Array","HASH TABLE","MEDIUM",84689,,"CLEAR",,true,2026-07-21T18:50:04.000Z,2026-08-23T20:28:18.563Z
"https://leetcode.com/problems/minimum-subarray-length-with-distinct-sum-at-least-k/","Minimum Subarray Length With Distinct Sum At Least K","HASH TABLE","MEDIUM",100051,,"CLEAR",,true,2026-07-21T18:50:04.000Z,2026-08-23T20:28:18.563Z
"https://leetcode.com/problems/minimum-swaps-to-sort-by-digit-sum/","Minimum Swaps to Sort by Digit Sum","HASH TABLE","MEDIUM",54046,,"CLEAR",,true,2026-07-21T18:50:04.000Z,2026-08-23T20:28:18.563Z
"https://leetcode.com/problems/minimum-time-for-k-virus-variants-to-spread/","Minimum Time For K Virus Variants to Spread","HASH TABLE","HARD",2857,,"LOCKED",,true,2026-07-21T18:50:04.000Z,2026-08-23T20:28:18.563Z
"https://leetcode.com/problems/minimum-time-to-revert-word-to-initial-state-i/","Minimum Time to Revert Word to Initial State I","HASH TABLE","MEDIUM",58933,,"CLEAR",,true,2026-07-21T18:50:04.000Z,2026-08-23T20:28:18.563Z
"https://leetcode.com/problems/minimum-time-to-revert-word-to-initial-state-ii/","Minimum Time to Revert Word to Initial State II","HASH TABLE","HARD",40804,,"CLEAR",,true,2026-07-21T18:50:04.000Z,2026-08-23T20:28:18.563Z
"https://leetcode.com/problems/minimum-unlocked-indices-to-sort-nums/","Minimum Unlocked Indices to Sort Nums","HASH TABLE","MEDIUM",1054,,"LOCKED",,true,2026-07-21T18:50:04.000Z,2026-08-23T20:28:18.563Z
"https://leetcode.com/problems/minimum-window-substring/","Minimum Window Substring","HASH TABLE","HARD",4836717,,"CLEAR",,true,2026-07-21T18:50:04.000Z,2026-08-23T20:28:18.563Z
"https://leetcode.com/problems/mirror-frequency-distance/","Mirror Frequency Distance","HASH TABLE","MEDIUM",72433,,"CLEAR",,true,2026-07-21T18:50:04.000Z,2026-08-23T20:28:18.563Z
"https://leetcode.com/problems/most-common-word/","Most Common Word","HASH TABLE","EASY",1032574,,"SUCCESS","class Solution {
public:
    string mostCommonWord(string paragraph, vector<string>& banned) {
        unordered_map<string, int> mp;
        string str = """";
        for (auto ch : paragraph) {
            if (isalpha(ch)) {
                str.push_back(tolower(ch));
            } else {
                if (str.size() > 0) {
                    mp[str]++;
                    str = """";
                }
            }
        }
        if (str.size() > 0) {
            mp[str]++;
            str = """";
        }

        for (auto word : banned) {
            for (auto& ch : word) {
                tolower(ch);
            }
            mp[word] = -1;
        }
        string ans = """";
        mp[""""] = -1;

        for (auto it : mp) {
            if (it.second > mp[ans]) {
                ans = it.first;
            }
        }

        return ans;
    }
};",true,2026-07-21T18:50:04.000Z,2026-08-23T20:28:18.563Z
"https://leetcode.com/problems/most-frequent-even-element/","Most Frequent Even Element","HASH TABLE","EASY",277107,,"CLEAR",,true,2026-07-21T18:50:04.000Z,2026-08-23T20:28:18.563Z
"https://leetcode.com/problems/most-frequent-number-following-key-in-an-array/","Most Frequent Number Following Key In an Array","HASH TABLE","EASY",90487,,"CLEAR",,true,2026-07-21T18:50:04.000Z,2026-08-23T20:28:18.563Z
"https://leetcode.com/problems/most-frequent-prime/","Most Frequent Prime","HASH TABLE","MEDIUM",42555,,"CLEAR",,true,2026-07-21T18:50:04.000Z,2026-08-23T20:28:18.563Z
"https://leetcode.com/problems/n-repeated-element-in-size-2n-array/","N-Repeated Element in Size 2N Array","HASH TABLE","EASY",606290,,"CLEAR",,true,2026-07-21T18:50:04.000Z,2026-08-23T20:28:18.563Z
"https://leetcode.com/problems/number-of-beautiful-pairs/","Number of Beautiful Pairs","HASH TABLE","EASY",97642,,"CLEAR",,true,2026-07-21T18:50:04.000Z,2026-08-23T20:28:18.563Z
"https://leetcode.com/problems/number-of-black-blocks/","Number of Black Blocks","HASH TABLE","MEDIUM",55309,,"CLEAR",,true,2026-07-21T18:50:04.000Z,2026-08-23T20:28:18.563Z
"https://leetcode.com/problems/number-of-boomerangs/","Number of Boomerangs","HASH TABLE","MEDIUM",212241,,"CLEAR",,true,2026-07-21T18:50:04.000Z,2026-08-23T20:28:18.563Z
"https://leetcode.com/problems/number-of-centered-subarrays/","Number of Centered Subarrays","HASH TABLE","MEDIUM",58966,,"CLEAR",,true,2026-07-21T18:50:04.000Z,2026-08-23T20:28:18.563Z
"https://leetcode.com/problems/number-of-different-integers-in-a-string/","Number of Different Integers in a String","HASH TABLE","EASY",164963,,"CLEAR",,true,2026-07-21T18:50:04.000Z,2026-08-23T20:28:18.563Z
"https://leetcode.com/problems/number-of-divisible-substrings/","Number of Divisible Substrings","HASH TABLE","MEDIUM",5175,,"LOCKED",,true,2026-07-21T18:50:04.000Z,2026-08-23T20:28:18.563Z
"https://leetcode.com/problems/number-of-divisible-triplet-sums/","Number of Divisible Triplet Sums","HASH TABLE","MEDIUM",15521,,"LOCKED",,true,2026-07-21T18:50:04.000Z,2026-08-23T20:28:18.563Z
"https://leetcode.com/problems/number-of-equal-count-substrings/","Number of Equal Count Substrings","HASH TABLE","MEDIUM",9444,,"LOCKED",,true,2026-07-21T18:50:04.000Z,2026-08-23T20:28:18.563Z
"https://leetcode.com/problems/number-of-equivalent-domino-pairs/","Number of Equivalent Domino Pairs","HASH TABLE","EASY",341721,,"CLEAR",,true,2026-07-21T18:50:04.000Z,2026-08-23T20:28:18.563Z
"https://leetcode.com/problems/number-of-flowers-in-full-bloom/","Number of Flowers in Full Bloom","HASH TABLE","HARD",196395,,"CLEAR",,true,2026-07-21T18:50:04.000Z,2026-08-23T20:28:18.563Z
"https://leetcode.com/problems/number-of-good-pairs/","Number of Good Pairs","HASH TABLE","EASY",1227333,,"SUCCESS","class Solution {
public:
    int numIdenticalPairs(vector<int>& nums) {
        unordered_map<int, int> mp;
        for (auto it : nums) {
            mp[it]++;
        }
        int ans = 0;
        for (auto it : mp) {
            int n = it.second;
            ans += (n * (n - 1)) / 2;
        }
        return ans;
    }
};",true,2026-07-21T18:50:04.000Z,2026-08-23T20:28:18.563Z
"https://leetcode.com/problems/number-of-islands-ii/","Number of Islands II","HASH TABLE","HARD",459876,,"LOCKED",,true,2026-07-21T18:50:04.000Z,2026-08-23T20:28:18.563Z
"https://leetcode.com/problems/number-of-pairs-of-interchangeable-rectangles/","Number of Pairs of Interchangeable Rectangles","HASH TABLE","MEDIUM",119908,,"CLEAR",,true,2026-07-21T18:50:04.000Z,2026-08-23T20:28:18.563Z
"https://leetcode.com/problems/number-of-pairs-of-strings-with-concatenation-equal-to-target/","Number of Pairs of Strings With Concatenation Equal to Target","HASH TABLE","MEDIUM",88176,,"CLEAR",,true,2026-07-21T18:50:04.000Z,2026-08-23T20:28:18.563Z
"https://leetcode.com/problems/number-of-prefix-connected-groups/","Number of Prefix Connected Groups","HASH TABLE","MEDIUM",66868,,"CLEAR",,true,2026-07-21T18:50:04.000Z,2026-08-23T20:28:18.563Z
"https://leetcode.com/problems/number-of-same-end-substrings/","Number of Same-End Substrings","HASH TABLE","MEDIUM",14693,,"LOCKED",,true,2026-07-21T18:50:04.000Z,2026-08-23T20:28:18.563Z
"https://leetcode.com/problems/number-of-subarrays-that-match-a-pattern-i/","Number of Subarrays That Match a Pattern I","HASH TABLE","MEDIUM",55585,,"CLEAR",,true,2026-07-21T18:50:04.000Z,2026-08-23T20:28:18.563Z
"https://leetcode.com/problems/number-of-subarrays-that-match-a-pattern-ii/","Number of Subarrays That Match a Pattern II","HASH TABLE","HARD",44350,,"CLEAR",,true,2026-07-21T18:50:04.000Z,2026-08-23T20:28:18.563Z
"https://leetcode.com/problems/number-of-submatrices-that-sum-to-target/","Number of Submatrices That Sum to Target","HASH TABLE","HARD",236077,,"CLEAR",,true,2026-07-21T18:50:04.000Z,2026-08-23T20:28:18.563Z
"https://leetcode.com/problems/number-of-substrings-containing-all-three-characters/","Number of Substrings Containing All Three Characters","HASH TABLE","MEDIUM",836322,,"CLEAR",,true,2026-07-21T18:50:04.000Z,2026-08-23T20:28:18.563Z
"https://leetcode.com/problems/number-of-substrings-with-fixed-ratio/","Number of Substrings With Fixed Ratio","HASH TABLE","MEDIUM",3206,,"LOCKED",,true,2026-07-21T18:50:04.000Z,2026-08-23T20:28:18.563Z
"https://leetcode.com/problems/number-of-unequal-triplets-in-array/","Number of Unequal Triplets in Array","HASH TABLE","EASY",89748,,"CLEAR",,true,2026-07-21T18:50:04.000Z,2026-08-23T20:28:18.563Z
"https://leetcode.com/problems/number-of-unique-flavors-after-sharing-k-candies/","Number of Unique Flavors After Sharing K Candies","HASH TABLE","MEDIUM",19772,,"LOCKED",,true,2026-07-21T18:50:04.000Z,2026-08-23T20:28:18.563Z
"https://leetcode.com/problems/odd-string-difference/","Odd String Difference","HASH TABLE","EASY",74964,,"CLEAR",,true,2026-07-21T18:50:04.000Z,2026-08-23T20:28:18.563Z
"https://leetcode.com/problems/online-election/","Online Election","HASH TABLE","MEDIUM",153369,,"CLEAR",,true,2026-07-21T18:50:04.000Z,2026-08-23T20:28:18.563Z
"https://leetcode.com/problems/pairs-of-songs-with-total-durations-divisible-by-60/","Pairs of Songs With Total Durations Divisible by 60","HASH TABLE","MEDIUM",622716,,"CLEAR",,true,2026-07-21T18:50:04.000Z,2026-08-23T20:28:18.563Z
"https://leetcode.com/problems/palindrome-rearrangement-queries/","Palindrome Rearrangement Queries","HASH TABLE","HARD",18133,,"CLEAR",,true,2026-07-21T18:50:04.000Z,2026-08-23T20:28:18.563Z
"https://leetcode.com/problems/palindromic-subarray-sum/","Palindromic Subarray Sum","HASH TABLE","HARD",18631,,"CLEAR",,false,2026-07-21T18:50:04.000Z,2026-07-21T18:50:04.000Z
"https://leetcode.com/problems/partition-array-into-k-distinct-groups/","Partition Array Into K-Distinct Groups","HASH TABLE","MEDIUM",119633,,"CLEAR",,true,2026-07-21T18:50:04.000Z,2026-08-23T20:28:18.563Z
"https://leetcode.com/problems/password-strength/","Password Strength","HASH TABLE","MEDIUM",65683,,"CLEAR",,true,2026-07-21T18:50:04.000Z,2026-08-23T20:28:18.563Z
"https://leetcode.com/problems/path-crossing/","Path Crossing","HASH TABLE","EASY",321677,,"CLEAR",,true,2026-07-21T18:50:04.000Z,2026-08-23T20:28:18.563Z
"https://leetcode.com/problems/people-whose-list-of-favorite-companies-is-not-a-subset-of-another-list/","People Whose List of Favorite Companies Is Not a Subset of Another List","HASH TABLE","MEDIUM",60276,,"CLEAR",,true,2026-07-21T18:50:04.000Z,2026-08-23T20:28:18.563Z
"https://leetcode.com/problems/perfect-rectangle/","Perfect Rectangle","HASH TABLE","HARD",169371,,"CLEAR",,true,2026-07-21T18:50:04.000Z,2026-08-23T20:28:18.563Z
"https://leetcode.com/problems/permutation-difference-between-two-strings/","Permutation Difference between Two Strings","HASH TABLE","EASY",135567,,"CLEAR",,true,2026-07-21T18:50:04.000Z,2026-08-23T20:28:18.563Z
"https://leetcode.com/problems/points-that-intersect-with-cars/","Points That Intersect With Cars","HASH TABLE","EASY",110883,,"CLEAR",,true,2026-07-21T18:50:04.000Z,2026-08-23T20:28:18.563Z
"https://leetcode.com/problems/powerful-integers/","Powerful Integers","HASH TABLE","MEDIUM",147444,,"CLEAR",,true,2026-07-21T18:50:04.000Z,2026-08-23T20:28:18.563Z
"https://leetcode.com/problems/random-flip-matrix/","Random Flip Matrix","HASH TABLE","MEDIUM",71201,,"CLEAR",,true,2026-07-21T18:50:04.000Z,2026-08-23T20:28:18.563Z
"https://leetcode.com/problems/random-pick-index/","Random Pick Index","HASH TABLE","MEDIUM",481956,,"CLEAR",,true,2026-07-21T18:50:04.000Z,2026-08-23T20:28:18.563Z
"https://leetcode.com/problems/random-pick-with-blacklist/","Random Pick with Blacklist","HASH TABLE","HARD",156319,,"CLEAR",,true,2026-07-21T18:50:04.000Z,2026-08-23T20:28:18.563Z
"https://leetcode.com/problems/random-point-in-non-overlapping-rectangles/","Random Point in Non-overlapping Rectangles","HASH TABLE","MEDIUM",138822,,"CLEAR",,true,2026-07-21T18:50:04.000Z,2026-08-23T20:28:18.563Z
"https://leetcode.com/problems/rank-teams-by-votes/","Rank Teams by Votes","HASH TABLE","MEDIUM",176187,,"CLEAR",,true,2026-07-21T18:50:04.000Z,2026-08-23T20:28:18.563Z
"https://leetcode.com/problems/rank-transform-of-an-array/","Rank Transform of an Array","HASH TABLE","EASY",628061,,"SUCCESS","class Solution {
public:
    vector<int> arrayRankTransform(vector<int>& arr) {
        map<int, int> mp;
        int i = 0;
        for (auto it : arr) {
            mp[it] = 0;
        }
        i = 1;
        for (auto& it : mp) {
            it.second = i++;
        }
        for (auto& it : arr) {
            it = mp[it];
        }
        return arr;
    }
};",true,2026-07-21T18:50:04.000Z,2026-08-23T20:28:18.563Z
"https://leetcode.com/problems/ransom-note/","Ransom Note","HASH TABLE","EASY",3143221,,"SUCCESS","class Solution {
public:
    bool canConstruct(string ransomNote, string magazine) {
        vector<int> letters(26,0);
        for(auto ch:magazine){
            letters[ch - 'a']++;
        }
        for(auto ch:ransomNote){
            letters[ch - 'a']--;
        }
        for(auto it:letters){
            if(it < 0){
                return false;
            }
        }
        return true;
    }
};",true,2026-07-21T18:50:04.000Z,2026-08-23T20:28:18.563Z
"https://leetcode.com/problems/rearrange-characters-to-make-target-string/","Rearrange Characters to Make Target String","HASH TABLE","EASY",103751,,"CLEAR",,true,2026-07-21T18:50:04.000Z,2026-08-23T20:28:18.563Z
"https://leetcode.com/problems/rearrange-k-substrings-to-form-target-string/","Rearrange K Substrings to Form Target String","HASH TABLE","MEDIUM",51389,,"CLEAR",,true,2026-07-21T18:50:04.000Z,2026-08-23T20:28:18.563Z
"https://leetcode.com/problems/reconstruct-original-digits-from-english/","Reconstruct Original Digits from English","HASH TABLE","MEDIUM",195127,,"CLEAR",,true,2026-07-21T18:50:04.000Z,2026-08-23T20:28:18.563Z
"https://leetcode.com/problems/redistribute-characters-to-make-all-strings-equal/","Redistribute Characters to Make All Strings Equal","HASH TABLE","EASY",243184,,"CLEAR",,true,2026-07-21T18:50:04.000Z,2026-08-23T20:28:18.563Z
"https://leetcode.com/problems/relative-sort-array/","Relative Sort Array","HASH TABLE","EASY",561516,,"CLEAR",,true,2026-07-21T18:50:04.000Z,2026-08-23T20:28:18.563Z
"https://leetcode.com/problems/relocate-marbles/","Relocate Marbles","HASH TABLE","MEDIUM",50993,,"CLEAR",,true,2026-07-21T18:50:04.000Z,2026-08-23T20:28:18.563Z
"https://leetcode.com/problems/remove-letter-to-equalize-frequency/","Remove Letter To Equalize Frequency","HASH TABLE","EASY",410739,,"CLEAR",,true,2026-07-21T18:50:04.000Z,2026-08-23T20:28:18.563Z
"https://leetcode.com/problems/reordered-power-of-2/","Reordered Power of 2","HASH TABLE","MEDIUM",352732,,"CLEAR",,true,2026-07-21T18:50:04.000Z,2026-08-23T20:28:18.563Z
"https://leetcode.com/problems/replace-elements-in-an-array/","Replace Elements in an Array","HASH TABLE","MEDIUM",83944,,"CLEAR",,true,2026-07-21T18:50:04.000Z,2026-08-23T20:28:18.563Z
"https://leetcode.com/problems/report-spam-message/","Report Spam Message","HASH TABLE","MEDIUM",122517,,"CLEAR",,true,2026-07-21T18:50:04.000Z,2026-08-23T20:28:18.563Z
"https://leetcode.com/problems/restore-finishing-order/","Restore Finishing Order","HASH TABLE","EASY",130211,,"CLEAR",,true,2026-07-21T18:50:04.000Z,2026-08-23T20:28:18.563Z
"https://leetcode.com/problems/right-triangles/","Right Triangles","HASH TABLE","MEDIUM",51229,,"CLEAR",,true,2026-07-21T18:50:04.000Z,2026-08-23T20:28:18.563Z
"https://leetcode.com/problems/rings-and-rods/","Rings and Rods","HASH TABLE","EASY",120487,,"CLEAR",,true,2026-07-21T18:50:04.000Z,2026-08-23T20:28:18.563Z
"https://leetcode.com/problems/roman-to-integer/","Roman to Integer","HASH TABLE","EASY",9295924,,"CLEAR",,true,2026-07-21T18:50:04.000Z,2026-08-23T20:28:18.563Z
"https://leetcode.com/problems/second-largest-digit-in-a-string/","Second Largest Digit in a String","HASH TABLE","EASY",212845,,"CLEAR",,true,2026-07-21T18:50:04.000Z,2026-08-23T20:28:18.563Z
"https://leetcode.com/problems/sender-with-largest-word-count/","Sender With Largest Word Count","HASH TABLE","MEDIUM",78775,,"CLEAR",,true,2026-07-21T18:50:04.000Z,2026-08-23T20:28:18.563Z
"https://leetcode.com/problems/sentence-similarity/","Sentence Similarity","HASH TABLE","EASY",171565,,"LOCKED",,true,2026-07-21T18:50:04.000Z,2026-08-23T20:28:18.563Z
"https://leetcode.com/problems/set-matrix-zeroes/","Set Matrix Zeroes","HASH TABLE","MEDIUM",4393871,,"SUCCESS","class Solution {
public:
    void setZeroes(vector<vector<int>>& matrix) {
        unordered_map<int, bool> iz;
        unordered_map<int, bool> jz;

        int m = matrix.size();
        int n = matrix[0].size();

        for (int i = 0; i < m; i++) {
            for (int j = 0; j < n; j++) {
                if (matrix[i][j] == 0) {
                    iz[i] = true;
                    jz[j] = true;
                }
            }
        }

        for (int i = 0; i < m; i++) {
            for (int j = 0; j < n; j++) {
                if (iz[i] || jz[j]) {
                    matrix[i][j] = 0;
                }
            }
        }
    }
};",true,2026-07-21T18:50:04.000Z,2026-08-23T20:28:18.563Z
"https://leetcode.com/problems/shortest-completing-word/","Shortest Completing Word","HASH TABLE","EASY",183191,,"CLEAR",,true,2026-07-21T18:50:04.000Z,2026-08-23T20:28:18.563Z
"https://leetcode.com/problems/shortest-palindrome/","Shortest Palindrome","HASH TABLE","HARD",873592,,"CLEAR",,true,2026-07-21T18:50:04.000Z,2026-08-23T20:28:18.563Z
"https://leetcode.com/problems/simple-bank-system/","Simple Bank System","HASH TABLE","MEDIUM",275433,,"CLEAR",,true,2026-07-21T18:50:04.000Z,2026-08-23T20:28:18.563Z
"https://leetcode.com/problems/single-row-keyboard/","Single-Row Keyboard","HASH TABLE","EASY",108300,,"LOCKED",,true,2026-07-21T18:50:04.000Z,2026-08-23T20:28:18.563Z
"https://leetcode.com/problems/sliding-subarray-beauty/","Sliding Subarray Beauty","HASH TABLE","MEDIUM",102514,,"CLEAR",,true,2026-07-21T18:50:04.000Z,2026-08-23T20:28:18.563Z
"https://leetcode.com/problems/smallest-absent-positive-greater-than-average/","Smallest Absent Positive Greater Than Average","HASH TABLE","EASY",115268,,"CLEAR",,true,2026-07-21T18:50:04.000Z,2026-08-23T20:28:18.563Z
"https://leetcode.com/problems/smallest-all-ones-multiple/","Smallest All-Ones Multiple","HASH TABLE","MEDIUM",60888,,"CLEAR",,true,2026-07-21T18:50:04.000Z,2026-08-23T20:28:18.563Z
"https://leetcode.com/problems/smallest-integer-divisible-by-k/","Smallest Integer Divisible by K","HASH TABLE","MEDIUM",366742,,"CLEAR",,true,2026-07-21T18:50:04.000Z,2026-08-23T20:28:18.563Z
"https://leetcode.com/problems/smallest-missing-integer-greater-than-sequential-prefix-sum/","Smallest Missing Integer Greater Than Sequential Prefix Sum","HASH TABLE","EASY",380084,,"CLEAR",,true,2026-07-21T18:50:04.000Z,2026-08-23T20:28:18.563Z
"https://leetcode.com/problems/smallest-missing-multiple-of-k/","Smallest Missing Multiple of K","HASH TABLE","EASY",301389,,"CLEAR",,true,2026-07-21T18:50:04.000Z,2026-08-23T20:28:18.563Z
"https://leetcode.com/problems/smallest-pair-with-different-frequencies/","Smallest Pair With Different Frequencies","HASH TABLE","EASY",59101,,"CLEAR",,true,2026-07-21T18:50:04.000Z,2026-08-23T20:28:18.563Z
"https://leetcode.com/problems/smallest-palindromic-rearrangement-ii/","Smallest Palindromic Rearrangement II","HASH TABLE","HARD",170244,,"CLEAR",,true,2026-07-21T18:50:04.000Z,2026-08-23T20:28:18.563Z
"https://leetcode.com/problems/smallest-unique-subarray/","Smallest Unique Subarray","HASH TABLE","HARD",21196,,"CLEAR",,true,2026-07-21T18:50:04.000Z,2026-08-23T20:28:18.563Z
"https://leetcode.com/problems/snapshot-array/","Snapshot Array","HASH TABLE","MEDIUM",793410,,"CLEAR",,true,2026-07-21T18:50:04.000Z,2026-08-23T20:28:18.563Z
"https://leetcode.com/problems/sort-array-by-increasing-frequency/","Sort Array by Increasing Frequency","HASH TABLE","EASY",453649,,"CLEAR",,true,2026-07-21T18:50:04.000Z,2026-08-23T20:28:18.563Z
"https://leetcode.com/problems/sort-array-by-moving-items-to-empty-space/","Sort Array by Moving Items to Empty Space","HASH TABLE","HARD",6874,,"LOCKED",,true,2026-07-21T18:50:04.000Z,2026-08-23T20:28:18.563Z
"https://leetcode.com/problems/sort-features-by-popularity/","Sort Features by Popularity","HASH TABLE","MEDIUM",11569,,"LOCKED",,true,2026-07-21T18:50:04.000Z,2026-08-23T20:28:18.563Z
"https://leetcode.com/problems/sort-the-people/","Sort the People","HASH TABLE","EASY",471353,,"CLEAR",,true,2026-07-21T18:50:04.000Z,2026-08-23T20:28:18.563Z
"https://leetcode.com/problems/sorted-gcd-pair-queries/","Sorted GCD Pair Queries","HASH TABLE","HARD",128527,,"CLEAR",,true,2026-07-21T18:50:04.000Z,2026-08-23T20:28:18.563Z
"https://leetcode.com/problems/sparse-matrix-multiplication/","Sparse Matrix Multiplication","HASH TABLE","MEDIUM",325115,,"LOCKED",,true,2026-07-21T18:50:04.000Z,2026-08-23T20:28:18.563Z
"https://leetcode.com/problems/split-array-with-equal-sum/","Split Array with Equal Sum","HASH TABLE","HARD",50262,,"LOCKED",,true,2026-07-21T18:50:04.000Z,2026-08-23T20:28:18.563Z
"https://leetcode.com/problems/split-the-array/","Split the Array","HASH TABLE","EASY",145547,,"CLEAR",,true,2026-07-21T18:50:04.000Z,2026-08-23T20:28:18.563Z
"https://leetcode.com/problems/split-the-array-to-make-coprime-products/","Split the Array to Make Coprime Products","HASH TABLE","HARD",68052,,"CLEAR",,true,2026-07-21T18:50:04.000Z,2026-08-23T20:28:18.563Z
"https://leetcode.com/problems/stable-subarrays-with-equal-boundary-and-interior-sum/","Stable Subarrays With Equal Boundary and Interior Sum","HASH TABLE","MEDIUM",64865,,"CLEAR",,true,2026-07-21T18:50:04.000Z,2026-08-23T20:28:18.563Z
"https://leetcode.com/problems/strings-differ-by-one-character/","Strings Differ by One Character","HASH TABLE","MEDIUM",71038,,"LOCKED",,true,2026-07-21T18:50:04.000Z,2026-08-23T20:28:18.563Z
"https://leetcode.com/problems/subarray-sum-equals-k/","Subarray Sum Equals K","HASH TABLE","MEDIUM",5671734,,"CLEAR",,true,2026-07-21T18:50:04.000Z,2026-08-23T20:28:18.563Z
"https://leetcode.com/problems/subarray-sums-divisible-by-k/","Subarray Sums Divisible by K","HASH TABLE","MEDIUM",952929,,"CLEAR",,true,2026-07-21T18:50:04.000Z,2026-08-23T20:28:18.563Z
"https://leetcode.com/problems/subarrays-with-k-different-integers/","Subarrays with K Different Integers","HASH TABLE","HARD",656164,,"CLEAR",,true,2026-07-21T18:50:04.000Z,2026-08-23T20:28:18.563Z
"https://leetcode.com/problems/subdomain-visit-count/","Subdomain Visit Count","HASH TABLE","MEDIUM",347710,,"CLEAR",,true,2026-07-21T18:50:04.000Z,2026-08-23T20:28:18.563Z
"https://leetcode.com/problems/subsequences-with-a-unique-middle-mode-i/","Subsequences with a Unique Middle Mode I","HASH TABLE","HARD",14308,,"CLEAR",,true,2026-07-21T18:50:04.000Z,2026-08-23T20:28:18.563Z
"https://leetcode.com/problems/subsequences-with-a-unique-middle-mode-ii/","Subsequences with a Unique Middle Mode II","HASH TABLE","HARD",1763,,"LOCKED",,true,2026-07-21T18:50:04.000Z,2026-08-23T20:28:18.563Z
"https://leetcode.com/problems/substring-with-concatenation-of-all-words/","Substring with Concatenation of All Words","HASH TABLE","HARD",2190422,,"CLEAR",,true,2026-07-21T18:50:04.000Z,2026-08-23T20:28:18.563Z
"https://leetcode.com/problems/substrings-of-size-three-with-distinct-characters/","Substrings of Size Three with Distinct Characters","HASH TABLE","EASY",311280,,"CLEAR",,true,2026-07-21T18:50:04.000Z,2026-08-23T20:28:18.563Z
"https://leetcode.com/problems/substrings-that-begin-and-end-with-the-same-letter/","Substrings That Begin and End With the Same Letter","HASH TABLE","MEDIUM",19113,,"LOCKED",,true,2026-07-21T18:50:04.000Z,2026-08-23T20:28:18.563Z
"https://leetcode.com/problems/sum-of-beauty-of-all-substrings/","Sum of Beauty of All Substrings","HASH TABLE","MEDIUM",296299,,"CLEAR",,true,2026-07-21T18:50:04.000Z,2026-08-23T20:28:18.563Z
"https://leetcode.com/problems/sum-of-digit-differences-of-all-pairs/","Sum of Digit Differences of All Pairs","HASH TABLE","MEDIUM",71384,,"CLEAR",,true,2026-07-21T18:50:04.000Z,2026-08-23T20:28:18.563Z
"https://leetcode.com/problems/sum-of-distances/","Sum of Distances","HASH TABLE","MEDIUM",231641,,"CLEAR",,true,2026-07-21T18:50:04.000Z,2026-08-23T20:28:18.563Z
"https://leetcode.com/problems/sum-of-elements-with-frequency-divisible-by-k/","Sum of Elements With Frequency Divisible by K","HASH TABLE","EASY",73291,,"CLEAR",,true,2026-07-21T18:50:04.000Z,2026-08-23T20:28:18.563Z
"https://leetcode.com/problems/sum-of-imbalance-numbers-of-all-subarrays/","Sum of Imbalance Numbers of All Subarrays","HASH TABLE","HARD",23454,,"CLEAR",,true,2026-07-21T18:50:04.000Z,2026-08-23T20:28:18.563Z
"https://leetcode.com/problems/sum-of-largest-prime-substrings/","Sum of Largest Prime Substrings","HASH TABLE","MEDIUM",68558,,"CLEAR",,true,2026-07-21T18:50:04.000Z,2026-08-23T20:28:18.563Z
"https://leetcode.com/problems/sum-of-matrix-after-queries/","Sum of Matrix After Queries","HASH TABLE","MEDIUM",79651,,"CLEAR",,true,2026-07-21T18:50:04.000Z,2026-08-23T20:28:18.563Z
"https://leetcode.com/problems/sum-of-scores-of-built-strings/","Sum of Scores of Built Strings","HASH TABLE","HARD",36086,,"CLEAR",,true,2026-07-21T18:50:04.000Z,2026-08-23T20:28:18.563Z
"https://leetcode.com/problems/sum-of-unique-elements/","Sum of Unique Elements","HASH TABLE","EASY",351338,,"CLEAR",,true,2026-07-21T18:50:04.000Z,2026-08-23T20:28:18.563Z
"https://leetcode.com/problems/sum-of-weighted-modes-in-subarrays/","Sum of Weighted Modes in Subarrays","HASH TABLE","MEDIUM",1107,,"LOCKED",,true,2026-07-21T18:50:04.000Z,2026-08-23T20:28:18.563Z
"https://leetcode.com/problems/swap-for-longest-repeated-character-substring/","Swap For Longest Repeated Character Substring","HASH TABLE","MEDIUM",98166,,"CLEAR",,true,2026-07-21T18:50:04.000Z,2026-08-23T20:28:18.563Z
"https://leetcode.com/problems/take-k-of-each-character-from-left-and-right/","Take K of Each Character From Left and Right","HASH TABLE","MEDIUM",230236,,"CLEAR",,true,2026-07-21T18:50:04.000Z,2026-08-23T20:28:18.563Z
"https://leetcode.com/problems/task-scheduler-ii/","Task Scheduler II","HASH TABLE","MEDIUM",111980,,"CLEAR",,true,2026-07-21T18:50:04.000Z,2026-08-23T20:28:18.563Z
"https://leetcode.com/problems/the-two-sneaky-numbers-of-digitville/","The Two Sneaky Numbers of Digitville","HASH TABLE","EASY",297384,,"CLEAR",,true,2026-07-21T18:50:04.000Z,2026-08-23T20:28:18.563Z
"https://leetcode.com/problems/time-based-key-value-store/","Time Based Key-Value Store","HASH TABLE","MEDIUM",1572128,"The accepted solution can be optimized further, and the key insight is recognizing that the timestamps are already inserted in sorted order, making a map unnecessary.","TLE","class TimeMap {
    unordered_map<string, map<int, string>> mp;

public:
    TimeMap() {}

    void set(string key, string value, int timestamp) {
        if (!mp.contains(key)) {
            map<int, string> me;
            mp[key] = me;
        }
        mp[key][timestamp] = value;
    }

    string get(string key, int timestamp) {
        if (mp.contains(key)) {

            auto it = mp[key].end();
            it--; // RCA: map.end() points past the last element, so it cannot
                  // be dereferenced (it->first); decrement it first to access
                  // the last element.

            while (it->first > timestamp) {
                if (it == mp[key].begin()) {
                    return """";
                }
                it--;
            }

            return it->second;
        }
        return """";
    }
};

/**
 * Your TimeMap object will be instantiated and called as such:
 * TimeMap* obj = new TimeMap();
 * obj->set(key,value,timestamp);
 * string param_2 = obj->get(key,timestamp);
 */",true,2026-07-21T18:50:04.000Z,2026-08-29T08:26:23.482Z
"https://leetcode.com/problems/toggle-light-bulbs/","Toggle Light Bulbs","HASH TABLE","EASY",90934,,"CLEAR",,true,2026-07-21T18:50:04.000Z,2026-08-23T20:28:18.563Z
"https://leetcode.com/problems/total-distance-to-type-a-string-using-one-finger/","Total Distance to Type a String Using One Finger","HASH TABLE","MEDIUM",1067,,"LOCKED",,true,2026-07-21T18:50:04.000Z,2026-08-23T20:28:18.563Z
"https://leetcode.com/problems/tuple-with-same-product/","Tuple with Same Product","HASH TABLE","MEDIUM",287347,,"CLEAR",,true,2026-07-21T18:50:04.000Z,2026-08-23T20:28:18.563Z
"https://leetcode.com/problems/tweet-counts-per-frequency/","Tweet Counts Per Frequency","HASH TABLE","MEDIUM",88821,,"CLEAR",,true,2026-07-21T18:50:04.000Z,2026-08-23T20:28:18.563Z
"https://leetcode.com/problems/two-sum/","Two Sum","HASH TABLE","EASY",40291488,,"SUCCESS","class Solution {
public:
    vector<int> twoSum(vector<int>& nums, int target) {
        unordered_map<int,int> mp;
        int i = 0;
        for(auto it:nums){
            if(mp.contains(target - it)){
                return {mp[target-it],i};
            }
            mp[it] = i++;
        }
        return {};
    }
};",true,2026-07-21T18:50:04.000Z,2026-08-23T20:28:18.563Z
"https://leetcode.com/problems/two-letter-card-game/","Two-Letter Card Game","HASH TABLE","MEDIUM",92594,,"CLEAR",,true,2026-07-21T18:50:04.000Z,2026-08-23T20:28:18.563Z
"https://leetcode.com/problems/uncommon-words-from-two-sentences/","Uncommon Words from Two Sentences","HASH TABLE","EASY",461397,,"CLEAR",,true,2026-07-21T18:50:04.000Z,2026-08-23T20:28:18.563Z
"https://leetcode.com/problems/unique-email-addresses/","Unique Email Addresses","HASH TABLE","EASY",870343,,"SUCCESS","class Solution {
public:
    int numUniqueEmails(vector<string>& emails) {
        unordered_set<string> st;
        for (auto email : emails) {

            bool plus = false;
            bool atrate = false;

            string str = """";
            for (auto ch : email) {
                if (ch == '+') {
                    plus = true;
                }
                if (ch == '@') {
                    atrate = true;
                }
                if ((!plus && !atrate && ch != '.') || atrate) {
                    str.push_back(ch);
                }
            }

            st.insert(str);
        }
        return st.size();
    }
};",true,2026-07-21T18:50:04.000Z,2026-08-23T20:28:18.563Z
"https://leetcode.com/problems/unique-email-groups/","Unique Email Groups","HASH TABLE","MEDIUM",937,,"LOCKED",,true,2026-07-21T18:50:04.000Z,2026-08-23T20:28:18.563Z
"https://leetcode.com/problems/unique-morse-code-words/","Unique Morse Code Words","HASH TABLE","EASY",500761,,"CLEAR",,true,2026-07-21T18:50:04.000Z,2026-08-23T20:28:18.563Z
"https://leetcode.com/problems/unique-number-of-occurrences/","Unique Number of Occurrences","HASH TABLE","EASY",1314869,,"CLEAR",,true,2026-07-21T18:50:04.000Z,2026-08-23T20:28:18.563Z
"https://leetcode.com/problems/unique-substrings-with-equal-digit-frequency/","Unique Substrings With Equal Digit Frequency","HASH TABLE","MEDIUM",15829,,"LOCKED",,true,2026-07-21T18:50:04.000Z,2026-08-23T20:28:18.563Z
"https://leetcode.com/problems/unique-word-abbreviation/","Unique Word Abbreviation","HASH TABLE","MEDIUM",297285,,"LOCKED",,true,2026-07-21T18:50:04.000Z,2026-08-23T20:28:18.563Z
"https://leetcode.com/problems/valid-anagram/","Valid Anagram","HASH TABLE","EASY",9792510,,"SUCCESS","class Solution {
public:
    bool isAnagram(string s, string t) {
        unordered_map<char,int> mp;
        for(auto ch:s){
            mp[ch]++;
        }
        for(auto ch:t){
            mp[ch]--;
        }
        for(auto pr: mp){
            if(pr.second != 0){
                return false;
            }
        }
        return true;
    }
};",true,2026-07-21T18:50:04.000Z,2026-08-23T20:28:18.563Z
"https://leetcode.com/problems/valid-subarrays-with-matching-sum-digits-i/","Valid Subarrays With Matching Sum Digits I","HASH TABLE","MEDIUM",87701,,"CLEAR",,true,2026-07-21T18:50:04.000Z,2026-08-23T20:28:18.563Z
"https://leetcode.com/problems/valid-subarrays-with-matching-sum-digits-ii/","Valid Subarrays With Matching Sum Digits II","HASH TABLE","HARD",688,,"LOCKED",,true,2026-07-21T18:50:04.000Z,2026-08-23T20:28:18.563Z
"https://leetcode.com/problems/valid-sudoku/","Valid Sudoku","HASH TABLE","MEDIUM",4055495,,"CLEAR",,true,2026-07-21T18:50:04.000Z,2026-08-23T20:28:18.563Z
"https://leetcode.com/problems/verifying-an-alien-dictionary/","Verifying an Alien Dictionary","HASH TABLE","EASY",1060463,,"SUCCESS","class Solution {
public:
    bool isAlienSorted(vector<string>& words, string order) {
        unordered_map<char, char> alien_to_human;
        vector<string> human_words;
        int i = 0, n = words.size();
        for (auto ch : order) {
            alien_to_human[ch] = 'a' + i++;
        }
        for (auto& word : words) {
            int j = 0, m = word.size();
            while (j < m) {
                word[j] = alien_to_human[word[j]];
                j++;
            }
            human_words.push_back(word);
        }
        sort(human_words.begin(), human_words.end());
        i = 0;

        while (i < n) {
            if (words[i] != human_words[i]) {
                return false;
            }
            i++;
        }

        return true;
    }
};",true,2026-07-21T18:50:04.000Z,2026-08-23T20:28:18.563Z
"https://leetcode.com/problems/vowel-spellchecker/","Vowel Spellchecker","HASH TABLE","MEDIUM",232246,,"CLEAR",,true,2026-07-21T18:50:04.000Z,2026-08-23T20:28:18.563Z
"https://leetcode.com/problems/walking-robot-simulation/","Walking Robot Simulation","HASH TABLE","MEDIUM",406104,,"CLEAR",,true,2026-07-21T18:50:04.000Z,2026-08-23T20:28:18.563Z
"https://leetcode.com/problems/widest-pair-of-indices-with-equal-range-sum/","Widest Pair of Indices With Equal Range Sum","HASH TABLE","MEDIUM",6877,,"LOCKED",,true,2026-07-21T18:50:04.000Z,2026-08-23T20:28:18.563Z
"https://leetcode.com/problems/widest-possible-fence/","Widest Possible Fence","HASH TABLE","HARD",85080,,"CLEAR",,false,2026-09-07T18:13:42.370Z,2026-09-07T18:13:42.370Z
"https://leetcode.com/problems/word-pattern/","Word Pattern","HASH TABLE","EASY",2647629,,"SUCCESS","class Solution {
public:
    bool wordPattern(string pattern, string s) {
        int i = -1, j = -1, n = s.size(), m = pattern.size();
        vector<string> words;
        for(int k = 0; k < n; k++){
            if(s[k] != ' '){
                if(i == -1){
                    if(k == 0){
                        i = k;
                    }
                    if(k > 0 && s[k-1] == ' '){
                        i = k;
                    }
                }
                if(j == -1){
                    if(k == n-1){
                        j = k;
                    }
                    if(k < n-1 && s[k+1] == ' '){
                        j = k;
                    }
                }
            }
            if(i >= 0 && j >= 0){
                words.push_back(s.substr(i, j - i + 1));
                i = -1; j = -1;
            }
        }
        if(words.size() != m){
            return false;
        }

        unordered_map<string,char> mpsc;
        unordered_map<char,string> mpcs;

        for(int i = 0; i < m; i++){
            char ch = pattern[i];
            string word = words[i];
            if(mpcs.contains(ch) && mpcs[ch] != word){
                return false;
            }
            mpcs[ch] = word;
            if(mpsc.contains(word) && mpsc[word] != ch){
                return false;
            }
            mpsc[word] = ch;
        }

        return true;
    }
};",true,2026-07-21T18:50:04.000Z,2026-08-23T20:28:18.563Z
"https://leetcode.com/problems/word-subsets/","Word Subsets","HASH TABLE","MEDIUM",479471,,"CLEAR",,true,2026-07-21T18:50:04.000Z,2026-08-23T20:28:18.563Z
"https://leetcode.com/problems/x-of-a-kind-in-a-deck-of-cards/","X of a Kind in a Deck of Cards","HASH TABLE","EASY",542559,,"CLEAR",,true,2026-07-21T18:50:04.000Z,2026-08-23T20:28:18.563Z
"https://leetcode.com/problems/average-height-of-buildings-in-each-segment/","Average Height of Buildings in Each Segment","HEAP (PRIORITY QUEUE)","MEDIUM",4878,,"LOCKED",,false,2026-07-21T18:50:04.000Z,2026-07-21T18:50:04.000Z
"https://leetcode.com/problems/campus-bikes/","Campus Bikes","HEAP (PRIORITY QUEUE)","MEDIUM",133915,,"LOCKED",,false,2026-07-21T18:50:04.000Z,2026-07-21T18:50:04.000Z
"https://leetcode.com/problems/car-fleet-ii/","Car Fleet II","HEAP (PRIORITY QUEUE)","HARD",59924,,"CLEAR",,false,2026-07-21T18:50:04.000Z,2026-07-21T18:50:04.000Z
"https://leetcode.com/problems/car-pooling/","Car Pooling","HEAP (PRIORITY QUEUE)","MEDIUM",626246,,"CLEAR",,false,2026-07-21T18:50:04.000Z,2026-07-21T18:50:04.000Z
"https://leetcode.com/problems/choose-k-elements-with-maximum-sum/","Choose K Elements With Maximum Sum","HEAP (PRIORITY QUEUE)","MEDIUM",63870,,"CLEAR",,false,2026-07-21T18:50:04.000Z,2026-07-21T18:50:04.000Z
"https://leetcode.com/problems/construct-target-array-with-multiple-sums/","Construct Target Array With Multiple Sums","HEAP (PRIORITY QUEUE)","HARD",246632,,"CLEAR",,false,2026-07-21T18:50:04.000Z,2026-07-21T18:50:04.000Z
"https://leetcode.com/problems/continuous-subarrays/","Continuous Subarrays","HEAP (PRIORITY QUEUE)","MEDIUM",212168,,"CLEAR",,false,2026-07-21T18:50:04.000Z,2026-07-21T18:50:04.000Z
"https://leetcode.com/problems/delete-greatest-value-in-each-row/","Delete Greatest Value in Each Row","HEAP (PRIORITY QUEUE)","EASY",123310,,"CLEAR",,false,2026-07-21T18:50:04.000Z,2026-07-21T18:50:04.000Z
"https://leetcode.com/problems/design-a-3d-binary-matrix-with-efficient-layer-tracking/","Design a 3D Binary Matrix with Efficient Layer Tracking","HEAP (PRIORITY QUEUE)","MEDIUM",1908,,"LOCKED",,false,2026-07-21T18:50:04.000Z,2026-07-21T18:50:04.000Z
"https://leetcode.com/problems/design-a-file-sharing-system/","Design a File Sharing System","HEAP (PRIORITY QUEUE)","MEDIUM",17189,,"LOCKED",,false,2026-07-21T18:50:04.000Z,2026-07-21T18:50:04.000Z
"https://leetcode.com/problems/design-a-food-rating-system/","Design a Food Rating System","HEAP (PRIORITY QUEUE)","MEDIUM",348786,,"CLEAR",,false,2026-07-21T18:50:04.000Z,2026-07-21T18:50:04.000Z
"https://leetcode.com/problems/design-a-number-container-system/","Design a Number Container System","HEAP (PRIORITY QUEUE)","MEDIUM",264499,,"CLEAR",,false,2026-07-21T18:50:04.000Z,2026-07-21T18:50:04.000Z
"https://leetcode.com/problems/design-an-array-statistics-tracker/","Design an Array Statistics Tracker ","HEAP (PRIORITY QUEUE)","HARD",4396,,"LOCKED",,false,2026-07-21T18:50:04.000Z,2026-07-21T18:50:04.000Z
"https://leetcode.com/problems/design-auction-system/","Design Auction System","HEAP (PRIORITY QUEUE)","MEDIUM",41797,,"CLEAR",,false,2026-07-21T18:50:04.000Z,2026-07-21T18:50:04.000Z
"https://leetcode.com/problems/design-event-manager/","Design Event Manager","HEAP (PRIORITY QUEUE)","MEDIUM",61596,,"CLEAR",,false,2026-07-21T18:50:04.000Z,2026-07-21T18:50:04.000Z
"https://leetcode.com/problems/design-movie-rental-system/","Design Movie Rental System","HEAP (PRIORITY QUEUE)","HARD",120417,,"CLEAR",,false,2026-07-21T18:50:04.000Z,2026-07-21T18:50:04.000Z
"https://leetcode.com/problems/design-task-manager/","Design Task Manager","HEAP (PRIORITY QUEUE)","MEDIUM",215125,,"CLEAR",,false,2026-07-21T18:50:04.000Z,2026-07-21T18:50:04.000Z
"https://leetcode.com/problems/design-video-sharing-platform/","Design Video Sharing Platform","HEAP (PRIORITY QUEUE)","HARD",9187,,"LOCKED",,false,2026-07-21T18:50:04.000Z,2026-07-21T18:50:04.000Z
"https://leetcode.com/problems/diagonal-traverse-ii/","Diagonal Traverse II","HEAP (PRIORITY QUEUE)","MEDIUM",311417,,"CLEAR",,false,2026-07-21T18:50:04.000Z,2026-07-21T18:50:04.000Z
"https://leetcode.com/problems/dinner-plate-stacks/","Dinner Plate Stacks","HEAP (PRIORITY QUEUE)","HARD",74794,,"CLEAR",,false,2026-07-21T18:50:04.000Z,2026-07-21T18:50:04.000Z
"https://leetcode.com/problems/divide-an-array-into-subarrays-with-minimum-cost-ii/","Divide an Array Into Subarrays With Minimum Cost II","HEAP (PRIORITY QUEUE)","HARD",137919,,"CLEAR",,false,2026-07-21T18:50:04.000Z,2026-07-21T18:50:04.000Z
"https://leetcode.com/problems/employee-free-time/","Employee Free Time","HEAP (PRIORITY QUEUE)","HARD",253552,,"LOCKED",,false,2026-07-21T18:50:04.000Z,2026-07-21T18:50:04.000Z
"https://leetcode.com/problems/exam-room/","Exam Room","HEAP (PRIORITY QUEUE)","MEDIUM",179055,,"CLEAR",,false,2026-07-21T18:50:04.000Z,2026-07-21T18:50:04.000Z
"https://leetcode.com/problems/final-array-state-after-k-multiplication-operations-i/","Final Array State After K Multiplication Operations I","HEAP (PRIORITY QUEUE)","EASY",246690,,"CLEAR",,false,2026-07-21T18:50:04.000Z,2026-07-21T18:50:04.000Z
"https://leetcode.com/problems/final-array-state-after-k-multiplication-operations-ii/","Final Array State After K Multiplication Operations II","HEAP (PRIORITY QUEUE)","HARD",89647,,"CLEAR",,false,2026-07-21T18:50:04.000Z,2026-07-21T18:50:04.000Z
"https://leetcode.com/problems/find-k-pairs-with-smallest-sums/","Find K Pairs with Smallest Sums","HEAP (PRIORITY QUEUE)","MEDIUM",1163654,,"CLEAR",,false,2026-07-21T18:50:04.000Z,2026-07-21T18:50:04.000Z
"https://leetcode.com/problems/find-score-of-an-array-after-marking-all-elements/","Find Score of an Array After Marking All Elements","HEAP (PRIORITY QUEUE)","MEDIUM",213966,,"CLEAR",,false,2026-07-21T18:50:04.000Z,2026-07-21T18:50:04.000Z
"https://leetcode.com/problems/find-servers-that-handled-most-number-of-requests/","Find Servers That Handled Most Number of Requests","HEAP (PRIORITY QUEUE)","HARD",67836,,"CLEAR",,false,2026-07-21T18:50:04.000Z,2026-07-21T18:50:04.000Z
"https://leetcode.com/problems/find-subsequence-of-length-k-with-the-largest-sum/","Find Subsequence of Length K With the Largest Sum","HEAP (PRIORITY QUEUE)","EASY",324818,,"CLEAR",,false,2026-07-21T18:50:04.000Z,2026-07-21T18:50:04.000Z
"https://leetcode.com/problems/find-the-k-sum-of-an-array/","Find the K-Sum of an Array","HEAP (PRIORITY QUEUE)","HARD",35772,,"CLEAR",,false,2026-07-21T18:50:04.000Z,2026-07-21T18:50:04.000Z
"https://leetcode.com/problems/find-the-kth-smallest-sum-of-a-matrix-with-sorted-rows/","Find the Kth Smallest Sum of a Matrix With Sorted Rows","HEAP (PRIORITY QUEUE)","HARD",72735,,"CLEAR",,false,2026-07-21T18:50:04.000Z,2026-07-21T18:50:04.000Z
"https://leetcode.com/problems/find-x-sum-of-all-k-long-subarrays-i/","Find X-Sum of All K-Long Subarrays I","HEAP (PRIORITY QUEUE)","EASY",193137,,"CLEAR",,false,2026-07-21T18:50:04.000Z,2026-07-21T18:50:04.000Z
"https://leetcode.com/problems/find-x-sum-of-all-k-long-subarrays-ii/","Find X-Sum of All K-Long Subarrays II","HEAP (PRIORITY QUEUE)","HARD",161569,,"CLEAR",,false,2026-07-21T18:50:04.000Z,2026-07-21T18:50:04.000Z
"https://leetcode.com/problems/finding-mk-average/","Finding MK Average","HEAP (PRIORITY QUEUE)","HARD",77363,,"CLEAR",,false,2026-07-21T18:50:04.000Z,2026-07-21T18:50:04.000Z
"https://leetcode.com/problems/get-biggest-three-rhombus-sums-in-a-grid/","Get Biggest Three Rhombus Sums in a Grid","HEAP (PRIORITY QUEUE)","MEDIUM",127258,,"CLEAR",,false,2026-07-21T18:50:04.000Z,2026-07-21T18:50:04.000Z
"https://leetcode.com/problems/high-five/","High Five","HEAP (PRIORITY QUEUE)","EASY",169364,,"LOCKED",,false,2026-07-21T18:50:04.000Z,2026-07-21T18:50:04.000Z
"https://leetcode.com/problems/k-th-nearest-obstacle-queries/","K-th Nearest Obstacle Queries","HEAP (PRIORITY QUEUE)","MEDIUM",76361,,"CLEAR",,false,2026-07-21T18:50:04.000Z,2026-07-21T18:50:04.000Z
"https://leetcode.com/problems/kth-smallest-element-in-a-sorted-matrix/","Kth Smallest Element in a Sorted Matrix","HEAP (PRIORITY QUEUE)","MEDIUM",1299040,,"CLEAR",,false,2026-07-21T18:50:04.000Z,2026-07-21T18:50:04.000Z
"https://leetcode.com/problems/largest-number-after-digit-swaps-by-parity/","Largest Number After Digit Swaps by Parity","HEAP (PRIORITY QUEUE)","EASY",108228,,"CLEAR",,false,2026-07-21T18:50:04.000Z,2026-07-21T18:50:04.000Z
"https://leetcode.com/problems/last-stone-weight/","Last Stone Weight","HEAP (PRIORITY QUEUE)","EASY",1511480,,"CLEAR",,false,2026-07-21T18:50:04.000Z,2026-07-21T18:50:04.000Z
"https://leetcode.com/problems/longest-continuous-subarray-with-absolute-diff-less-than-or-equal-to-limit/","Longest Continuous Subarray With Absolute Diff Less Than or Equal to Limit","HEAP (PRIORITY QUEUE)","MEDIUM",572451,,"CLEAR",,false,2026-07-21T18:50:04.000Z,2026-07-21T18:50:04.000Z
"https://leetcode.com/problems/mark-elements-on-array-by-performing-queries/","Mark Elements on Array by Performing Queries","HEAP (PRIORITY QUEUE)","MEDIUM",47681,,"CLEAR",,false,2026-07-21T18:50:04.000Z,2026-07-21T18:50:04.000Z
"https://leetcode.com/problems/max-sum-of-a-pair-with-equal-sum-of-digits/","Max Sum of a Pair With Equal Sum of Digits","HEAP (PRIORITY QUEUE)","MEDIUM",386196,,"CLEAR",,false,2026-07-21T18:50:04.000Z,2026-07-21T18:50:04.000Z
"https://leetcode.com/problems/max-value-of-equation/","Max Value of Equation","HEAP (PRIORITY QUEUE)","HARD",128235,,"CLEAR",,false,2026-07-21T18:50:04.000Z,2026-07-21T18:50:04.000Z
"https://leetcode.com/problems/maximum-number-of-robots-within-budget/","Maximum Number of Robots Within Budget","HEAP (PRIORITY QUEUE)","HARD",98067,,"CLEAR",,false,2026-07-21T18:50:04.000Z,2026-07-21T18:50:04.000Z
"https://leetcode.com/problems/maximum-product-of-two-elements-in-an-array/","Maximum Product of Two Elements in an Array","HEAP (PRIORITY QUEUE)","EASY",828079,,"CLEAR",,false,2026-07-21T18:50:04.000Z,2026-07-21T18:50:04.000Z
"https://leetcode.com/problems/meeting-rooms-iii/","Meeting Rooms III","HEAP (PRIORITY QUEUE)","HARD",600534,,"CLEAR",,false,2026-07-21T18:50:04.000Z,2026-07-21T18:50:04.000Z
"https://leetcode.com/problems/minimum-deletions-to-make-array-divisible/","Minimum Deletions to Make Array Divisible","HEAP (PRIORITY QUEUE)","HARD",83173,,"CLEAR",,false,2026-07-21T18:50:04.000Z,2026-07-21T18:50:04.000Z
"https://leetcode.com/problems/minimum-interval-to-include-each-query/","Minimum Interval to Include Each Query","HEAP (PRIORITY QUEUE)","HARD",144474,,"CLEAR",,false,2026-07-21T18:50:04.000Z,2026-07-21T18:50:04.000Z
"https://leetcode.com/problems/minimum-number-game/","Minimum Number Game","HEAP (PRIORITY QUEUE)","EASY",197740,,"CLEAR",,false,2026-07-21T18:50:04.000Z,2026-07-21T18:50:04.000Z
"https://leetcode.com/problems/minimum-operations-to-exceed-threshold-value-ii/","Minimum Operations to Exceed Threshold Value II","HEAP (PRIORITY QUEUE)","MEDIUM",420471,,"CLEAR",,false,2026-07-21T18:50:04.000Z,2026-07-21T18:50:04.000Z
"https://leetcode.com/problems/minimum-operations-to-make-subarray-elements-equal/","Minimum Operations to Make Subarray Elements Equal","HEAP (PRIORITY QUEUE)","MEDIUM",1683,,"LOCKED",,false,2026-07-21T18:50:04.000Z,2026-07-21T18:50:04.000Z
"https://leetcode.com/problems/most-frequent-ids/","Most Frequent IDs","HEAP (PRIORITY QUEUE)","MEDIUM",62633,,"CLEAR",,false,2026-07-21T18:50:04.000Z,2026-07-21T18:50:04.000Z
"https://leetcode.com/problems/most-popular-video-creator/","Most Popular Video Creator","HEAP (PRIORITY QUEUE)","MEDIUM",64613,,"CLEAR",,false,2026-07-21T18:50:04.000Z,2026-07-21T18:50:04.000Z
"https://leetcode.com/problems/next-greater-element-iv/","Next Greater Element IV","HEAP (PRIORITY QUEUE)","HARD",48842,,"CLEAR",,false,2026-07-21T18:50:04.000Z,2026-07-21T18:50:04.000Z
"https://leetcode.com/problems/number-of-orders-in-the-backlog/","Number of Orders in the Backlog","HEAP (PRIORITY QUEUE)","MEDIUM",75457,,"CLEAR",,false,2026-07-21T18:50:04.000Z,2026-07-21T18:50:04.000Z
"https://leetcode.com/problems/process-tasks-using-servers/","Process Tasks Using Servers","HEAP (PRIORITY QUEUE)","MEDIUM",119216,,"CLEAR",,false,2026-07-21T18:50:04.000Z,2026-07-21T18:50:04.000Z
"https://leetcode.com/problems/relative-ranks/","Relative Ranks","HEAP (PRIORITY QUEUE)","EASY",588866,,"CLEAR",,false,2026-07-21T18:50:04.000Z,2026-07-21T18:50:04.000Z
"https://leetcode.com/problems/reward-top-k-students/","Reward Top K Students","HEAP (PRIORITY QUEUE)","MEDIUM",68763,,"CLEAR",,false,2026-07-21T18:50:04.000Z,2026-07-21T18:50:04.000Z
"https://leetcode.com/problems/seat-reservation-manager/","Seat Reservation Manager","HEAP (PRIORITY QUEUE)","MEDIUM",227919,,"CLEAR",,false,2026-07-21T18:50:04.000Z,2026-07-21T18:50:04.000Z
"https://leetcode.com/problems/sequentially-ordinal-rank-tracker/","Sequentially Ordinal Rank Tracker","HEAP (PRIORITY QUEUE)","HARD",34516,,"CLEAR",,false,2026-07-21T18:50:04.000Z,2026-07-21T18:50:04.000Z
"https://leetcode.com/problems/shortest-subarray-with-sum-at-least-k/","Shortest Subarray with Sum at Least K","HEAP (PRIORITY QUEUE)","HARD",676726,,"CLEAR",,false,2026-07-21T18:50:04.000Z,2026-07-21T18:50:04.000Z
"https://leetcode.com/problems/single-threaded-cpu/","Single-Threaded CPU","HEAP (PRIORITY QUEUE)","MEDIUM",350013,,"CLEAR",,false,2026-07-21T18:50:04.000Z,2026-07-21T18:50:04.000Z
"https://leetcode.com/problems/sliding-window-maximum/","Sliding Window Maximum","HEAP (PRIORITY QUEUE)","HARD",3712156,,"CLEAR",,false,2026-07-21T18:50:04.000Z,2026-07-21T18:50:04.000Z
"https://leetcode.com/problems/sliding-window-median/","Sliding Window Median","HEAP (PRIORITY QUEUE)","HARD",589544,,"CLEAR",,false,2026-07-21T18:50:04.000Z,2026-07-21T18:50:04.000Z
"https://leetcode.com/problems/smallest-number-in-infinite-set/","Smallest Number in Infinite Set","HEAP (PRIORITY QUEUE)","MEDIUM",347220,,"CLEAR",,false,2026-07-21T18:50:04.000Z,2026-07-21T18:50:04.000Z
"https://leetcode.com/problems/sort-characters-by-frequency/","Sort Characters By Frequency","HEAP (PRIORITY QUEUE)","MEDIUM",1588852,,"CLEAR",,false,2026-07-21T18:50:04.000Z,2026-07-21T18:50:04.000Z
"https://leetcode.com/problems/stock-price-fluctuation/","Stock Price Fluctuation ","HEAP (PRIORITY QUEUE)","MEDIUM",209921,,"CLEAR",,false,2026-07-21T18:50:04.000Z,2026-07-21T18:50:04.000Z
"https://leetcode.com/problems/sum-in-a-matrix/","Sum in a Matrix","HEAP (PRIORITY QUEUE)","MEDIUM",86336,,"CLEAR",,false,2026-07-21T18:50:04.000Z,2026-07-21T18:50:04.000Z
"https://leetcode.com/problems/take-gifts-from-the-richest-pile/","Take Gifts From the Richest Pile","HEAP (PRIORITY QUEUE)","EASY",275204,,"CLEAR",,false,2026-07-21T18:50:04.000Z,2026-07-21T18:50:04.000Z
"https://leetcode.com/problems/the-k-weakest-rows-in-a-matrix/","The K Weakest Rows in a Matrix","HEAP (PRIORITY QUEUE)","EASY",583935,,"CLEAR",,false,2026-07-21T18:50:04.000Z,2026-07-21T18:50:04.000Z
"https://leetcode.com/problems/the-number-of-the-smallest-unoccupied-chair/","The Number of the Smallest Unoccupied Chair","HEAP (PRIORITY QUEUE)","MEDIUM",217057,,"CLEAR",,false,2026-07-21T18:50:04.000Z,2026-07-21T18:50:04.000Z
"https://leetcode.com/problems/time-to-cross-a-bridge/","Time to Cross a Bridge","HEAP (PRIORITY QUEUE)","HARD",13804,,"CLEAR",,false,2026-07-21T18:50:04.000Z,2026-07-21T18:50:04.000Z
"https://leetcode.com/problems/add-two-numbers-ii/","Add Two Numbers II","LINKED LIST","MEDIUM",959370,,"SUCCESS","/**
 * Definition for singly-linked list.
 * struct ListNode {
 *     int val;
 *     ListNode *next;
 *     ListNode() : val(0), next(nullptr) {}
 *     ListNode(int x) : val(x), next(nullptr) {}
 *     ListNode(int x, ListNode *next) : val(x), next(next) {}
 * };
 */
class Solution {
public:
    ListNode* addTwoNumbers(ListNode* l1, ListNode* l2) {
        if (l1 == nullptr) {
            return l2;
        }
        if (l2 == nullptr) {
            return l1;
        }

        stack<int> s1, s2, s3;

        while (l1 != nullptr) {
            s1.push(l1->val);
            l1 = l1->next;
        }
        while (l2 != nullptr) {
            s2.push(l2->val);
            l2 = l2->next;
        }

        int sum = 0;
        while (!s1.empty() && !s2.empty()) {
            sum += s1.top();
            s1.pop();
            sum += s2.top();
            s2.pop();
            s3.push(sum % 10);
            sum /= 10;
        }
        while (!s1.empty()) {
            sum += s1.top();
            s1.pop();
            s3.push(sum % 10);
            sum /= 10;
        }
        while (!s2.empty()) {
            sum += s2.top();
            s2.pop();
            s3.push(sum % 10);
            sum /= 10;
        }
        while (sum > 0) {
            s3.push(sum % 10);
            sum /= 10;
        }
        ListNode* head = nullptr;
        ListNode* temp = nullptr;

        while (!s3.empty()) {
            ListNode* node = new ListNode(s3.top());
            s3.pop();
            if (head == nullptr) {
                head = node;
                temp = node;
            } else {
                temp->next = node;
                temp = temp->next;
            }
        }
        return head;
    }
};",true,2026-07-21T18:50:04.000Z,2026-09-05T12:54:38.709Z
"https://leetcode.com/problems/add-two-polynomials-represented-as-linked-lists/","Add Two Polynomials Represented as Linked Lists","LINKED LIST","MEDIUM",27240,,"LOCKED",,true,2026-07-21T18:50:04.000Z,2026-09-02T14:41:47.233Z
"https://leetcode.com/problems/convert-binary-number-in-a-linked-list-to-integer/","Convert Binary Number in a Linked List to Integer","LINKED LIST","EASY",914996,,"SUCCESS","/**
 * Definition for singly-linked list.
 * struct ListNode {
 *     int val;
 *     ListNode *next;
 *     ListNode() : val(0), next(nullptr) {}
 *     ListNode(int x) : val(x), next(nullptr) {}
 *     ListNode(int x, ListNode *next) : val(x), next(next) {}
 * };
 */
class Solution {
public:
    int getDecimalValue(ListNode* head) {
        while (head->val == 0) {
            head = head->next;
            if (head == nullptr) {
                return 0;
            }
        }

        vector<int> arr;
        while (head != nullptr) {
            arr.push_back(head->val);
            head = head->next;
        }

        int ans = 0, n = arr.size();
        for (int i = 0; i < n; i++) {
            ans += arr[i] ? pow(2, n - 1 - i) : 0;
        }

        return ans;
    }
};",true,2026-07-21T18:50:04.000Z,2026-09-02T14:41:47.233Z
"https://leetcode.com/problems/copy-list-with-random-pointer/","Copy List with Random Pointer","LINKED LIST","MEDIUM",3163097,,"CLEAR",,true,2026-07-21T18:50:04.000Z,2026-09-02T14:41:47.233Z
"https://leetcode.com/problems/delete-n-nodes-after-m-nodes-of-a-linked-list/","Delete N Nodes After M Nodes of a Linked List","LINKED LIST","EASY",57676,,"LOCKED",,true,2026-07-21T18:50:04.000Z,2026-09-02T14:41:47.233Z
"https://leetcode.com/problems/delete-node-in-a-linked-list/","Delete Node in a Linked List","LINKED LIST","MEDIUM",2549437,,"SUCCESS","/**
 * Definition for singly-linked list.
 * struct ListNode {
 *     int val;
 *     ListNode *next;
 *     ListNode(int x) : val(x), next(NULL) {}
 * };
 */
class Solution {
public:
    void deleteNode(ListNode* node) {
        while (node->next->next != nullptr) {
            node->val = node->next->val;
            node = node->next;
        }
        node->val = node->next->val;
        node->next = nullptr;
    }
};",true,2026-07-21T18:50:04.000Z,2026-09-04T23:00:08.954Z
"https://leetcode.com/problems/delete-nodes-from-linked-list-present-in-array/","Delete Nodes From Linked List Present in Array","LINKED LIST","MEDIUM",503328,,"SUCCESS","/**
 * Definition for singly-linked list.
 * struct ListNode {
 *     int val;
 *     ListNode *next;
 *     ListNode() : val(0), next(nullptr) {}
 *     ListNode(int x) : val(x), next(nullptr) {}
 *     ListNode(int x, ListNode *next) : val(x), next(next) {}
 * };
 */
class Solution {
public:
    ListNode* modifiedList(vector<int>& nums, ListNode* head) {
        unordered_set<int> st;
        for (auto num : nums) {
            st.insert(num);
        }
        while (st.contains(head->val)) {
            head = head->next;
        }
        auto temp = head;
        while (temp != nullptr && temp->next != nullptr) {
            if (st.contains(temp->next->val)) {
                temp->next = temp->next->next;
            } else {
                temp = temp->next;
            }
        }
        return head;
    }
};",true,2026-07-21T18:50:04.000Z,2026-09-05T23:15:45.125Z
"https://leetcode.com/problems/delete-the-middle-node-of-a-linked-list/","Delete the Middle Node of a Linked List","LINKED LIST","MEDIUM",1920403,,"SUCCESS","/**
 * Definition for singly-linked list.
 * struct ListNode {
 *     int val;
 *     ListNode *next;
 *     ListNode() : val(0), next(nullptr) {}
 *     ListNode(int x) : val(x), next(nullptr) {}
 *     ListNode(int x, ListNode *next) : val(x), next(next) {}
 * };
 */
class Solution {
public:
    ListNode* deleteMiddle(ListNode* head) {
        if (head == nullptr || head->next == nullptr) {
            return nullptr;
        }

        int n = 0;
        auto temp = head;
        while (temp != nullptr) {
            n++;
            temp = temp->next;
        }
        int m = (n / 2) - 1;
        temp = head;
        while (m > 0) {
            temp = temp->next;
            m--;
        }
        auto del = temp->next;
        temp->next = temp->next->next;
        del->next = nullptr;
        return head;
    }
};",true,2026-07-21T18:50:04.000Z,2026-09-05T06:08:27.035Z
"https://leetcode.com/problems/design-circular-deque/","Design Circular Deque","LINKED LIST","MEDIUM",335818,,"CLEAR",,true,2026-07-21T18:50:04.000Z,2026-09-02T14:41:47.233Z
"https://leetcode.com/problems/design-circular-queue/","Design Circular Queue","LINKED LIST","MEDIUM",935100,,"CLEAR",,true,2026-07-21T18:50:04.000Z,2026-09-02T14:41:47.233Z
"https://leetcode.com/problems/design-hashmap/","Design HashMap","LINKED LIST","EASY",1200359,,"SUCCESS","class MyHashMap {
    vector<int> mp;

public:
    MyHashMap() { mp = vector<int>(1000001, -1); }

    void put(int key, int value) { mp[key] = value; }

    int get(int key) { return mp[key]; }

    void remove(int key) { mp[key] = -1; }
};

/**
 * Your MyHashMap object will be instantiated and called as such:
 * MyHashMap* obj = new MyHashMap();
 * obj->put(key,value);
 * int param_2 = obj->get(key);
 * obj->remove(key);
 */",true,2026-07-21T18:50:04.000Z,2026-09-02T14:41:47.233Z
"https://leetcode.com/problems/design-hashset/","Design HashSet","LINKED LIST","EASY",887467,,"SUCCESS","class MyHashSet {
    vector<bool> keys;

public:
    MyHashSet() { keys = vector<bool>(1000001, false); }

    void add(int key) { keys[key] = true; }

    void remove(int key) { keys[key] = false; }

    bool contains(int key) { return keys[key]; }
};

/**
 * Your MyHashSet object will be instantiated and called as such:
 * MyHashSet* obj = new MyHashSet();
 * obj->add(key);
 * obj->remove(key);
 * bool param_3 = obj->contains(key);
 */",true,2026-07-21T18:50:04.000Z,2026-09-02T14:41:47.233Z
"https://leetcode.com/problems/design-linked-list/","Design Linked List","LINKED LIST","MEDIUM",1692753,,"ERROR","class Node {
public:
    int val;
    Node* next;
    Node(int val) {
        this->val = val;
        next = nullptr;
    }
};

class MyLinkedList {
    Node* head;

public:
    MyLinkedList() { head = nullptr; }

    void printList(){
        auto temp = head;
        while(temp!=nullptr){
            cout<<head->val<<"" "";
        }
        cout<<endl;
    }

    int get(int index) {
        while (index > 0 && head != nullptr) {
            head = head->next;
            index--;
        }
        if (head != nullptr) {
            return head->val;
        }
        return -1;
    }

    void addAtHead(int val) {
        Node* new_node = new Node(val);
        new_node->next = head;
        head = new_node;
    }

    void addAtTail(int val) {
        Node* new_node = new Node(val);
        if (head == nullptr) {
            head = new_node;
        } else {
            auto temp = head;
            while (temp->next != nullptr) {
                temp = temp->next;
            }
            temp->next = new_node;
        }
    }

    void addAtIndex(int index, int val) {
        if (index == 0) {
            addAtHead(val);
        } else {
            index--;
            auto temp = head;
            while (index > 0) {
                temp = temp->next;
                index--;
            }
            Node* new_node = new Node(val);
            new_node->next = temp->next;
            temp->next = new_node;
        }
    }

    void deleteAtIndex(int index) {
        if (index == 0) {
            auto temp = head;
            head = head->next;
            temp->next = nullptr;
        } else {
            index--;
            auto temp = head;
            while (index > 0) {
                temp = temp->next;
                index--;
            }
            auto del = temp->next;
            temp->next = del->next;
            del = nullptr;
        }
    }
};

/**
 * Your MyLinkedList object will be instantiated and called as such:
 * MyLinkedList* obj = new MyLinkedList();
 * int param_1 = obj->get(index);
 * obj->addAtHead(val);
 * obj->addAtTail(val);
 * obj->addAtIndex(index,val);
 * obj->deleteAtIndex(index);
 */",true,2026-07-21T18:50:04.000Z,2026-09-05T09:33:40.645Z
"https://leetcode.com/problems/design-phone-directory/","Design Phone Directory","LINKED LIST","MEDIUM",146376,,"LOCKED",,true,2026-07-21T18:50:04.000Z,2026-09-02T14:41:47.233Z
"https://leetcode.com/problems/design-skiplist/","Design Skiplist","LINKED LIST","HARD",66503,,"CLEAR",,true,2026-07-21T18:50:04.000Z,2026-09-02T14:41:47.233Z
"https://leetcode.com/problems/design-twitter/","Design Twitter","LINKED LIST","MEDIUM",832527,,"ERROR","class Twitter {
    unordered_map<int, vector<pair<int, int>>> tweets;
    unordered_map<int, set<int>> users;
    int count;

public:
    Twitter() { count = 0; }

    void postTweet(int userId, int tweetId) {
        if (!users.contains(userId)) {
            users[userId] = {};
        }
        if (!tweets.contains(userId)) {
            tweets[userId] = {};
        }
        tweets[userId].push_back({tweetId, count++});
    }

    void follow(int followerId, int followeeId) {
        if (followerId == = followeeId) {
            return;
        }
        users[followerId].insert(followeeId);
    }

    void unfollow(int followerId, int followeeId) {
        users[followerId].erase(followeeId);
    }

    vector<int> getNewsFeed(int userId) {
        
    }
};

/**
 * Your Twitter object will be instantiated and called as such:
 * Twitter* obj = new Twitter();
 * obj->postTweet(userId,tweetId);
 * vector<int> param_2 = obj->getNewsFeed(userId);
 * obj->follow(followerId,followeeId);
 * obj->unfollow(followerId,followeeId);
 */",true,2026-07-21T18:50:04.000Z,2026-09-02T14:41:47.233Z
"https://leetcode.com/problems/double-a-number-represented-as-a-linked-list/","Double a Number Represented as a Linked List","LINKED LIST","MEDIUM",341338,,"SUCCESS","/**
 * Definition for singly-linked list.
 * struct ListNode {
 *     int val;
 *     ListNode *next;
 *     ListNode() : val(0), next(nullptr) {}
 *     ListNode(int x) : val(x), next(nullptr) {}
 *     ListNode(int x, ListNode *next) : val(x), next(next) {}
 * };
 */
class Solution {
public:
    ListNode* doubleIt(ListNode* head) {
        stack<int> st1, st2;
        int sum = 0;
        while (head != nullptr) {
            sum += head->val;
            head = head->next;
            st1.push(sum % 10);
            sum /= 10;
        }
        while (sum > 0) {
            st1.push(sum % 10);
            sum /= 10;
        }
        while (!st1.empty()) {
            sum += 2 * st1.top();
            st1.pop();
            st2.push(sum % 10);
            sum /= 10;
        }
        while (sum > 0) {
            st2.push(sum % 10);
            sum /= 10;
        }
        head = nullptr;
        ListNode* tail = nullptr;
        while (!st2.empty()) {
            ListNode* node = new ListNode(st2.top());
            st2.pop();
            if (head == nullptr) {
                head = node;
                tail = node;
            } else {
                tail->next = node;
                tail = tail->next;
            }
        }
        return head;
    }
};",true,2026-07-21T18:50:04.000Z,2026-09-06T10:11:10.992Z
"https://leetcode.com/problems/find-the-minimum-and-maximum-number-of-nodes-between-critical-points/","Find the Minimum and Maximum Number of Nodes Between Critical Points","LINKED LIST","MEDIUM",440694,,"CLEAR",,true,2026-07-21T18:50:04.000Z,2026-09-02T14:41:47.233Z
"https://leetcode.com/problems/insert-greatest-common-divisors-in-linked-list/","Insert Greatest Common Divisors in Linked List","LINKED LIST","MEDIUM",341361,,"CLEAR",,true,2026-07-21T18:50:04.000Z,2026-09-02T14:41:47.233Z
"https://leetcode.com/problems/insert-into-a-sorted-circular-linked-list/","Insert into a Sorted Circular Linked List","LINKED LIST","MEDIUM",640234,,"LOCKED",,true,2026-07-21T18:50:04.000Z,2026-09-02T14:41:47.233Z
"https://leetcode.com/problems/insertion-sort-list/","Insertion Sort List","LINKED LIST","MEDIUM",867314,,"SUCCESS","/**
 * Definition for singly-linked list.
 * struct ListNode {
 *     int val;
 *     ListNode *next;
 *     ListNode() : val(0), next(nullptr) {}
 *     ListNode(int x) : val(x), next(nullptr) {}
 *     ListNode(int x, ListNode *next) : val(x), next(next) {}
 * };
 */
class Solution {
public:
    ListNode* insert(ListNode* head, ListNode* node) {
        if (node->val < head->val) {
            node->next = head;
            return node;
        }
        ListNode* temp = head;
        while (temp->next != nullptr && node->val >= temp->next->val) {
            temp = temp->next;
        }
        node->next = temp->next;
        temp->next = node;
        return head;
    }
    ListNode* insertionSortList(ListNode* head) {
        ListNode* sorted = head;
        head = head->next;
        sorted->next = nullptr;
        while (head != nullptr) {
            ListNode* temp = head;
            head = head->next;
            temp->next = nullptr;
            sorted = insert(sorted, temp);
        }
        return sorted;
    }
};",true,2026-07-21T18:50:04.000Z,2026-09-05T13:37:38.179Z
"https://leetcode.com/problems/intersection-of-two-linked-lists/","Intersection of Two Linked Lists","LINKED LIST","EASY",3948251,,"SUCCESS","/**
 * Definition for singly-linked list.
 * struct ListNode {
 *     int val;
 *     ListNode *next;
 *     ListNode(int x) : val(x), next(NULL) {}
 * };
 */
class Solution {
public:
    ListNode* getIntersectionNode(ListNode* headA, ListNode* headB) {
        auto a = headA, b = headB;
        while (a != b) {
            // INVESTIGATE WHY THIS GAVE ERRORS
            // a = a->next == nullptr ? headB : a->next;
            // b = b->next == nullptr ? headA : b->next;

            a = a == nullptr ? headB : a->next;
            b = b == nullptr ? headA : b->next;
        }
        return a;
    }
};",true,2026-07-21T18:50:04.000Z,2026-09-02T14:50:44.898Z
"https://leetcode.com/problems/linked-list-components/","Linked List Components","LINKED LIST","MEDIUM",226820,,"CLEAR",,true,2026-07-21T18:50:04.000Z,2026-09-02T14:41:47.233Z
"https://leetcode.com/problems/linked-list-cycle/","Linked List Cycle","LINKED LIST","EASY",9579634,"Can be optimized in terms of conditions logic, using ""nullptr"" instead of ""NULL""","SUCCESS","/**
 * Definition for singly-linked list.
 * struct ListNode {
 *     int val;
 *     ListNode *next;
 *     ListNode(int x) : val(x), next(NULL) {}
 * };
 */
class Solution {
public:
    bool hasCycle(ListNode* head) {
        ListNode* slow = head;
        ListNode* fast = head;

        while (slow != NULL && fast != NULL) {
            slow = slow->next;
            fast = fast->next;

            if (fast != NULL) {
                fast = fast->next;
            } else {
                break;
            }

            if (slow == fast) {
                return true;
            }
        }
        return false;
    }
};",true,2026-07-21T18:50:04.000Z,2026-09-02T14:41:47.233Z
"https://leetcode.com/problems/linked-list-cycle-ii/","Linked List Cycle II","LINKED LIST","MEDIUM",3708253,,"SUCCESS","/**
 * Definition for singly-linked list.
 * struct ListNode {
 *     int val;
 *     ListNode *next;
 *     ListNode(int x) : val(x), next(NULL) {}
 * };
 */
class Solution {
public:
    ListNode* detectCycle(ListNode* head) {
        if (head == nullptr || head->next == nullptr) {
            return nullptr;
        }

        auto s = head, f = head;

        while (f != nullptr && f->next != nullptr) {
            s = s->next;
            f = f->next->next;
            if (f == s) {
                break;
            }
        }
        if (s != f || f == nullptr) {
            return nullptr;
        }
        s = head;
        while (s != f) {
            s = s->next;
            f = f->next;
        }
        return f;
    }
};",true,2026-07-21T18:50:04.000Z,2026-09-03T16:07:37.953Z
"https://leetcode.com/problems/linked-list-frequency/","Linked List Frequency","LINKED LIST","EASY",18202,,"LOCKED",,true,2026-07-21T18:50:04.000Z,2026-09-02T14:41:47.233Z
"https://leetcode.com/problems/linked-list-random-node/","Linked List Random Node","LINKED LIST","MEDIUM",459735,,"SUCCESS","/**
 * Definition for singly-linked list.
 * struct ListNode {
 *     int val;
 *     ListNode *next;
 *     ListNode() : val(0), next(nullptr) {}
 *     ListNode(int x) : val(x), next(nullptr) {}
 *     ListNode(int x, ListNode *next) : val(x), next(next) {}
 * };
 */
class Solution {
    ListNode* head;
    int n;
public:
    Solution(ListNode* head) {
        this->head = head;
        n = 0;
        auto temp = head;
        while(temp!=nullptr){
            n++;
            temp = temp->next;
        }
    }
    
    int getRandom() {
        int i = rand()%n;
        auto temp = head;
        while(i > 0){
            i--;
            temp = temp->next;
        }
        return temp->val;
    }
};

/**
 * Your Solution object will be instantiated and called as such:
 * Solution* obj = new Solution(head);
 * int param_1 = obj->getRandom();
 */",true,2026-07-21T18:50:04.000Z,2026-09-05T23:22:59.924Z
"https://leetcode.com/problems/maximum-twin-sum-of-a-linked-list/","Maximum Twin Sum of a Linked List","LINKED LIST","MEDIUM",775210,,"SUCCESS","/**
 * Definition for singly-linked list.
 * struct ListNode {
 *     int val;
 *     ListNode *next;
 *     ListNode() : val(0), next(nullptr) {}
 *     ListNode(int x) : val(x), next(nullptr) {}
 *     ListNode(int x, ListNode *next) : val(x), next(next) {}
 * };
 */
class Solution {
public:
    ListNode* reverse(ListNode* head) {
        ListNode* temp = nullptr;
        while (head != nullptr) {
            auto node = head;
            head = head->next;
            node->next = temp;
            temp = node;
        }
        return temp;
    }
    int pairSum(ListNode* head) {
        auto f = head, s = head;
        while (f->next != nullptr && f->next->next != nullptr) {
            s = s->next;
            f = f->next->next;
        }
        auto left = head;
        auto right = reverse(s->next);
        int ans = 0;
        while (right != nullptr) {
            ans = max(ans, left->val + right->val);
            left = left->next;
            right = right->next;
        }
        return ans;
    }
};
",true,2026-07-21T18:50:04.000Z,2026-09-05T14:41:16.707Z
"https://leetcode.com/problems/merge-in-between-linked-lists/","Merge In Between Linked Lists","LINKED LIST","MEDIUM",349925,,"SUCCESS","/**
 * Definition for singly-linked list.
 * struct ListNode {
 *     int val;
 *     ListNode *next;
 *     ListNode() : val(0), next(nullptr) {}
 *     ListNode(int x) : val(x), next(nullptr) {}
 *     ListNode(int x, ListNode *next) : val(x), next(next) {}
 * };
 */
class Solution {
public:
    ListNode* mergeInBetween(ListNode* list1, int a, int b, ListNode* list2) {
        auto A = list1, B = list1;
        while (a > 1) {
            a--;
            A = A->next;
        }
        while (b >= 0) {
            b--;
            B = B->next;
        }
        A->next = list2;
        while (list2->next != nullptr) {
            list2 = list2->next;
        }
        list2->next = B;
        B = nullptr;
        return list1;
    }
};",true,2026-07-21T18:50:04.000Z,2026-09-06T09:15:29.965Z
"https://leetcode.com/problems/merge-nodes-in-between-zeros/","Merge Nodes in Between Zeros","LINKED LIST","MEDIUM",400157,,"SUCCESS","/**
 * Definition for singly-linked list.
 * struct ListNode {
 *     int val;
 *     ListNode *next;
 *     ListNode() : val(0), next(nullptr) {}
 *     ListNode(int x) : val(x), next(nullptr) {}
 *     ListNode(int x, ListNode *next) : val(x), next(next) {}
 * };
 */
class Solution {
public:
    ListNode* mergeNodes(ListNode* head) {
        auto temp = head;
        int sum = 0;

        while (temp != nullptr && temp->next != nullptr) {
            if (temp->val > 0 && temp->next->val > 0) {
                temp->val += temp->next->val;
                temp->next = temp->next->next;
            } else if (temp->next->val == 0) {
                temp->next = temp->next->next;
                temp = temp->next;
            } else {
                temp = temp->next;
            }
        }
        return head->next;
    }
};",true,2026-07-21T18:50:04.000Z,2026-09-06T00:56:31.548Z
"https://leetcode.com/problems/middle-of-the-linked-list/","Middle of the Linked List","LINKED LIST","EASY",3966792,,"SUCCESS","/**
 * Definition for singly-linked list.
 * struct ListNode {
 *     int val;
 *     ListNode *next;
 *     ListNode() : val(0), next(nullptr) {}
 *     ListNode(int x) : val(x), next(nullptr) {}
 *     ListNode(int x, ListNode *next) : val(x), next(next) {}
 * };
 */
class Solution {
public:
    ListNode* middleNode(ListNode* head) {
        auto fast = head;
        auto slow = head;

        while(fast!=nullptr && fast->next!=nullptr){
            slow = slow->next;
            fast = fast->next->next;
        }
        return slow;
    }
};",true,2026-07-21T18:50:04.000Z,2026-09-02T14:41:47.233Z
"https://leetcode.com/problems/next-greater-node-in-linked-list/","Next Greater Node In Linked List","LINKED LIST","MEDIUM",368899,,"CLEAR",,true,2026-07-21T18:50:04.000Z,2026-09-02T14:41:47.233Z
"https://leetcode.com/problems/odd-even-linked-list/","Odd Even Linked List","LINKED LIST","MEDIUM",2579561,,"CLEAR",,true,2026-07-21T18:50:04.000Z,2026-09-02T14:41:47.233Z
"https://leetcode.com/problems/partition-list/","Partition List","LINKED LIST","MEDIUM",1565126,"## C++ Multiple Pointer Declaration

In C++, `*` applies to the **variable**, not the entire declaration.

```cpp
ListNode* a, b, c;
```

means:

```cpp
ListNode* a;  // pointer
ListNode  b;  // object
ListNode  c;  // object
```

So this is **wrong** if all should be pointers:

```cpp
ListNode* left = nullptr, right = nullptr;
```

Use:

```cpp
ListNode* left = nullptr;
ListNode* right = nullptr;
```

Or:

```cpp
ListNode *left = nullptr, *right = nullptr;
```

### Rule to remember

> **Every pointer variable needs its own `*`.**","SUCCESS","/**
 * Definition for singly-linked list.
 * struct ListNode {
 *     int val;
 *     ListNode *next;
 *     ListNode() : val(0), next(nullptr) {}
 *     ListNode(int x) : val(x), next(nullptr) {}
 *     ListNode(int x, ListNode *next) : val(x), next(next) {}
 * };
 */
class Solution {
public:
    ListNode* partition(ListNode* head, int x) {
        ListNode* left = nullptr;
        ListNode* right = nullptr;
        ListNode* i = nullptr;
        ListNode* j = nullptr;
        ListNode* temp = head;

        while(temp!=nullptr){
            ListNode* node = temp;
            temp = temp->next;
            node->next = nullptr;
            if(node->val < x){
                if(left == nullptr){
                    left = node;
                    i = node;
                }else{
                    i->next = node;
                    i = i->next;
                }
            }else{
                if(right == nullptr){
                    right = node;
                    j = node;
                }else{
                    j->next = node;
                    j = j->next;
                }

            }

        }
        if(i!=nullptr){
            i->next = right;
            return left;
        }
        return right;
    }
};",true,2026-07-21T18:50:04.000Z,2026-09-05T11:38:08.617Z
"https://leetcode.com/problems/plus-one-linked-list/","Plus One Linked List","LINKED LIST","MEDIUM",145325,,"LOCKED",,true,2026-07-21T18:50:04.000Z,2026-09-02T14:41:47.233Z
"https://leetcode.com/problems/remove-duplicates-from-an-unsorted-linked-list/","Remove Duplicates From an Unsorted Linked List","LINKED LIST","MEDIUM",53733,,"LOCKED",,true,2026-07-21T18:50:04.000Z,2026-09-02T14:41:47.233Z
"https://leetcode.com/problems/remove-duplicates-from-sorted-list/","Remove Duplicates from Sorted List","LINKED LIST","EASY",4444096,,"SUCCESS","/**
 * Definition for singly-linked list.
 * struct ListNode {
 *     int val;
 *     ListNode *next;
 *     ListNode() : val(0), next(nullptr) {}
 *     ListNode(int x) : val(x), next(nullptr) {}
 *     ListNode(int x, ListNode *next) : val(x), next(next) {}
 * };
 */
class Solution {
public:
    ListNode* deleteDuplicates(ListNode* head) {
        ListNode* pointer = head;
        while (pointer != nullptr && pointer->next != nullptr) {
            if (pointer->val == pointer->next->val) {
                pointer->next = pointer->next->next;
            } else {
                pointer = pointer->next;
            }
        }
        return head;
    }
};",true,2026-07-21T18:50:04.000Z,2026-09-02T14:41:47.233Z
"https://leetcode.com/problems/remove-duplicates-from-sorted-list-ii/","Remove Duplicates from Sorted List II","LINKED LIST","MEDIUM",2232291,,"SUCCESS","/**
 * Definition for singly-linked list.
 * struct ListNode {
 *     int val;
 *     ListNode *next;
 *     ListNode() : val(0), next(nullptr) {}
 *     ListNode(int x) : val(x), next(nullptr) {}
 *     ListNode(int x, ListNode *next) : val(x), next(next) {}
 * };
 */
class Solution {
public:
    ListNode* deleteDuplicates(ListNode* head) {

        unordered_map<int, int> freq;
        auto temp = head;
        while (temp != nullptr) {
            freq[temp->val]++;
            temp = temp->next;
        }

        while (head != nullptr && freq[head->val] > 1) {
            temp = head;
            head = head->next;
            temp->next = nullptr;
        }

        temp = head;
        while (temp != nullptr && temp->next != nullptr) {
            if (freq[temp->next->val] > 1) {
                auto dup = temp->next;
                temp->next = temp->next->next;
                dup->next = nullptr;
            } else {
                temp = temp->next;
            }
        }

        return head;
    }
};",true,2026-07-21T18:50:04.000Z,2026-09-05T05:57:58.347Z
"https://leetcode.com/problems/remove-nth-node-from-end-of-list/","Remove Nth Node From End of List","LINKED LIST","MEDIUM",8563431,,"SUCCESS","/**
 * Definition for singly-linked list.
 * struct ListNode {
 *     int val;
 *     ListNode *next;
 *     ListNode() : val(0), next(nullptr) {}
 *     ListNode(int x) : val(x), next(nullptr) {}
 *     ListNode(int x, ListNode *next) : val(x), next(next) {}
 * };
 */
class Solution {
public:
    ListNode* rotateRight(ListNode* head, int k) {
        int n = 0;
        auto temp = head;

        while (temp != nullptr) {
            n++;
            temp = temp->next;
        }
        
        if (n == 0) {
            return head;
        }

        k %= n;
        if (k == 0) {
            return head;
        }

        k = n - k - 1;
        temp = head;
        while (k > 0) {
            temp = temp->next;
            k--;
        }

        auto newhead = temp->next;
        temp->next = nullptr;

        temp = newhead;

        while (temp->next != nullptr) {
            temp = temp->next;
        }

        temp->next = head;

        return newhead;
    }
};",true,2026-07-21T18:50:04.000Z,2026-09-02T14:41:47.233Z
"https://leetcode.com/problems/remove-zero-sum-consecutive-nodes-from-linked-list/","Remove Zero Sum Consecutive Nodes from Linked List","LINKED LIST","MEDIUM",361135,,"CLEAR",,true,2026-07-21T18:50:04.000Z,2026-09-02T14:41:47.233Z
"https://leetcode.com/problems/reverse-linked-list-ii/","Reverse Linked List II","LINKED LIST","MEDIUM",2697812,,"CLEAR",,true,2026-07-21T18:50:04.000Z,2026-09-02T14:41:47.233Z
"https://leetcode.com/problems/reverse-nodes-in-even-length-groups/","Reverse Nodes in Even Length Groups","LINKED LIST","MEDIUM",78591,,"CLEAR",,true,2026-07-21T18:50:04.000Z,2026-09-02T14:41:47.233Z
"https://leetcode.com/problems/rotate-list/","Rotate List","LINKED LIST","MEDIUM",4258397,,"SUCCESS","/**
 * Definition for singly-linked list.
 * struct ListNode {
 *     int val;
 *     ListNode *next;
 *     ListNode() : val(0), next(nullptr) {}
 *     ListNode(int x) : val(x), next(nullptr) {}
 *     ListNode(int x, ListNode *next) : val(x), next(next) {}
 * };
 */
class Solution {
public:
    ListNode* rotateRight(ListNode* head, int k) {
        if(head == nullptr){
            return head;
        }
        
        int n = 0;
        auto temp = head;
        while (temp != nullptr) {
            n++;
            temp = temp->next;
        }

        k = k % n;

        if (k == 0) {
            return head;
        }

        int m = n + n - k - 1, i = 0;
        temp = head;

        while (i < m) {
            temp = temp->next;
            i++;

            if (temp->next == nullptr) {
                temp->next = head;
            }
        }

        head = temp->next;
        temp->next = nullptr;

        return head;
    }
};",true,2026-07-21T18:50:04.000Z,2026-09-02T14:41:47.233Z
"https://leetcode.com/problems/sort-linked-list-already-sorted-using-absolute-values/","Sort Linked List Already Sorted Using Absolute Values","LINKED LIST","MEDIUM",17226,,"LOCKED",,true,2026-07-21T18:50:04.000Z,2026-09-02T14:41:47.233Z
"https://leetcode.com/problems/spiral-matrix-iv/","Spiral Matrix IV","LINKED LIST","MEDIUM",228960,,"CLEAR",,true,2026-07-21T18:50:04.000Z,2026-09-02T14:41:47.233Z
"https://leetcode.com/problems/split-a-circular-linked-list/","Split a Circular Linked List","LINKED LIST","MEDIUM",4731,,"LOCKED",,true,2026-07-21T18:50:04.000Z,2026-09-02T14:41:47.233Z
"https://leetcode.com/problems/split-linked-list-in-parts/","Split Linked List in Parts","LINKED LIST","MEDIUM",517975,,"SUCCESS","/**
 * Definition for singly-linked list.
 * struct ListNode {
 *     int val;
 *     ListNode *next;
 *     ListNode() : val(0), next(nullptr) {}
 *     ListNode(int x) : val(x), next(nullptr) {}
 *     ListNode(int x, ListNode *next) : val(x), next(next) {}
 * };
 */
class Solution {
public:
    vector<ListNode*> splitListToParts(ListNode* head, int k) {
        int n = 0;
        auto temp = head;
        while (temp != nullptr) {
            n++;
            temp = temp->next;
        }

        vector<int> length(k, n / k);
        int extra = n % k;
        while (extra > 0) {
            length[--extra]++;
        }
        for (auto num : length) {
            cout << num << "" "";
        }

        vector<ListNode*> heads(k, nullptr);
        vector<ListNode*> tails(k, nullptr);
        for (int i = 0; i < k; i++) {
            if (head == nullptr) {
                break;
            }
            while (head != nullptr && length[i] > 0) {
                temp = head;
                head = head->next;
                temp->next = nullptr;
                length[i]--;
                if (heads[i] == nullptr) {
                    heads[i] = temp;
                    tails[i] = temp;
                } else {
                    tails[i]->next = temp;
                    tails[i] = tails[i]->next;
                }
            }
        }
        return heads;
    }
};",true,2026-07-21T18:50:04.000Z,2026-09-05T23:11:13.430Z
"https://leetcode.com/problems/swapping-nodes-in-a-linked-list/","Swapping Nodes in a Linked List","LINKED LIST","MEDIUM",699575,,"SUCCESS","/**
 * Definition for singly-linked list.
 * struct ListNode {
 *     int val;
 *     ListNode *next;
 *     ListNode() : val(0), next(nullptr) {}
 *     ListNode(int x) : val(x), next(nullptr) {}
 *     ListNode(int x, ListNode *next) : val(x), next(next) {}
 * };
 */
class Solution {
public:
    ListNode* swapNodes(ListNode* head, int k) {
        int n = 0;
        auto temp = head;

        while (temp != nullptr) {
            n++;
            temp = temp->next;
        }

        auto left = head, right = head;
        int m = k - 1, p = n - k;

        while (m > 0) {
            left = left->next;
            m--;
        }

        while (p > 0) {
            right = right->next;
            p--;
        }

        int t = left->val;
        left->val = right->val;
        right->val = t;

        return head;
    }
};",true,2026-07-21T18:50:04.000Z,2026-09-05T15:37:21.443Z
"https://leetcode.com/problems/winner-of-the-linked-list-game/","Winner of the Linked List Game","LINKED LIST","EASY",16020,,"LOCKED",,true,2026-07-21T18:50:04.000Z,2026-09-02T14:41:47.233Z
"https://leetcode.com/problems/count-symmetric-integers/","  Count Symmetric Integers","MATH","EASY",247699,,"CLEAR",,false,2026-07-21T18:50:04.000Z,2026-07-21T18:50:04.000Z
"https://leetcode.com/problems/a-number-after-a-double-reversal/","A Number After a Double Reversal","MATH","EASY",214742,,"CLEAR",,false,2026-07-21T18:50:04.000Z,2026-07-21T18:50:04.000Z
"https://leetcode.com/problems/abbreviating-the-product-of-a-range/","Abbreviating the Product of a Range","MATH","HARD",20596,,"CLEAR",,false,2026-07-21T18:50:04.000Z,2026-07-21T18:50:04.000Z
"https://leetcode.com/problems/account-balance-after-rounded-purchase/","Account Balance After Rounded Purchase","MATH","EASY",121599,,"CLEAR",,false,2026-07-21T18:50:04.000Z,2026-07-21T18:50:04.000Z
"https://leetcode.com/problems/add-digits/","Add Digits","MATH","EASY",1924559,,"CLEAR",,false,2026-07-21T18:50:04.000Z,2026-07-21T18:50:04.000Z
"https://leetcode.com/problems/add-two-integers/","Add Two Integers","MATH","EASY",1091225,,"CLEAR",,false,2026-07-21T18:50:04.000Z,2026-07-21T18:50:04.000Z
"https://leetcode.com/problems/alice-and-bob-playing-flower-game/","Alice and Bob Playing Flower Game","MATH","MEDIUM",216982,,"CLEAR",,false,2026-07-21T18:50:04.000Z,2026-07-21T18:50:04.000Z
"https://leetcode.com/problems/alternating-digit-sum/","Alternating Digit Sum","MATH","EASY",166790,,"CLEAR",,false,2026-07-21T18:50:04.000Z,2026-07-21T18:50:04.000Z
"https://leetcode.com/problems/angle-between-hands-of-a-clock/","Angle Between Hands of a Clock","MATH","MEDIUM",399405,,"CLEAR",,false,2026-07-21T18:50:04.000Z,2026-07-21T18:50:04.000Z
"https://leetcode.com/problems/armstrong-number/","Armstrong Number","MATH","EASY",55780,,"LOCKED",,false,2026-07-21T18:50:04.000Z,2026-07-21T18:50:04.000Z
"https://leetcode.com/problems/bulb-switcher/","Bulb Switcher","MATH","MEDIUM",577978,,"CLEAR",,false,2026-07-21T18:50:04.000Z,2026-07-21T18:50:04.000Z
"https://leetcode.com/problems/calculate-delayed-arrival-time/","Calculate Delayed Arrival Time","MATH","EASY",137574,,"CLEAR",,false,2026-07-21T18:50:04.000Z,2026-07-21T18:50:04.000Z
"https://leetcode.com/problems/calculate-money-in-leetcode-bank/","Calculate Money in Leetcode Bank","MATH","EASY",378296,,"CLEAR",,false,2026-07-21T18:50:04.000Z,2026-07-21T18:50:04.000Z
"https://leetcode.com/problems/categorize-box-according-to-criteria/","Categorize Box According to Criteria","MATH","EASY",144593,,"CLEAR",,false,2026-07-21T18:50:04.000Z,2026-07-21T18:50:04.000Z
"https://leetcode.com/problems/check-digitorial-permutation/","Check Digitorial Permutation","MATH","MEDIUM",93808,,"CLEAR",,false,2026-07-21T18:50:04.000Z,2026-07-21T18:50:04.000Z
"https://leetcode.com/problems/check-divisibility-by-digit-sum-and-product/","Check Divisibility by Digit Sum and Product","MATH","EASY",301906,,"CLEAR",,false,2026-07-21T18:50:04.000Z,2026-07-21T18:50:04.000Z
"https://leetcode.com/problems/check-good-integer/","Check Good Integer","MATH","EASY",71655,,"CLEAR",,false,2026-07-21T18:50:04.000Z,2026-07-21T18:50:04.000Z
"https://leetcode.com/problems/check-if-number-is-a-sum-of-powers-of-three/","Check if Number is a Sum of Powers of Three","MATH","MEDIUM",277820,,"CLEAR",,false,2026-07-21T18:50:04.000Z,2026-07-21T18:50:04.000Z
"https://leetcode.com/problems/check-if-point-is-reachable/","Check if Point Is Reachable","MATH","HARD",25671,,"CLEAR",,false,2026-07-21T18:50:04.000Z,2026-07-21T18:50:04.000Z
"https://leetcode.com/problems/circle-and-rectangle-overlapping/","Circle and Rectangle Overlapping","MATH","MEDIUM",50612,,"CLEAR",,false,2026-07-21T18:50:04.000Z,2026-07-21T18:50:04.000Z
"https://leetcode.com/problems/closest-divisors/","Closest Divisors","MATH","MEDIUM",51367,,"CLEAR",,false,2026-07-21T18:50:04.000Z,2026-07-21T18:50:04.000Z
"https://leetcode.com/problems/closest-fair-integer/","Closest Fair Integer","MATH","MEDIUM",3422,,"LOCKED",,false,2026-07-21T18:50:04.000Z,2026-07-21T18:50:04.000Z
"https://leetcode.com/problems/closest-prime-numbers-in-range/","Closest Prime Numbers in Range","MATH","MEDIUM",378375,,"CLEAR",,false,2026-07-21T18:50:04.000Z,2026-07-21T18:50:04.000Z
"https://leetcode.com/problems/complete-prime-number/","Complete Prime Number","MATH","MEDIUM",83309,,"CLEAR",,false,2026-07-21T18:50:04.000Z,2026-07-21T18:50:04.000Z
"https://leetcode.com/problems/concatenate-non-zero-digits-and-multiply-by-sum-i/","Concatenate Non-Zero Digits and Multiply by Sum I","MATH","EASY",297606,,"CLEAR",,false,2026-07-21T18:50:04.000Z,2026-07-21T18:50:04.000Z
"https://leetcode.com/problems/confusing-number/","Confusing Number","MATH","EASY",117406,,"LOCKED",,false,2026-07-21T18:50:04.000Z,2026-07-21T18:50:04.000Z
"https://leetcode.com/problems/consecutive-numbers-sum/","Consecutive Numbers Sum","MATH","HARD",244545,,"CLEAR",,false,2026-07-21T18:50:04.000Z,2026-07-21T18:50:04.000Z
"https://leetcode.com/problems/construct-the-rectangle/","Construct the Rectangle","MATH","EASY",288288,,"CLEAR",,false,2026-07-21T18:50:04.000Z,2026-07-21T18:50:04.000Z
"https://leetcode.com/problems/convert-integer-to-the-sum-of-two-no-zero-integers/","Convert Integer to the Sum of Two No-Zero Integers","MATH","EASY",362401,,"CLEAR",,false,2026-07-21T18:50:04.000Z,2026-07-21T18:50:04.000Z
"https://leetcode.com/problems/convert-the-temperature/","Convert the Temperature","MATH","EASY",373053,,"CLEAR",,false,2026-07-21T18:50:04.000Z,2026-07-21T18:50:04.000Z
"https://leetcode.com/problems/convert-to-base-2/","Convert to Base -2","MATH","MEDIUM",65017,,"CLEAR",,false,2026-07-21T18:50:04.000Z,2026-07-21T18:50:04.000Z
"https://leetcode.com/problems/count-commas-in-range/","Count Commas in Range","MATH","EASY",89518,,"CLEAR",,false,2026-07-21T18:50:04.000Z,2026-07-21T18:50:04.000Z
"https://leetcode.com/problems/count-commas-in-range-ii/","Count Commas in Range II","MATH","MEDIUM",105668,,"CLEAR",,false,2026-07-21T18:50:04.000Z,2026-07-21T18:50:04.000Z
"https://leetcode.com/problems/count-integers-with-even-digit-sum/","Count Integers With Even Digit Sum","MATH","EASY",152150,,"CLEAR",,false,2026-07-21T18:50:04.000Z,2026-07-21T18:50:04.000Z
"https://leetcode.com/problems/count-odd-numbers-in-an-interval-range/","Count Odd Numbers in an Interval Range","MATH","EASY",1067608,,"CLEAR",,false,2026-07-21T18:50:04.000Z,2026-07-21T18:50:04.000Z
"https://leetcode.com/problems/count-of-matches-in-tournament/","Count of Matches in Tournament","MATH","EASY",397406,,"CLEAR",,false,2026-07-21T18:50:04.000Z,2026-07-21T18:50:04.000Z
"https://leetcode.com/problems/count-operations-to-obtain-zero/","Count Operations to Obtain Zero","MATH","EASY",297091,,"CLEAR",,false,2026-07-21T18:50:04.000Z,2026-07-21T18:50:04.000Z
"https://leetcode.com/problems/count-square-sum-triples/","Count Square Sum Triples","MATH","EASY",249967,,"CLEAR",,false,2026-07-21T18:50:04.000Z,2026-07-21T18:50:04.000Z
"https://leetcode.com/problems/count-the-digits-that-divide-a-number/","Count the Digits That Divide a Number","MATH","EASY",252230,,"CLEAR",,false,2026-07-21T18:50:04.000Z,2026-07-21T18:50:04.000Z
"https://leetcode.com/problems/count-the-number-of-arrays-with-k-matching-adjacent-elements/","Count the Number of Arrays with K Matching Adjacent Elements","MATH","HARD",118687,,"CLEAR",,false,2026-07-21T18:50:04.000Z,2026-07-21T18:50:04.000Z
"https://leetcode.com/problems/count-total-number-of-colored-cells/","Count Total Number of Colored Cells","MATH","MEDIUM",317431,,"CLEAR",,false,2026-07-21T18:50:04.000Z,2026-07-21T18:50:04.000Z
"https://leetcode.com/problems/count-valid-sequences/","Count Valid Sequences","MATH","MEDIUM",32903,,"CLEAR",,false,2026-09-07T18:13:42.370Z,2026-09-07T18:13:42.370Z
"https://leetcode.com/problems/day-of-the-week/","Day of the Week","MATH","EASY",161748,,"CLEAR",,false,2026-07-21T18:50:04.000Z,2026-07-21T18:50:04.000Z
"https://leetcode.com/problems/design-parking-system/","Design Parking System","MATH","EASY",431801,,"SUCCESS","class ParkingSystem {
    int big;
    int medium;
    int small;

public:
    ParkingSystem(int big, int medium, int small) {
        this->big = big;
        this->medium = medium;
        this->small = small;
    }

    bool addCar(int carType) {
        if (carType == 1 && this->big > 0) {
            this->big--;
            return true;
        } else if (carType == 2 && this->medium > 0) {
            this->medium--;
            return true;
        } else if (carType == 3 && this->small > 0) {
            this->small--;
            return true;
        }
        return false;
    }
};

/**
 * Your ParkingSystem object will be instantiated and called as such:
 * ParkingSystem* obj = new ParkingSystem(big, medium, small);
 * bool param_1 = obj->addCar(carType);
 */",false,2026-07-21T18:50:04.000Z,2026-08-28T19:35:58.303Z
"https://leetcode.com/problems/determine-if-a-cell-is-reachable-at-a-given-time/","Determine if a Cell Is Reachable at a Given Time","MATH","MEDIUM",304479,,"CLEAR",,false,2026-07-21T18:50:04.000Z,2026-07-21T18:50:04.000Z
"https://leetcode.com/problems/direction-assignments-with-exactly-k-visible-people/","Direction Assignments with Exactly K Visible People","MATH","MEDIUM",44333,,"CLEAR",,false,2026-07-21T18:50:04.000Z,2026-07-21T18:50:04.000Z
"https://leetcode.com/problems/distribute-candies-among-children-i/","Distribute Candies Among Children I","MATH","EASY",59284,,"CLEAR",,false,2026-07-21T18:50:04.000Z,2026-07-21T18:50:04.000Z
"https://leetcode.com/problems/distribute-candies-among-children-ii/","Distribute Candies Among Children II","MATH","MEDIUM",191886,,"CLEAR",,false,2026-07-21T18:50:04.000Z,2026-07-21T18:50:04.000Z
"https://leetcode.com/problems/distribute-candies-among-children-iii/","Distribute Candies Among Children III","MATH","HARD",5413,,"LOCKED",,false,2026-07-21T18:50:04.000Z,2026-07-21T18:50:04.000Z
"https://leetcode.com/problems/distribute-candies-to-people/","Distribute Candies to People","MATH","EASY",169907,,"CLEAR",,false,2026-07-21T18:50:04.000Z,2026-07-21T18:50:04.000Z
"https://leetcode.com/problems/divisible-and-non-divisible-sums-difference/","Divisible and Non-divisible Sums Difference","MATH","EASY",385110,,"CLEAR",,false,2026-07-21T18:50:04.000Z,2026-07-21T18:50:04.000Z
"https://leetcode.com/problems/factorial-trailing-zeroes/","Factorial Trailing Zeroes","MATH","MEDIUM",1505126,,"CLEAR",,false,2026-07-21T18:50:04.000Z,2026-07-21T18:50:04.000Z
"https://leetcode.com/problems/find-closest-person/","Find Closest Person","MATH","EASY",254651,,"CLEAR",,false,2026-07-21T18:50:04.000Z,2026-07-21T18:50:04.000Z
"https://leetcode.com/problems/find-minimum-log-transportation-cost/","Find Minimum Log Transportation Cost","MATH","EASY",88071,,"CLEAR",,false,2026-07-21T18:50:04.000Z,2026-07-21T18:50:04.000Z
"https://leetcode.com/problems/find-the-child-who-has-the-ball-after-k-seconds/","Find the Child Who Has the Ball After K Seconds","MATH","EASY",100778,,"CLEAR",,false,2026-07-21T18:50:04.000Z,2026-07-21T18:50:04.000Z
"https://leetcode.com/problems/find-the-key-of-the-numbers/","Find the Key of the Numbers","MATH","EASY",73854,,"CLEAR",,false,2026-07-21T18:50:04.000Z,2026-07-21T18:50:04.000Z
"https://leetcode.com/problems/find-the-maximum-achievable-number/","Find the Maximum Achievable Number","MATH","EASY",257194,,"CLEAR",,false,2026-07-21T18:50:04.000Z,2026-07-21T18:50:04.000Z
"https://leetcode.com/problems/find-the-winning-player-in-coin-game/","Find the Winning Player in Coin Game","MATH","EASY",118188,,"CLEAR",,false,2026-07-21T18:50:04.000Z,2026-07-21T18:50:04.000Z
"https://leetcode.com/problems/find-three-consecutive-integers-that-sum-to-a-given-number/","Find Three Consecutive Integers That Sum to a Given Number","MATH","MEDIUM",109691,,"CLEAR",,false,2026-07-21T18:50:04.000Z,2026-07-21T18:50:04.000Z
"https://leetcode.com/problems/gcd-of-odd-and-even-sums/","GCD of Odd and Even Sums","MATH","EASY",332251,,"CLEAR",,false,2026-07-21T18:50:04.000Z,2026-07-21T18:50:04.000Z
"https://leetcode.com/problems/harshad-number/","Harshad Number","MATH","EASY",151076,,"CLEAR",,false,2026-07-21T18:50:04.000Z,2026-07-21T18:50:04.000Z
"https://leetcode.com/problems/incremental-memory-leak/","Incremental Memory Leak","MATH","MEDIUM",37808,,"CLEAR",,false,2026-07-21T18:50:04.000Z,2026-07-21T18:50:04.000Z
"https://leetcode.com/problems/largest-palindrome-product/","Largest Palindrome Product","MATH","HARD",93143,,"CLEAR",,false,2026-07-21T18:50:04.000Z,2026-07-21T18:50:04.000Z
"https://leetcode.com/problems/manhattan-distances-of-all-arrangements-of-pieces/","Manhattan Distances of All Arrangements of Pieces","MATH","HARD",12480,,"CLEAR",,false,2026-07-21T18:50:04.000Z,2026-07-21T18:50:04.000Z
"https://leetcode.com/problems/maximum-containers-on-a-ship/","Maximum Containers on a Ship","MATH","EASY",72350,,"CLEAR",,false,2026-07-21T18:50:04.000Z,2026-07-21T18:50:04.000Z
"https://leetcode.com/problems/minimum-cost-path-with-alternating-directions-i/","Minimum Cost Path with Alternating Directions I","MATH","MEDIUM",759,,"LOCKED",,false,2026-07-21T18:50:04.000Z,2026-07-21T18:50:04.000Z
"https://leetcode.com/problems/minimum-cost-to-set-cooking-time/","Minimum Cost to Set Cooking Time","MATH","MEDIUM",53506,,"CLEAR",,false,2026-07-21T18:50:04.000Z,2026-07-21T18:50:04.000Z
"https://leetcode.com/problems/minimum-cost-to-split-into-ones-ii/","Minimum Cost to Split into Ones II","MATH","MEDIUM",460,,"LOCKED",,false,2026-07-21T18:50:04.000Z,2026-07-21T18:50:04.000Z
"https://leetcode.com/problems/minimum-cuts-to-divide-a-circle/","Minimum Cuts to Divide a Circle","MATH","EASY",146442,,"CLEAR",,false,2026-07-21T18:50:04.000Z,2026-07-21T18:50:04.000Z
"https://leetcode.com/problems/minimum-moves-to-capture-the-queen/","Minimum Moves to Capture The Queen","MATH","MEDIUM",106196,,"CLEAR",,false,2026-07-21T18:50:04.000Z,2026-07-21T18:50:04.000Z
"https://leetcode.com/problems/minimum-moves-to-reach-target-in-grid/","Minimum Moves to Reach Target in Grid","MATH","HARD",35844,,"CLEAR",,false,2026-07-21T18:50:04.000Z,2026-07-21T18:50:04.000Z
"https://leetcode.com/problems/minimum-operations-to-make-array-equal/","Minimum Operations to Make Array Equal","MATH","MEDIUM",147541,,"CLEAR",,false,2026-07-21T18:50:04.000Z,2026-07-21T18:50:04.000Z
"https://leetcode.com/problems/minimum-sensors-to-cover-grid/","Minimum Sensors to Cover Grid","MATH","MEDIUM",44914,,"CLEAR",,false,2026-07-21T18:50:04.000Z,2026-07-21T18:50:04.000Z
"https://leetcode.com/problems/mirror-distance-of-an-integer/","Mirror Distance of an Integer","MATH","EASY",204902,,"CLEAR",,false,2026-07-21T18:50:04.000Z,2026-07-21T18:50:04.000Z
"https://leetcode.com/problems/mirror-reflection/","Mirror Reflection","MATH","MEDIUM",150928,,"CLEAR",,false,2026-07-21T18:50:04.000Z,2026-07-21T18:50:04.000Z
"https://leetcode.com/problems/moving-stones-until-consecutive/","Moving Stones Until Consecutive","MATH","MEDIUM",68412,,"CLEAR",,false,2026-07-21T18:50:04.000Z,2026-07-21T18:50:04.000Z
"https://leetcode.com/problems/nim-game/","Nim Game","MATH","EASY",976592,,"CLEAR",,false,2026-07-21T18:50:04.000Z,2026-07-21T18:50:04.000Z
"https://leetcode.com/problems/number-of-burgers-with-no-waste-of-ingredients/","Number of Burgers with No Waste of Ingredients","MATH","MEDIUM",71181,,"CLEAR",,false,2026-07-21T18:50:04.000Z,2026-07-21T18:50:04.000Z
"https://leetcode.com/problems/number-of-common-factors/","Number of Common Factors","MATH","EASY",226660,,"CLEAR",,false,2026-07-21T18:50:04.000Z,2026-07-21T18:50:04.000Z
"https://leetcode.com/problems/number-of-days-in-a-month/","Number of Days in a Month","MATH","EASY",16668,,"LOCKED",,false,2026-07-21T18:50:04.000Z,2026-07-21T18:50:04.000Z
"https://leetcode.com/problems/number-of-unique-categories/","Number of Unique Categories","MATH","MEDIUM",4458,,"LOCKED",,false,2026-07-21T18:50:04.000Z,2026-07-21T18:50:04.000Z
"https://leetcode.com/problems/number-of-ways-to-buy-pens-and-pencils/","Number of Ways to Buy Pens and Pencils","MATH","MEDIUM",73602,,"CLEAR",,false,2026-07-21T18:50:04.000Z,2026-07-21T18:50:04.000Z
"https://leetcode.com/problems/palindrome-number/","Palindrome Number","MATH","EASY",14376614,,"CLEAR",,false,2026-07-21T18:50:04.000Z,2026-07-21T18:50:04.000Z
"https://leetcode.com/problems/pass-the-pillow/","Pass the Pillow","MATH","EASY",389354,,"CLEAR",,false,2026-07-21T18:50:04.000Z,2026-07-21T18:50:04.000Z
"https://leetcode.com/problems/perfect-number/","Perfect Number","MATH","EASY",865036,,"CLEAR",,false,2026-07-21T18:50:04.000Z,2026-07-21T18:50:04.000Z
"https://leetcode.com/problems/prime-arrangements/","Prime Arrangements","MATH","EASY",77503,,"CLEAR",,false,2026-07-21T18:50:04.000Z,2026-07-21T18:50:04.000Z
"https://leetcode.com/problems/prime-palindrome/","Prime Palindrome","MATH","MEDIUM",187517,,"CLEAR",,false,2026-07-21T18:50:04.000Z,2026-07-21T18:50:04.000Z
"https://leetcode.com/problems/reaching-points/","Reaching Points","MATH","HARD",242958,,"CLEAR",,false,2026-07-21T18:50:04.000Z,2026-07-21T18:50:04.000Z
"https://leetcode.com/problems/rectangle-area/","Rectangle Area","MATH","MEDIUM",602190,,"CLEAR",,false,2026-07-21T18:50:04.000Z,2026-07-21T18:50:04.000Z
"https://leetcode.com/problems/rectangle-overlap/","Rectangle Overlap","MATH","EASY",404919,,"CLEAR",,false,2026-07-21T18:50:04.000Z,2026-07-21T18:50:04.000Z
"https://leetcode.com/problems/remove-9/","Remove 9","MATH","HARD",19945,,"LOCKED",,false,2026-07-21T18:50:04.000Z,2026-07-21T18:50:04.000Z
"https://leetcode.com/problems/remove-zeros-in-decimal-representation/","Remove Zeros in Decimal Representation","MATH","EASY",72908,,"CLEAR",,false,2026-07-21T18:50:04.000Z,2026-07-21T18:50:04.000Z
"https://leetcode.com/problems/reverse-integer/","Reverse Integer","MATH","MEDIUM",16445794,,"CLEAR",,false,2026-07-21T18:50:04.000Z,2026-07-21T18:50:04.000Z
"https://leetcode.com/problems/self-dividing-numbers/","Self Dividing Numbers","MATH","EASY",446550,,"CLEAR",,false,2026-07-21T18:50:04.000Z,2026-07-21T18:50:04.000Z
"https://leetcode.com/problems/smallest-divisible-digit-product-i/","Smallest Divisible Digit Product I","MATH","EASY",285663,,"CLEAR",,false,2026-07-21T18:50:04.000Z,2026-07-21T18:50:04.000Z
"https://leetcode.com/problems/smallest-even-multiple/","Smallest Even Multiple","MATH","EASY",369690,,"CLEAR",,false,2026-07-21T18:50:04.000Z,2026-07-21T18:50:04.000Z
"https://leetcode.com/problems/smallest-greater-multiple-made-of-two-digits/","Smallest Greater Multiple Made of Two Digits","MATH","MEDIUM",5773,,"LOCKED",,false,2026-07-21T18:50:04.000Z,2026-07-21T18:50:04.000Z
"https://leetcode.com/problems/smallest-value-after-replacing-with-sum-of-prime-factors/","Smallest Value After Replacing With Sum of Prime Factors","MATH","MEDIUM",69930,,"CLEAR",,false,2026-07-21T18:50:04.000Z,2026-07-21T18:50:04.000Z
"https://leetcode.com/problems/stone-removal-game/","Stone Removal Game","MATH","EASY",86313,,"CLEAR",,false,2026-07-21T18:50:04.000Z,2026-07-21T18:50:04.000Z
"https://leetcode.com/problems/subtract-the-product-and-sum-of-digits-of-an-integer/","Subtract the Product and Sum of Digits of an Integer","MATH","EASY",823354,,"CLEAR",,false,2026-07-21T18:50:04.000Z,2026-07-21T18:50:04.000Z
"https://leetcode.com/problems/sum-multiples/","Sum Multiples","MATH","EASY",262954,,"CLEAR",,false,2026-07-21T18:50:04.000Z,2026-07-21T18:50:04.000Z
"https://leetcode.com/problems/sum-of-digits-in-base-k/","Sum of Digits in Base K","MATH","EASY",111744,,"CLEAR",,false,2026-07-21T18:50:04.000Z,2026-07-21T18:50:04.000Z
"https://leetcode.com/problems/sum-of-increasing-product-blocks/","Sum of Increasing Product Blocks","MATH","MEDIUM",882,,"LOCKED",,false,2026-07-21T18:50:04.000Z,2026-07-21T18:50:04.000Z
"https://leetcode.com/problems/sum-of-k-mirror-numbers/","Sum of k-Mirror Numbers","MATH","HARD",123002,,"CLEAR",,false,2026-07-21T18:50:04.000Z,2026-07-21T18:50:04.000Z
"https://leetcode.com/problems/sum-of-number-and-its-reverse/","Sum of Number and Its Reverse","MATH","MEDIUM",99447,,"CLEAR",,false,2026-07-21T18:50:04.000Z,2026-07-21T18:50:04.000Z
"https://leetcode.com/problems/sum-of-primes-between-number-and-its-reverse/","Sum of Primes Between Number and Its Reverse","MATH","MEDIUM",54951,,"CLEAR",,false,2026-07-21T18:50:04.000Z,2026-07-21T18:50:04.000Z
"https://leetcode.com/problems/the-kth-factor-of-n/","The kth Factor of n","MATH","MEDIUM",520885,,"CLEAR",,false,2026-07-21T18:50:04.000Z,2026-07-21T18:50:04.000Z
"https://leetcode.com/problems/three-divisors/","Three Divisors","MATH","EASY",234534,,"CLEAR",,false,2026-07-21T18:50:04.000Z,2026-07-21T18:50:04.000Z
"https://leetcode.com/problems/total-distance-traveled/","Total Distance Traveled","MATH","EASY",161581,,"CLEAR",,false,2026-07-21T18:50:04.000Z,2026-07-21T18:50:04.000Z
"https://leetcode.com/problems/ugly-number/","Ugly Number","MATH","EASY",1923489,,"CLEAR",,false,2026-07-21T18:50:04.000Z,2026-07-21T18:50:04.000Z
"https://leetcode.com/problems/valid-digit-number/","Valid Digit Number","MATH","EASY",48926,,"CLEAR",,false,2026-07-21T18:50:04.000Z,2026-07-21T18:50:04.000Z
"https://leetcode.com/problems/valid-square/","Valid Square","MATH","MEDIUM",299308,,"CLEAR",,false,2026-07-21T18:50:04.000Z,2026-07-21T18:50:04.000Z
"https://leetcode.com/problems/water-bottles/","Water Bottles","MATH","EASY",627037,,"CLEAR",,false,2026-07-21T18:50:04.000Z,2026-07-21T18:50:04.000Z
"https://leetcode.com/problems/water-bottles-ii/","Water Bottles II","MATH","MEDIUM",219104,,"CLEAR",,false,2026-07-21T18:50:04.000Z,2026-07-21T18:50:04.000Z
"https://leetcode.com/problems/available-captures-for-rook/","Available Captures for Rook","MATRIX","EASY",131183,,"CLEAR",,true,2026-07-21T18:50:04.000Z,2026-08-23T13:06:29.699Z
"https://leetcode.com/problems/best-meeting-point/","Best Meeting Point","MATRIX","HARD",160389,,"LOCKED",,true,2026-07-21T18:50:04.000Z,2026-08-23T13:06:29.699Z
"https://leetcode.com/problems/bricks-falling-when-hit/","Bricks Falling When Hit","MATRIX","HARD",106764,,"CLEAR",,true,2026-07-21T18:50:04.000Z,2026-08-23T13:06:29.699Z
"https://leetcode.com/problems/check-if-grid-satisfies-conditions/","Check if Grid Satisfies Conditions","MATRIX","EASY",106936,,"CLEAR",,true,2026-07-21T18:50:04.000Z,2026-08-23T13:06:29.699Z
"https://leetcode.com/problems/check-if-matrix-is-x-matrix/","Check if Matrix Is X-Matrix","MATRIX","EASY",120313,,"CLEAR",,true,2026-07-21T18:50:04.000Z,2026-08-23T13:06:29.699Z
"https://leetcode.com/problems/check-if-move-is-legal/","Check if Move is Legal","MATRIX","MEDIUM",38306,,"CLEAR",,true,2026-07-21T18:50:04.000Z,2026-08-23T13:06:29.699Z
"https://leetcode.com/problems/check-if-word-can-be-placed-in-crossword/","Check if Word Can Be Placed In Crossword","MATRIX","MEDIUM",58576,,"CLEAR",,true,2026-07-21T18:50:04.000Z,2026-08-23T13:06:29.699Z
"https://leetcode.com/problems/construct-product-matrix/","Construct Product Matrix","MATRIX","MEDIUM",209161,,"CLEAR",,true,2026-07-21T18:50:04.000Z,2026-08-23T13:06:29.699Z
"https://leetcode.com/problems/convert-1d-array-into-2d-array/","Convert 1D Array Into 2D Array","MATRIX","EASY",419214,,"SUCCESS","class Solution {
public:
    vector<vector<int>> construct2DArray(vector<int>& original, int m, int n) {
        int k = original.size();
        vector<vector<int>> mat;

        if (k != m * n) {
            return mat;
        }

        vector<int> arr;
        for (int i = 0; i < k; i++) {
            arr.push_back(original[i]);
            if ((i + 1) % n == 0) {
                mat.push_back(arr);
                arr.clear();
            }
        }

        if (arr.size() > 0 && mat.size() < m) {
            mat.push_back(arr);
        }

        return mat;
    }
};",true,2026-07-21T18:50:04.000Z,2026-08-23T13:06:29.699Z
"https://leetcode.com/problems/count-negative-numbers-in-a-sorted-matrix/","Count Negative Numbers in a Sorted Matrix","MATRIX","EASY",873659,,"SUCCESS","class Solution {
public:
    int countNegatives(vector<vector<int>>& grid) {
        int n = grid.size();
        int m = grid[0].size();
        int ans = 0;
        for(auto vec:grid){
            int i = 0;
            while(i < m){
                if(vec[i] < 0){
                    ans+=m-i;
                    break;
                }
                i++;
            }
        }
        return ans;
    }
};",true,2026-07-21T18:50:04.000Z,2026-08-23T13:06:29.699Z
"https://leetcode.com/problems/count-submatrices-with-equal-frequency-of-x-and-y/","Count Submatrices With Equal Frequency of X and Y","MATRIX","MEDIUM",157964,,"CLEAR",,true,2026-07-21T18:50:04.000Z,2026-08-23T13:06:29.699Z
"https://leetcode.com/problems/count-submatrices-with-top-left-element-and-sum-less-than-k/","Count Submatrices with Top-Left Element and Sum Less Than k","MATRIX","MEDIUM",167847,,"CLEAR",,true,2026-07-21T18:50:04.000Z,2026-08-23T13:06:29.699Z
"https://leetcode.com/problems/count-unguarded-cells-in-the-grid/","Count Unguarded Cells in the Grid","MATRIX","MEDIUM",304545,,"CLEAR",,true,2026-07-21T18:50:04.000Z,2026-08-23T13:06:29.699Z
"https://leetcode.com/problems/create-grid-with-exactly-k-paths-i/","Create Grid With Exactly K Paths I","MATRIX","MEDIUM",27456,,"CLEAR",,false,2026-07-21T18:50:04.000Z,2026-07-21T18:50:04.000Z
"https://leetcode.com/problems/cyclically-rotating-a-grid/","Cyclically Rotating a Grid","MATRIX","MEDIUM",115096,,"CLEAR",,true,2026-07-21T18:50:04.000Z,2026-08-23T13:06:29.699Z
"https://leetcode.com/problems/determine-whether-matrix-can-be-obtained-by-rotation/","Determine Whether Matrix Can Be Obtained By Rotation","MATRIX","EASY",289681,,"CLEAR",,true,2026-07-21T18:50:04.000Z,2026-08-23T13:06:29.699Z
"https://leetcode.com/problems/diagonal-traverse/","Diagonal Traverse","MATRIX","MEDIUM",855233,,"CLEAR",,true,2026-07-21T18:50:04.000Z,2026-08-23T13:06:29.699Z
"https://leetcode.com/problems/difference-between-ones-and-zeros-in-row-and-column/","Difference Between Ones and Zeros in Row and Column","MATRIX","MEDIUM",179433,,"CLEAR",,true,2026-07-21T18:50:04.000Z,2026-08-23T13:06:29.699Z
"https://leetcode.com/problems/equal-sum-grid-partition-i/","Equal Sum Grid Partition I","MATRIX","MEDIUM",252198,,"CLEAR",,true,2026-07-21T18:50:04.000Z,2026-08-23T13:06:29.699Z
"https://leetcode.com/problems/find-a-peak-element-ii/","Find a Peak Element II","MATRIX","MEDIUM",383473,,"CLEAR",,true,2026-07-21T18:50:04.000Z,2026-08-23T13:06:29.699Z
"https://leetcode.com/problems/find-champion-i/","Find Champion I","MATRIX","EASY",76269,,"CLEAR",,true,2026-07-21T18:50:04.000Z,2026-08-23T13:06:29.699Z
"https://leetcode.com/problems/find-the-grid-of-region-average/","Find the Grid of Region Average","MATRIX","MEDIUM",29508,,"CLEAR",,true,2026-07-21T18:50:04.000Z,2026-08-23T13:06:29.699Z
"https://leetcode.com/problems/find-the-minimum-area-to-cover-all-ones-i/","Find the Minimum Area to Cover All Ones I","MATRIX","MEDIUM",216437,,"CLEAR",,true,2026-07-21T18:50:04.000Z,2026-08-23T13:06:29.699Z
"https://leetcode.com/problems/find-the-minimum-area-to-cover-all-ones-ii/","Find the Minimum Area to Cover All Ones II","MATRIX","HARD",103626,,"CLEAR",,true,2026-07-21T18:50:04.000Z,2026-08-23T13:06:29.699Z
"https://leetcode.com/problems/find-the-width-of-columns-of-a-grid/","Find the Width of Columns of a Grid","MATRIX","EASY",61265,,"CLEAR",,true,2026-07-21T18:50:04.000Z,2026-08-23T13:06:29.699Z
"https://leetcode.com/problems/game-of-life/","Game of Life","MATRIX","MEDIUM",910624,,"CLEAR",,true,2026-07-21T18:50:04.000Z,2026-08-23T13:06:29.699Z
"https://leetcode.com/problems/grid-game/","Grid Game","MATRIX","MEDIUM",231542,,"CLEAR",,true,2026-07-21T18:50:04.000Z,2026-08-23T13:06:29.699Z
"https://leetcode.com/problems/image-overlap/","Image Overlap","MATRIX","MEDIUM",168136,,"CLEAR",,true,2026-07-21T18:50:04.000Z,2026-08-23T13:06:29.699Z
"https://leetcode.com/problems/image-smoother/","Image Smoother","MATRIX","EASY",301088,,"CLEAR",,true,2026-07-21T18:50:04.000Z,2026-08-23T13:06:29.699Z
"https://leetcode.com/problems/increment-submatrices-by-one/","Increment Submatrices by One","MATRIX","MEDIUM",150373,,"CLEAR",,true,2026-07-21T18:50:04.000Z,2026-08-23T13:06:29.699Z
"https://leetcode.com/problems/largest-local-values-in-a-matrix/","Largest Local Values in a Matrix","MATRIX","EASY",237442,,"CLEAR",,true,2026-07-21T18:50:04.000Z,2026-08-23T13:06:29.699Z
"https://leetcode.com/problems/largest-local-values-in-a-matrix-ii/","Largest Local Values in a Matrix II","MATRIX","MEDIUM",50406,,"CLEAR",,true,2026-07-21T18:50:04.000Z,2026-08-23T13:06:29.699Z
"https://leetcode.com/problems/largest-magic-square/","Largest Magic Square","MATRIX","MEDIUM",121411,,"CLEAR",,true,2026-07-21T18:50:04.000Z,2026-08-23T13:06:29.699Z
"https://leetcode.com/problems/leftmost-column-with-at-least-a-one/","Leftmost Column with at Least a One","MATRIX","MEDIUM",361004,,"LOCKED",,true,2026-07-21T18:50:04.000Z,2026-08-23T13:06:29.699Z
"https://leetcode.com/problems/lucky-numbers-in-a-matrix/","Lucky Numbers in a Matrix","MATRIX","EASY",388740,,"CLEAR",,true,2026-07-21T18:50:04.000Z,2026-08-23T13:06:29.699Z
"https://leetcode.com/problems/make-a-square-with-the-same-color/","Make a Square with the Same Color","MATRIX","EASY",67009,,"CLEAR",,true,2026-07-21T18:50:04.000Z,2026-08-23T13:06:29.699Z
"https://leetcode.com/problems/matrix-block-sum/","Matrix Block Sum","MATRIX","MEDIUM",156344,,"CLEAR",,true,2026-07-21T18:50:04.000Z,2026-08-23T13:06:29.699Z
"https://leetcode.com/problems/matrix-cells-in-distance-order/","Matrix Cells in Distance Order","MATRIX","EASY",111221,,"CLEAR",,true,2026-07-21T18:50:04.000Z,2026-08-23T13:06:29.699Z
"https://leetcode.com/problems/matrix-diagonal-sum/","Matrix Diagonal Sum","MATRIX","EASY",676482,,"SUCCESS","class Solution {
public:
    int diagonalSum(vector<vector<int>>& mat) {
        int ans = 0, n = mat.size();
        for (int i = 0; i < n; i++) {
            ans += mat[i][i];
        }
        for (int i = n - 1; i >= 0; i--) {
            ans += 2*i == n - 1 ? 0 : mat[i][n - 1 - i];
        }
        return ans;
    }
};",true,2026-07-21T18:50:04.000Z,2026-08-23T13:06:29.699Z
"https://leetcode.com/problems/matrix-similarity-after-cyclic-shifts/","Matrix Similarity After Cyclic Shifts","MATRIX","EASY",182534,,"CLEAR",,true,2026-07-21T18:50:04.000Z,2026-08-23T13:06:29.699Z
"https://leetcode.com/problems/maximum-side-length-of-a-square-with-sum-less-than-or-equal-to-threshold/","Maximum Side Length of a Square with Sum Less than or Equal to Threshold","MATRIX","MEDIUM",196029,,"CLEAR",,true,2026-07-21T18:50:04.000Z,2026-08-23T13:06:29.699Z
"https://leetcode.com/problems/maximum-sum-of-an-hourglass/","Maximum Sum of an Hourglass","MATRIX","MEDIUM",78561,,"CLEAR",,true,2026-07-21T18:50:04.000Z,2026-08-23T13:06:29.699Z
"https://leetcode.com/problems/maximum-trailing-zeros-in-a-cornered-path/","Maximum Trailing Zeros in a Cornered Path","MATRIX","MEDIUM",27193,,"CLEAR",,true,2026-07-21T18:50:04.000Z,2026-08-23T13:06:29.699Z
"https://leetcode.com/problems/median-of-a-row-wise-sorted-matrix/","Median of a Row Wise Sorted Matrix","MATRIX","MEDIUM",9048,,"LOCKED",,true,2026-07-21T18:50:04.000Z,2026-08-23T13:06:29.699Z
"https://leetcode.com/problems/minimum-absolute-difference-in-sliding-submatrix/","Minimum Absolute Difference in Sliding Submatrix","MATRIX","MEDIUM",123628,,"CLEAR",,true,2026-07-21T18:50:04.000Z,2026-08-23T13:06:29.699Z
"https://leetcode.com/problems/minimum-operations-to-make-a-uni-value-grid/","Minimum Operations to Make a Uni-Value Grid","MATRIX","MEDIUM",318059,,"CLEAR",,true,2026-07-21T18:50:04.000Z,2026-08-23T13:06:29.699Z
"https://leetcode.com/problems/minimum-operations-to-make-all-grid-elements-equal/","Minimum Operations to Make All Grid Elements Equal","MATRIX","HARD",565,,"LOCKED",,true,2026-07-21T18:50:04.000Z,2026-08-23T13:06:29.699Z
"https://leetcode.com/problems/modify-the-matrix/","Modify the Matrix","MATRIX","EASY",89369,,"CLEAR",,true,2026-07-21T18:50:04.000Z,2026-08-23T13:06:29.699Z
"https://leetcode.com/problems/number-of-laser-beams-in-a-bank/","Number of Laser Beams in a Bank","MATRIX","MEDIUM",409011,,"CLEAR",,true,2026-07-21T18:50:04.000Z,2026-08-23T13:06:29.699Z
"https://leetcode.com/problems/number-of-spaces-cleaning-robot-cleaned/","Number of Spaces Cleaning Robot Cleaned","MATRIX","MEDIUM",20693,,"LOCKED",,true,2026-07-21T18:50:04.000Z,2026-08-23T13:06:29.699Z
"https://leetcode.com/problems/prime-in-diagonal/","Prime In Diagonal","MATRIX","EASY",202801,,"CLEAR",,true,2026-07-21T18:50:04.000Z,2026-08-23T13:06:29.699Z
"https://leetcode.com/problems/projection-area-of-3d-shapes/","Projection Area of 3D Shapes","MATRIX","EASY",107263,,"CLEAR",,true,2026-07-21T18:50:04.000Z,2026-08-23T13:06:29.699Z
"https://leetcode.com/problems/queens-that-can-attack-the-king/","Queens That Can Attack the King","MATRIX","MEDIUM",73315,,"CLEAR",,true,2026-07-21T18:50:04.000Z,2026-08-23T13:06:29.699Z
"https://leetcode.com/problems/range-sum-query-2d-immutable/","Range Sum Query 2D - Immutable","MATRIX","MEDIUM",861362,,"CLEAR",,true,2026-07-21T18:50:04.000Z,2026-08-23T13:06:29.699Z
"https://leetcode.com/problems/reshape-the-matrix/","Reshape the Matrix","MATRIX","EASY",754999,,"CLEAR",,true,2026-07-21T18:50:04.000Z,2026-08-23T13:06:29.699Z
"https://leetcode.com/problems/richest-customer-wealth/","Richest Customer Wealth","MATRIX","EASY",1483074,,"SUCCESS","class Solution {
public:
    int sum(vector<int>& vec){
        int sum = 0;
        for(auto it: vec){
            sum+=it;
        }
        return sum;
    }
    int maximumWealth(vector<vector<int>>& accounts) {
        int ans = 0;
        for(auto vec:accounts){
            ans = max(ans, sum(vec));
        }
        return ans;
    }
};",true,2026-07-21T18:50:04.000Z,2026-08-23T13:06:29.699Z
"https://leetcode.com/problems/rotate-image/","Rotate Image","MATRIX","MEDIUM",3880348,,"SUCCESS","class Solution {
public:
    void transpose(vector<vector<int>>& matrix) {
        int n = matrix.size();
        vector<vector<int>> trans(n, vector<int>(n, 0));
        for (int i = 0; i < n; i++) {
            for (int j = 0; j < n; j++) {
                trans[i][j] = matrix[j][i];
            }
        }
        for (int i = 0; i < n; i++) {
            for (int j = 0; j < n; j++) {
                matrix[i][j] = trans[i][j];
            }
        }
    }
    void hflip(vector<vector<int>>& matrix) {
        int n = matrix.size();
        for (auto& arr : matrix) {
            for (int i = 0; i < n / 2; i++) {
                int temp = arr[i];
                arr[i] = arr[n - 1 - i];
                arr[n - 1 - i] = temp;
            }
        }
    }

    void rotate(vector<vector<int>>& matrix) {
        transpose(matrix);
        hflip(matrix);
    }
};",true,2026-07-21T18:50:04.000Z,2026-08-23T13:06:29.699Z
"https://leetcode.com/problems/row-with-maximum-ones/","Row With Maximum Ones","MATRIX","EASY",186312,,"CLEAR",,true,2026-07-21T18:50:04.000Z,2026-08-23T13:06:29.699Z
"https://leetcode.com/problems/search-a-2d-matrix/","Search a 2D Matrix","MATRIX","MEDIUM",5707739,,"TLE","class Solution {
public:
    bool searchMatrix(vector<vector<int>>& matrix, int target) {
        int n = matrix.size();
        int m = matrix[0].size();
        
        int i1 = 0, i2 = 0, j1 = n-1, j2 = m-1;

        while(i1 <= j1 && i1 + i2 <= j1 + j2){
            int k1 = (i1 + j1)/2, k2 = (i2 + j2)/2;
            if(matrix[k1][k2] == target){
                return true;
            }
            if(matrix[k1][k2] < target){
                if(k2 == m-1){
                    i1 = k1 + 1;
                    i2 = 0;
                }else{
                    i1 = k1;
                    i2 = k2 + 1;
                }
            }else{
                if(k2 == 0){
                    j1 = k1 - 1;
                    j2 = 0;
                }else{
                    j1 = k1;
                    j2 = k2 - 1;
                }

            }
        }
        return false;
    }
};",true,2026-07-21T18:50:04.000Z,2026-08-23T13:06:29.699Z
"https://leetcode.com/problems/shift-2d-grid/","Shift 2D Grid","MATRIX","EASY",338970,,"CLEAR",,true,2026-07-21T18:50:04.000Z,2026-08-23T13:06:29.699Z
"https://leetcode.com/problems/sort-matrix-by-diagonals/","Sort Matrix by Diagonals","MATRIX","MEDIUM",162208,,"CLEAR",,true,2026-07-21T18:50:04.000Z,2026-08-23T13:06:29.699Z
"https://leetcode.com/problems/sort-the-matrix-diagonally/","Sort the Matrix Diagonally","MATRIX","MEDIUM",243511,,"CLEAR",,true,2026-07-21T18:50:04.000Z,2026-08-23T13:06:29.699Z
"https://leetcode.com/problems/sort-the-students-by-their-kth-score/","Sort the Students by Their Kth Score","MATRIX","MEDIUM",110187,,"CLEAR",,true,2026-07-21T18:50:04.000Z,2026-08-23T13:06:29.699Z
"https://leetcode.com/problems/special-positions-in-a-binary-matrix/","Special Positions in a Binary Matrix","MATRIX","EASY",404209,,"CLEAR",,true,2026-07-21T18:50:04.000Z,2026-08-23T13:06:29.699Z
"https://leetcode.com/problems/spiral-matrix/","Spiral Matrix","MATRIX","MEDIUM",4468800,,"CLEAR",,true,2026-07-21T18:50:04.000Z,2026-08-23T13:06:29.699Z
"https://leetcode.com/problems/spiral-matrix-ii/","Spiral Matrix II","MATRIX","MEDIUM",1137626,,"CLEAR",,true,2026-07-21T18:50:04.000Z,2026-08-23T13:06:29.699Z
"https://leetcode.com/problems/spiral-matrix-iii/","Spiral Matrix III","MATRIX","MEDIUM",213546,,"CLEAR",,true,2026-07-21T18:50:04.000Z,2026-08-23T13:06:29.699Z
"https://leetcode.com/problems/subrectangle-queries/","Subrectangle Queries","MATRIX","MEDIUM",153001,,"CLEAR",,true,2026-07-21T18:50:04.000Z,2026-08-23T13:06:29.699Z
"https://leetcode.com/problems/surface-area-of-3d-shapes/","Surface Area of 3D Shapes","MATRIX","EASY",84788,,"CLEAR",,true,2026-07-21T18:50:04.000Z,2026-08-23T13:06:29.699Z
"https://leetcode.com/problems/toeplitz-matrix/","Toeplitz Matrix","MATRIX","EASY",685253,,"CLEAR",,true,2026-07-21T18:50:04.000Z,2026-08-23T13:06:29.699Z
"https://leetcode.com/problems/transpose-matrix/","Transpose Matrix","MATRIX","EASY",856903,,"SUCCESS","class Solution {
public:
    vector<vector<int>> transpose(vector<vector<int>>& matrix) {
        int n = matrix.size();
        int m = matrix[0].size();
        vector<vector<int>> ans(m,vector<int>(n,0));
        for(int i = 0; i < n; i++){
            for(int j = 0; j < m; j++){
                ans[j][i]=matrix[i][j];
            }
        }
        return ans;
    }
};",true,2026-07-21T18:50:04.000Z,2026-08-23T13:06:29.699Z
"https://leetcode.com/problems/valid-tic-tac-toe-state/","Valid Tic-Tac-Toe State","MATRIX","MEDIUM",199811,,"CLEAR",,true,2026-07-21T18:50:04.000Z,2026-08-23T13:06:29.699Z
"https://leetcode.com/problems/valid-word-square/","Valid Word Square","MATRIX","EASY",168312,,"LOCKED",,true,2026-07-21T18:50:04.000Z,2026-08-23T13:06:29.699Z
"https://leetcode.com/problems/where-will-the-ball-fall/","Where Will the Ball Fall","MATRIX","MEDIUM",209826,,"CLEAR",,true,2026-07-21T18:50:04.000Z,2026-08-23T13:06:29.699Z
"https://leetcode.com/problems/zigzag-grid-traversal-with-skip/","Zigzag Grid Traversal With Skip","MATRIX","EASY",63873,,"CLEAR",,true,2026-07-21T18:50:04.000Z,2026-08-23T13:06:29.699Z
"https://leetcode.com/problems/add-two-promises/","Add Two Promises","MISCELLANEOUS","EASY",215931,,"CLEAR",,false,2026-07-21T18:50:04.000Z,2026-07-21T18:50:04.000Z
"https://leetcode.com/problems/allow-one-function-call/","Allow One Function Call","MISCELLANEOUS","EASY",236403,,"CLEAR",,false,2026-07-21T18:50:04.000Z,2026-07-21T18:50:04.000Z
"https://leetcode.com/problems/apply-transform-over-each-element-in-array/","Apply Transform Over Each Element in Array","MISCELLANEOUS","EASY",412654,,"CLEAR",,false,2026-07-21T18:50:04.000Z,2026-07-21T18:50:04.000Z
"https://leetcode.com/problems/array-of-objects-to-matrix/","Array of Objects to Matrix","MISCELLANEOUS","HARD",9233,,"LOCKED",,false,2026-07-21T18:50:04.000Z,2026-07-21T18:50:04.000Z
"https://leetcode.com/problems/array-prototype-foreach/","Array Prototype ForEach","MISCELLANEOUS","EASY",2019,,"LOCKED",,false,2026-07-21T18:50:04.000Z,2026-07-21T18:50:04.000Z
"https://leetcode.com/problems/array-prototype-last/","Array Prototype Last","MISCELLANEOUS","EASY",345918,,"CLEAR",,false,2026-07-21T18:50:04.000Z,2026-07-21T18:50:04.000Z
"https://leetcode.com/problems/array-reduce-transformation/","Array Reduce Transformation","MISCELLANEOUS","EASY",360183,,"CLEAR",,false,2026-07-21T18:50:04.000Z,2026-07-21T18:50:04.000Z
"https://leetcode.com/problems/array-upper-bound/","Array Upper Bound","MISCELLANEOUS","EASY",3065,,"LOCKED",,false,2026-07-21T18:50:04.000Z,2026-07-21T18:50:04.000Z
"https://leetcode.com/problems/array-wrapper/","Array Wrapper","MISCELLANEOUS","EASY",87824,,"CLEAR",,false,2026-07-21T18:50:04.000Z,2026-07-21T18:50:04.000Z
"https://leetcode.com/problems/bind-function-to-context/","Bind Function to Context","MISCELLANEOUS","MEDIUM",1418,,"LOCKED",,false,2026-07-21T18:50:04.000Z,2026-07-21T18:50:04.000Z
"https://leetcode.com/problems/cache-with-time-limit/","Cache With Time Limit","MISCELLANEOUS","MEDIUM",118131,,"CLEAR",,false,2026-07-21T18:50:04.000Z,2026-07-21T18:50:04.000Z
"https://leetcode.com/problems/calculator-with-method-chaining/","Calculator with Method Chaining","MISCELLANEOUS","EASY",77648,,"CLEAR",,false,2026-07-21T18:50:04.000Z,2026-07-21T18:50:04.000Z
"https://leetcode.com/problems/call-function-with-custom-context/","Call Function with Custom Context","MISCELLANEOUS","MEDIUM",20298,,"CLEAR",,false,2026-07-21T18:50:04.000Z,2026-07-21T18:50:04.000Z
"https://leetcode.com/problems/change-data-type/","Change Data Type","MISCELLANEOUS","EASY",151661,,"CLEAR",,false,2026-07-21T18:50:04.000Z,2026-07-21T18:50:04.000Z
"https://leetcode.com/problems/check-ascii-palindromic/","Check ASCII Palindromic","MISCELLANEOUS","EASY",85344,,"CLEAR",,false,2026-09-07T18:13:42.370Z,2026-09-07T18:13:42.370Z
"https://leetcode.com/problems/check-if-object-instance-of-class/","Check if Object Instance of Class","MISCELLANEOUS","MEDIUM",144815,,"CLEAR",,false,2026-07-21T18:50:04.000Z,2026-07-21T18:50:04.000Z
"https://leetcode.com/problems/chunk-array/","Chunk Array","MISCELLANEOUS","EASY",145345,,"CLEAR",,false,2026-07-21T18:50:04.000Z,2026-07-21T18:50:04.000Z
"https://leetcode.com/problems/compact-object/","Compact Object","MISCELLANEOUS","MEDIUM",74193,,"CLEAR",,false,2026-07-21T18:50:04.000Z,2026-07-21T18:50:04.000Z
"https://leetcode.com/problems/construct-string-with-minimum-cost-easy/","Construct String with Minimum Cost (Easy)","MISCELLANEOUS","MEDIUM",1482,,"LOCKED",,false,2026-07-21T18:50:04.000Z,2026-07-21T18:50:04.000Z
"https://leetcode.com/problems/convert-callback-based-function-to-promise-based-function/","Convert Callback Based Function to Promise Based Function","MISCELLANEOUS","MEDIUM",1527,,"LOCKED",,false,2026-07-21T18:50:04.000Z,2026-07-21T18:50:04.000Z
"https://leetcode.com/problems/convert-json-string-to-object/","Convert JSON String to Object","MISCELLANEOUS","HARD",1607,,"LOCKED",,false,2026-07-21T18:50:04.000Z,2026-07-21T18:50:04.000Z
"https://leetcode.com/problems/convert-object-to-json-string/","Convert Object to JSON String","MISCELLANEOUS","MEDIUM",18273,,"LOCKED",,false,2026-07-21T18:50:04.000Z,2026-07-21T18:50:04.000Z
"https://leetcode.com/problems/count-good-cyclic-rotations/","Count Good Cyclic Rotations","MISCELLANEOUS","MEDIUM",64331,,"CLEAR",,false,2026-09-07T18:13:42.370Z,2026-09-07T18:13:42.370Z
"https://leetcode.com/problems/count-houses-in-a-circular-street-ii/","Count Houses in a Circular Street II","MISCELLANEOUS","HARD",1616,,"LOCKED",,false,2026-07-21T18:50:04.000Z,2026-07-21T18:50:04.000Z
"https://leetcode.com/problems/count-integers-appearing-in-a-single-block/","Count Integers Appearing in a Single Block","MISCELLANEOUS","EASY",99076,,"CLEAR",,false,2026-09-07T18:13:42.370Z,2026-09-07T18:13:42.370Z
"https://leetcode.com/problems/count-robot-groups/","Count Robot Groups","MISCELLANEOUS","MEDIUM",39056,,"CLEAR",,false,2026-09-07T18:13:42.370Z,2026-09-07T18:13:42.370Z
"https://leetcode.com/problems/count-rotations-with-exactly-k-equal-adjacent-pairs/","Count Rotations With Exactly K Equal Adjacent Pairs","MISCELLANEOUS","EASY",54070,,"CLEAR",,false,2026-09-07T18:13:42.370Z,2026-09-07T18:13:42.370Z
"https://leetcode.com/problems/count-smaller-elements-with-opposite-parity/","Count Smaller Elements With Opposite Parity","MISCELLANEOUS","MEDIUM",520,,"LOCKED",,false,2026-07-21T18:50:04.000Z,2026-07-21T18:50:04.000Z
"https://leetcode.com/problems/counter/","Counter","MISCELLANEOUS","EASY",902551,,"CLEAR",,false,2026-07-21T18:50:04.000Z,2026-07-21T18:50:04.000Z
"https://leetcode.com/problems/counter-ii/","Counter II","MISCELLANEOUS","EASY",492896,,"CLEAR",,false,2026-07-21T18:50:04.000Z,2026-07-21T18:50:04.000Z
"https://leetcode.com/problems/create-a-dataframe-from-list/","Create a DataFrame from List","MISCELLANEOUS","EASY",332966,,"CLEAR",,false,2026-07-21T18:50:04.000Z,2026-07-21T18:50:04.000Z
"https://leetcode.com/problems/create-a-new-column/","Create a New Column","MISCELLANEOUS","EASY",186384,,"CLEAR",,false,2026-07-21T18:50:04.000Z,2026-07-21T18:50:04.000Z
"https://leetcode.com/problems/create-grid-with-exactly-one-path/","Create Grid With Exactly One Path","MISCELLANEOUS","EASY",53982,,"CLEAR",,false,2026-07-21T18:50:04.000Z,2026-07-21T18:50:04.000Z
"https://leetcode.com/problems/create-hello-world-function/","Create Hello World Function","MISCELLANEOUS","EASY",1066393,,"CLEAR",,false,2026-07-21T18:50:04.000Z,2026-07-21T18:50:04.000Z
"https://leetcode.com/problems/create-object-from-two-arrays/","Create Object from Two Arrays","MISCELLANEOUS","EASY",3008,,"LOCKED",,false,2026-07-21T18:50:04.000Z,2026-07-21T18:50:04.000Z
"https://leetcode.com/problems/curry/","Curry","MISCELLANEOUS","MEDIUM",21437,,"LOCKED",,false,2026-07-21T18:50:04.000Z,2026-07-21T18:50:04.000Z
"https://leetcode.com/problems/custom-interval/","Custom Interval","MISCELLANEOUS","MEDIUM",991,,"LOCKED",,false,2026-07-21T18:50:04.000Z,2026-07-21T18:50:04.000Z
"https://leetcode.com/problems/date-range-generator/","Date Range Generator","MISCELLANEOUS","MEDIUM",1026,,"LOCKED",,false,2026-07-21T18:50:04.000Z,2026-07-21T18:50:04.000Z
"https://leetcode.com/problems/debounce/","Debounce","MISCELLANEOUS","MEDIUM",108856,,"CLEAR",,false,2026-07-21T18:50:04.000Z,2026-07-21T18:50:04.000Z
"https://leetcode.com/problems/deep-merge-of-two-objects/","Deep Merge of Two Objects","MISCELLANEOUS","MEDIUM",1553,,"LOCKED",,false,2026-07-21T18:50:04.000Z,2026-07-21T18:50:04.000Z
"https://leetcode.com/problems/deep-object-filter/","Deep Object Filter","MISCELLANEOUS","MEDIUM",1369,,"LOCKED",,false,2026-07-21T18:50:04.000Z,2026-07-21T18:50:04.000Z
"https://leetcode.com/problems/delay-the-resolution-of-each-promise/","Delay the Resolution of Each Promise","MISCELLANEOUS","MEDIUM",1537,,"LOCKED",,false,2026-07-21T18:50:04.000Z,2026-07-21T18:50:04.000Z
"https://leetcode.com/problems/design-cancellable-function/","Design Cancellable Function","MISCELLANEOUS","HARD",9595,,"CLEAR",,false,2026-07-21T18:50:04.000Z,2026-07-21T18:50:04.000Z
"https://leetcode.com/problems/differences-between-two-objects/","Differences Between Two Objects","MISCELLANEOUS","MEDIUM",10750,,"LOCKED",,false,2026-07-21T18:50:04.000Z,2026-07-21T18:50:04.000Z
"https://leetcode.com/problems/display-the-first-three-rows/","Display the First Three Rows","MISCELLANEOUS","EASY",243621,,"CLEAR",,false,2026-07-21T18:50:04.000Z,2026-07-21T18:50:04.000Z
"https://leetcode.com/problems/drop-duplicate-rows/","Drop Duplicate Rows","MISCELLANEOUS","EASY",177855,,"CLEAR",,false,2026-07-21T18:50:04.000Z,2026-07-21T18:50:04.000Z
"https://leetcode.com/problems/drop-missing-data/","Drop Missing Data","MISCELLANEOUS","EASY",218692,,"CLEAR",,false,2026-07-21T18:50:04.000Z,2026-07-21T18:50:04.000Z
"https://leetcode.com/problems/election-results/","Election Results","MISCELLANEOUS","MEDIUM",6885,,"LOCKED",,false,2026-07-21T18:50:04.000Z,2026-07-21T18:50:04.000Z
"https://leetcode.com/problems/elevator-requests-iv/","Elevator Requests IV","MISCELLANEOUS","HARD",293,,"LOCKED",,false,2026-09-07T18:13:42.370Z,2026-09-07T18:13:42.370Z
"https://leetcode.com/problems/event-emitter/","Event Emitter","MISCELLANEOUS","MEDIUM",66472,,"CLEAR",,false,2026-07-21T18:50:04.000Z,2026-07-21T18:50:04.000Z
"https://leetcode.com/problems/execute-asynchronous-functions-in-parallel/","Execute Asynchronous Functions in Parallel","MISCELLANEOUS","MEDIUM",74563,,"CLEAR",,false,2026-07-21T18:50:04.000Z,2026-07-21T18:50:04.000Z
"https://leetcode.com/problems/factorial-generator/","Factorial Generator","MISCELLANEOUS","EASY",2028,,"LOCKED",,false,2026-07-21T18:50:04.000Z,2026-07-21T18:50:04.000Z
"https://leetcode.com/problems/fill-missing-data/","Fill Missing Data","MISCELLANEOUS","EASY",173771,,"CLEAR",,false,2026-07-21T18:50:04.000Z,2026-07-21T18:50:04.000Z
"https://leetcode.com/problems/filter-elements-from-array/","Filter Elements from Array","MISCELLANEOUS","EASY",380658,,"CLEAR",,false,2026-07-21T18:50:04.000Z,2026-07-21T18:50:04.000Z
"https://leetcode.com/problems/find-all-numbers-disappeared-in-an-array-ii/","Find All Numbers Disappeared in an Array II","MISCELLANEOUS","MEDIUM",74342,,"CLEAR",,false,2026-09-07T18:13:42.370Z,2026-09-07T18:13:42.370Z
"https://leetcode.com/problems/find-books-with-polarized-opinions/","Find Books with Polarized Opinions","MISCELLANEOUS","MEDIUM",30519,,"CLEAR",,false,2026-07-21T18:50:04.000Z,2026-07-21T18:50:04.000Z
"https://leetcode.com/problems/find-churn-risk-customers/","Find Churn Risk Customers","MISCELLANEOUS","MEDIUM",21275,,"CLEAR",,false,2026-07-21T18:50:04.000Z,2026-07-21T18:50:04.000Z
"https://leetcode.com/problems/find-emotionally-consistent-users/","Find Emotionally Consistent Users","MISCELLANEOUS","MEDIUM",17476,,"CLEAR",,false,2026-07-21T18:50:04.000Z,2026-07-21T18:50:04.000Z
"https://leetcode.com/problems/find-golden-hour-customers/","Find Golden Hour Customers","MISCELLANEOUS","MEDIUM",30518,,"CLEAR",,false,2026-07-21T18:50:04.000Z,2026-07-21T18:50:04.000Z
"https://leetcode.com/problems/find-loyal-customers/","Find Loyal Customers","MISCELLANEOUS","MEDIUM",26052,,"CLEAR",,false,2026-07-21T18:50:04.000Z,2026-07-21T18:50:04.000Z
"https://leetcode.com/problems/find-stores-with-inventory-imbalance/","Find Stores with Inventory Imbalance","MISCELLANEOUS","MEDIUM",23627,,"CLEAR",,false,2026-07-21T18:50:04.000Z,2026-07-21T18:50:04.000Z
"https://leetcode.com/problems/find-students-with-study-spiral-pattern/","Find Students with Study Spiral Pattern","MISCELLANEOUS","HARD",20900,,"CLEAR",,false,2026-07-21T18:50:04.000Z,2026-07-21T18:50:04.000Z
"https://leetcode.com/problems/find-users-with-high-token-usage/","Find Users with High Token Usage","MISCELLANEOUS","EASY",31166,,"CLEAR",,false,2026-07-21T18:50:04.000Z,2026-07-21T18:50:04.000Z
"https://leetcode.com/problems/find-users-with-persistent-behavior-patterns/","Find Users with Persistent Behavior Patterns","MISCELLANEOUS","HARD",13605,,"CLEAR",,false,2026-07-21T18:50:04.000Z,2026-07-21T18:50:04.000Z
"https://leetcode.com/problems/find-zombie-sessions/","Find Zombie Sessions","MISCELLANEOUS","HARD",18769,,"CLEAR",,false,2026-07-21T18:50:04.000Z,2026-07-21T18:50:04.000Z
"https://leetcode.com/problems/flatten-deeply-nested-array/","Flatten Deeply Nested Array","MISCELLANEOUS","MEDIUM",131783,,"CLEAR",,false,2026-07-21T18:50:04.000Z,2026-07-21T18:50:04.000Z
"https://leetcode.com/problems/function-composition/","Function Composition","MISCELLANEOUS","EASY",296867,,"CLEAR",,false,2026-07-21T18:50:04.000Z,2026-07-21T18:50:04.000Z
"https://leetcode.com/problems/generate-circular-array-values/","Generate Circular Array Values","MISCELLANEOUS","MEDIUM",1091,,"LOCKED",,false,2026-07-21T18:50:04.000Z,2026-07-21T18:50:04.000Z
"https://leetcode.com/problems/generate-fibonacci-sequence/","Generate Fibonacci Sequence","MISCELLANEOUS","EASY",65128,,"CLEAR",,false,2026-07-21T18:50:04.000Z,2026-07-21T18:50:04.000Z
"https://leetcode.com/problems/get-the-size-of-a-dataframe/","Get the Size of a DataFrame","MISCELLANEOUS","EASY",248681,,"CLEAR",,false,2026-07-21T18:50:04.000Z,2026-07-21T18:50:04.000Z
"https://leetcode.com/problems/group-by/","Group By","MISCELLANEOUS","MEDIUM",102049,,"CLEAR",,false,2026-07-21T18:50:04.000Z,2026-07-21T18:50:04.000Z
"https://leetcode.com/problems/immutability-helper/","Immutability Helper","MISCELLANEOUS","HARD",1097,,"LOCKED",,false,2026-07-21T18:50:04.000Z,2026-07-21T18:50:04.000Z
"https://leetcode.com/problems/infinite-method-object/","Infinite Method Object","MISCELLANEOUS","EASY",2470,,"LOCKED",,false,2026-07-21T18:50:04.000Z,2026-07-21T18:50:04.000Z
"https://leetcode.com/problems/interval-cancellation/","Interval Cancellation","MISCELLANEOUS","EASY",105468,,"CLEAR",,false,2026-07-21T18:50:04.000Z,2026-07-21T18:50:04.000Z
"https://leetcode.com/problems/inversion-of-object/","Inversion of Object","MISCELLANEOUS","EASY",2645,,"LOCKED",,false,2026-07-21T18:50:04.000Z,2026-07-21T18:50:04.000Z
"https://leetcode.com/problems/is-object-empty/","Is Object Empty","MISCELLANEOUS","EASY",154534,,"CLEAR",,false,2026-07-21T18:50:04.000Z,2026-07-21T18:50:04.000Z
"https://leetcode.com/problems/join-two-arrays-by-id/","Join Two Arrays by ID","MISCELLANEOUS","MEDIUM",111946,,"CLEAR",,false,2026-07-21T18:50:04.000Z,2026-07-21T18:50:04.000Z
"https://leetcode.com/problems/json-deep-equal/","JSON Deep Equal","MISCELLANEOUS","MEDIUM",38520,,"LOCKED",,false,2026-07-21T18:50:04.000Z,2026-07-21T18:50:04.000Z
"https://leetcode.com/problems/lexicographically-largest-string-after-pair-transformations/","Lexicographically Largest String After Pair Transformations","MISCELLANEOUS","MEDIUM",38116,,"CLEAR",,false,2026-09-07T18:13:42.370Z,2026-09-07T18:13:42.370Z
"https://leetcode.com/problems/longest-subarray-with-at-most-k-distinct-prime-factors/","Longest Subarray With at Most K Distinct Prime Factors","MISCELLANEOUS","MEDIUM",37480,,"CLEAR",,false,2026-09-07T18:13:42.370Z,2026-09-07T18:13:42.370Z
"https://leetcode.com/problems/make-object-immutable/","Make Object Immutable","MISCELLANEOUS","MEDIUM",1294,,"LOCKED",,false,2026-07-21T18:50:04.000Z,2026-07-21T18:50:04.000Z
"https://leetcode.com/problems/maximum-team-size-with-overlapping-intervals/","Maximum Team Size with Overlapping Intervals","MISCELLANEOUS","MEDIUM",2162,,"LOCKED",,false,2026-07-21T18:50:04.000Z,2026-07-21T18:50:04.000Z
"https://leetcode.com/problems/maximum-valid-split-positions-i/","Maximum Valid Split Positions I","MISCELLANEOUS","MEDIUM",30237,,"CLEAR",,false,2026-09-07T18:13:42.370Z,2026-09-07T18:13:42.370Z
"https://leetcode.com/problems/maximum-valid-split-positions-ii/","Maximum Valid Split Positions II","MISCELLANEOUS","HARD",10146,,"CLEAR",,false,2026-09-07T18:13:42.370Z,2026-09-07T18:13:42.370Z
"https://leetcode.com/problems/memoize/","Memoize","MISCELLANEOUS","MEDIUM",297111,,"CLEAR",,false,2026-07-21T18:50:04.000Z,2026-07-21T18:50:04.000Z
"https://leetcode.com/problems/memoize-ii/","Memoize II","MISCELLANEOUS","HARD",33192,,"CLEAR",,false,2026-07-21T18:50:04.000Z,2026-07-21T18:50:04.000Z
"https://leetcode.com/problems/method-chaining/","Method Chaining","MISCELLANEOUS","EASY",142539,,"CLEAR",,false,2026-07-21T18:50:04.000Z,2026-07-21T18:50:04.000Z
"https://leetcode.com/problems/minimum-bishop-moves-to-reach-target/","Minimum Bishop Moves to Reach Target","MISCELLANEOUS","MEDIUM",50502,,"CLEAR",,false,2026-09-07T18:13:42.370Z,2026-09-07T18:13:42.370Z
"https://leetcode.com/problems/minimum-cost-path-with-at-most-k-turns/","Minimum Cost Path With At Most K Turns","MISCELLANEOUS","HARD",15817,,"CLEAR",,false,2026-09-07T18:13:42.370Z,2026-09-07T18:13:42.370Z
"https://leetcode.com/problems/minimum-distance-excluding-one-maximum-weighted-edge/","Minimum Distance Excluding One Maximum Weighted Edge","MISCELLANEOUS","MEDIUM",787,,"LOCKED",,false,2026-07-21T18:50:04.000Z,2026-07-21T18:50:04.000Z
"https://leetcode.com/problems/minimum-operations-to-form-subset-sum-i/","Minimum Operations to Form Subset Sum I","MISCELLANEOUS","MEDIUM",24747,,"CLEAR",,false,2026-09-07T18:13:42.370Z,2026-09-07T18:13:42.370Z
"https://leetcode.com/problems/minimum-operations-to-form-subset-sum-ii/","Minimum Operations to Form Subset Sum II","MISCELLANEOUS","HARD",15042,,"CLEAR",,false,2026-09-07T18:13:42.370Z,2026-09-07T18:13:42.370Z
"https://leetcode.com/problems/modify-columns/","Modify Columns","MISCELLANEOUS","EASY",169898,,"CLEAR",,false,2026-07-21T18:50:04.000Z,2026-07-21T18:50:04.000Z
"https://leetcode.com/problems/most-common-course-pairs/","Most Common Course Pairs","MISCELLANEOUS","HARD",11988,,"CLEAR",,false,2026-07-21T18:50:04.000Z,2026-07-21T18:50:04.000Z
"https://leetcode.com/problems/nested-array-generator/","Nested Array Generator","MISCELLANEOUS","MEDIUM",26406,,"CLEAR",,false,2026-07-21T18:50:04.000Z,2026-07-21T18:50:04.000Z
"https://leetcode.com/problems/next-day/","Next Day","MISCELLANEOUS","EASY",2108,,"LOCKED",,false,2026-07-21T18:50:04.000Z,2026-07-21T18:50:04.000Z
"https://leetcode.com/problems/number-of-ways-to-paint-sheets/","Number of Ways to Paint Sheets","MISCELLANEOUS","HARD",723,,"LOCKED",,false,2026-07-21T18:50:04.000Z,2026-07-21T18:50:04.000Z
"https://leetcode.com/problems/parallel-execution-of-promises-for-individual-results-retrieval/","Parallel Execution of Promises for Individual Results Retrieval","MISCELLANEOUS","MEDIUM",1338,,"LOCKED",,false,2026-07-21T18:50:04.000Z,2026-07-21T18:50:04.000Z
"https://leetcode.com/problems/partial-function-with-placeholders/","Partial Function with Placeholders","MISCELLANEOUS","EASY",2194,,"LOCKED",,false,2026-07-21T18:50:04.000Z,2026-07-21T18:50:04.000Z
"https://leetcode.com/problems/promise-pool/","Promise Pool","MISCELLANEOUS","MEDIUM",19338,,"LOCKED",,false,2026-07-21T18:50:04.000Z,2026-07-21T18:50:04.000Z
"https://leetcode.com/problems/promise-time-limit/","Promise Time Limit","MISCELLANEOUS","MEDIUM",124152,,"CLEAR",,false,2026-07-21T18:50:04.000Z,2026-07-21T18:50:04.000Z
"https://leetcode.com/problems/query-batching/","Query Batching","MISCELLANEOUS","HARD",893,,"LOCKED",,false,2026-07-21T18:50:04.000Z,2026-07-21T18:50:04.000Z
"https://leetcode.com/problems/rename-columns/","Rename Columns","MISCELLANEOUS","EASY",157019,,"CLEAR",,false,2026-07-21T18:50:04.000Z,2026-07-21T18:50:04.000Z
"https://leetcode.com/problems/repeat-string/","Repeat String","MISCELLANEOUS","EASY",4339,,"LOCKED",,false,2026-07-21T18:50:04.000Z,2026-07-21T18:50:04.000Z
"https://leetcode.com/problems/reshape-data-concatenate/","Reshape Data: Concatenate","MISCELLANEOUS","EASY",147328,,"CLEAR",,false,2026-07-21T18:50:04.000Z,2026-07-21T18:50:04.000Z
"https://leetcode.com/problems/reshape-data-melt/","Reshape Data: Melt","MISCELLANEOUS","EASY",122746,,"CLEAR",,false,2026-07-21T18:50:04.000Z,2026-07-21T18:50:04.000Z
"https://leetcode.com/problems/reshape-data-pivot/","Reshape Data: Pivot","MISCELLANEOUS","EASY",134634,,"CLEAR",,false,2026-07-21T18:50:04.000Z,2026-07-21T18:50:04.000Z
"https://leetcode.com/problems/return-length-of-arguments-passed/","Return Length of Arguments Passed","MISCELLANEOUS","EASY",335378,,"CLEAR",,false,2026-07-21T18:50:04.000Z,2026-07-21T18:50:04.000Z
"https://leetcode.com/problems/select-data/","Select Data","MISCELLANEOUS","EASY",229588,,"CLEAR",,false,2026-07-21T18:50:04.000Z,2026-07-21T18:50:04.000Z
"https://leetcode.com/problems/sleep/","Sleep","MISCELLANEOUS","EASY",305808,,"CLEAR",,false,2026-07-21T18:50:04.000Z,2026-07-21T18:50:04.000Z
"https://leetcode.com/problems/snail-traversal/","Snail Traversal","MISCELLANEOUS","MEDIUM",31586,,"CLEAR",,false,2026-07-21T18:50:04.000Z,2026-07-21T18:50:04.000Z
"https://leetcode.com/problems/sort-by/","Sort By","MISCELLANEOUS","EASY",104432,,"CLEAR",,false,2026-07-21T18:50:04.000Z,2026-07-21T18:50:04.000Z
"https://leetcode.com/problems/status-of-flight-tickets/","Status of Flight Tickets","MISCELLANEOUS","HARD",4905,,"LOCKED",,false,2026-07-21T18:50:04.000Z,2026-07-21T18:50:04.000Z
"https://leetcode.com/problems/sum-of-decoded-numbers/","Sum of Decoded Numbers","MISCELLANEOUS","MEDIUM",68099,,"CLEAR",,false,2026-09-07T18:13:42.370Z,2026-09-07T18:13:42.370Z
"https://leetcode.com/problems/throttle/","Throttle","MISCELLANEOUS","MEDIUM",14272,,"LOCKED",,false,2026-07-21T18:50:04.000Z,2026-07-21T18:50:04.000Z
"https://leetcode.com/problems/timeout-cancellation/","Timeout Cancellation","MISCELLANEOUS","EASY",120689,,"CLEAR",,false,2026-07-21T18:50:04.000Z,2026-07-21T18:50:04.000Z
"https://leetcode.com/problems/to-be-or-not-to-be/","To Be Or Not To Be","MISCELLANEOUS","EASY",586615,,"CLEAR",,false,2026-07-21T18:50:04.000Z,2026-07-21T18:50:04.000Z
"https://leetcode.com/problems/undefined-to-null/","Undefined to Null","MISCELLANEOUS","MEDIUM",1520,,"LOCKED",,false,2026-07-21T18:50:04.000Z,2026-07-21T18:50:04.000Z
"https://leetcode.com/problems/valid-k-unique-subarrays-i/","Valid K-Unique Subarrays I","MISCELLANEOUS","HARD",22990,,"CLEAR",,false,2026-09-07T18:13:42.370Z,2026-09-07T18:13:42.370Z
"https://leetcode.com/problems/valid-k-unique-subarrays-ii/","Valid K-Unique Subarrays II","MISCELLANEOUS","HARD",142,,"LOCKED",,false,2026-09-07T18:13:42.370Z,2026-09-07T18:13:42.370Z
"https://leetcode.com/problems/count-prime-gap-balanced-subarrays/","Count Prime-Gap Balanced Subarrays","QUEUE","MEDIUM",34862,,"CLEAR",,true,2026-07-21T18:50:04.000Z,2026-08-29T14:00:11.307Z
"https://leetcode.com/problems/count-subarrays-with-cost-less-than-or-equal-to-k/","Count Subarrays With Cost Less Than or Equal to K","QUEUE","MEDIUM",53409,,"CLEAR",,true,2026-07-21T18:50:04.000Z,2026-08-29T14:00:11.307Z
"https://leetcode.com/problems/count-subarrays-with-fixed-bounds/","Count Subarrays With Fixed Bounds","QUEUE","HARD",344828,,"CLEAR",,true,2026-07-21T18:50:04.000Z,2026-08-29T14:00:11.307Z
"https://leetcode.com/problems/design-hit-counter/","Design Hit Counter","QUEUE","MEDIUM",502594,,"LOCKED",,true,2026-07-21T18:50:04.000Z,2026-08-29T14:00:11.307Z
"https://leetcode.com/problems/design-ride-sharing-system/","Design Ride Sharing System","QUEUE","MEDIUM",51373,,"CLEAR",,true,2026-07-21T18:50:04.000Z,2026-08-29T14:00:11.307Z
"https://leetcode.com/problems/design-snake-game/","Design Snake Game","QUEUE","MEDIUM",268514,,"LOCKED",,true,2026-07-21T18:50:04.000Z,2026-08-29T14:00:11.307Z
"https://leetcode.com/problems/find-consecutive-integers-from-a-data-stream/","Find Consecutive Integers from a Data Stream","QUEUE","MEDIUM",76356,,"CLEAR",,true,2026-07-21T18:50:04.000Z,2026-08-29T14:00:11.307Z
"https://leetcode.com/problems/first-unique-character-in-a-string/","First Unique Character in a String","QUEUE","EASY",3865451,,"SUCCESS","class Solution {
public:
    int firstUniqChar(string s) {
        vector<int> firstIndex(26, -1);
        vector<int> counts(26, 0);
        int i = 0;
        for (auto ch : s) {
            int k = ch - 'a';
            if (firstIndex[k] < 0) {
                firstIndex[k] = i;
            }
            counts[k]++;
            i++;
        }
        int ans = s.size();
        for (i = 0; i < 26; i++) {
            if (counts[i] == 1) {
                ans = min(ans, firstIndex[i]);
            }
        }
        return ans < s.size() ? ans : -1;
    }
};",true,2026-07-21T18:50:04.000Z,2026-08-29T14:00:11.307Z
"https://leetcode.com/problems/first-unique-number/","First Unique Number","QUEUE","MEDIUM",204197,,"LOCKED",,true,2026-07-21T18:50:04.000Z,2026-08-29T14:00:11.307Z
"https://leetcode.com/problems/implement-router/","Implement Router","QUEUE","MEDIUM",233852,,"CLEAR",,true,2026-07-21T18:50:04.000Z,2026-08-29T14:00:11.307Z
"https://leetcode.com/problems/moving-average-from-data-stream/","Moving Average from Data Stream","QUEUE","EASY",673415,,"LOCKED",,true,2026-07-21T18:50:04.000Z,2026-08-29T14:00:11.307Z
"https://leetcode.com/problems/number-of-recent-calls/","Number of Recent Calls","QUEUE","EASY",734193,,"SUCCESS","class RecentCounter {
    queue<int> q;

public:
    RecentCounter() {}

    int ping(int t) {
        q.push(t);
        while (q.front() < t - 3000) {
            q.pop();
        }
        return q.size();
    }
};

/**
 * Your RecentCounter object will be instantiated and called as such:
 * RecentCounter* obj = new RecentCounter();
 * int param_1 = obj->ping(t);
 */",true,2026-07-21T18:50:04.000Z,2026-08-29T14:00:11.307Z
"https://leetcode.com/problems/reveal-cards-in-increasing-order/","Reveal Cards In Increasing Order","QUEUE","MEDIUM",295870,,"ERROR","class Solution {
public:
    vector<int> merge(vector<int>&v1,vector<int>&v2){
        vector<int> v;
        int i = 0, j = 0, n = v1.size(), m = v2.size();
        while(i < n || j < m){
            if(i < n){
                v.push_back(v1[i++]);
            }
            if(j < m){
                v.push_back(v2[j++]);
            }
        }
        return v;
    }
    vector<int> deckRevealedIncreasing(vector<int>& deck) {
        int n = deck.size();
        if (n == 1) {
            return deck;
        }
        sort(deck.begin(), deck.end());
        vector<vector<int>> mat;
        int i = 0;
        int j = 0;
        while (n >= 1) {
            int m = (n + 1) / 2;
            vector<int> sub(deck.begin() + i, deck.begin() + i + m);
            if (j % 2 == 1) {
                reverse(sub.begin(), sub.end());
            }
            mat.push_back(sub);
            n -= m;
            i += m;
            j++;
        }
        int k = mat.size();
        if(k == 1){
            return mat[0];
        }
        vector<int> temp = mat[k-1];
        k-=2;
        while(k >= 0){
            temp = merge(mat[k--],temp);
        }
        return temp;
    }
};
",true,2026-07-21T18:50:04.000Z,2026-08-29T14:00:11.307Z
"https://leetcode.com/problems/time-needed-to-buy-tickets/","Time Needed to Buy Tickets","QUEUE","EASY",474533,,"CLEAR",,true,2026-07-21T18:50:04.000Z,2026-08-29T14:00:11.307Z
"https://leetcode.com/problems/time-taken-to-cross-the-door/","Time Taken to Cross the Door","QUEUE","HARD",29092,,"LOCKED",,true,2026-07-21T18:50:04.000Z,2026-08-29T14:00:11.307Z
"https://leetcode.com/problems/zigzag-iterator/","Zigzag Iterator","QUEUE","MEDIUM",172627,,"LOCKED",,true,2026-07-21T18:50:04.000Z,2026-08-29T14:00:11.307Z
"https://leetcode.com/problems/generate-random-point-in-a-circle/","Generate Random Point in a Circle","RANDOMIZED","MEDIUM",131383,,"CLEAR",,false,2026-07-21T18:50:04.000Z,2026-07-21T18:50:04.000Z
"https://leetcode.com/problems/implement-rand10-using-rand7/","Implement Rand10() Using Rand7()","RANDOMIZED","MEDIUM",247346,,"CLEAR",,false,2026-07-21T18:50:04.000Z,2026-07-21T18:50:04.000Z
"https://leetcode.com/problems/add-two-numbers/","Add Two Numbers","RECURSION","MEDIUM",15207537,,"CLEAR",,false,2026-07-21T18:50:04.000Z,2026-07-21T18:50:04.000Z
"https://leetcode.com/problems/basic-calculator/","Basic Calculator","RECURSION","HARD",1573548,,"CLEAR",,false,2026-07-21T18:50:04.000Z,2026-07-21T18:50:04.000Z
"https://leetcode.com/problems/basic-calculator-iii/","Basic Calculator III","RECURSION","HARD",297310,,"LOCKED",,false,2026-07-21T18:50:04.000Z,2026-07-21T18:50:04.000Z
"https://leetcode.com/problems/basic-calculator-iv/","Basic Calculator IV","RECURSION","HARD",35261,,"CLEAR",,false,2026-07-21T18:50:04.000Z,2026-07-21T18:50:04.000Z
"https://leetcode.com/problems/count-collisions-of-monkeys-on-a-polygon/","Count Collisions of Monkeys on a Polygon","RECURSION","MEDIUM",93323,,"CLEAR",,false,2026-07-21T18:50:04.000Z,2026-07-21T18:50:04.000Z
"https://leetcode.com/problems/count-good-numbers/","Count Good Numbers","RECURSION","MEDIUM",543964,,"CLEAR",,false,2026-07-21T18:50:04.000Z,2026-07-21T18:50:04.000Z
"https://leetcode.com/problems/decode-string/","Decode String","RECURSION","MEDIUM",2017092,,"CLEAR",,false,2026-07-21T18:50:04.000Z,2026-07-21T18:50:04.000Z
"https://leetcode.com/problems/elimination-game/","Elimination Game","RECURSION","MEDIUM",248337,,"CLEAR",,false,2026-07-21T18:50:04.000Z,2026-07-21T18:50:04.000Z
"https://leetcode.com/problems/find-kth-bit-in-nth-binary-string/","Find Kth Bit in Nth Binary String","RECURSION","MEDIUM",391650,,"CLEAR",,false,2026-07-21T18:50:04.000Z,2026-07-21T18:50:04.000Z
"https://leetcode.com/problems/find-the-winner-of-the-circular-game/","Find the Winner of the Circular Game","RECURSION","MEDIUM",483202,,"CLEAR",,false,2026-07-21T18:50:04.000Z,2026-07-21T18:50:04.000Z
"https://leetcode.com/problems/finding-3-digit-even-numbers/","Finding 3-Digit Even Numbers","RECURSION","EASY",244760,,"CLEAR",,false,2026-07-21T18:50:04.000Z,2026-07-21T18:50:04.000Z
"https://leetcode.com/problems/integer-to-english-words/","Integer to English Words","RECURSION","HARD",1690496,,"CLEAR",,false,2026-07-21T18:50:04.000Z,2026-07-21T18:50:04.000Z
"https://leetcode.com/problems/last-remaining-integer-after-alternating-deletion-operations/","Last Remaining Integer After Alternating Deletion Operations","RECURSION","HARD",17165,,"CLEAR",,false,2026-07-21T18:50:04.000Z,2026-07-21T18:50:04.000Z
"https://leetcode.com/problems/maximize-number-of-nice-divisors/","Maximize Number of Nice Divisors","RECURSION","HARD",30211,,"CLEAR",,false,2026-07-21T18:50:04.000Z,2026-07-21T18:50:04.000Z
"https://leetcode.com/problems/merge-two-sorted-lists/","Merge Two Sorted Lists","RECURSION","EASY",9644299,,"CLEAR",,false,2026-07-21T18:50:04.000Z,2026-07-21T18:50:04.000Z
"https://leetcode.com/problems/output-contest-matches/","Output Contest Matches","RECURSION","MEDIUM",36997,,"LOCKED",,false,2026-07-21T18:50:04.000Z,2026-07-21T18:50:04.000Z
"https://leetcode.com/problems/palindrome-linked-list/","Palindrome Linked List","RECURSION","EASY",5288936,,"CLEAR",,false,2026-07-21T18:50:04.000Z,2026-07-21T18:50:04.000Z
"https://leetcode.com/problems/parse-lisp-expression/","Parse Lisp Expression","RECURSION","HARD",55250,,"CLEAR",,false,2026-07-21T18:50:04.000Z,2026-07-21T18:50:04.000Z
"https://leetcode.com/problems/parsing-a-boolean-expression/","Parsing A Boolean Expression","RECURSION","HARD",225380,,"CLEAR",,false,2026-07-21T18:50:04.000Z,2026-07-21T18:50:04.000Z
"https://leetcode.com/problems/permutation-sequence/","Permutation Sequence","RECURSION","HARD",1148776,,"CLEAR",,false,2026-07-21T18:50:04.000Z,2026-07-21T18:50:04.000Z
"https://leetcode.com/problems/powx-n/","Pow(x, n)","RECURSION","MEDIUM",7406772,,"CLEAR",,false,2026-07-21T18:50:04.000Z,2026-07-21T18:50:04.000Z
"https://leetcode.com/problems/power-of-three/","Power of Three","RECURSION","EASY",2847673,,"CLEAR",,false,2026-07-21T18:50:04.000Z,2026-07-21T18:50:04.000Z
"https://leetcode.com/problems/print-immutable-linked-list-in-reverse/","Print Immutable Linked List in Reverse","RECURSION","MEDIUM",72653,,"LOCKED",,false,2026-07-21T18:50:04.000Z,2026-07-21T18:50:04.000Z
"https://leetcode.com/problems/remove-linked-list-elements/","Remove Linked List Elements","RECURSION","EASY",3072980,,"CLEAR",,false,2026-07-21T18:50:04.000Z,2026-07-21T18:50:04.000Z
"https://leetcode.com/problems/remove-nodes-from-linked-list/","Remove Nodes From Linked List","RECURSION","MEDIUM",385850,,"CLEAR",,false,2026-07-21T18:50:04.000Z,2026-07-21T18:50:04.000Z
"https://leetcode.com/problems/reorder-list/","Reorder List","RECURSION","MEDIUM",2455936,,"CLEAR",,false,2026-07-21T18:50:04.000Z,2026-07-21T18:50:04.000Z
"https://leetcode.com/problems/reverse-linked-list/","Reverse Linked List","RECURSION","EASY",8262414,,"SUCCESS","/**
 * Definition for singly-linked list.
 * struct ListNode {
 *     int val;
 *     ListNode *next;
 *     ListNode() : val(0), next(nullptr) {}
 *     ListNode(int x) : val(x), next(nullptr) {}
 *     ListNode(int x, ListNode *next) : val(x), next(next) {}
 * };
 */
class Solution {
public:
    ListNode* reverseList(ListNode* head) {
        if(head == nullptr){
            return head;
        }
        auto rev = head;
        head = head->next;
        rev->next = nullptr;
        while(head!=nullptr){
            auto temp = head->next;
            head->next = rev;
            rev = head;
            head = temp;
        }
        return rev;
    }
};",false,2026-07-21T18:50:04.000Z,2026-09-02T15:41:18.565Z
"https://leetcode.com/problems/reverse-nodes-in-k-group/","Reverse Nodes in k-Group","RECURSION","HARD",2495636,,"CLEAR",,false,2026-07-21T18:50:04.000Z,2026-07-21T18:50:04.000Z
"https://leetcode.com/problems/sequential-grid-path-cover/","Sequential Grid Path Cover","RECURSION","MEDIUM",1218,,"LOCKED",,false,2026-07-21T18:50:04.000Z,2026-07-21T18:50:04.000Z
"https://leetcode.com/problems/split-bst/","Split BST","RECURSION","MEDIUM",137445,,"LOCKED",,false,2026-07-21T18:50:04.000Z,2026-07-21T18:50:04.000Z
"https://leetcode.com/problems/strobogrammatic-number-ii/","Strobogrammatic Number II","RECURSION","MEDIUM",304634,,"LOCKED",,false,2026-07-21T18:50:04.000Z,2026-07-21T18:50:04.000Z
"https://leetcode.com/problems/strobogrammatic-number-iii/","Strobogrammatic Number III","RECURSION","HARD",90146,,"LOCKED",,false,2026-07-21T18:50:04.000Z,2026-07-21T18:50:04.000Z
"https://leetcode.com/problems/swap-nodes-in-pairs/","Swap Nodes in Pairs","RECURSION","MEDIUM",2913421,,"CLEAR",,false,2026-07-21T18:50:04.000Z,2026-07-21T18:50:04.000Z
"https://leetcode.com/problems/ternary-expression-parser/","Ternary Expression Parser","RECURSION","MEDIUM",62754,,"LOCKED",,false,2026-07-21T18:50:04.000Z,2026-07-21T18:50:04.000Z
"https://leetcode.com/problems/unique-3-digit-even-numbers/","Unique 3-Digit Even Numbers","RECURSION","EASY",73455,,"CLEAR",,false,2026-07-21T18:50:04.000Z,2026-07-21T18:50:04.000Z
"https://leetcode.com/problems/verify-preorder-sequence-in-binary-search-tree/","Verify Preorder Sequence in Binary Search Tree","RECURSION","MEDIUM",183688,,"LOCKED",,false,2026-07-21T18:50:04.000Z,2026-07-21T18:50:04.000Z
"https://leetcode.com/problems/tenth-line/","Tenth Line","SHELL","EASY",469803,,"CLEAR",,false,2026-07-21T18:50:04.000Z,2026-07-21T18:50:04.000Z
"https://leetcode.com/problems/transpose-file/","Transpose File","SHELL","MEDIUM",148840,,"CLEAR",,false,2026-07-21T18:50:04.000Z,2026-07-21T18:50:04.000Z
"https://leetcode.com/problems/valid-phone-numbers/","Valid Phone Numbers","SHELL","EASY",468124,,"CLEAR",,false,2026-07-21T18:50:04.000Z,2026-07-21T18:50:04.000Z
"https://leetcode.com/problems/word-frequency/","Word Frequency","SHELL","MEDIUM",288727,,"CLEAR",,false,2026-07-21T18:50:04.000Z,2026-07-21T18:50:04.000Z
"https://leetcode.com/problems/walking-robot-simulation-ii/","Walking Robot Simulation II","SIMULATION","MEDIUM",212025,,"CLEAR",,false,2026-07-21T18:50:04.000Z,2026-07-21T18:50:04.000Z
"https://leetcode.com/problems/alternating-groups-i/","Alternating Groups I","SLIDING WINDOW","EASY",113631,,"CLEAR",,false,2026-07-21T18:50:04.000Z,2026-07-21T18:50:04.000Z
"https://leetcode.com/problems/alternating-groups-ii/","Alternating Groups II","SLIDING WINDOW","MEDIUM",272316,,"CLEAR",,false,2026-07-21T18:50:04.000Z,2026-07-21T18:50:04.000Z
"https://leetcode.com/problems/apply-operations-to-maximize-frequency-score/","Apply Operations to Maximize Frequency Score","SLIDING WINDOW","HARD",28914,,"CLEAR",,false,2026-07-21T18:50:04.000Z,2026-07-21T18:50:04.000Z
"https://leetcode.com/problems/best-time-to-buy-and-sell-stock-using-strategy/","Best Time to Buy and Sell Stock using Strategy","SLIDING WINDOW","MEDIUM",193009,,"CLEAR",,false,2026-07-21T18:50:04.000Z,2026-07-21T18:50:04.000Z
"https://leetcode.com/problems/count-subarrays-where-max-element-appears-at-least-k-times/","Count Subarrays Where Max Element Appears at Least K Times","SLIDING WINDOW","MEDIUM",426320,,"CLEAR",,false,2026-07-21T18:50:04.000Z,2026-07-21T18:50:04.000Z
"https://leetcode.com/problems/count-subarrays-with-score-less-than-k/","Count Subarrays With Score Less Than K","SLIDING WINDOW","HARD",249172,,"CLEAR",,false,2026-07-21T18:50:04.000Z,2026-07-21T18:50:04.000Z
"https://leetcode.com/problems/count-substrings-that-satisfy-k-constraint-i/","Count Substrings That Satisfy K-Constraint I","SLIDING WINDOW","EASY",79473,,"CLEAR",,false,2026-07-21T18:50:04.000Z,2026-07-21T18:50:04.000Z
"https://leetcode.com/problems/count-substrings-that-satisfy-k-constraint-ii/","Count Substrings That Satisfy K-Constraint II","SLIDING WINDOW","HARD",26923,,"CLEAR",,false,2026-07-21T18:50:04.000Z,2026-07-21T18:50:04.000Z
"https://leetcode.com/problems/defuse-the-bomb/","Defuse the Bomb","SLIDING WINDOW","EASY",304801,,"CLEAR",,false,2026-07-21T18:50:04.000Z,2026-07-21T18:50:04.000Z
"https://leetcode.com/problems/diet-plan-performance/","Diet Plan Performance","SLIDING WINDOW","EASY",76109,,"LOCKED",,false,2026-07-21T18:50:04.000Z,2026-07-21T18:50:04.000Z
"https://leetcode.com/problems/find-the-k-beauty-of-a-number/","Find the K-Beauty of a Number","SLIDING WINDOW","EASY",156091,,"CLEAR",,false,2026-07-21T18:50:04.000Z,2026-07-21T18:50:04.000Z
"https://leetcode.com/problems/find-the-longest-semi-repetitive-substring/","Find the Longest Semi-Repetitive Substring","SLIDING WINDOW","MEDIUM",88669,,"CLEAR",,false,2026-07-21T18:50:04.000Z,2026-07-21T18:50:04.000Z
"https://leetcode.com/problems/find-the-power-of-k-size-subarrays-i/","Find the Power of K-Size Subarrays I","SLIDING WINDOW","MEDIUM",255250,,"CLEAR",,false,2026-07-21T18:50:04.000Z,2026-07-21T18:50:04.000Z
"https://leetcode.com/problems/find-the-power-of-k-size-subarrays-ii/","Find the Power of K-Size Subarrays II","SLIDING WINDOW","MEDIUM",114586,,"CLEAR",,false,2026-07-21T18:50:04.000Z,2026-07-21T18:50:04.000Z
"https://leetcode.com/problems/get-equal-substrings-within-budget/","Get Equal Substrings Within Budget","SLIDING WINDOW","MEDIUM",352349,,"CLEAR",,false,2026-07-21T18:50:04.000Z,2026-07-21T18:50:04.000Z
"https://leetcode.com/problems/grumpy-bookstore-owner/","Grumpy Bookstore Owner","SLIDING WINDOW","MEDIUM",394452,,"CLEAR",,false,2026-07-21T18:50:04.000Z,2026-07-21T18:50:04.000Z
"https://leetcode.com/problems/k-radius-subarray-averages/","K Radius Subarray Averages","SLIDING WINDOW","MEDIUM",458071,,"CLEAR",,false,2026-07-21T18:50:04.000Z,2026-07-21T18:50:04.000Z
"https://leetcode.com/problems/kth-smallest-subarray-sum/","Kth Smallest Subarray Sum","SLIDING WINDOW","MEDIUM",11542,,"LOCKED",,false,2026-07-21T18:50:04.000Z,2026-07-21T18:50:04.000Z
"https://leetcode.com/problems/longest-even-odd-subarray-with-threshold/","Longest Even Odd Subarray With Threshold","SLIDING WINDOW","EASY",174029,,"CLEAR",,false,2026-07-21T18:50:04.000Z,2026-07-21T18:50:04.000Z
"https://leetcode.com/problems/longest-substring-of-all-vowels-in-order/","Longest Substring Of All Vowels in Order","SLIDING WINDOW","MEDIUM",95682,,"CLEAR",,false,2026-07-21T18:50:04.000Z,2026-07-21T18:50:04.000Z
"https://leetcode.com/problems/max-consecutive-ones-iii/","Max Consecutive Ones III","SLIDING WINDOW","MEDIUM",2308440,,"CLEAR",,false,2026-07-21T18:50:04.000Z,2026-07-21T18:50:04.000Z
"https://leetcode.com/problems/maximize-the-confusion-of-an-exam/","Maximize the Confusion of an Exam","SLIDING WINDOW","MEDIUM",221065,,"CLEAR",,false,2026-07-21T18:50:04.000Z,2026-07-21T18:50:04.000Z
"https://leetcode.com/problems/maximize-win-from-two-segments/","Maximize Win From Two Segments","SLIDING WINDOW","MEDIUM",44662,,"CLEAR",,false,2026-07-21T18:50:04.000Z,2026-07-21T18:50:04.000Z
"https://leetcode.com/problems/maximum-average-subarray-i/","Maximum Average Subarray I","SLIDING WINDOW","EASY",2840143,,"CLEAR",,false,2026-07-21T18:50:04.000Z,2026-07-21T18:50:04.000Z
"https://leetcode.com/problems/maximum-beauty-of-an-array-after-applying-operation/","Maximum Beauty of an Array After Applying Operation","SLIDING WINDOW","MEDIUM",231453,,"CLEAR",,false,2026-07-21T18:50:04.000Z,2026-07-21T18:50:04.000Z
"https://leetcode.com/problems/maximum-difference-between-even-and-odd-frequency-ii/","Maximum Difference Between Even and Odd Frequency II","SLIDING WINDOW","HARD",122446,,"CLEAR",,false,2026-07-21T18:50:04.000Z,2026-07-21T18:50:04.000Z
"https://leetcode.com/problems/maximum-frequency-of-an-element-after-performing-operations-i/","Maximum Frequency of an Element After Performing Operations I","SLIDING WINDOW","MEDIUM",229496,,"CLEAR",,false,2026-07-21T18:50:04.000Z,2026-07-21T18:50:04.000Z
"https://leetcode.com/problems/maximum-frequency-of-an-element-after-performing-operations-ii/","Maximum Frequency of an Element After Performing Operations II","SLIDING WINDOW","HARD",128214,,"CLEAR",,false,2026-07-21T18:50:04.000Z,2026-07-21T18:50:04.000Z
"https://leetcode.com/problems/maximum-fruits-harvested-after-at-most-k-steps/","Maximum Fruits Harvested After at Most K Steps","SLIDING WINDOW","HARD",144379,,"CLEAR",,false,2026-07-21T18:50:04.000Z,2026-07-21T18:50:04.000Z
"https://leetcode.com/problems/maximum-number-of-visible-points/","Maximum Number of Visible Points","SLIDING WINDOW","HARD",145202,,"CLEAR",,false,2026-07-21T18:50:04.000Z,2026-07-21T18:50:04.000Z
"https://leetcode.com/problems/maximum-number-of-vowels-in-a-substring-of-given-length/","Maximum Number of Vowels in a Substring of Given Length","SLIDING WINDOW","MEDIUM",1243031,,"CLEAR",,false,2026-07-21T18:50:04.000Z,2026-07-21T18:50:04.000Z
"https://leetcode.com/problems/maximum-points-you-can-obtain-from-cards/","Maximum Points You Can Obtain from Cards","SLIDING WINDOW","MEDIUM",1001093,,"CLEAR",,false,2026-07-21T18:50:04.000Z,2026-07-21T18:50:04.000Z
"https://leetcode.com/problems/maximum-subarray-with-equal-products/","Maximum Subarray With Equal Products","SLIDING WINDOW","EASY",67067,,"CLEAR",,false,2026-07-21T18:50:04.000Z,2026-07-21T18:50:04.000Z
"https://leetcode.com/problems/minimize-connected-groups-by-inserting-interval/","Minimize Connected Groups by Inserting Interval","SLIDING WINDOW","MEDIUM",3209,,"LOCKED",,false,2026-07-21T18:50:04.000Z,2026-07-21T18:50:04.000Z
"https://leetcode.com/problems/minimum-difference-between-highest-and-lowest-of-k-scores/","Minimum Difference Between Highest and Lowest of K Scores","SLIDING WINDOW","EASY",404133,,"CLEAR",,false,2026-07-21T18:50:04.000Z,2026-07-21T18:50:04.000Z
"https://leetcode.com/problems/minimum-positive-sum-subarray/","Minimum Positive Sum Subarray ","SLIDING WINDOW","EASY",114403,,"CLEAR",,false,2026-07-21T18:50:04.000Z,2026-07-21T18:50:04.000Z
"https://leetcode.com/problems/minimum-recolors-to-get-k-consecutive-black-blocks/","Minimum Recolors to Get K Consecutive Black Blocks","SLIDING WINDOW","EASY",357036,,"CLEAR",,false,2026-07-21T18:50:04.000Z,2026-07-21T18:50:04.000Z
"https://leetcode.com/problems/minimum-removals-to-balance-array/","Minimum Removals to Balance Array","SLIDING WINDOW","MEDIUM",311899,,"CLEAR",,false,2026-07-21T18:50:04.000Z,2026-07-21T18:50:04.000Z
"https://leetcode.com/problems/minimum-size-subarray-sum/","Minimum Size Subarray Sum","SLIDING WINDOW","MEDIUM",3972189,,"CLEAR",,false,2026-07-21T18:50:04.000Z,2026-07-21T18:50:04.000Z
"https://leetcode.com/problems/minimum-swaps-to-group-all-1s-together/","Minimum Swaps to Group All 1's Together","SLIDING WINDOW","MEDIUM",146503,,"LOCKED",,false,2026-07-21T18:50:04.000Z,2026-07-21T18:50:04.000Z
"https://leetcode.com/problems/minimum-swaps-to-group-all-1s-together-ii/","Minimum Swaps to Group All 1's Together II","SLIDING WINDOW","MEDIUM",277883,,"CLEAR",,false,2026-07-21T18:50:04.000Z,2026-07-21T18:50:04.000Z
"https://leetcode.com/problems/moving-stones-until-consecutive-ii/","Moving Stones Until Consecutive II","SLIDING WINDOW","MEDIUM",27586,,"CLEAR",,false,2026-07-21T18:50:04.000Z,2026-07-21T18:50:04.000Z
"https://leetcode.com/problems/number-of-sub-arrays-of-size-k-and-average-greater-than-or-equal-to-threshold/","Number of Sub-arrays of Size K and Average Greater than or Equal to Threshold","SLIDING WINDOW","MEDIUM",311094,,"CLEAR",,false,2026-07-21T18:50:04.000Z,2026-07-21T18:50:04.000Z
"https://leetcode.com/problems/replace-the-substring-for-balanced-string/","Replace the Substring for Balanced String","SLIDING WINDOW","MEDIUM",123083,,"CLEAR",,false,2026-07-21T18:50:04.000Z,2026-07-21T18:50:04.000Z
"https://leetcode.com/problems/shortest-and-lexicographically-smallest-beautiful-string/","Shortest and Lexicographically Smallest Beautiful String","SLIDING WINDOW","MEDIUM",246909,,"CLEAR",,false,2026-07-21T18:50:04.000Z,2026-07-21T18:50:04.000Z
"https://leetcode.com/problems/subarray-product-less-than-k/","Subarray Product Less Than K","SLIDING WINDOW","MEDIUM",1233334,,"CLEAR",,false,2026-07-21T18:50:04.000Z,2026-07-21T18:50:04.000Z
"https://leetcode.com/problems/absolute-difference-between-maximum-and-minimum-k-elements/","Absolute Difference Between Maximum and Minimum K Elements","SORTING","EASY",67216,,"CLEAR",,true,2026-07-21T18:50:04.000Z,2026-08-23T20:28:32.281Z
"https://leetcode.com/problems/average-salary-excluding-the-minimum-and-maximum-salary/","Average Salary Excluding the Minimum and Maximum Salary","SORTING","EASY",635696,,"CLEAR",,true,2026-07-21T18:50:04.000Z,2026-08-23T20:28:32.281Z
"https://leetcode.com/problems/can-make-arithmetic-progression-from-sequence/","Can Make Arithmetic Progression From Sequence","SORTING","EASY",538819,,"CLEAR",,true,2026-07-21T18:50:04.000Z,2026-08-23T20:28:32.281Z
"https://leetcode.com/problems/check-if-grid-can-be-cut-into-sections/","Check if Grid can be Cut into Sections","SORTING","MEDIUM",168268,,"CLEAR",,true,2026-07-21T18:50:04.000Z,2026-08-23T20:28:32.281Z
"https://leetcode.com/problems/count-days-without-meetings/","Count Days Without Meetings","SORTING","MEDIUM",389117,,"CLEAR",,true,2026-07-21T18:50:04.000Z,2026-08-23T20:28:32.281Z
"https://leetcode.com/problems/count-elements-with-strictly-smaller-and-greater-elements/","Count Elements With Strictly Smaller and Greater Elements ","SORTING","EASY",145622,,"CLEAR",,true,2026-07-21T18:50:04.000Z,2026-08-23T20:28:32.281Z
"https://leetcode.com/problems/count-mentions-per-user/","Count Mentions Per User","SORTING","MEDIUM",171931,,"CLEAR",,true,2026-07-21T18:50:04.000Z,2026-08-23T20:28:32.281Z
"https://leetcode.com/problems/count-ways-to-group-overlapping-ranges/","Count Ways to Group Overlapping Ranges","SORTING","MEDIUM",63858,,"CLEAR",,true,2026-07-21T18:50:04.000Z,2026-08-23T20:28:32.281Z
"https://leetcode.com/problems/divide-an-array-into-subarrays-with-minimum-cost-i/","Divide an Array Into Subarrays With Minimum Cost I","SORTING","EASY",238035,,"CLEAR",,true,2026-07-21T18:50:04.000Z,2026-08-23T20:28:32.281Z
"https://leetcode.com/problems/filter-occupied-intervals/","Filter Occupied Intervals","SORTING","MEDIUM",65747,,"CLEAR",,true,2026-07-21T18:50:04.000Z,2026-08-23T20:28:32.281Z
"https://leetcode.com/problems/filter-restaurants-by-vegan-friendly-price-and-distance/","Filter Restaurants by Vegan-Friendly, Price and Distance","SORTING","MEDIUM",60337,,"CLEAR",,true,2026-07-21T18:50:04.000Z,2026-08-23T20:28:32.281Z
"https://leetcode.com/problems/find-maximal-uncovered-ranges/","Find Maximal Uncovered Ranges","SORTING","MEDIUM",4940,,"LOCKED",,true,2026-07-21T18:50:04.000Z,2026-08-23T20:28:32.281Z
"https://leetcode.com/problems/find-the-number-of-ways-to-place-people-i/","Find the Number of Ways to Place People I","SORTING","MEDIUM",182975,,"CLEAR",,true,2026-07-21T18:50:04.000Z,2026-08-23T20:28:32.281Z
"https://leetcode.com/problems/find-the-number-of-ways-to-place-people-ii/","Find the Number of Ways to Place People II","SORTING","HARD",138780,,"CLEAR",,true,2026-07-21T18:50:04.000Z,2026-08-23T20:28:32.281Z
"https://leetcode.com/problems/find-the-value-of-the-partition/","Find the Value of the Partition","SORTING","MEDIUM",66251,,"CLEAR",,true,2026-07-21T18:50:04.000Z,2026-08-23T20:28:32.281Z
"https://leetcode.com/problems/gcd-sort-of-an-array/","GCD Sort of an Array","SORTING","HARD",33215,,"CLEAR",,true,2026-07-21T18:50:04.000Z,2026-08-23T20:28:32.281Z
"https://leetcode.com/problems/h-index/","H-Index","SORTING","MEDIUM",2199924,,"SUCCESS","class Solution {
public:
    int hIndex(vector<int>& citations) {
        int n = citations.size();
        int ans = 0;
        int i = 0;
        sort(citations.begin(),citations.end());
        while(i < n){
            ans = max(ans, min(citations[i], n-i));
            i++;
        }
        return ans; 
    }
};",true,2026-07-21T18:50:04.000Z,2026-08-23T20:28:32.281Z
"https://leetcode.com/problems/happy-students/","Happy Students","SORTING","MEDIUM",52458,,"CLEAR",,true,2026-07-21T18:50:04.000Z,2026-08-23T20:28:32.281Z
"https://leetcode.com/problems/height-checker/","Height Checker","SORTING","EASY",819004,,"SUCCESS","class Solution {
public:
    int heightChecker(vector<int>& heights) {
        int n = heights.size();
        vector<int> expected;
        for (auto it : heights) {
            expected.push_back(it);
        }
        sort(expected.begin(), expected.end());
        int ans = 0;

        for (int i = 0; i < n; i++) {
            ans += expected[i] == heights[i] ? 0 : 1;
        }
        return ans;
    }
};",true,2026-07-21T18:50:04.000Z,2026-08-23T20:28:32.281Z
"https://leetcode.com/problems/largest-number-at-least-twice-of-others/","Largest Number At Least Twice of Others","SORTING","EASY",677851,,"CLEAR",,true,2026-07-21T18:50:04.000Z,2026-08-23T20:28:32.281Z
"https://leetcode.com/problems/make-lexicographically-smallest-array-by-swapping-elements/","Make Lexicographically Smallest Array by Swapping Elements","SORTING","MEDIUM",266288,,"CLEAR",,true,2026-07-21T18:50:04.000Z,2026-08-23T20:28:32.281Z
"https://leetcode.com/problems/maximize-area-of-square-hole-in-grid/","Maximize Area of Square Hole in Grid","SORTING","MEDIUM",162684,,"CLEAR",,true,2026-07-21T18:50:04.000Z,2026-08-23T20:28:32.281Z
"https://leetcode.com/problems/maximum-building-height/","Maximum Building Height","SORTING","HARD",126416,,"CLEAR",,true,2026-07-21T18:50:04.000Z,2026-08-23T20:28:32.281Z
"https://leetcode.com/problems/maximum-consecutive-floors-without-special-floors/","Maximum Consecutive Floors Without Special Floors","SORTING","MEDIUM",84515,,"CLEAR",,true,2026-07-21T18:50:04.000Z,2026-08-23T20:28:32.281Z
"https://leetcode.com/problems/maximum-gap/","Maximum Gap","SORTING","MEDIUM",702239,,"SUCCESS","class Solution {
public:
    int maximumGap(vector<int>& nums) {
        int n = nums.size();
        if (n < 2) {
            return 0;
        }
        sort(nums.begin(), nums.end());
        int i = 1;
        int ans = 0;
        while (i < n) {
            ans = max(ans, nums[i] - nums[i - 1]);
            i++;
        }
        return ans;
    }
};",true,2026-07-21T18:50:04.000Z,2026-08-23T20:28:32.281Z
"https://leetcode.com/problems/maximum-product-difference-between-two-pairs/","Maximum Product Difference Between Two Pairs","SORTING","EASY",372439,,"CLEAR",,true,2026-07-21T18:50:04.000Z,2026-08-23T20:28:32.281Z
"https://leetcode.com/problems/maximum-product-of-three-numbers/","Maximum Product of Three Numbers","SORTING","EASY",1419399,,"CLEAR",,true,2026-07-21T18:50:04.000Z,2026-08-23T20:28:32.281Z
"https://leetcode.com/problems/maximum-product-of-two-digits/","Maximum Product of Two Digits","SORTING","EASY",277907,,"CLEAR",,true,2026-07-21T18:50:04.000Z,2026-08-23T20:28:32.281Z
"https://leetcode.com/problems/mean-of-array-after-removing-some-elements/","Mean of Array After Removing Some Elements","SORTING","EASY",124210,,"SUCCESS","class Solution {
public:
    double trimMean(vector<int>& arr) {
        sort(arr.begin(), arr.end());
        int n = arr.size();
        int i = n / 20, j = n - 1 - n / 20, k = (9 * n) / 10;
        double ans = 0;
        while (i <= j) {
            double tmp = arr[i++];
            ans += tmp / k;
        }
        return ans;
    }
};",true,2026-07-21T18:50:04.000Z,2026-08-23T20:28:32.281Z
"https://leetcode.com/problems/meeting-rooms/","Meeting Rooms","SORTING","EASY",894448,,"LOCKED",,true,2026-07-21T18:50:04.000Z,2026-08-23T20:28:32.281Z
"https://leetcode.com/problems/merge-intervals/","Merge Intervals","SORTING","MEDIUM",8186091,,"SUCCESS","class Solution {
public:
    vector<vector<int>> merge(vector<vector<int>>& intervals) {
        sort(intervals.begin(), intervals.end(),
             [](vector<int>& a, vector<int>& b) {
                 return a[0] == b[0] ? a[1] < b[1] : a[0] < b[0];
             });
        vector<vector<int>> ans;
        int x = intervals[0][0];
        int y = intervals[0][1];
        for (auto it : intervals) {
            if (y < it[0]) {
                ans.push_back({x, y});
                x = it[0];
            }
            y = max(y, it[1]);
        }
        ans.push_back({x, y});
        return ans;
    }
};",true,2026-07-21T18:50:04.000Z,2026-08-23T20:28:32.281Z
"https://leetcode.com/problems/minimum-absolute-difference/","Minimum Absolute Difference","SORTING","EASY",615273,,"SUCCESS","class Solution {
public:
    vector<vector<int>> minimumAbsDifference(vector<int>& arr) {
        sort(arr.begin(), arr.end());
        int n = arr.size();
        int mad = arr[n - 1] - arr[0];
        int i = 1;
        while (i < n) {
            mad = min(mad, arr[i] - arr[i - 1]);
            i++;
        }
        vector<vector<int>> ans;
        i = 1;
        while (i < n) {
            if (arr[i] - arr[i - 1] == mad) {
                ans.push_back({arr[i - 1], arr[i]});
            }
            i++;
        }
        return ans;
    }
};",true,2026-07-21T18:50:04.000Z,2026-08-23T20:28:32.281Z
"https://leetcode.com/problems/minimum-energy-to-maintain-brightness/","Minimum Energy to Maintain Brightness","SORTING","MEDIUM",49181,,"CLEAR",,true,2026-07-21T18:50:04.000Z,2026-08-23T20:28:32.281Z
"https://leetcode.com/problems/minimum-lines-to-represent-a-line-chart/","Minimum Lines to Represent a Line Chart","SORTING","MEDIUM",122601,,"CLEAR",,true,2026-07-21T18:50:04.000Z,2026-08-23T20:28:32.281Z
"https://leetcode.com/problems/minimum-moves-to-equal-array-elements-ii/","Minimum Moves to Equal Array Elements II","SORTING","MEDIUM",381272,,"CLEAR",,true,2026-07-21T18:50:04.000Z,2026-08-23T20:28:32.281Z
"https://leetcode.com/problems/minimum-time-difference/","Minimum Time Difference","SORTING","MEDIUM",569728,,"CLEAR",,true,2026-07-21T18:50:04.000Z,2026-08-23T20:28:32.281Z
"https://leetcode.com/problems/movement-of-robots/","Movement of Robots","SORTING","MEDIUM",69825,,"CLEAR",,true,2026-07-21T18:50:04.000Z,2026-08-23T20:28:32.281Z
"https://leetcode.com/problems/neither-minimum-nor-maximum/","Neither Minimum nor Maximum","SORTING","EASY",191162,,"CLEAR",,true,2026-07-21T18:50:04.000Z,2026-08-23T20:28:32.281Z
"https://leetcode.com/problems/orderly-queue/","Orderly Queue","SORTING","HARD",131008,,"CLEAR",,true,2026-07-21T18:50:04.000Z,2026-08-23T20:28:32.281Z
"https://leetcode.com/problems/rearrange-words-in-a-sentence/","Rearrange Words in a Sentence","SORTING","MEDIUM",99287,,"CLEAR",,true,2026-07-21T18:50:04.000Z,2026-08-23T20:28:32.281Z
"https://leetcode.com/problems/reduction-operations-to-make-the-array-elements-equal/","Reduction Operations to Make the Array Elements Equal","SORTING","MEDIUM",159123,,"CLEAR",,true,2026-07-21T18:50:04.000Z,2026-08-23T20:28:32.281Z
"https://leetcode.com/problems/remove-covered-intervals/","Remove Covered Intervals","SORTING","MEDIUM",445642,,"CLEAR",,true,2026-07-21T18:50:04.000Z,2026-08-23T20:28:32.281Z
"https://leetcode.com/problems/reorder-data-in-log-files/","Reorder Data in Log Files","SORTING","MEDIUM",734911,,"SUCCESS","class Solution {
public:
    vector<string> reorderLogFiles(vector<string>& logs) {
        vector<string> words;
        vector<string> digits;
        for (auto it : logs) {
            int i = it.find(' ');
            if (isalpha(it[i + 1])) {
                words.push_back(it);
            } else {
                digits.push_back(it);
            }
        }
        sort(words.begin(), words.end(), [](string& word1, string& word2) {
            int i = word1.find(' ');
            string p1 = word1.substr(0, i);
            string c1 = word1.substr(i + 1, word1.size() - i - 1);
            int j = word2.find(' ');
            string p2 = word2.substr(0, j);
            string c2 = word2.substr(j + 1, word2.size() - j - 1);
            return c1 == c2 ? p1 < p2 : c1 < c2;
        });
        int i = 0;
        for (auto it : words) {
            logs[i++] = it;
        }
        for (auto it : digits) {
            logs[i++] = it;
        }
        return logs;
    }
};",true,2026-07-21T18:50:04.000Z,2026-08-23T20:28:32.281Z
"https://leetcode.com/problems/smallest-palindromic-rearrangement-i/","Smallest Palindromic Rearrangement I","SORTING","MEDIUM",251560,,"CLEAR",,true,2026-07-21T18:50:04.000Z,2026-08-23T20:28:32.281Z
"https://leetcode.com/problems/smallest-value-of-the-rearranged-number/","Smallest Value of the Rearranged Number","SORTING","MEDIUM",94587,,"CLEAR",,true,2026-07-21T18:50:04.000Z,2026-08-23T20:28:32.281Z
"https://leetcode.com/problems/sort-even-and-odd-indices-independently/","Sort Even and Odd Indices Independently","SORTING","EASY",154122,,"CLEAR",,true,2026-07-21T18:50:04.000Z,2026-08-23T20:28:32.281Z
"https://leetcode.com/problems/sort-integers-by-binary-reflection/","Sort Integers by Binary Reflection","SORTING","EASY",53697,,"CLEAR",,true,2026-07-21T18:50:04.000Z,2026-08-23T20:28:32.281Z
"https://leetcode.com/problems/sort-the-jumbled-numbers/","Sort the Jumbled Numbers","SORTING","MEDIUM",262131,,"CLEAR",,true,2026-07-21T18:50:04.000Z,2026-08-23T20:28:32.281Z
"https://leetcode.com/problems/sort-threats-by-severity-and-exploitability/","Sort Threats by Severity and Exploitability","SORTING","MEDIUM",1093,,"LOCKED",,true,2026-07-21T18:50:04.000Z,2026-08-23T20:28:32.281Z
"https://leetcode.com/problems/sort-vowels-by-frequency/","Sort Vowels by Frequency","SORTING","MEDIUM",45285,,"CLEAR",,true,2026-07-21T18:50:04.000Z,2026-08-23T20:28:32.281Z
"https://leetcode.com/problems/sort-vowels-in-a-string/","Sort Vowels in a String","SORTING","MEDIUM",384504,,"CLEAR",,true,2026-07-21T18:50:04.000Z,2026-08-23T20:28:32.281Z
"https://leetcode.com/problems/sorting-the-sentence/","Sorting the Sentence","SORTING","EASY",296152,,"SUCCESS","class Solution {
public:
    string sortSentence(string s) {
        s.push_back(' ');
        int i = 0, n = s.size();
        vector<string> words(10, """");
        while (i < n) {
            int j = i;
            while (s[j] != ' ') {
                j++;
            }
            int k = s[j - 1] - '0';
            words[k] = s.substr(i, j - i - 1);
            i = j + 1;
        }

        string ans = words[1];

        for (int i = 2; i < 10; i++) {
            if (words[i].size() > 0) {
                ans += "" "" + words[i];
            }
        }
        return ans;
    }
};",true,2026-07-21T18:50:04.000Z,2026-08-23T20:28:32.281Z
"https://leetcode.com/problems/sum-of-sortable-integers/","Sum of Sortable Integers","SORTING","HARD",40190,,"CLEAR",,true,2026-07-21T18:50:04.000Z,2026-08-23T20:28:32.281Z
"https://leetcode.com/problems/sum-of-subsequence-widths/","Sum of Subsequence Widths","SORTING","HARD",67964,,"CLEAR",,true,2026-07-21T18:50:04.000Z,2026-08-23T20:28:32.281Z
"https://leetcode.com/problems/the-earliest-moment-when-everyone-become-friends/","The Earliest Moment When Everyone Become Friends","SORTING","MEDIUM",210731,,"LOCKED",,true,2026-07-21T18:50:04.000Z,2026-08-23T20:28:32.281Z
"https://leetcode.com/problems/third-maximum-number/","Third Maximum Number","SORTING","EASY",2281845,,"SUCCESS","class Solution {
public:
    int thirdMax(vector<int>& nums) {
        sort(nums.begin(), nums.end());
        int n = nums.size();
        int i = n-1;
        int count = 2;
        while(i > 0){
            if(nums[i-1] == nums[i]){
                i--;
            } else if(nums[i-1] <= nums[i]){
                i--;
                count--;
            }
            if(count == 0){
                return nums[i];
            }
        }
        return nums[n-1];
    }
};",true,2026-07-21T18:50:04.000Z,2026-08-23T20:28:32.281Z
"https://leetcode.com/problems/transform-array-by-parity/","Transform Array by Parity","SORTING","EASY",123436,,"CLEAR",,true,2026-07-21T18:50:04.000Z,2026-08-23T20:28:32.281Z
"https://leetcode.com/problems/type-of-triangle/","Type of Triangle","SORTING","EASY",521309,,"SUCCESS","class Solution {
public:
    string triangleType(vector<int>& nums) {
        int a = nums[0];
        int b = nums[1];
        int c = nums[2];

        if (a + b > c && b + c > a && a + c > b) {
            if (a == b || b == c || c == a) {
                if (a == b && b == c) {
                    return ""equilateral"";
                }
                return ""isosceles"";
            }
            return ""scalene"";
        }
        return ""none"";
    }
};",true,2026-07-21T18:50:04.000Z,2026-08-23T20:28:32.281Z
"https://leetcode.com/problems/widest-vertical-area-between-two-points-containing-no-points/","Widest Vertical Area Between Two Points Containing No Points","SORTING","EASY",237110,,"CLEAR",,true,2026-07-21T18:50:04.000Z,2026-08-23T20:28:32.281Z
"https://leetcode.com/problems/132-pattern/","132 Pattern","STACK","MEDIUM",974337,,"CLEAR",,true,2026-07-21T18:50:04.000Z,2026-08-29T14:00:06.872Z
"https://leetcode.com/problems/asteroid-collision/","Asteroid Collision","STACK","MEDIUM",2301679,,"CLEAR",,true,2026-07-21T18:50:04.000Z,2026-08-29T14:00:06.872Z
"https://leetcode.com/problems/baseball-game/","Baseball Game","STACK","EASY",818881,,"CLEAR",,true,2026-07-21T18:50:04.000Z,2026-08-29T14:00:06.872Z
"https://leetcode.com/problems/basic-calculator-ii/","Basic Calculator II","STACK","MEDIUM",2079638,,"CLEAR",,true,2026-07-21T18:50:04.000Z,2026-08-29T14:00:06.872Z
"https://leetcode.com/problems/beautiful-towers-i/","Beautiful Towers I","STACK","MEDIUM",80932,,"CLEAR",,true,2026-07-21T18:50:04.000Z,2026-08-29T14:00:06.872Z
"https://leetcode.com/problems/beautiful-towers-ii/","Beautiful Towers II","STACK","MEDIUM",53880,,"CLEAR",,true,2026-07-21T18:50:04.000Z,2026-08-29T14:00:06.872Z
"https://leetcode.com/problems/binary-searchable-numbers-in-an-unsorted-array/","Binary Searchable Numbers in an Unsorted Array","STACK","MEDIUM",6827,,"LOCKED",,true,2026-07-21T18:50:04.000Z,2026-08-29T14:00:06.872Z
"https://leetcode.com/problems/build-an-array-with-stack-operations/","Build an Array With Stack Operations","STACK","MEDIUM",370512,,"CLEAR",,true,2026-07-21T18:50:04.000Z,2026-08-29T14:00:06.872Z
"https://leetcode.com/problems/buildings-with-an-ocean-view/","Buildings With an Ocean View","STACK","MEDIUM",427099,,"LOCKED",,true,2026-07-21T18:50:04.000Z,2026-08-29T14:00:06.872Z
"https://leetcode.com/problems/car-fleet/","Car Fleet","STACK","MEDIUM",958286,,"CLEAR",,true,2026-07-21T18:50:04.000Z,2026-08-29T14:00:06.872Z
"https://leetcode.com/problems/check-if-word-is-valid-after-substitutions/","Check If Word Is Valid After Substitutions","STACK","MEDIUM",145818,,"CLEAR",,true,2026-07-21T18:50:04.000Z,2026-08-29T14:00:06.872Z
"https://leetcode.com/problems/clear-digits/","Clear Digits","STACK","EASY",355554,,"CLEAR",,true,2026-07-21T18:50:04.000Z,2026-08-29T14:00:06.872Z
"https://leetcode.com/problems/clumsy-factorial/","Clumsy Factorial","STACK","MEDIUM",84487,,"CLEAR",,true,2026-07-21T18:50:04.000Z,2026-08-29T14:00:06.872Z
"https://leetcode.com/problems/count-bowl-subarrays/","Count Bowl Subarrays","STACK","MEDIUM",65136,,"CLEAR",,true,2026-07-21T18:50:04.000Z,2026-08-29T14:00:06.872Z
"https://leetcode.com/problems/count-collisions-on-a-road/","Count Collisions on a Road","STACK","MEDIUM",227966,,"CLEAR",,true,2026-07-21T18:50:04.000Z,2026-08-29T14:00:06.872Z
"https://leetcode.com/problems/crawler-log-folder/","Crawler Log Folder","STACK","EASY",419379,,"CLEAR",,true,2026-07-21T18:50:04.000Z,2026-08-29T14:00:06.872Z
"https://leetcode.com/problems/daily-temperatures/","Daily Temperatures","STACK","MEDIUM",2766752,,"CLEAR",,true,2026-07-21T18:50:04.000Z,2026-08-29T14:00:06.872Z
"https://leetcode.com/problems/decoded-string-at-index/","Decoded String at Index","STACK","MEDIUM",294987,,"CLEAR",,true,2026-07-21T18:50:04.000Z,2026-08-29T14:00:06.872Z
"https://leetcode.com/problems/design-a-stack-with-increment-operation/","Design a Stack With Increment Operation","STACK","MEDIUM",338150,,"CLEAR",,true,2026-07-21T18:50:04.000Z,2026-08-29T14:00:06.872Z
"https://leetcode.com/problems/evaluate-reverse-polish-notation/","Evaluate Reverse Polish Notation","STACK","MEDIUM",3233658,,"CLEAR",,true,2026-07-21T18:50:04.000Z,2026-08-29T14:00:06.872Z
"https://leetcode.com/problems/exclusive-time-of-functions/","Exclusive Time of Functions","STACK","MEDIUM",573981,,"CLEAR",,true,2026-07-21T18:50:04.000Z,2026-08-29T14:00:06.872Z
"https://leetcode.com/problems/final-prices-with-a-special-discount-in-a-shop/","Final Prices With a Special Discount in a Shop","STACK","EASY",537893,,"CLEAR",,true,2026-07-21T18:50:04.000Z,2026-08-29T14:00:06.872Z
"https://leetcode.com/problems/find-mirror-score-of-a-string/","Find Mirror Score of a String","STACK","MEDIUM",73566,,"CLEAR",,true,2026-07-21T18:50:04.000Z,2026-08-29T14:00:06.872Z
"https://leetcode.com/problems/find-sorted-submatrices-with-maximum-element-at-most-k/","Find Sorted Submatrices With Maximum Element at Most K","STACK","HARD",925,,"LOCKED",,true,2026-07-21T18:50:04.000Z,2026-08-29T14:00:06.872Z
"https://leetcode.com/problems/find-the-number-of-subarrays-where-boundary-elements-are-maximum/","Find the Number of Subarrays Where Boundary Elements Are Maximum","STACK","HARD",47066,,"CLEAR",,true,2026-07-21T18:50:04.000Z,2026-08-29T14:00:06.872Z
"https://leetcode.com/problems/finding-the-number-of-visible-mountains/","Finding the Number of Visible Mountains","STACK","MEDIUM",38309,,"LOCKED",,true,2026-07-21T18:50:04.000Z,2026-08-29T14:00:06.872Z
"https://leetcode.com/problems/implement-queue-using-stacks/","Implement Queue using Stacks","STACK","EASY",2305322,"must learn OOPS in C++","ERROR","class MyQueue {
    stack<int> base;
    stack<int> helper;

public:
    MyQueue() {}

    void push(int x) {
        while (!base.empty()) {
            helper.push(base.top());
            base.pop();
        }
        base.push(x);
        while (!helper.empty()) {
            base.push(helper.top());
            helper.pop();
        }
    }

    int pop() {
        while (!base.empty()) {
            helper.push(base.top());
            base.pop();
        }
        int ans = helper.top();
        helper.pop();
        while (!helper.empty()) {
            base.push(helper.top());
            helper.pop();
        }
        return ans;
    }

    int peek() {
        while (!base.empty()) {
            helper.push(base.top());
            base.pop();
        }
        int ans = helper.top();
        while (!helper.empty()) {
            base.push(helper.top());
            helper.pop();
        }
        return ans;
    }

    bool empty() { return base.empty(); }
};

/**
 * Your MyQueue object will be instantiated and called as such:
 * MyQueue* obj = new MyQueue();
 * obj->push(x);
 * int param_2 = obj->pop();
 * int param_3 = obj->peek();
 * bool param_4 = obj->empty();
 */",true,2026-07-21T18:50:04.000Z,2026-08-29T14:00:06.872Z
"https://leetcode.com/problems/implement-stack-using-queues/","Implement Stack using Queues","STACK","EASY",1796271,,"CLEAR",,true,2026-07-21T18:50:04.000Z,2026-08-29T14:00:06.872Z
"https://leetcode.com/problems/largest-rectangle-in-histogram/","Largest Rectangle in Histogram","STACK","HARD",3386144,,"CLEAR",,true,2026-07-21T18:50:04.000Z,2026-08-29T14:00:06.872Z
"https://leetcode.com/problems/longest-well-performing-interval/","Longest Well-Performing Interval","STACK","MEDIUM",134213,,"CLEAR",,true,2026-07-21T18:50:04.000Z,2026-08-29T14:00:06.872Z
"https://leetcode.com/problems/make-the-string-great/","Make The String Great","STACK","EASY",628303,,"CLEAR",,true,2026-07-21T18:50:04.000Z,2026-08-29T14:00:06.872Z
"https://leetcode.com/problems/maximal-range-that-each-element-is-maximum-in-it/","Maximal Range That Each Element Is Maximum in It","STACK","MEDIUM",8667,,"LOCKED",,true,2026-07-21T18:50:04.000Z,2026-08-29T14:00:06.872Z
"https://leetcode.com/problems/maximum-and-minimum-sums-of-at-most-size-k-subarrays/","Maximum and Minimum Sums of at Most Size K Subarrays","STACK","HARD",19598,,"CLEAR",,true,2026-07-21T18:50:04.000Z,2026-08-29T14:00:06.872Z
"https://leetcode.com/problems/maximum-frequency-score-of-a-subarray/","Maximum Frequency Score of a Subarray","STACK","HARD",4853,,"LOCKED",,true,2026-07-21T18:50:04.000Z,2026-08-29T14:00:06.872Z
"https://leetcode.com/problems/maximum-frequency-stack/","Maximum Frequency Stack","STACK","HARD",357749,,"SUCCESS","class FreqStack {
    stack<int> st;
    unordered_map<int, int> freq;
    priority_queue<int> maxf;

public:
    FreqStack() {}

    void push(int val) {
        st.push(val);
        freq[val]++;
        maxf.push(freq[val]);
    }

    int pop() {
        int f = maxf.top();
        maxf.pop();

        int ans = 0;
        stack<int> rev;
        while (!st.empty()) {
            if (freq[st.top()] == f) {
                ans = st.top();
                freq[ans]--;
                st.pop();
                break;
            } else {
                rev.push(st.top());
                st.pop();
            }
        }
        while (!rev.empty()) {
            st.push(rev.top());
            rev.pop();
        }
        return ans;
    }
};

/**
 * Your FreqStack object will be instantiated and called as such:
 * FreqStack* obj = new FreqStack();
 * obj->push(val);
 * int param_2 = obj->pop();
 */",true,2026-07-21T18:50:04.000Z,2026-08-30T21:40:11.266Z
"https://leetcode.com/problems/maximum-length-of-semi-decreasing-subarrays/","Maximum Length of Semi-Decreasing Subarrays","STACK","MEDIUM",20805,,"LOCKED",,true,2026-07-21T18:50:04.000Z,2026-08-29T14:00:06.872Z
"https://leetcode.com/problems/maximum-nesting-depth-of-the-parentheses/","Maximum Nesting Depth of the Parentheses","STACK","EASY",709774,,"CLEAR",,true,2026-07-21T18:50:04.000Z,2026-08-29T14:00:06.872Z
"https://leetcode.com/problems/maximum-nesting-depth-of-two-valid-parentheses-strings/","Maximum Nesting Depth of Two Valid Parentheses Strings","STACK","MEDIUM",48829,,"CLEAR",,true,2026-07-21T18:50:04.000Z,2026-08-29T14:00:06.872Z
"https://leetcode.com/problems/maximum-of-minimum-values-in-all-subarrays/","Maximum of Minimum Values in All Subarrays","STACK","MEDIUM",7707,,"LOCKED",,true,2026-07-21T18:50:04.000Z,2026-08-29T14:00:06.872Z
"https://leetcode.com/problems/maximum-subarray-min-product/","Maximum Subarray Min-Product","STACK","MEDIUM",107326,,"CLEAR",,true,2026-07-21T18:50:04.000Z,2026-08-29T14:00:06.872Z
"https://leetcode.com/problems/merge-adjacent-equal-elements/","Merge Adjacent Equal Elements","STACK","MEDIUM",111594,,"CLEAR",,true,2026-07-21T18:50:04.000Z,2026-08-29T14:00:06.872Z
"https://leetcode.com/problems/min-stack/","Min Stack","STACK","MEDIUM",5013322,,"SUCCESS","class MinStack {
    stack<pair<int, int>> st;

public:
    MinStack() {}

    void push(int value) {
        int mini;
        if (st.empty()) {
            mini = value;
        } else {
            mini = st.top().second;
        }
        mini = min(mini, value);
        st.push({value, mini});
    }

    void pop() { st.pop(); }

    int top() { return st.top().first; }

    int getMin() { return st.top().second; }
};

/**
 * Your MinStack object will be instantiated and called as such:
 * MinStack* obj = new MinStack();
 * obj->push(value);
 * obj->pop();
 * int param_3 = obj->top();
 * int param_4 = obj->getMin();
 */",true,2026-07-21T18:50:04.000Z,2026-08-29T14:00:06.872Z
"https://leetcode.com/problems/minimum-remove-to-make-valid-parentheses/","Minimum Remove to Make Valid Parentheses","STACK","MEDIUM",1505359,,"CLEAR",,true,2026-07-21T18:50:04.000Z,2026-08-29T14:00:06.872Z
"https://leetcode.com/problems/minimum-string-length-after-balanced-removals/","Minimum String Length After Balanced Removals","STACK","MEDIUM",56432,,"CLEAR",,true,2026-07-21T18:50:04.000Z,2026-08-29T14:00:06.872Z
"https://leetcode.com/problems/minimum-string-length-after-removing-substrings/","Minimum String Length After Removing Substrings","STACK","EASY",335493,,"CLEAR",,true,2026-07-21T18:50:04.000Z,2026-08-29T14:00:06.872Z
"https://leetcode.com/problems/next-greater-element-i/","Next Greater Element I","STACK","EASY",2091013,,"CLEAR",,true,2026-07-21T18:50:04.000Z,2026-08-29T14:00:06.872Z
"https://leetcode.com/problems/next-greater-element-ii/","Next Greater Element II","STACK","MEDIUM",1330868,,"CLEAR",,true,2026-07-21T18:50:04.000Z,2026-08-29T14:00:06.872Z
"https://leetcode.com/problems/number-of-atoms/","Number of Atoms","STACK","HARD",254439,,"CLEAR",,true,2026-07-21T18:50:04.000Z,2026-08-29T14:00:06.872Z
"https://leetcode.com/problems/number-of-people-that-can-be-seen-in-a-grid/","Number of People That Can Be Seen in a Grid","STACK","MEDIUM",5926,,"LOCKED",,true,2026-07-21T18:50:04.000Z,2026-08-29T14:00:06.872Z
"https://leetcode.com/problems/number-of-students-unable-to-eat-lunch/","Number of Students Unable to Eat Lunch","STACK","EASY",503841,,"CLEAR",,true,2026-07-21T18:50:04.000Z,2026-08-29T14:00:06.872Z
"https://leetcode.com/problems/number-of-valid-subarrays/","Number of Valid Subarrays","STACK","HARD",25585,,"LOCKED",,true,2026-07-21T18:50:04.000Z,2026-08-29T14:00:06.872Z
"https://leetcode.com/problems/number-of-visible-people-in-a-queue/","Number of Visible People in a Queue","STACK","HARD",196280,,"CLEAR",,true,2026-07-21T18:50:04.000Z,2026-08-29T14:00:06.872Z
"https://leetcode.com/problems/online-stock-span/","Online Stock Span","STACK","MEDIUM",969472,,"CLEAR",,true,2026-07-21T18:50:04.000Z,2026-08-29T14:00:06.872Z
"https://leetcode.com/problems/remove-all-adjacent-duplicates-in-string/","Remove All Adjacent Duplicates In String","STACK","EASY",1285412,,"SUCCESS","class Solution {
public:
    string removeDuplicates(string s) {
        stack<char> st;
        for (auto ch : s) {
            if (!st.empty() && st.top() == ch) {
                st.pop();
            } else {
                st.push(ch);
            }
        }
        string ans;
        while (!st.empty()) {
            ans.push_back(st.top());
            st.pop();
        }
        reverse(ans.begin(), ans.end());

        return ans;
    }
};",true,2026-07-21T18:50:04.000Z,2026-08-29T16:31:15.550Z
"https://leetcode.com/problems/remove-all-adjacent-duplicates-in-string-ii/","Remove All Adjacent Duplicates in String II","STACK","MEDIUM",717823,,"CLEAR",,true,2026-07-21T18:50:04.000Z,2026-08-29T14:00:06.872Z
"https://leetcode.com/problems/remove-all-occurrences-of-a-substring/","Remove All Occurrences of a Substring","STACK","MEDIUM",542250,,"CLEAR",,true,2026-07-21T18:50:04.000Z,2026-08-29T14:00:06.872Z
"https://leetcode.com/problems/remove-k-balanced-substrings/","Remove K-Balanced Substrings","STACK","MEDIUM",63331,,"CLEAR",,true,2026-07-21T18:50:04.000Z,2026-08-29T14:00:06.872Z
"https://leetcode.com/problems/remove-outermost-parentheses/","Remove Outermost Parentheses","STACK","EASY",853232,,"CLEAR",,true,2026-07-21T18:50:04.000Z,2026-08-29T14:00:06.872Z
"https://leetcode.com/problems/removing-stars-from-a-string/","Removing Stars From a String","STACK","MEDIUM",862061,,"CLEAR",,true,2026-07-21T18:50:04.000Z,2026-08-29T14:00:06.872Z
"https://leetcode.com/problems/replace-non-coprime-numbers-in-array/","Replace Non-Coprime Numbers in Array","STACK","HARD",201893,,"CLEAR",,true,2026-07-21T18:50:04.000Z,2026-08-29T14:00:06.872Z
"https://leetcode.com/problems/resulting-string-after-adjacent-removals/","Resulting String After Adjacent Removals","STACK","MEDIUM",60794,,"CLEAR",,true,2026-07-21T18:50:04.000Z,2026-08-29T14:00:06.872Z
"https://leetcode.com/problems/reverse-substrings-between-each-pair-of-parentheses/","Reverse Substrings Between Each Pair of Parentheses","STACK","MEDIUM",347496,,"CLEAR",,true,2026-07-21T18:50:04.000Z,2026-08-29T14:00:06.872Z
"https://leetcode.com/problems/robot-collisions/","Robot Collisions","STACK","HARD",317000,,"CLEAR",,true,2026-07-21T18:50:04.000Z,2026-08-29T14:00:06.872Z
"https://leetcode.com/problems/score-of-parentheses/","Score of Parentheses","STACK","MEDIUM",364685,,"CLEAR",,true,2026-07-21T18:50:04.000Z,2026-08-29T14:00:06.872Z
"https://leetcode.com/problems/simplify-path/","Simplify Path","STACK","MEDIUM",2736310,,"CLEAR",,true,2026-07-21T18:50:04.000Z,2026-08-29T14:00:06.872Z
"https://leetcode.com/problems/subarray-with-elements-greater-than-varying-threshold/","Subarray With Elements Greater Than Varying Threshold","STACK","HARD",41394,,"CLEAR",,true,2026-07-21T18:50:04.000Z,2026-08-29T14:00:06.872Z
"https://leetcode.com/problems/sum-of-subarray-ranges/","Sum of Subarray Ranges","STACK","MEDIUM",419324,,"CLEAR",,true,2026-07-21T18:50:04.000Z,2026-08-29T14:00:06.872Z
"https://leetcode.com/problems/sum-of-total-strength-of-wizards/","Sum of Total Strength of Wizards","STACK","HARD",91742,,"CLEAR",,true,2026-07-21T18:50:04.000Z,2026-08-29T14:00:06.872Z
"https://leetcode.com/problems/tag-validator/","Tag Validator","STACK","HARD",55281,,"CLEAR",,true,2026-07-21T18:50:04.000Z,2026-08-29T14:00:06.872Z
"https://leetcode.com/problems/valid-parentheses/","Valid Parentheses","STACK","EASY",18076450,,"SUCCESS","class Solution {
public:
    bool isValid(string s) {
        stack<char> st;
        for (auto ch : s) {
            if (ch == '(' || ch == '{' || ch == '[') {
                st.push(ch);
            } else if (ch == ')') {
                if (!st.empty() && st.top() == '(') {
                    st.pop();
                } else {
                    return false;
                }
            } else if (ch == '}') {
                if (!st.empty() && st.top() == '{') {
                    st.pop();
                } else {
                    return false;
                }
            } else if (ch == ']') {
                if (!st.empty() && st.top() == '[') {
                    st.pop();
                } else {
                    return false;
                }
            }
        }
        return st.empty();
    }
};",true,2026-07-21T18:50:04.000Z,2026-08-29T14:00:06.872Z
"https://leetcode.com/problems/validate-stack-sequences/","Validate Stack Sequences","STACK","MEDIUM",550475,,"CLEAR",,true,2026-07-21T18:50:04.000Z,2026-08-29T14:00:06.872Z
"https://leetcode.com/problems/add-strings/","Add Strings","STRING","EASY",1885046,,"SUCCESS","class Solution {
public:
    string addStrings(string num1, string num2) {
        int n = num1.size();
        int m = num2.size();
        while (n < m) {
            num1 = ""0"" + num1;
            n++;
        }
        while (m < n) {
            num2 = ""0"" + num2;
            m++;
        }
        string ans = """";
        int carry = 0;
        n--;
        while (n >= 0) {
            carry += num1[n] + num2[n] - '0' - '0';
            ans = to_string(carry % 10) + ans;
            carry /= 10;
            n--;
        }
        if (carry > 0) {
            ans = to_string(carry) + ans;
        }
        return ans;
    }
};",true,2026-07-21T18:50:04.000Z,2026-08-23T20:28:20.641Z
"https://leetcode.com/problems/apply-discount-to-prices/","Apply Discount to Prices","STRING","MEDIUM",98518,,"CLEAR",,true,2026-07-21T18:50:04.000Z,2026-08-23T20:28:20.641Z
"https://leetcode.com/problems/base-7/","Base 7","STRING","EASY",403132,,"CLEAR",,true,2026-07-21T18:50:04.000Z,2026-08-23T20:28:20.641Z
"https://leetcode.com/problems/calculate-digit-sum-of-a-string/","Calculate Digit Sum of a String","STRING","EASY",84753,,"CLEAR",,true,2026-07-21T18:50:04.000Z,2026-08-23T20:28:20.641Z
"https://leetcode.com/problems/capitalize-the-title/","Capitalize the Title","STRING","EASY",153582,,"CLEAR",,true,2026-07-21T18:50:04.000Z,2026-08-23T20:28:20.641Z
"https://leetcode.com/problems/cells-in-a-range-on-an-excel-sheet/","Cells in a Range on an Excel Sheet","STRING","EASY",105776,,"CLEAR",,true,2026-07-21T18:50:04.000Z,2026-08-23T20:28:20.641Z
"https://leetcode.com/problems/check-adjacent-digit-differences/","Check Adjacent Digit Differences","STRING","EASY",64315,,"CLEAR",,true,2026-07-21T18:50:04.000Z,2026-08-23T20:28:20.641Z
"https://leetcode.com/problems/check-balanced-string/","Check Balanced String","STRING","EASY",104892,,"CLEAR",,true,2026-07-21T18:50:04.000Z,2026-08-23T20:28:20.641Z
"https://leetcode.com/problems/check-if-all-as-appears-before-all-bs/","Check if All A's Appears Before All B's","STRING","EASY",183248,,"CLEAR",,true,2026-07-21T18:50:04.000Z,2026-08-23T20:28:20.641Z
"https://leetcode.com/problems/check-if-binary-string-has-at-most-one-segment-of-ones/","Check if Binary String Has at Most One Segment of Ones","STRING","EASY",401719,,"CLEAR",,true,2026-07-21T18:50:04.000Z,2026-08-23T20:28:20.641Z
"https://leetcode.com/problems/check-if-digits-are-equal-in-string-after-operations-i/","Check If Digits Are Equal in String After Operations I","STRING","EASY",216368,,"CLEAR",,true,2026-07-21T18:50:04.000Z,2026-08-23T20:28:20.641Z
"https://leetcode.com/problems/check-if-digits-are-equal-in-string-after-operations-ii/","Check If Digits Are Equal in String After Operations II","STRING","HARD",98136,,"CLEAR",,true,2026-07-21T18:50:04.000Z,2026-08-23T20:28:20.641Z
"https://leetcode.com/problems/check-if-numbers-are-ascending-in-a-sentence/","Check if Numbers Are Ascending in a Sentence","STRING","EASY",124373,,"CLEAR",,true,2026-07-21T18:50:04.000Z,2026-08-23T20:28:20.641Z
"https://leetcode.com/problems/check-if-string-is-decomposable-into-value-equal-substrings/","Check if String Is Decomposable Into Value-Equal Substrings","STRING","EASY",9692,,"LOCKED",,true,2026-07-21T18:50:04.000Z,2026-08-23T20:28:20.641Z
"https://leetcode.com/problems/check-if-strings-can-be-made-equal-with-operations-i/","Check if Strings Can be Made Equal With Operations I","STRING","EASY",250353,,"CLEAR",,true,2026-07-21T18:50:04.000Z,2026-08-23T20:28:20.641Z
"https://leetcode.com/problems/check-if-two-chessboard-squares-have-the-same-color/","Check if Two Chessboard Squares Have the Same Color","STRING","EASY",103609,,"CLEAR",,true,2026-07-21T18:50:04.000Z,2026-08-23T20:28:20.641Z
"https://leetcode.com/problems/check-if-word-equals-summation-of-two-words/","Check if Word Equals Summation of Two Words","STRING","EASY",114526,,"CLEAR",,true,2026-07-21T18:50:04.000Z,2026-08-23T20:28:20.641Z
"https://leetcode.com/problems/circular-sentence/","Circular Sentence","STRING","EASY",277125,,"CLEAR",,true,2026-07-21T18:50:04.000Z,2026-08-23T20:28:20.641Z
"https://leetcode.com/problems/complex-number-multiplication/","Complex Number Multiplication","STRING","MEDIUM",161717,,"CLEAR",,true,2026-07-21T18:50:04.000Z,2026-08-23T20:28:20.641Z
"https://leetcode.com/problems/consecutive-characters/","Consecutive Characters","STRING","EASY",402729,,"CLEAR",,true,2026-07-21T18:50:04.000Z,2026-08-23T20:28:20.641Z
"https://leetcode.com/problems/convert-date-to-binary/","Convert Date to Binary","STRING","EASY",108345,,"CLEAR",,true,2026-07-21T18:50:04.000Z,2026-08-23T20:28:20.641Z
"https://leetcode.com/problems/count-and-say/","Count and Say","STRING","MEDIUM",2348743,,"CLEAR",,true,2026-07-21T18:50:04.000Z,2026-08-23T20:28:20.641Z
"https://leetcode.com/problems/count-asterisks/","Count Asterisks","STRING","EASY",124138,,"CLEAR",,true,2026-07-21T18:50:04.000Z,2026-08-23T20:28:20.641Z
"https://leetcode.com/problems/count-days-spent-together/","Count Days Spent Together","STRING","EASY",66888,,"CLEAR",,true,2026-07-21T18:50:04.000Z,2026-08-23T20:28:20.641Z
"https://leetcode.com/problems/count-number-of-homogenous-substrings/","Count Number of Homogenous Substrings","STRING","MEDIUM",237195,,"CLEAR",,true,2026-07-21T18:50:04.000Z,2026-08-23T20:28:20.641Z
"https://leetcode.com/problems/count-substrings-starting-and-ending-with-given-character/","Count Substrings Starting and Ending with Given Character","STRING","MEDIUM",98320,,"CLEAR",,true,2026-07-21T18:50:04.000Z,2026-08-23T20:28:20.641Z
"https://leetcode.com/problems/count-substrings-with-only-one-distinct-letter/","Count Substrings with Only One Distinct Letter","STRING","EASY",39291,,"LOCKED",,true,2026-07-21T18:50:04.000Z,2026-08-23T20:28:20.641Z
"https://leetcode.com/problems/count-the-number-of-substrings-with-dominant-ones/","Count the Number of Substrings With Dominant Ones","STRING","MEDIUM",158552,,"CLEAR",,true,2026-07-21T18:50:04.000Z,2026-08-23T20:28:20.641Z
"https://leetcode.com/problems/count-valid-prefixes/","Count Valid Prefixes","STRING","EASY",57400,,"CLEAR",,false,2026-09-07T18:13:42.370Z,2026-09-07T18:13:42.370Z
"https://leetcode.com/problems/day-of-the-year/","Day of the Year","STRING","EASY",207203,,"CLEAR",,true,2026-07-21T18:50:04.000Z,2026-08-23T20:28:20.641Z
"https://leetcode.com/problems/decode-the-slanted-ciphertext/","Decode the Slanted Ciphertext","STRING","MEDIUM",155605,,"CLEAR",,true,2026-07-21T18:50:04.000Z,2026-08-23T20:28:20.641Z
"https://leetcode.com/problems/decrypt-string-from-alphabet-to-integer-mapping/","Decrypt String from Alphabet to Integer Mapping","STRING","EASY",190871,,"CLEAR",,true,2026-07-21T18:50:04.000Z,2026-08-23T20:28:20.641Z
"https://leetcode.com/problems/defanging-an-ip-address/","Defanging an IP Address","STRING","EASY",998772,,"CLEAR",,true,2026-07-21T18:50:04.000Z,2026-08-23T20:28:20.641Z
"https://leetcode.com/problems/delete-characters-to-make-fancy-string/","Delete Characters to Make Fancy String","STRING","EASY",468332,,"CLEAR",,true,2026-07-21T18:50:04.000Z,2026-08-23T20:28:20.641Z
"https://leetcode.com/problems/detect-capital/","Detect Capital","STRING","EASY",1049833,,"CLEAR",,true,2026-07-21T18:50:04.000Z,2026-08-23T20:28:20.641Z
"https://leetcode.com/problems/determine-color-of-a-chessboard-square/","Determine Color of a Chessboard Square","STRING","EASY",157441,,"CLEAR",,true,2026-07-21T18:50:04.000Z,2026-08-23T20:28:20.641Z
"https://leetcode.com/problems/determine-if-string-halves-are-alike/","Determine if String Halves Are Alike","STRING","EASY",526247,,"CLEAR",,true,2026-07-21T18:50:04.000Z,2026-08-23T20:28:20.641Z
"https://leetcode.com/problems/divide-a-string-into-groups-of-size-k/","Divide a String Into Groups of Size k","STRING","EASY",233299,,"CLEAR",,true,2026-07-21T18:50:04.000Z,2026-08-23T20:28:20.641Z
"https://leetcode.com/problems/equal-rational-numbers/","Equal Rational Numbers","STRING","HARD",22924,,"CLEAR",,true,2026-07-21T18:50:04.000Z,2026-08-23T20:28:20.641Z
"https://leetcode.com/problems/excel-sheet-column-number/","Excel Sheet Column Number","STRING","EASY",1392588,,"CLEAR",,true,2026-07-21T18:50:04.000Z,2026-08-23T20:28:20.641Z
"https://leetcode.com/problems/excel-sheet-column-title/","Excel Sheet Column Title","STRING","EASY",1669167,,"CLEAR",,true,2026-07-21T18:50:04.000Z,2026-08-23T20:28:20.641Z
"https://leetcode.com/problems/execution-of-all-suffix-instructions-staying-in-a-grid/","Execution of All Suffix Instructions Staying in a Grid","STRING","MEDIUM",49262,,"CLEAR",,true,2026-07-21T18:50:04.000Z,2026-08-23T20:28:20.641Z
"https://leetcode.com/problems/faulty-keyboard/","Faulty Keyboard","STRING","EASY",157415,,"CLEAR",,true,2026-07-21T18:50:04.000Z,2026-08-23T20:28:20.641Z
"https://leetcode.com/problems/find-kth-character-in-expanded-string/","Find Kth Character in Expanded String","STRING","MEDIUM",1081,,"LOCKED",,true,2026-07-21T18:50:04.000Z,2026-08-23T20:28:20.641Z
"https://leetcode.com/problems/find-special-substring-of-length-k/","Find Special Substring of Length K","STRING","EASY",124277,,"CLEAR",,true,2026-07-21T18:50:04.000Z,2026-08-23T20:28:20.641Z
"https://leetcode.com/problems/find-the-closest-palindrome/","Find the Closest Palindrome","STRING","HARD",441790,,"CLEAR",,true,2026-07-21T18:50:04.000Z,2026-08-23T20:28:20.641Z
"https://leetcode.com/problems/find-the-encrypted-string/","Find the Encrypted String","STRING","EASY",104478,,"CLEAR",,true,2026-07-21T18:50:04.000Z,2026-08-23T20:28:20.641Z
"https://leetcode.com/problems/find-the-longest-balanced-substring-of-a-binary-string/","Find the Longest Balanced Substring of a Binary String","STRING","EASY",87300,,"CLEAR",,true,2026-07-21T18:50:04.000Z,2026-08-23T20:28:20.641Z
"https://leetcode.com/problems/find-the-occurrence-of-first-almost-equal-substring/","Find the Occurrence of First Almost Equal Substring","STRING","HARD",37420,,"CLEAR",,true,2026-07-21T18:50:04.000Z,2026-08-23T20:28:20.641Z
"https://leetcode.com/problems/find-the-original-typed-string-i/","Find the Original Typed String I","STRING","EASY",278735,,"CLEAR",,true,2026-07-21T18:50:04.000Z,2026-08-23T20:28:20.641Z
"https://leetcode.com/problems/find-the-sequence-of-strings-appeared-on-the-screen/","Find the Sequence of Strings Appeared on the Screen","STRING","MEDIUM",56129,,"CLEAR",,true,2026-07-21T18:50:04.000Z,2026-08-23T20:28:20.641Z
"https://leetcode.com/problems/find-the-shortest-superstring-ii/","Find the Shortest Superstring II","STRING","EASY",1858,,"LOCKED",,true,2026-07-21T18:50:04.000Z,2026-08-23T20:28:20.641Z
"https://leetcode.com/problems/fizz-buzz/","Fizz Buzz","STRING","EASY",2487699,,"SUCCESS","class Solution {
public:
    vector<string> fizzBuzz(int n) {
        vector<string> fizzBuzz;
        for(int i = 1; i <= n; i++){
            if(i%15 == 0){
                fizzBuzz.push_back(""FizzBuzz"");
            }
            else if(i%5 == 0){
                fizzBuzz.push_back(""Buzz"");
            }
            else if(i%3 == 0){
                fizzBuzz.push_back(""Fizz"");
            }
            else{
                fizzBuzz.push_back(to_string(i));
            }
        }

        return fizzBuzz;
    }
};",true,2026-07-21T18:50:04.000Z,2026-08-23T20:28:20.641Z
"https://leetcode.com/problems/flip-game/","Flip Game","STRING","EASY",122933,,"LOCKED",,true,2026-07-21T18:50:04.000Z,2026-08-23T20:28:20.641Z
"https://leetcode.com/problems/fraction-addition-and-subtraction/","Fraction Addition and Subtraction","STRING","MEDIUM",211603,,"CLEAR",,true,2026-07-21T18:50:04.000Z,2026-08-23T20:28:20.641Z
"https://leetcode.com/problems/furthest-point-from-origin/","Furthest Point From Origin","STRING","EASY",231836,,"CLEAR",,true,2026-07-21T18:50:04.000Z,2026-08-23T20:28:20.641Z
"https://leetcode.com/problems/generate-a-string-with-characters-that-have-odd-counts/","Generate a String With Characters That Have Odd Counts","STRING","EASY",150220,,"CLEAR",,true,2026-07-21T18:50:04.000Z,2026-08-23T20:28:20.641Z
"https://leetcode.com/problems/generate-tag-for-video-caption/","Generate Tag for Video Caption","STRING","EASY",139627,,"CLEAR",,true,2026-07-21T18:50:04.000Z,2026-08-23T20:28:20.641Z
"https://leetcode.com/problems/goal-parser-interpretation/","Goal Parser Interpretation","STRING","EASY",386986,,"CLEAR",,true,2026-07-21T18:50:04.000Z,2026-08-23T20:28:20.641Z
"https://leetcode.com/problems/goat-latin/","Goat Latin","STRING","EASY",361311,,"CLEAR",,true,2026-07-21T18:50:04.000Z,2026-08-23T20:28:20.641Z
"https://leetcode.com/problems/good-indices-in-a-digit-string/","Good Indices in a Digit String","STRING","MEDIUM",1026,,"LOCKED",,true,2026-07-21T18:50:04.000Z,2026-08-23T20:28:20.641Z
"https://leetcode.com/problems/greatest-common-divisor-of-strings/","Greatest Common Divisor of Strings","STRING","EASY",1869438,,"CLEAR",,true,2026-07-21T18:50:04.000Z,2026-08-23T20:28:20.641Z
"https://leetcode.com/problems/hash-divided-string/","Hash Divided String","STRING","MEDIUM",65469,,"CLEAR",,true,2026-07-21T18:50:04.000Z,2026-08-23T20:28:20.641Z
"https://leetcode.com/problems/hexadecimal-and-hexatrigesimal-conversion/","Hexadecimal and Hexatrigesimal Conversion","STRING","EASY",39801,,"CLEAR",,true,2026-07-21T18:50:04.000Z,2026-08-23T20:28:20.641Z
"https://leetcode.com/problems/hexspeak/","Hexspeak","STRING","EASY",22875,,"LOCKED",,true,2026-07-21T18:50:04.000Z,2026-08-23T20:28:20.641Z
"https://leetcode.com/problems/largest-3-same-digit-number-in-string/","Largest 3-Same-Digit Number in String","STRING","EASY",458546,,"CLEAR",,true,2026-07-21T18:50:04.000Z,2026-08-23T20:28:20.641Z
"https://leetcode.com/problems/largest-even-number/","Largest Even Number","STRING","EASY",74521,,"CLEAR",,true,2026-07-21T18:50:04.000Z,2026-08-23T20:28:20.641Z
"https://leetcode.com/problems/latest-time-you-can-obtain-after-replacing-characters/","Latest Time You Can Obtain After Replacing Characters","STRING","EASY",120692,,"CLEAR",,true,2026-07-21T18:50:04.000Z,2026-08-23T20:28:20.641Z
"https://leetcode.com/problems/length-of-last-word/","Length of Last Word","STRING","EASY",6153086,,"SUCCESS","class Solution {
public:
    int lengthOfLastWord(string s) {
        int n = s.size();
        int j = -1;
        int k = -1;
        int i = n-1;
        while(i >= 0){
            if(s[i] != ' '){
                j = i;
                break;
            }
            i--;
        }
        if(j == -1){
            return 0;
        }
        i = j-1;
        while(i >= 0){
            if(s[i] == ' '){
                k = i;
                break;
            }
            i--;
        }
        return j - k;
    }
};",true,2026-07-21T18:50:04.000Z,2026-08-23T20:28:20.641Z
"https://leetcode.com/problems/length-of-the-longest-alphabetical-continuous-substring/","Length of the Longest Alphabetical Continuous Substring","STRING","MEDIUM",114459,,"CLEAR",,true,2026-07-21T18:50:04.000Z,2026-08-23T20:28:20.641Z
"https://leetcode.com/problems/lexicographically-smallest-equivalent-string/","Lexicographically Smallest Equivalent String","STRING","MEDIUM",230128,,"CLEAR",,true,2026-07-21T18:50:04.000Z,2026-08-23T20:28:20.641Z
"https://leetcode.com/problems/license-key-formatting/","License Key Formatting","STRING","EASY",814418,,"SUCCESS","class Solution {
public:
    string licenseKeyFormatting(string s, int k) {
        string filtered = """";
        for (auto ch : s) {
            if (isalpha(ch)) {
                filtered.push_back(toupper(ch));
            }
            if (isdigit(ch)) {
                filtered.push_back(ch);
            }
        }
        int n = filtered.size();
        if (n == 0) {
            return filtered;
        }
        int i = 0;
        string ans = """";
        while (i < n) {
            int l = n % k;
            if (i > 0) {
                ans += ""-"";
            }
            if (i > 0 || l == 0) {
                l = k;
            }
            ans += filtered.substr(i, l);
            i += l;
        }
        return ans;
    }
};",true,2026-07-21T18:50:04.000Z,2026-08-23T20:28:20.641Z
"https://leetcode.com/problems/longer-contiguous-segments-of-ones-than-zeros/","Longer Contiguous Segments of Ones than Zeros","STRING","EASY",111870,,"CLEAR",,true,2026-07-21T18:50:04.000Z,2026-08-23T20:28:20.641Z
"https://leetcode.com/problems/longest-uncommon-subsequence-i/","Longest Uncommon Subsequence I","STRING","EASY",256636,,"CLEAR",,true,2026-07-21T18:50:04.000Z,2026-08-23T20:28:20.641Z
"https://leetcode.com/problems/make-three-strings-equal/","Make Three Strings Equal","STRING","EASY",93439,,"CLEAR",,true,2026-07-21T18:50:04.000Z,2026-08-23T20:28:20.641Z
"https://leetcode.com/problems/masking-personal-information/","Masking Personal Information","STRING","MEDIUM",74274,,"CLEAR",,true,2026-07-21T18:50:04.000Z,2026-08-23T20:28:20.641Z
"https://leetcode.com/problems/maximize-active-section-with-trade-i/","Maximize Active Section with Trade I","STRING","MEDIUM",185835,,"CLEAR",,true,2026-07-21T18:50:04.000Z,2026-08-23T20:28:20.641Z
"https://leetcode.com/problems/maximum-manhattan-distance-after-all-moves/","Maximum Manhattan Distance After All Moves","STRING","MEDIUM",74973,,"CLEAR",,true,2026-07-21T18:50:04.000Z,2026-08-23T20:28:20.641Z
"https://leetcode.com/problems/minimize-result-by-adding-parentheses-to-expression/","Minimize Result by Adding Parentheses to Expression","STRING","MEDIUM",42458,,"CLEAR",,true,2026-07-21T18:50:04.000Z,2026-08-23T20:28:20.641Z
"https://leetcode.com/problems/minimum-changes-to-make-alternating-binary-string/","Minimum Changes To Make Alternating Binary String","STRING","EASY",449396,,"CLEAR",,true,2026-07-21T18:50:04.000Z,2026-08-23T20:28:20.641Z
"https://leetcode.com/problems/minimum-flips-to-make-binary-string-coherent/","Minimum Flips to Make Binary String Coherent","STRING","MEDIUM",83235,,"CLEAR",,true,2026-07-21T18:50:04.000Z,2026-08-23T20:28:20.641Z
"https://leetcode.com/problems/minimum-number-of-chairs-in-a-waiting-room/","Minimum Number of Chairs in a Waiting Room","STRING","EASY",94750,,"CLEAR",,true,2026-07-21T18:50:04.000Z,2026-08-23T20:28:20.641Z
"https://leetcode.com/problems/minimum-number-of-changes-to-make-binary-string-beautiful/","Minimum Number of Changes to Make Binary String Beautiful","STRING","MEDIUM",217913,,"CLEAR",,true,2026-07-21T18:50:04.000Z,2026-08-23T20:28:20.641Z
"https://leetcode.com/problems/minimum-number-of-frogs-croaking/","Minimum Number of Frogs Croaking","STRING","MEDIUM",127583,,"CLEAR",,true,2026-07-21T18:50:04.000Z,2026-08-23T20:28:20.641Z
"https://leetcode.com/problems/minimum-operations-to-make-a-rotated-palindrome-i/","Minimum Operations to Make a Rotated Palindrome I","STRING","MEDIUM",45023,,"CLEAR",,false,2026-09-07T18:13:42.370Z,2026-09-07T18:13:42.370Z
"https://leetcode.com/problems/minimum-operations-to-make-a-rotated-palindrome-ii/","Minimum Operations to Make a Rotated Palindrome II","STRING","HARD",213,,"LOCKED",,false,2026-09-07T18:13:42.370Z,2026-09-07T18:13:42.370Z
"https://leetcode.com/problems/minimum-operations-to-sort-a-string/","Minimum Operations to Sort a String","STRING","MEDIUM",94470,,"CLEAR",,true,2026-07-21T18:50:04.000Z,2026-08-23T20:28:20.641Z
"https://leetcode.com/problems/multiply-strings/","Multiply Strings","STRING","MEDIUM",2764336,,"CLEAR",,true,2026-07-21T18:50:04.000Z,2026-08-23T20:28:20.641Z
"https://leetcode.com/problems/number-of-changing-keys/","Number of Changing Keys","STRING","EASY",114936,,"CLEAR",,true,2026-07-21T18:50:04.000Z,2026-08-23T20:28:20.641Z
"https://leetcode.com/problems/number-of-days-between-two-dates/","Number of Days Between Two Dates","STRING","EASY",147811,,"CLEAR",,true,2026-07-21T18:50:04.000Z,2026-08-23T20:28:20.641Z
"https://leetcode.com/problems/number-of-distinct-binary-strings-after-applying-operations/","Number of Distinct Binary Strings After Applying Operations","STRING","MEDIUM",2256,,"LOCKED",,true,2026-07-21T18:50:04.000Z,2026-08-23T20:28:20.641Z
"https://leetcode.com/problems/number-of-elapsed-seconds-between-two-times/","Number of Elapsed Seconds Between Two Times","STRING","EASY",63322,,"CLEAR",,false,2026-07-21T18:50:04.000Z,2026-07-21T18:50:04.000Z
"https://leetcode.com/problems/number-of-segments-in-a-string/","Number of Segments in a String","STRING","EASY",796196,,"CLEAR",,true,2026-07-21T18:50:04.000Z,2026-08-23T20:28:20.641Z
"https://leetcode.com/problems/number-of-substrings-with-only-1s/","Number of Substrings With Only 1s","STRING","MEDIUM",286336,,"CLEAR",,true,2026-07-21T18:50:04.000Z,2026-08-23T20:28:20.641Z
"https://leetcode.com/problems/number-of-valid-clock-times/","Number of Valid Clock Times","STRING","EASY",82391,,"CLEAR",,true,2026-07-21T18:50:04.000Z,2026-08-23T20:28:20.641Z
"https://leetcode.com/problems/number-of-valid-words-in-a-sentence/","Number of Valid Words in a Sentence","STRING","EASY",141922,,"CLEAR",,true,2026-07-21T18:50:04.000Z,2026-08-23T20:28:20.641Z
"https://leetcode.com/problems/number-of-ways-to-split-a-string/","Number of Ways to Split a String","STRING","MEDIUM",106571,,"CLEAR",,true,2026-07-21T18:50:04.000Z,2026-08-23T20:28:20.641Z
"https://leetcode.com/problems/occurrences-after-bigram/","Occurrences After Bigram","STRING","EASY",147797,,"CLEAR",,true,2026-07-21T18:50:04.000Z,2026-08-23T20:28:20.641Z
"https://leetcode.com/problems/percentage-of-letter-in-string/","Percentage of Letter in String","STRING","EASY",141286,,"CLEAR",,true,2026-07-21T18:50:04.000Z,2026-08-23T20:28:20.641Z
"https://leetcode.com/problems/positions-of-large-groups/","Positions of Large Groups","STRING","EASY",231274,,"CLEAR",,true,2026-07-21T18:50:04.000Z,2026-08-23T20:28:20.641Z
"https://leetcode.com/problems/process-string-with-special-operations-i/","Process String with Special Operations I","STRING","MEDIUM",269589,,"CLEAR",,true,2026-07-21T18:50:04.000Z,2026-08-23T20:28:20.641Z
"https://leetcode.com/problems/process-string-with-special-operations-ii/","Process String with Special Operations II","STRING","HARD",239343,,"CLEAR",,true,2026-07-21T18:50:04.000Z,2026-08-23T20:28:20.641Z
"https://leetcode.com/problems/rearrange-spaces-between-words/","Rearrange Spaces Between Words","STRING","EASY",171423,,"CLEAR",,true,2026-07-21T18:50:04.000Z,2026-08-23T20:28:20.641Z
"https://leetcode.com/problems/reformat-date/","Reformat Date","STRING","EASY",147766,,"CLEAR",,true,2026-07-21T18:50:04.000Z,2026-08-23T20:28:20.641Z
"https://leetcode.com/problems/reformat-phone-number/","Reformat Phone Number","STRING","EASY",76044,,"CLEAR",,true,2026-07-21T18:50:04.000Z,2026-08-23T20:28:20.641Z
"https://leetcode.com/problems/reformat-the-string/","Reformat The String","STRING","EASY",143952,,"CLEAR",,true,2026-07-21T18:50:04.000Z,2026-08-23T20:28:20.641Z
"https://leetcode.com/problems/remove-trailing-zeros-from-a-string/","Remove Trailing Zeros From a String","STRING","EASY",128127,,"CLEAR",,true,2026-07-21T18:50:04.000Z,2026-08-23T20:28:20.641Z
"https://leetcode.com/problems/remove-vowels-from-a-string/","Remove Vowels from a String","STRING","EASY",130014,,"LOCKED",,true,2026-07-21T18:50:04.000Z,2026-08-23T20:28:20.641Z
"https://leetcode.com/problems/repeated-string-match/","Repeated String Match","STRING","MEDIUM",713387,,"CLEAR",,true,2026-07-21T18:50:04.000Z,2026-08-23T20:28:20.641Z
"https://leetcode.com/problems/repeated-substring-pattern/","Repeated Substring Pattern","STRING","EASY",1330815,,"CLEAR",,true,2026-07-21T18:50:04.000Z,2026-08-23T20:28:20.641Z
"https://leetcode.com/problems/replace-all-s-to-avoid-consecutive-repeating-characters/","Replace All ?'s to Avoid Consecutive Repeating Characters","STRING","EASY",170437,,"CLEAR",,true,2026-07-21T18:50:04.000Z,2026-08-23T20:28:20.641Z
"https://leetcode.com/problems/replace-all-digits-with-characters/","Replace All Digits with Characters","STRING","EASY",145543,,"CLEAR",,true,2026-07-21T18:50:04.000Z,2026-08-23T20:28:20.641Z
"https://leetcode.com/problems/reverse-degree-of-a-string/","Reverse Degree of a String","STRING","EASY",87148,,"CLEAR",,true,2026-07-21T18:50:04.000Z,2026-08-23T20:28:20.641Z
"https://leetcode.com/problems/robot-bounded-in-circle/","Robot Bounded In Circle","STRING","MEDIUM",491951,,"CLEAR",,true,2026-07-21T18:50:04.000Z,2026-08-23T20:28:20.641Z
"https://leetcode.com/problems/robot-return-to-origin/","Robot Return to Origin","STRING","EASY",900660,,"CLEAR",,true,2026-07-21T18:50:04.000Z,2026-08-23T20:28:20.641Z
"https://leetcode.com/problems/rotate-string/","Rotate String","STRING","EASY",1527916,,"SUCCESS","class Solution {
public:
    bool rotateString(string s, string goal) {
        int n = s.size();
        int i = 0;

        while (i < n) {
            string temp = s.substr(1, n - 1);
            temp.push_back(s[0]);
            s = temp;
            if (s == goal) {
                return true;
            }
            i++;
        }
        return false;
    }
};",true,2026-07-21T18:50:04.000Z,2026-08-23T20:28:20.641Z
"https://leetcode.com/problems/score-of-a-string/","Score of a String","STRING","EASY",517186,,"CLEAR",,true,2026-07-21T18:50:04.000Z,2026-08-23T20:28:20.641Z
"https://leetcode.com/problems/similar-rgb-color/","Similar RGB Color","STRING","EASY",28846,,"LOCKED",,true,2026-07-21T18:50:04.000Z,2026-08-23T20:28:20.641Z
"https://leetcode.com/problems/simplified-fractions/","Simplified Fractions","STRING","MEDIUM",68482,,"CLEAR",,true,2026-07-21T18:50:04.000Z,2026-08-23T20:28:20.641Z
"https://leetcode.com/problems/solve-the-equation/","Solve the Equation","STRING","MEDIUM",113785,,"CLEAR",,true,2026-07-21T18:50:04.000Z,2026-08-23T20:28:20.641Z
"https://leetcode.com/problems/split-message-based-on-limit/","Split Message Based on Limit","STRING","HARD",56254,,"CLEAR",,true,2026-07-21T18:50:04.000Z,2026-08-23T20:28:20.641Z
"https://leetcode.com/problems/string-compression-iii/","String Compression III","STRING","MEDIUM",309722,,"CLEAR",,true,2026-07-21T18:50:04.000Z,2026-08-23T20:28:20.641Z
"https://leetcode.com/problems/string-to-integer-atoi/","String to Integer (atoi)","STRING","MEDIUM",12090479,,"CLEAR",,true,2026-07-21T18:50:04.000Z,2026-08-23T20:28:20.641Z
"https://leetcode.com/problems/strong-password-checker-ii/","Strong Password Checker II","STRING","EASY",111010,,"CLEAR",,true,2026-07-21T18:50:04.000Z,2026-08-23T20:28:20.641Z
"https://leetcode.com/problems/student-attendance-record-i/","Student Attendance Record I","STRING","EASY",601184,,"CLEAR",,true,2026-07-21T18:50:04.000Z,2026-08-23T20:28:20.641Z
"https://leetcode.com/problems/substring-matching-pattern/","Substring Matching Pattern","STRING","EASY",142572,,"CLEAR",,true,2026-07-21T18:50:04.000Z,2026-08-23T20:28:20.641Z
"https://leetcode.com/problems/sum-of-digits-of-string-after-convert/","Sum of Digits of String After Convert","STRING","EASY",328135,,"CLEAR",,true,2026-07-21T18:50:04.000Z,2026-08-23T20:28:20.641Z
"https://leetcode.com/problems/super-palindromes/","Super Palindromes","STRING","HARD",73540,,"CLEAR",,true,2026-07-21T18:50:04.000Z,2026-08-23T20:28:20.641Z
"https://leetcode.com/problems/the-number-of-full-rounds-you-have-played/","The Number of Full Rounds You Have Played","STRING","MEDIUM",61116,,"CLEAR",,true,2026-07-21T18:50:04.000Z,2026-08-23T20:28:20.641Z
"https://leetcode.com/problems/thousand-separator/","Thousand Separator","STRING","EASY",131424,,"CLEAR",,true,2026-07-21T18:50:04.000Z,2026-08-23T20:28:20.641Z
"https://leetcode.com/problems/to-lower-case/","To Lower Case","STRING","EASY",929412,,"CLEAR",,true,2026-07-21T18:50:04.000Z,2026-08-23T20:28:20.641Z
"https://leetcode.com/problems/traffic-signal-color/","Traffic Signal Color","STRING","EASY",63099,,"CLEAR",,true,2026-07-21T18:50:04.000Z,2026-08-23T20:28:20.641Z
"https://leetcode.com/problems/trim-trailing-vowels/","Trim Trailing Vowels","STRING","EASY",78585,,"CLEAR",,true,2026-07-21T18:50:04.000Z,2026-08-23T20:28:20.641Z
"https://leetcode.com/problems/valid-number/","Valid Number","STRING","HARD",2325005,,"CLEAR",,true,2026-07-21T18:50:04.000Z,2026-08-23T20:28:20.641Z
"https://leetcode.com/problems/valid-word/","Valid Word","STRING","EASY",419812,,"CLEAR",,true,2026-07-21T18:50:04.000Z,2026-08-23T20:28:20.641Z
"https://leetcode.com/problems/validate-ip-address/","Validate IP Address","STRING","MEDIUM",725589,,"CLEAR",,true,2026-07-21T18:50:04.000Z,2026-08-23T20:28:20.641Z
"https://leetcode.com/problems/vowel-consonant-score/","Vowel-Consonant Score","STRING","EASY",101183,,"CLEAR",,true,2026-07-21T18:50:04.000Z,2026-08-23T20:28:20.641Z
"https://leetcode.com/problems/vowels-game-in-a-string/","Vowels Game in a String","STRING","MEDIUM",256050,,"CLEAR",,true,2026-07-21T18:50:04.000Z,2026-08-23T20:28:20.641Z
"https://leetcode.com/problems/zigzag-conversion/","Zigzag Conversion","STRING","MEDIUM",4313929,,"CLEAR",,true,2026-07-21T18:50:04.000Z,2026-08-23T20:28:20.641Z
"https://leetcode.com/problems/amount-of-new-area-painted-each-day/","Amount of New Area Painted Each Day","TREE","HARD",60129,,"LOCKED",,false,2026-07-21T18:50:04.000Z,2026-07-21T18:50:04.000Z
"https://leetcode.com/problems/block-placement-queries/","Block Placement Queries","TREE","HARD",165472,,"CLEAR",,false,2026-07-21T18:50:04.000Z,2026-07-21T18:50:04.000Z
"https://leetcode.com/problems/booking-concert-tickets-in-groups/","Booking Concert Tickets in Groups","TREE","HARD",52330,,"CLEAR",,false,2026-07-21T18:50:04.000Z,2026-07-21T18:50:04.000Z
"https://leetcode.com/problems/check-if-dfs-strings-are-palindromes/","Check if DFS Strings Are Palindromes","TREE","HARD",35462,,"CLEAR",,false,2026-07-21T18:50:04.000Z,2026-07-21T18:50:04.000Z
"https://leetcode.com/problems/clone-n-ary-tree/","Clone N-ary Tree","TREE","MEDIUM",44110,,"LOCKED",,false,2026-07-21T18:50:04.000Z,2026-07-21T18:50:04.000Z
"https://leetcode.com/problems/closest-node-to-path-in-tree/","Closest Node to Path in Tree","TREE","HARD",11113,,"LOCKED",,false,2026-07-21T18:50:04.000Z,2026-07-21T18:50:04.000Z
"https://leetcode.com/problems/collect-coins-in-a-tree/","Collect Coins in a Tree","TREE","HARD",48330,,"CLEAR",,false,2026-07-21T18:50:04.000Z,2026-07-21T18:50:04.000Z
"https://leetcode.com/problems/count-integers-in-intervals/","Count Integers in Intervals","TREE","HARD",84859,,"CLEAR",,false,2026-07-21T18:50:04.000Z,2026-07-21T18:50:04.000Z
"https://leetcode.com/problems/count-non-decreasing-subarrays-after-k-operations/","Count Non-Decreasing Subarrays After K Operations","TREE","HARD",19330,,"CLEAR",,false,2026-07-21T18:50:04.000Z,2026-07-21T18:50:04.000Z
"https://leetcode.com/problems/count-pairs-of-connectable-servers-in-a-weighted-tree-network/","Count Pairs of Connectable Servers in a Weighted Tree Network","TREE","MEDIUM",31914,,"CLEAR",,false,2026-07-21T18:50:04.000Z,2026-07-21T18:50:04.000Z
"https://leetcode.com/problems/count-the-number-of-good-nodes/","Count the Number of Good Nodes","TREE","MEDIUM",58616,,"CLEAR",,false,2026-07-21T18:50:04.000Z,2026-07-21T18:50:04.000Z
"https://leetcode.com/problems/create-components-with-same-value/","Create Components With Same Value","TREE","HARD",22186,,"CLEAR",,false,2026-07-21T18:50:04.000Z,2026-07-21T18:50:04.000Z
"https://leetcode.com/problems/delete-tree-nodes/","Delete Tree Nodes","TREE","MEDIUM",19057,,"LOCKED",,false,2026-07-21T18:50:04.000Z,2026-07-21T18:50:04.000Z
"https://leetcode.com/problems/diameter-of-n-ary-tree/","Diameter of N-Ary Tree","TREE","MEDIUM",83505,,"LOCKED",,false,2026-07-21T18:50:04.000Z,2026-07-21T18:50:04.000Z
"https://leetcode.com/problems/distribute-elements-into-two-arrays-ii/","Distribute Elements Into Two Arrays II","TREE","HARD",51686,,"CLEAR",,false,2026-07-21T18:50:04.000Z,2026-07-21T18:50:04.000Z
"https://leetcode.com/problems/employee-importance/","Employee Importance","TREE","MEDIUM",373199,,"CLEAR",,false,2026-07-21T18:50:04.000Z,2026-07-21T18:50:04.000Z
"https://leetcode.com/problems/falling-squares/","Falling Squares","TREE","HARD",80942,,"CLEAR",,false,2026-07-21T18:50:04.000Z,2026-07-21T18:50:04.000Z
"https://leetcode.com/problems/fancy-sequence/","Fancy Sequence","TREE","HARD",190186,,"CLEAR",,false,2026-07-21T18:50:04.000Z,2026-07-21T18:50:04.000Z
"https://leetcode.com/problems/find-building-where-alice-and-bob-can-meet/","Find Building Where Alice and Bob Can Meet","TREE","HARD",154846,,"CLEAR",,false,2026-07-21T18:50:04.000Z,2026-07-21T18:50:04.000Z
"https://leetcode.com/problems/find-diameter-endpoints-of-a-tree/","Find Diameter Endpoints of a Tree","TREE","MEDIUM",1273,,"LOCKED",,false,2026-07-21T18:50:04.000Z,2026-07-21T18:50:04.000Z
"https://leetcode.com/problems/find-minimum-diameter-after-merging-two-trees/","Find Minimum Diameter After Merging Two Trees","TREE","HARD",141447,,"CLEAR",,false,2026-07-21T18:50:04.000Z,2026-07-21T18:50:04.000Z
"https://leetcode.com/problems/find-subtree-sizes-after-changes/","Find Subtree Sizes After Changes","TREE","MEDIUM",32610,,"CLEAR",,false,2026-07-21T18:50:04.000Z,2026-07-21T18:50:04.000Z
"https://leetcode.com/problems/find-the-last-marked-nodes-in-tree/","Find the Last Marked Nodes in Tree","TREE","HARD",1243,,"LOCKED",,false,2026-07-21T18:50:04.000Z,2026-07-21T18:50:04.000Z
"https://leetcode.com/problems/find-x-value-of-array-ii/","Find X Value of Array II","TREE","HARD",12751,,"CLEAR",,false,2026-07-21T18:50:04.000Z,2026-07-21T18:50:04.000Z
"https://leetcode.com/problems/flatten-nested-list-iterator/","Flatten Nested List Iterator","TREE","MEDIUM",833770,,"CLEAR",,false,2026-07-21T18:50:04.000Z,2026-07-21T18:50:04.000Z
"https://leetcode.com/problems/frog-position-after-t-seconds/","Frog Position After T Seconds","TREE","HARD",118123,,"CLEAR",,false,2026-07-21T18:50:04.000Z,2026-07-21T18:50:04.000Z
"https://leetcode.com/problems/fruits-into-baskets-ii/","Fruits Into Baskets II","TREE","EASY",297997,,"CLEAR",,false,2026-07-21T18:50:04.000Z,2026-07-21T18:50:04.000Z
"https://leetcode.com/problems/fruits-into-baskets-iii/","Fruits Into Baskets III","TREE","MEDIUM",228228,,"CLEAR",,false,2026-07-21T18:50:04.000Z,2026-07-21T18:50:04.000Z
"https://leetcode.com/problems/good-subsequence-queries/","Good Subsequence Queries","TREE","HARD",17274,,"CLEAR",,false,2026-07-21T18:50:04.000Z,2026-07-21T18:50:04.000Z
"https://leetcode.com/problems/handling-sum-queries-after-update/","Handling Sum Queries After Update","TREE","HARD",27311,,"CLEAR",,false,2026-07-21T18:50:04.000Z,2026-07-21T18:50:04.000Z
"https://leetcode.com/problems/k-empty-slots/","K Empty Slots","TREE","HARD",178394,,"LOCKED",,false,2026-07-21T18:50:04.000Z,2026-07-21T18:50:04.000Z
"https://leetcode.com/problems/kill-process/","Kill Process","TREE","MEDIUM",139862,,"LOCKED",,false,2026-07-21T18:50:04.000Z,2026-07-21T18:50:04.000Z
"https://leetcode.com/problems/kth-smallest-path-xor-sum/","Kth Smallest Path XOR Sum","TREE","HARD",10573,,"CLEAR",,false,2026-07-21T18:50:04.000Z,2026-07-21T18:50:04.000Z
"https://leetcode.com/problems/longest-path-with-different-adjacent-characters/","Longest Path With Different Adjacent Characters","TREE","HARD",179804,,"CLEAR",,false,2026-07-21T18:50:04.000Z,2026-07-21T18:50:04.000Z
"https://leetcode.com/problems/longest-special-path/","Longest Special Path","TREE","HARD",28238,,"CLEAR",,false,2026-07-21T18:50:04.000Z,2026-07-21T18:50:04.000Z
"https://leetcode.com/problems/longest-special-path-ii/","Longest Special Path II","TREE","HARD",14851,,"CLEAR",,false,2026-07-21T18:50:04.000Z,2026-07-21T18:50:04.000Z
"https://leetcode.com/problems/longest-substring-of-one-repeating-character/","Longest Substring of One Repeating Character","TREE","HARD",113780,,"CLEAR",,false,2026-07-21T18:50:04.000Z,2026-07-21T18:50:04.000Z
"https://leetcode.com/problems/longest-uploaded-prefix/","Longest Uploaded Prefix","TREE","MEDIUM",54664,,"CLEAR",,false,2026-07-21T18:50:04.000Z,2026-07-21T18:50:04.000Z
"https://leetcode.com/problems/maximize-active-section-with-trade-ii/","Maximize Active Section with Trade II","TREE","HARD",91578,,"CLEAR",,false,2026-07-21T18:50:04.000Z,2026-07-21T18:50:04.000Z
"https://leetcode.com/problems/maximize-count-of-distinct-primes-after-split/","Maximize Count of Distinct Primes After Split","TREE","HARD",16907,,"CLEAR",,false,2026-07-21T18:50:04.000Z,2026-07-21T18:50:04.000Z
"https://leetcode.com/problems/maximize-subarrays-after-removing-one-conflicting-pair/","Maximize Subarrays After Removing One Conflicting Pair","TREE","HARD",90432,,"CLEAR",,false,2026-07-21T18:50:04.000Z,2026-07-21T18:50:04.000Z
"https://leetcode.com/problems/maximize-the-number-of-target-nodes-after-connecting-trees-i/","Maximize the Number of Target Nodes After Connecting Trees I","TREE","MEDIUM",123578,,"CLEAR",,false,2026-07-21T18:50:04.000Z,2026-07-21T18:50:04.000Z
"https://leetcode.com/problems/maximize-the-number-of-target-nodes-after-connecting-trees-ii/","Maximize the Number of Target Nodes After Connecting Trees II","TREE","HARD",97585,,"CLEAR",,false,2026-07-21T18:50:04.000Z,2026-07-21T18:50:04.000Z
"https://leetcode.com/problems/maximum-area-rectangle-with-point-constraints-i/","Maximum Area Rectangle With Point Constraints I","TREE","MEDIUM",32526,,"CLEAR",,false,2026-07-21T18:50:04.000Z,2026-07-21T18:50:04.000Z
"https://leetcode.com/problems/maximum-area-rectangle-with-point-constraints-ii/","Maximum Area Rectangle With Point Constraints II","TREE","HARD",14590,,"CLEAR",,false,2026-07-21T18:50:04.000Z,2026-07-21T18:50:04.000Z
"https://leetcode.com/problems/maximum-depth-of-n-ary-tree/","Maximum Depth of N-ary Tree","TREE","EASY",498869,,"CLEAR",,false,2026-07-21T18:50:04.000Z,2026-07-21T18:50:04.000Z
"https://leetcode.com/problems/maximum-number-of-k-divisible-components/","Maximum Number of K-Divisible Components","TREE","HARD",199802,,"CLEAR",,false,2026-07-21T18:50:04.000Z,2026-07-21T18:50:04.000Z
"https://leetcode.com/problems/maximum-profitable-triplets-with-increasing-prices-i/","Maximum Profitable Triplets With Increasing Prices I","TREE","MEDIUM",3611,,"LOCKED",,false,2026-07-21T18:50:04.000Z,2026-07-21T18:50:04.000Z
"https://leetcode.com/problems/maximum-profitable-triplets-with-increasing-prices-ii/","Maximum Profitable Triplets With Increasing Prices II","TREE","HARD",1798,,"LOCKED",,false,2026-07-21T18:50:04.000Z,2026-07-21T18:50:04.000Z
"https://leetcode.com/problems/maximum-sum-queries/","Maximum Sum Queries","TREE","HARD",28752,,"CLEAR",,false,2026-07-21T18:50:04.000Z,2026-07-21T18:50:04.000Z
"https://leetcode.com/problems/maximum-xor-of-two-non-overlapping-subtrees/","Maximum XOR of Two Non-Overlapping Subtrees","TREE","HARD",1993,,"LOCKED",,false,2026-07-21T18:50:04.000Z,2026-07-21T18:50:04.000Z
"https://leetcode.com/problems/minimum-deletions-to-make-alternating-substring/","Minimum Deletions to Make Alternating Substring","TREE","HARD",13982,,"CLEAR",,false,2026-07-21T18:50:04.000Z,2026-07-21T18:50:04.000Z
"https://leetcode.com/problems/minimum-edge-toggles-on-a-tree/","Minimum Edge Toggles on a Tree","TREE","HARD",10406,,"CLEAR",,false,2026-07-21T18:50:04.000Z,2026-07-21T18:50:04.000Z
"https://leetcode.com/problems/minimum-fuel-cost-to-report-to-the-capital/","Minimum Fuel Cost to Report to the Capital","TREE","MEDIUM",142493,,"CLEAR",,false,2026-07-21T18:50:04.000Z,2026-07-21T18:50:04.000Z
"https://leetcode.com/problems/minimum-inversion-count-in-subarrays-of-fixed-length/","Minimum Inversion Count in Subarrays of Fixed Length","TREE","HARD",13882,,"CLEAR",,false,2026-07-21T18:50:04.000Z,2026-07-21T18:50:04.000Z
"https://leetcode.com/problems/minimum-operations-to-equalize-subarrays/","Minimum Operations to Equalize Subarrays","TREE","HARD",16301,,"CLEAR",,false,2026-07-21T18:50:04.000Z,2026-07-21T18:50:04.000Z
"https://leetcode.com/problems/minimum-time-to-collect-all-apples-in-a-tree/","Minimum Time to Collect All Apples in a Tree","TREE","MEDIUM",250507,,"CLEAR",,false,2026-07-21T18:50:04.000Z,2026-07-21T18:50:04.000Z
"https://leetcode.com/problems/most-profitable-path-in-a-tree/","Most Profitable Path in a Tree","TREE","MEDIUM",165953,,"CLEAR",,false,2026-07-21T18:50:04.000Z,2026-07-21T18:50:04.000Z
"https://leetcode.com/problems/move-sub-tree-of-n-ary-tree/","Move Sub-Tree of N-Ary Tree","TREE","HARD",4636,,"LOCKED",,false,2026-07-21T18:50:04.000Z,2026-07-21T18:50:04.000Z
"https://leetcode.com/problems/my-calendar-i/","My Calendar I","TREE","MEDIUM",810836,,"CLEAR",,false,2026-07-21T18:50:04.000Z,2026-07-21T18:50:04.000Z
"https://leetcode.com/problems/my-calendar-ii/","My Calendar II","TREE","MEDIUM",354485,,"CLEAR",,false,2026-07-21T18:50:04.000Z,2026-07-21T18:50:04.000Z
"https://leetcode.com/problems/my-calendar-iii/","My Calendar III","TREE","HARD",163829,,"CLEAR",,false,2026-07-21T18:50:04.000Z,2026-07-21T18:50:04.000Z
"https://leetcode.com/problems/n-ary-tree-level-order-traversal/","N-ary Tree Level Order Traversal","TREE","MEDIUM",526230,,"CLEAR",,false,2026-07-21T18:50:04.000Z,2026-07-21T18:50:04.000Z
"https://leetcode.com/problems/n-ary-tree-postorder-traversal/","N-ary Tree Postorder Traversal","TREE","EASY",545490,,"CLEAR",,false,2026-07-21T18:50:04.000Z,2026-07-21T18:50:04.000Z
"https://leetcode.com/problems/n-ary-tree-preorder-traversal/","N-ary Tree Preorder Traversal","TREE","EASY",664425,,"CLEAR",,false,2026-07-21T18:50:04.000Z,2026-07-21T18:50:04.000Z
"https://leetcode.com/problems/number-of-good-paths/","Number of Good Paths","TREE","HARD",121105,,"CLEAR",,false,2026-07-21T18:50:04.000Z,2026-07-21T18:50:04.000Z
"https://leetcode.com/problems/number-of-nodes-in-the-sub-tree-with-the-same-label/","Number of Nodes in the Sub-Tree With the Same Label","TREE","MEDIUM",174680,,"CLEAR",,false,2026-07-21T18:50:04.000Z,2026-07-21T18:50:04.000Z
"https://leetcode.com/problems/number-of-ways-to-assign-edge-weights-i/","Number of Ways to Assign Edge Weights I","TREE","MEDIUM",156682,,"CLEAR",,false,2026-07-21T18:50:04.000Z,2026-07-21T18:50:04.000Z
"https://leetcode.com/problems/number-of-ways-to-reconstruct-a-tree/","Number Of Ways To Reconstruct A Tree","TREE","HARD",16142,,"CLEAR",,false,2026-07-21T18:50:04.000Z,2026-07-21T18:50:04.000Z
"https://leetcode.com/problems/online-majority-element-in-subarray/","Online Majority Element In Subarray","TREE","HARD",55230,,"CLEAR",,false,2026-07-21T18:50:04.000Z,2026-07-21T18:50:04.000Z
"https://leetcode.com/problems/operations-on-tree/","Operations on Tree","TREE","MEDIUM",58194,,"CLEAR",,false,2026-07-21T18:50:04.000Z,2026-07-21T18:50:04.000Z
"https://leetcode.com/problems/peaks-in-array/","Peaks in Array","TREE","HARD",46389,,"CLEAR",,false,2026-07-21T18:50:04.000Z,2026-07-21T18:50:04.000Z
"https://leetcode.com/problems/power-update-after-k-th-largest-insertion-i/","Power Update After K-th Largest Insertion I","TREE","MEDIUM",468,,"LOCKED",,false,2026-07-21T18:50:04.000Z,2026-07-21T18:50:04.000Z
"https://leetcode.com/problems/power-update-after-k-th-largest-insertion-ii/","Power Update After K-th Largest Insertion II","TREE","HARD",598,,"LOCKED",,false,2026-07-21T18:50:04.000Z,2026-07-21T18:50:04.000Z
"https://leetcode.com/problems/pythagorean-distance-nodes-in-a-tree/","Pythagorean Distance Nodes in a Tree","TREE","MEDIUM",39340,,"CLEAR",,false,2026-07-21T18:50:04.000Z,2026-07-21T18:50:04.000Z
"https://leetcode.com/problems/queue-reconstruction-by-height/","Queue Reconstruction by Height","TREE","MEDIUM",473745,,"CLEAR",,false,2026-07-21T18:50:04.000Z,2026-07-21T18:50:04.000Z
"https://leetcode.com/problems/range-frequency-queries/","Range Frequency Queries","TREE","MEDIUM",88300,,"CLEAR",,false,2026-07-21T18:50:04.000Z,2026-07-21T18:50:04.000Z
"https://leetcode.com/problems/range-module/","Range Module","TREE","HARD",218234,,"CLEAR",,false,2026-07-21T18:50:04.000Z,2026-07-21T18:50:04.000Z
"https://leetcode.com/problems/range-sum-query-2d-mutable/","Range Sum Query 2D - Mutable","TREE","MEDIUM",187286,,"LOCKED",,false,2026-07-21T18:50:04.000Z,2026-07-21T18:50:04.000Z
"https://leetcode.com/problems/reachable-nodes-with-restrictions/","Reachable Nodes With Restrictions","TREE","MEDIUM",152526,,"CLEAR",,false,2026-07-21T18:50:04.000Z,2026-07-21T18:50:04.000Z
"https://leetcode.com/problems/rectangle-area-ii/","Rectangle Area II","TREE","HARD",81416,,"CLEAR",,false,2026-07-21T18:50:04.000Z,2026-07-21T18:50:04.000Z
"https://leetcode.com/problems/separate-squares-ii/","Separate Squares II","TREE","HARD",104911,,"CLEAR",,false,2026-07-21T18:50:04.000Z,2026-07-21T18:50:04.000Z
"https://leetcode.com/problems/serialize-and-deserialize-n-ary-tree/","Serialize and Deserialize N-ary Tree","TREE","HARD",147749,,"LOCKED",,false,2026-07-21T18:50:04.000Z,2026-07-21T18:50:04.000Z
"https://leetcode.com/problems/shortest-path-in-a-weighted-tree/","Shortest Path in a Weighted Tree","TREE","HARD",18605,,"CLEAR",,false,2026-07-21T18:50:04.000Z,2026-07-21T18:50:04.000Z
"https://leetcode.com/problems/smallest-common-region/","Smallest Common Region","TREE","MEDIUM",59597,,"LOCKED",,false,2026-07-21T18:50:04.000Z,2026-07-21T18:50:04.000Z
"https://leetcode.com/problems/subarrays-distinct-element-sum-of-squares-i/","Subarrays Distinct Element Sum of Squares I","TREE","EASY",59749,,"CLEAR",,false,2026-07-21T18:50:04.000Z,2026-07-21T18:50:04.000Z
"https://leetcode.com/problems/subarrays-distinct-element-sum-of-squares-ii/","Subarrays Distinct Element Sum of Squares II","TREE","HARD",21510,,"CLEAR",,false,2026-07-21T18:50:04.000Z,2026-07-21T18:50:04.000Z
"https://leetcode.com/problems/sum-of-perfect-square-ancestors/","Sum of Perfect Square Ancestors","TREE","HARD",18688,,"CLEAR",,false,2026-07-21T18:50:04.000Z,2026-07-21T18:50:04.000Z
"https://leetcode.com/problems/throne-inheritance/","Throne Inheritance","TREE","MEDIUM",46455,,"CLEAR",,false,2026-07-21T18:50:04.000Z,2026-07-21T18:50:04.000Z
"https://leetcode.com/problems/time-needed-to-inform-all-employees/","Time Needed to Inform All Employees","TREE","MEDIUM",440111,,"CLEAR",,false,2026-07-21T18:50:04.000Z,2026-07-21T18:50:04.000Z
"https://leetcode.com/problems/total-sum-of-interaction-cost-in-tree-groups/","Total Sum of Interaction Cost in Tree Groups","TREE","HARD",14509,,"CLEAR",,false,2026-07-21T18:50:04.000Z,2026-07-21T18:50:04.000Z
"https://leetcode.com/problems/total-sum-of-interaction-cost-in-tree-groups-ii/","Total Sum of Interaction Cost in Tree Groups II","TREE","HARD",279,,"LOCKED",,false,2026-09-07T18:13:42.370Z,2026-09-07T18:13:42.370Z
"https://leetcode.com/problems/tree-diameter/","Tree Diameter","TREE","MEDIUM",94008,,"LOCKED",,false,2026-07-21T18:50:04.000Z,2026-07-21T18:50:04.000Z
"https://leetcode.com/problems/tree-of-coprimes/","Tree of Coprimes","TREE","HARD",34188,,"CLEAR",,false,2026-07-21T18:50:04.000Z,2026-07-21T18:50:04.000Z
"https://leetcode.com/problems/weighted-sum-of-a-tree/","Weighted Sum of a Tree","TREE","MEDIUM",77578,,"CLEAR",,false,2026-09-07T18:13:42.370Z,2026-09-07T18:13:42.370Z
"https://leetcode.com/problems/add-bold-tag-in-string/","Add Bold Tag in String","TRIE","MEDIUM",206971,,"LOCKED",,false,2026-07-21T18:50:04.000Z,2026-07-21T18:50:04.000Z
"https://leetcode.com/problems/bold-words-in-string/","Bold Words in String","TRIE","MEDIUM",43068,,"LOCKED",,false,2026-07-21T18:50:04.000Z,2026-07-21T18:50:04.000Z
"https://leetcode.com/problems/convert-number-words-to-digits/","Convert Number Words to Digits","TRIE","MEDIUM",1021,,"LOCKED",,false,2026-07-21T18:50:04.000Z,2026-07-21T18:50:04.000Z
"https://leetcode.com/problems/count-prefix-and-suffix-pairs-i/","Count Prefix and Suffix Pairs I","TRIE","EASY",281892,,"CLEAR",,false,2026-07-21T18:50:04.000Z,2026-07-21T18:50:04.000Z
"https://leetcode.com/problems/count-prefix-and-suffix-pairs-ii/","Count Prefix and Suffix Pairs II","TRIE","HARD",63744,,"CLEAR",,false,2026-07-21T18:50:04.000Z,2026-07-21T18:50:04.000Z
"https://leetcode.com/problems/design-file-system/","Design File System","TRIE","MEDIUM",142652,,"LOCKED",,false,2026-07-21T18:50:04.000Z,2026-07-21T18:50:04.000Z
"https://leetcode.com/problems/design-in-memory-file-system/","Design In-Memory File System","TRIE","HARD",301613,,"LOCKED",,false,2026-07-21T18:50:04.000Z,2026-07-21T18:50:04.000Z
"https://leetcode.com/problems/distinct-echo-substrings/","Distinct Echo Substrings","TRIE","HARD",44814,,"CLEAR",,false,2026-07-21T18:50:04.000Z,2026-07-21T18:50:04.000Z
"https://leetcode.com/problems/encrypt-and-decrypt-strings/","Encrypt and Decrypt Strings","TRIE","HARD",47804,,"CLEAR",,false,2026-07-21T18:50:04.000Z,2026-07-21T18:50:04.000Z
"https://leetcode.com/problems/find-the-length-of-the-longest-common-prefix/","Find the Length of the Longest Common Prefix","TRIE","MEDIUM",457302,,"CLEAR",,false,2026-07-21T18:50:04.000Z,2026-07-21T18:50:04.000Z
"https://leetcode.com/problems/implement-trie-prefix-tree/","Implement Trie (Prefix Tree)","TRIE","MEDIUM",2317689,,"CLEAR",,false,2026-07-21T18:50:04.000Z,2026-07-21T18:50:04.000Z
"https://leetcode.com/problems/implement-trie-ii-prefix-tree/","Implement Trie II (Prefix Tree)","TRIE","MEDIUM",44611,,"LOCKED",,false,2026-07-21T18:50:04.000Z,2026-07-21T18:50:04.000Z
"https://leetcode.com/problems/index-pairs-of-a-string/","Index Pairs of a String","TRIE","EASY",46209,,"LOCKED",,false,2026-07-21T18:50:04.000Z,2026-07-21T18:50:04.000Z
"https://leetcode.com/problems/k-divisible-elements-subarrays/","K Divisible Elements Subarrays","TRIE","MEDIUM",92156,,"CLEAR",,false,2026-07-21T18:50:04.000Z,2026-07-21T18:50:04.000Z
"https://leetcode.com/problems/k-th-smallest-in-lexicographical-order/","K-th Smallest in Lexicographical Order","TRIE","HARD",371698,,"CLEAR",,false,2026-07-21T18:50:04.000Z,2026-07-21T18:50:04.000Z
"https://leetcode.com/problems/longest-common-prefix/","Longest Common Prefix","TRIE","EASY",12861629,,"CLEAR",,false,2026-07-21T18:50:04.000Z,2026-07-21T18:50:04.000Z
"https://leetcode.com/problems/longest-common-prefix-of-k-strings-after-removal/","Longest Common Prefix of K Strings After Removal","TRIE","HARD",28927,,"CLEAR",,false,2026-07-21T18:50:04.000Z,2026-07-21T18:50:04.000Z
"https://leetcode.com/problems/longest-common-suffix-queries/","Longest Common Suffix Queries","TRIE","HARD",156120,,"CLEAR",,false,2026-07-21T18:50:04.000Z,2026-07-21T18:50:04.000Z
"https://leetcode.com/problems/longest-word-in-dictionary/","Longest Word in Dictionary","TRIE","MEDIUM",364446,,"CLEAR",,false,2026-07-21T18:50:04.000Z,2026-07-21T18:50:04.000Z
"https://leetcode.com/problems/map-sum-pairs/","Map Sum Pairs","TRIE","MEDIUM",255297,,"CLEAR",,false,2026-07-21T18:50:04.000Z,2026-07-21T18:50:04.000Z
"https://leetcode.com/problems/number-of-distinct-substrings-in-a-string/","Number of Distinct Substrings in a String","TRIE","MEDIUM",22747,,"LOCKED",,false,2026-07-21T18:50:04.000Z,2026-07-21T18:50:04.000Z
"https://leetcode.com/problems/palindrome-pairs/","Palindrome Pairs","TRIE","HARD",661262,,"CLEAR",,false,2026-07-21T18:50:04.000Z,2026-07-21T18:50:04.000Z
"https://leetcode.com/problems/partition-string/","Partition String ","TRIE","MEDIUM",69300,,"CLEAR",,false,2026-07-21T18:50:04.000Z,2026-07-21T18:50:04.000Z
"https://leetcode.com/problems/phone-number-prefix/","Phone Number Prefix","TRIE","EASY",3065,,"LOCKED",,false,2026-07-21T18:50:04.000Z,2026-07-21T18:50:04.000Z
"https://leetcode.com/problems/prefix-and-suffix-search/","Prefix and Suffix Search","TRIE","HARD",276373,,"CLEAR",,false,2026-07-21T18:50:04.000Z,2026-07-21T18:50:04.000Z
"https://leetcode.com/problems/replace-words/","Replace Words","TRIE","MEDIUM",479751,,"CLEAR",,false,2026-07-21T18:50:04.000Z,2026-07-21T18:50:04.000Z
"https://leetcode.com/problems/search-suggestions-system/","Search Suggestions System","TRIE","MEDIUM",704440,,"CLEAR",,false,2026-07-21T18:50:04.000Z,2026-07-21T18:50:04.000Z
"https://leetcode.com/problems/short-encoding-of-words/","Short Encoding of Words","TRIE","MEDIUM",177540,,"CLEAR",,false,2026-07-21T18:50:04.000Z,2026-07-21T18:50:04.000Z
"https://leetcode.com/problems/shortest-uncommon-substring-in-an-array/","Shortest Uncommon Substring in an Array","TRIE","MEDIUM",77778,,"CLEAR",,false,2026-07-21T18:50:04.000Z,2026-07-21T18:50:04.000Z
"https://leetcode.com/problems/stream-of-characters/","Stream of Characters","TRIE","HARD",217134,,"CLEAR",,false,2026-07-21T18:50:04.000Z,2026-07-21T18:50:04.000Z
"https://leetcode.com/problems/sum-of-prefix-scores-of-strings/","Sum of Prefix Scores of Strings","TRIE","HARD",203064,,"CLEAR",,false,2026-07-21T18:50:04.000Z,2026-07-21T18:50:04.000Z
"https://leetcode.com/problems/top-k-frequent-words/","Top K Frequent Words","TRIE","MEDIUM",1365304,,"CLEAR",,false,2026-07-21T18:50:04.000Z,2026-07-21T18:50:04.000Z
"https://leetcode.com/problems/words-within-two-edits-of-dictionary/","Words Within Two Edits of Dictionary","TRIE","MEDIUM",172126,,"CLEAR",,false,2026-07-21T18:50:04.000Z,2026-07-21T18:50:04.000Z
"https://leetcode.com/problems/3sum/","3Sum","TWO POINTERS","MEDIUM",16225975,,"CLEAR",,true,2026-07-21T18:50:04.000Z,2026-08-28T15:52:40.189Z
"https://leetcode.com/problems/3sum-closest/","3Sum Closest","TWO POINTERS","MEDIUM",4048597,,"CLEAR",,true,2026-07-21T18:50:04.000Z,2026-08-28T15:52:40.189Z
"https://leetcode.com/problems/3sum-smaller/","3Sum Smaller","TWO POINTERS","MEDIUM",344721,,"LOCKED",,true,2026-07-21T18:50:04.000Z,2026-08-28T15:52:40.189Z
"https://leetcode.com/problems/3sum-with-multiplicity/","3Sum With Multiplicity","TWO POINTERS","MEDIUM",268615,,"CLEAR",,true,2026-07-21T18:50:04.000Z,2026-08-28T15:52:40.189Z
"https://leetcode.com/problems/4sum/","4Sum","TWO POINTERS","MEDIUM",4519573,,"CLEAR",,true,2026-07-21T18:50:04.000Z,2026-08-28T15:52:40.189Z
"https://leetcode.com/problems/adding-spaces-to-a-string/","Adding Spaces to a String","TWO POINTERS","MEDIUM",322893,,"CLEAR",,true,2026-07-21T18:50:04.000Z,2026-08-28T15:52:40.189Z
"https://leetcode.com/problems/aggregate-two-time-series/","Aggregate Two Time Series","TWO POINTERS","MEDIUM",59535,,"CLEAR",,false,2026-09-07T18:13:42.370Z,2026-09-07T18:13:42.370Z
"https://leetcode.com/problems/apply-operations-to-an-array/","Apply Operations to an Array","TWO POINTERS","EASY",384870,,"CLEAR",,true,2026-07-21T18:50:04.000Z,2026-08-28T15:52:40.189Z
"https://leetcode.com/problems/backspace-string-compare/","Backspace String Compare","TWO POINTERS","EASY",2224320,,"CLEAR",,true,2026-07-21T18:50:04.000Z,2026-08-28T15:52:40.189Z
"https://leetcode.com/problems/camelcase-matching/","Camelcase Matching","TWO POINTERS","MEDIUM",104293,,"CLEAR",,true,2026-07-21T18:50:04.000Z,2026-08-28T15:52:40.189Z
"https://leetcode.com/problems/candy-crush/","Candy Crush","TWO POINTERS","MEDIUM",123114,,"LOCKED",,true,2026-07-21T18:50:04.000Z,2026-08-28T15:52:40.189Z
"https://leetcode.com/problems/check-if-a-word-occurs-as-a-prefix-of-any-word-in-a-sentence/","Check If a Word Occurs As a Prefix of Any Word in a Sentence","TWO POINTERS","EASY",355706,,"CLEAR",,true,2026-07-21T18:50:04.000Z,2026-08-28T15:52:40.189Z
"https://leetcode.com/problems/check-if-n-and-its-double-exist/","Check If N and Its Double Exist","TWO POINTERS","EASY",1559222,,"CLEAR",,true,2026-07-21T18:50:04.000Z,2026-08-28T15:52:40.189Z
"https://leetcode.com/problems/check-if-string-is-a-prefix-of-array/","Check If String Is a Prefix of Array","TWO POINTERS","EASY",169036,,"CLEAR",,true,2026-07-21T18:50:04.000Z,2026-08-28T15:52:40.189Z
"https://leetcode.com/problems/circular-array-loop/","Circular Array Loop","TWO POINTERS","MEDIUM",306855,,"CLEAR",,true,2026-07-21T18:50:04.000Z,2026-08-28T15:52:40.189Z
"https://leetcode.com/problems/compare-version-numbers/","Compare Version Numbers","TWO POINTERS","MEDIUM",1554174,,"CLEAR",,true,2026-07-21T18:50:04.000Z,2026-08-28T15:52:40.189Z
"https://leetcode.com/problems/count-binary-substrings/","Count Binary Substrings","TWO POINTERS","EASY",547969,,"CLEAR",,true,2026-07-21T18:50:04.000Z,2026-08-28T15:52:40.189Z
"https://leetcode.com/problems/count-pairs-in-two-arrays/","Count Pairs in Two Arrays","TWO POINTERS","MEDIUM",20464,,"LOCKED",,true,2026-07-21T18:50:04.000Z,2026-08-28T15:52:40.189Z
"https://leetcode.com/problems/count-pairs-whose-sum-is-less-than-target/","Count Pairs Whose Sum is Less than Target","TWO POINTERS","EASY",330319,,"CLEAR",,true,2026-07-21T18:50:04.000Z,2026-08-28T15:52:40.189Z
"https://leetcode.com/problems/count-the-number-of-fair-pairs/","Count the Number of Fair Pairs","TWO POINTERS","MEDIUM",462864,,"CLEAR",,true,2026-07-21T18:50:04.000Z,2026-08-28T15:52:40.189Z
"https://leetcode.com/problems/count-the-number-of-incremovable-subarrays-i/","Count the Number of Incremovable Subarrays I","TWO POINTERS","EASY",55900,,"CLEAR",,true,2026-07-21T18:50:04.000Z,2026-08-28T15:52:40.189Z
"https://leetcode.com/problems/count-the-number-of-incremovable-subarrays-ii/","Count the Number of Incremovable Subarrays II","TWO POINTERS","HARD",30184,,"CLEAR",,true,2026-07-21T18:50:04.000Z,2026-08-28T15:52:40.189Z
"https://leetcode.com/problems/divide-players-into-teams-of-equal-skill/","Divide Players Into Teams of Equal Skill","TWO POINTERS","MEDIUM",302537,,"CLEAR",,true,2026-07-21T18:50:04.000Z,2026-08-28T15:52:40.189Z
"https://leetcode.com/problems/dot-product-of-two-sparse-vectors/","Dot Product of Two Sparse Vectors","TWO POINTERS","MEDIUM",454883,,"LOCKED",,true,2026-07-21T18:50:04.000Z,2026-08-28T15:52:40.189Z
"https://leetcode.com/problems/duplicate-zeros/","Duplicate Zeros","TWO POINTERS","EASY",1064200,,"CLEAR",,true,2026-07-21T18:50:04.000Z,2026-08-28T15:52:40.189Z
"https://leetcode.com/problems/expressive-words/","Expressive Words","TWO POINTERS","MEDIUM",296599,,"CLEAR",,true,2026-07-21T18:50:04.000Z,2026-08-28T15:52:40.189Z
"https://leetcode.com/problems/faulty-sensor/","Faulty Sensor","TWO POINTERS","EASY",14275,,"LOCKED",,true,2026-07-21T18:50:04.000Z,2026-08-28T15:52:40.189Z
"https://leetcode.com/problems/find-all-k-distant-indices-in-an-array/","Find All K-Distant Indices in an Array","TWO POINTERS","EASY",241435,,"CLEAR",,true,2026-07-21T18:50:04.000Z,2026-08-28T15:52:40.189Z
"https://leetcode.com/problems/find-beautiful-indices-in-the-given-array-i/","Find Beautiful Indices in the Given Array I","TWO POINTERS","MEDIUM",127312,,"CLEAR",,true,2026-07-21T18:50:04.000Z,2026-08-28T15:52:40.189Z
"https://leetcode.com/problems/find-beautiful-indices-in-the-given-array-ii/","Find Beautiful Indices in the Given Array II","TWO POINTERS","HARD",66210,,"CLEAR",,true,2026-07-21T18:50:04.000Z,2026-08-28T15:52:40.189Z
"https://leetcode.com/problems/find-first-palindromic-string-in-the-array/","Find First Palindromic String in the Array","TWO POINTERS","EASY",483853,,"CLEAR",,true,2026-07-21T18:50:04.000Z,2026-08-28T15:52:40.189Z
"https://leetcode.com/problems/find-indices-with-index-and-value-difference-i/","Find Indices With Index and Value Difference I","TWO POINTERS","EASY",95425,,"CLEAR",,true,2026-07-21T18:50:04.000Z,2026-08-28T15:52:40.189Z
"https://leetcode.com/problems/find-indices-with-index-and-value-difference-ii/","Find Indices With Index and Value Difference II","TWO POINTERS","MEDIUM",74968,,"CLEAR",,true,2026-07-21T18:50:04.000Z,2026-08-28T15:52:40.189Z
"https://leetcode.com/problems/find-k-closest-elements/","Find K Closest Elements","TWO POINTERS","MEDIUM",1724714,,"CLEAR",,true,2026-07-21T18:50:04.000Z,2026-08-28T15:52:40.189Z
"https://leetcode.com/problems/find-k-th-smallest-pair-distance/","Find K-th Smallest Pair Distance","TWO POINTERS","HARD",469170,"// TLE

class Solution {
public:
    int smallestDistancePair(vector<int>& nums, int k) {
        priority_queue<int> pq;
        int n = nums.size();
        for (int i = 0; i < n - 1; i++) {
            for (int j = i + 1; j < n; j++) {
                int diff = abs(nums[i] - nums[j]);
                pq.push(diff);
                if (pq.size() > k) {
                    pq.pop();
                }
            }
        }
        return pq.top();
    }
};","TLE","class Solution {
public:
    int smallestDistancePair(vector<int>& nums, int k) {
        priority_queue<int> pq;
        int n = nums.size();
        for (int i = 0; i < n - 1; i++) {
            for (int j = i + 1; j < n; j++) {
                int diff = abs(nums[i] - nums[j]);
                pq.push(diff);
                if (pq.size() > k) {
                    pq.pop();
                }
            }
        }
        return pq.top();
    }
};",true,2026-07-21T18:50:04.000Z,2026-08-30T21:07:48.900Z
"https://leetcode.com/problems/find-median-from-data-stream/","Find Median from Data Stream","TWO POINTERS","HARD",2374379,"// Your main missing concept is: the two heaps must be split by value, not just by size.

// You're currently doing:

// second.push(num);

// while (first.size() < second.size()) {
//     first.push(second.top());
//     second.pop();
// }

// This guarantees roughly:

// first.size() ≈ second.size()

// but doesn't guarantee that every element in first is ≤ every element in second.","SUCCESS","// // Your main missing concept is: the two heaps must be split by value, not just by size.

// // You're currently doing:

// // second.push(num);

// // while (first.size() < second.size()) {
// //     first.push(second.top());
// //     second.pop();
// // }

// // This guarantees roughly:

// // first.size() ≈ second.size()

// // but doesn't guarantee that every element in first is ≤ every element in second.

// class MedianFinder {
//     priority_queue<int> first;
//     priority_queue<int, vector<int>, greater<int>> second;

// public:
//     MedianFinder() {}

//     void addNum(int num) {
//         second.push(num);

//         while (first.size() < second.size()) {
//             first.push(second.top());
//             second.pop();
//         }
//     }

//     double findMedian() {
//         if (first.size() == second.size()) {
//             double ans = first.top() + second.top();
//             ans /= 2;

//             return ans;
//         }
//         return first.top();
//     }
// };

// /**
//  * Your MedianFinder object will be instantiated and called as such:
//  * MedianFinder* obj = new MedianFinder();
//  * obj->addNum(num);
//  * double param_2 = obj->findMedian();
//  */

////////////////////////////////////////////////////////////

class MedianFinder {
    priority_queue<int> first;
    priority_queue<int, vector<int>, greater<int>> second;

public:
    MedianFinder() {}

    void addNum(int num) {
        second.push(num);

        while (first.size() < second.size()) {
            first.push(second.top());
            second.pop();
        }
        while (!second.empty() && first.top() > second.top()) {
            first.push(second.top());
            second.pop();
            second.push(first.top());
            first.pop();
        }
    }

    double findMedian() {
        if (first.size() == second.size()) {
            double ans = first.top() + second.top();
            ans /= 2;

            return ans;
        }
        return first.top();
    }
};

/**
 * Your MedianFinder object will be instantiated and called as such:
 * MedianFinder* obj = new MedianFinder();
 * obj->addNum(num);
 * double param_2 = obj->findMedian();
 */",true,2026-07-21T18:50:04.000Z,2026-08-29T18:15:23.985Z
"https://leetcode.com/problems/find-positive-integer-solution-for-a-given-equation/","Find Positive Integer Solution for a Given Equation","TWO POINTERS","MEDIUM",121592,,"CLEAR",,true,2026-07-21T18:50:04.000Z,2026-08-28T15:52:40.189Z
"https://leetcode.com/problems/find-the-array-concatenation-value/","Find the Array Concatenation Value","TWO POINTERS","EASY",101255,,"CLEAR",,true,2026-07-21T18:50:04.000Z,2026-08-28T15:52:40.189Z
"https://leetcode.com/problems/find-the-distance-value-between-two-arrays/","Find the Distance Value Between Two Arrays","TWO POINTERS","EASY",219106,,"CLEAR",,true,2026-07-21T18:50:04.000Z,2026-08-28T15:52:40.189Z
"https://leetcode.com/problems/find-the-index-of-the-first-occurrence-in-a-string/","Find the Index of the First Occurrence in a String","TWO POINTERS","EASY",9183077,,"CLEAR",,true,2026-07-21T18:50:04.000Z,2026-08-28T15:52:40.189Z
"https://leetcode.com/problems/find-the-integer-added-to-array-ii/","Find the Integer Added to Array II","TWO POINTERS","MEDIUM",82186,,"CLEAR",,true,2026-07-21T18:50:04.000Z,2026-08-28T15:52:40.189Z
"https://leetcode.com/problems/find-the-lexicographically-largest-string-from-the-box-i/","Find the Lexicographically Largest String From the Box I","TWO POINTERS","MEDIUM",276725,,"CLEAR",,true,2026-07-21T18:50:04.000Z,2026-08-28T15:52:40.189Z
"https://leetcode.com/problems/find-the-lexicographically-largest-string-from-the-box-ii/","Find the Lexicographically Largest String From the Box II","TWO POINTERS","HARD",1525,,"LOCKED",,true,2026-07-21T18:50:04.000Z,2026-08-28T15:52:40.189Z
"https://leetcode.com/problems/first-matching-character-from-both-ends/","First Matching Character From Both Ends","TWO POINTERS","EASY",76486,,"CLEAR",,true,2026-07-21T18:50:04.000Z,2026-08-28T15:52:40.189Z
"https://leetcode.com/problems/flatten-2d-vector/","Flatten 2D Vector","TWO POINTERS","MEDIUM",292243,,"LOCKED",,true,2026-07-21T18:50:04.000Z,2026-08-28T15:52:40.189Z
"https://leetcode.com/problems/flip-square-submatrix-vertically/","Flip Square Submatrix Vertically","TWO POINTERS","EASY",202279,,"CLEAR",,true,2026-07-21T18:50:04.000Z,2026-08-28T15:52:40.189Z
"https://leetcode.com/problems/friends-of-appropriate-ages/","Friends Of Appropriate Ages","TWO POINTERS","MEDIUM",268258,,"CLEAR",,true,2026-07-21T18:50:04.000Z,2026-08-28T15:52:40.189Z
"https://leetcode.com/problems/happy-number/","Happy Number","TWO POINTERS","EASY",4046444,,"SUCCESS","class Solution {
public:
    int transform(int n) {
        int sum = 0;
        while (n > 0) {
            sum += (n % 10) * (n % 10);
            n /= 10;
        }
        return sum;
    }
    bool isHappy(int n) {
        unordered_map<int, bool> mp;
        mp[n] = true;
        while (n != 1) {
            n = transform(n);
            if (mp.contains(n) && mp[n]) {
                break;
            } else {
                mp[n] = true;
            }
        }
        return mp.contains(1) && mp[1];
    }
};",true,2026-07-21T18:50:04.000Z,2026-08-28T15:52:40.189Z
"https://leetcode.com/problems/heaters/","Heaters","TWO POINTERS","MEDIUM",427222,,"CLEAR",,true,2026-07-21T18:50:04.000Z,2026-08-28T15:52:40.189Z
"https://leetcode.com/problems/intersection-of-two-arrays/","Intersection of Two Arrays","TWO POINTERS","EASY",2584160,,"CLEAR",,true,2026-07-21T18:50:04.000Z,2026-08-28T15:52:40.189Z
"https://leetcode.com/problems/intersection-of-two-arrays-ii/","Intersection of Two Arrays II","TWO POINTERS","EASY",3009493,,"CLEAR",,true,2026-07-21T18:50:04.000Z,2026-08-28T15:52:40.189Z
"https://leetcode.com/problems/interval-list-intersections/","Interval List Intersections","TWO POINTERS","MEDIUM",812305,,"CLEAR",,true,2026-07-21T18:50:04.000Z,2026-08-28T15:52:40.189Z
"https://leetcode.com/problems/k-diff-pairs-in-an-array/","K-diff Pairs in an Array","TWO POINTERS","MEDIUM",960711,,"CLEAR",,true,2026-07-21T18:50:04.000Z,2026-08-28T15:52:40.189Z
"https://leetcode.com/problems/k-th-smallest-prime-fraction/","K-th Smallest Prime Fraction","TWO POINTERS","MEDIUM",258360,,"CLEAR",,true,2026-07-21T18:50:04.000Z,2026-08-28T15:52:40.189Z
"https://leetcode.com/problems/largest-positive-integer-that-exists-with-its-negative/","Largest Positive Integer That Exists With Its Negative","TWO POINTERS","EASY",372074,,"CLEAR",,true,2026-07-21T18:50:04.000Z,2026-08-28T15:52:40.189Z
"https://leetcode.com/problems/last-substring-in-lexicographical-order/","Last Substring in Lexicographical Order","TWO POINTERS","HARD",126839,,"CLEAR",,true,2026-07-21T18:50:04.000Z,2026-08-28T15:52:40.189Z
"https://leetcode.com/problems/lexicographically-smallest-palindromic-permutation-greater-than-target/","Lexicographically Smallest Palindromic Permutation Greater Than Target","TWO POINTERS","HARD",121397,,"CLEAR",,true,2026-07-21T18:50:04.000Z,2026-08-28T15:52:40.189Z
"https://leetcode.com/problems/lexicographically-smallest-string-after-reverse/","Lexicographically Smallest String After Reverse","TWO POINTERS","MEDIUM",47571,,"CLEAR",,true,2026-07-21T18:50:04.000Z,2026-08-28T15:52:40.189Z
"https://leetcode.com/problems/limit-occurrences-in-sorted-array/","Limit Occurrences in Sorted Array","TWO POINTERS","EASY",70031,,"CLEAR",,true,2026-07-21T18:50:04.000Z,2026-08-28T15:52:40.189Z
"https://leetcode.com/problems/long-pressed-name/","Long Pressed Name","TWO POINTERS","EASY",613248,,"CLEAR",,true,2026-07-21T18:50:04.000Z,2026-08-28T15:52:40.189Z
"https://leetcode.com/problems/longest-common-prefix-after-at-most-one-removal/","Longest Common Prefix After at Most One Removal","TWO POINTERS","MEDIUM",2071,,"LOCKED",,true,2026-07-21T18:50:04.000Z,2026-08-28T15:52:40.189Z
"https://leetcode.com/problems/longest-uncommon-subsequence-ii/","Longest Uncommon Subsequence II","TWO POINTERS","MEDIUM",156317,,"CLEAR",,true,2026-07-21T18:50:04.000Z,2026-08-28T15:52:40.189Z
"https://leetcode.com/problems/longest-word-in-dictionary-through-deleting/","Longest Word in Dictionary through Deleting","TWO POINTERS","MEDIUM",357689,,"CLEAR",,true,2026-07-21T18:50:04.000Z,2026-08-28T15:52:40.189Z
"https://leetcode.com/problems/magical-string/","Magical String","TWO POINTERS","MEDIUM",111434,,"CLEAR",,true,2026-07-21T18:50:04.000Z,2026-08-28T15:52:40.189Z
"https://leetcode.com/problems/make-string-a-subsequence-using-cyclic-increments/","Make String a Subsequence Using Cyclic Increments","TWO POINTERS","MEDIUM",251289,,"CLEAR",,true,2026-07-21T18:50:04.000Z,2026-08-28T15:52:40.189Z
"https://leetcode.com/problems/max-number-of-k-sum-pairs/","Max Number of K-Sum Pairs","TWO POINTERS","MEDIUM",1123230,,"CLEAR",,true,2026-07-21T18:50:04.000Z,2026-08-28T15:52:40.189Z
"https://leetcode.com/problems/maximum-capacity-within-budget/","Maximum Capacity Within Budget","TWO POINTERS","MEDIUM",100337,,"CLEAR",,true,2026-07-21T18:50:04.000Z,2026-08-28T15:52:40.189Z
"https://leetcode.com/problems/maximum-coins-heroes-can-collect/","Maximum Coins Heroes Can Collect","TWO POINTERS","MEDIUM",10532,,"LOCKED",,true,2026-07-21T18:50:04.000Z,2026-08-28T15:52:40.189Z
"https://leetcode.com/problems/maximum-distance-between-a-pair-of-values/","Maximum Distance Between a Pair of Values","TWO POINTERS","MEDIUM",276861,,"CLEAR",,true,2026-07-21T18:50:04.000Z,2026-08-28T15:52:40.189Z
"https://leetcode.com/problems/maximum-enemy-forts-that-can-be-captured/","Maximum Enemy Forts That Can Be Captured","TWO POINTERS","EASY",88335,,"CLEAR",,true,2026-07-21T18:50:04.000Z,2026-08-28T15:52:40.189Z
"https://leetcode.com/problems/maximum-number-of-matching-indices-after-right-shifts/","Maximum Number of Matching Indices After Right Shifts","TWO POINTERS","MEDIUM",2158,,"LOCKED",,true,2026-07-21T18:50:04.000Z,2026-08-28T15:52:40.189Z
"https://leetcode.com/problems/maximum-number-of-removable-characters/","Maximum Number of Removable Characters","TWO POINTERS","MEDIUM",95775,,"CLEAR",,true,2026-07-21T18:50:04.000Z,2026-08-28T15:52:40.189Z
"https://leetcode.com/problems/maximum-product-of-first-and-last-elements-of-a-subsequence/","Maximum Product of First and Last Elements of a Subsequence","TWO POINTERS","MEDIUM",67300,,"CLEAR",,true,2026-07-21T18:50:04.000Z,2026-08-28T15:52:40.189Z
"https://leetcode.com/problems/maximum-product-of-the-length-of-two-palindromic-substrings/","Maximum Product of the Length of Two Palindromic Substrings","TWO POINTERS","HARD",17887,,"CLEAR",,true,2026-07-21T18:50:04.000Z,2026-08-28T15:52:40.189Z
"https://leetcode.com/problems/maximum-score-of-a-good-subarray/","Maximum Score of a Good Subarray","TWO POINTERS","HARD",146157,,"CLEAR",,true,2026-07-21T18:50:04.000Z,2026-08-28T15:52:40.189Z
"https://leetcode.com/problems/maximum-width-ramp/","Maximum Width Ramp","TWO POINTERS","MEDIUM",385775,,"CLEAR",,true,2026-07-21T18:50:04.000Z,2026-08-28T15:52:40.189Z
"https://leetcode.com/problems/meeting-scheduler/","Meeting Scheduler","TWO POINTERS","MEDIUM",194476,,"LOCKED",,true,2026-07-21T18:50:04.000Z,2026-08-28T15:52:40.189Z
"https://leetcode.com/problems/merge-sorted-array/","Merge Sorted Array","TWO POINTERS","EASY",10971569,,"SUCCESS","class Solution {
public:
    void merge(vector<int>& nums1, int m, vector<int>& nums2, int n) {
        vector<int> ans(n + m, 0);
        int i = 0, j = 0, k = 0;
        while (i < m && j < n) {
            if (nums1[i] < nums2[j]) {
                ans[k++] = nums1[i++];
            } else {
                ans[k++] = nums2[j++];
            }
        }
        while (i < m) {
            ans[k++] = nums1[i++];
        }
        while (j < n) {
            ans[k++] = nums2[j++];
        }
        k = 0;
        for (auto it : ans) {
            nums1[k++] = it;
        }
    }
};",true,2026-07-21T18:50:04.000Z,2026-08-28T15:52:40.189Z
"https://leetcode.com/problems/merge-strings-alternately/","Merge Strings Alternately","TWO POINTERS","EASY",2691132,,"CLEAR",,true,2026-07-21T18:50:04.000Z,2026-08-28T15:52:40.189Z
"https://leetcode.com/problems/merge-two-2d-arrays-by-summing-values/","Merge Two 2D Arrays by Summing Values","TWO POINTERS","EASY",268706,,"CLEAR",,true,2026-07-21T18:50:04.000Z,2026-08-28T15:52:40.189Z
"https://leetcode.com/problems/minimum-average-of-smallest-and-largest-elements/","Minimum Average of Smallest and Largest Elements","TWO POINTERS","EASY",139157,,"CLEAR",,true,2026-07-21T18:50:04.000Z,2026-08-28T15:52:40.189Z
"https://leetcode.com/problems/minimum-common-value/","Minimum Common Value","TWO POINTERS","EASY",757733,,"CLEAR",,true,2026-07-21T18:50:04.000Z,2026-08-28T15:52:40.189Z
"https://leetcode.com/problems/minimum-length-of-string-after-deleting-similar-ends/","Minimum Length of String After Deleting Similar Ends","TWO POINTERS","MEDIUM",343976,,"CLEAR",,true,2026-07-21T18:50:04.000Z,2026-08-28T15:52:40.189Z
"https://leetcode.com/problems/minimum-number-of-flips-to-make-binary-grid-palindromic-i/","Minimum Number of Flips to Make Binary Grid Palindromic I","TWO POINTERS","MEDIUM",54143,,"CLEAR",,true,2026-07-21T18:50:04.000Z,2026-08-28T15:52:40.189Z
"https://leetcode.com/problems/minimum-number-of-flips-to-make-binary-grid-palindromic-ii/","Minimum Number of Flips to Make Binary Grid Palindromic II","TWO POINTERS","MEDIUM",50433,,"CLEAR",,true,2026-07-21T18:50:04.000Z,2026-08-28T15:52:40.189Z
"https://leetcode.com/problems/minimum-number-of-string-groups-through-transformations/","Minimum Number of String Groups Through Transformations","TWO POINTERS","HARD",15954,,"CLEAR",,false,2026-07-21T18:50:04.000Z,2026-07-21T18:50:04.000Z
"https://leetcode.com/problems/minimum-operations-to-transform-array-into-alternating-prime/","Minimum Operations to Transform Array into Alternating Prime","TWO POINTERS","MEDIUM",67088,,"CLEAR",,true,2026-07-21T18:50:04.000Z,2026-08-28T15:52:40.189Z
"https://leetcode.com/problems/minimum-swaps-to-move-zeros-to-end/","Minimum Swaps to Move Zeros to End","TWO POINTERS","EASY",68828,,"CLEAR",,true,2026-07-21T18:50:04.000Z,2026-08-28T15:52:40.189Z
"https://leetcode.com/problems/minimum-time-to-eat-all-grains/","Minimum Time to Eat All Grains","TWO POINTERS","HARD",5807,,"LOCKED",,true,2026-07-21T18:50:04.000Z,2026-08-28T15:52:40.189Z
"https://leetcode.com/problems/move-pieces-to-obtain-a-string/","Move Pieces to Obtain a String","TWO POINTERS","MEDIUM",271968,,"CLEAR",,true,2026-07-21T18:50:04.000Z,2026-08-28T15:52:40.189Z
"https://leetcode.com/problems/move-zeroes/","Move Zeroes","TWO POINTERS","EASY",8731342,,"CLEAR",,true,2026-07-21T18:50:04.000Z,2026-08-28T15:52:40.189Z
"https://leetcode.com/problems/next-greater-element-iii/","Next Greater Element III","TWO POINTERS","MEDIUM",614657,,"CLEAR",,true,2026-07-21T18:50:04.000Z,2026-08-28T15:52:40.189Z
"https://leetcode.com/problems/next-palindrome-using-same-digits/","Next Palindrome Using Same Digits","TWO POINTERS","HARD",13262,,"LOCKED",,true,2026-07-21T18:50:04.000Z,2026-08-28T15:52:40.189Z
"https://leetcode.com/problems/next-permutation/","Next Permutation","TWO POINTERS","MEDIUM",5319273,,"CLEAR",,true,2026-07-21T18:50:04.000Z,2026-08-28T15:52:40.189Z
"https://leetcode.com/problems/number-of-arithmetic-triplets/","Number of Arithmetic Triplets","TWO POINTERS","EASY",227884,,"CLEAR",,true,2026-07-21T18:50:04.000Z,2026-08-28T15:52:40.189Z
"https://leetcode.com/problems/number-of-distinct-averages/","Number of Distinct Averages","TWO POINTERS","EASY",134845,,"CLEAR",,true,2026-07-21T18:50:04.000Z,2026-08-28T15:52:40.189Z
"https://leetcode.com/problems/number-of-perfect-pairs/","Number of Perfect Pairs","TWO POINTERS","MEDIUM",69632,,"CLEAR",,true,2026-07-21T18:50:04.000Z,2026-08-28T15:52:40.189Z
"https://leetcode.com/problems/number-of-subarrays-with-bounded-maximum/","Number of Subarrays with Bounded Maximum","TWO POINTERS","MEDIUM",170783,,"CLEAR",,true,2026-07-21T18:50:04.000Z,2026-08-28T15:52:40.189Z
"https://leetcode.com/problems/number-of-subsequences-that-satisfy-the-given-sum-condition/","Number of Subsequences That Satisfy the Given Sum Condition","TWO POINTERS","MEDIUM",529380,,"CLEAR",,true,2026-07-21T18:50:04.000Z,2026-08-28T15:52:40.189Z
"https://leetcode.com/problems/number-of-ways-where-square-of-number-is-equal-to-product-of-two-numbers/","Number of Ways Where Square of Number Is Equal to Product of Two Numbers","TWO POINTERS","MEDIUM",64628,,"CLEAR",,true,2026-07-21T18:50:04.000Z,2026-08-28T15:52:40.189Z
"https://leetcode.com/problems/one-edit-distance/","One Edit Distance","TWO POINTERS","MEDIUM",691820,,"LOCKED",,true,2026-07-21T18:50:04.000Z,2026-08-28T15:52:40.189Z
"https://leetcode.com/problems/partition-array-according-to-given-pivot/","Partition Array According to Given Pivot","TWO POINTERS","MEDIUM",512840,,"CLEAR",,true,2026-07-21T18:50:04.000Z,2026-08-28T15:52:40.189Z
"https://leetcode.com/problems/permutation-in-string/","Permutation in String","TWO POINTERS","MEDIUM",3282529,,"CLEAR",,true,2026-07-21T18:50:04.000Z,2026-08-28T15:52:40.189Z
"https://leetcode.com/problems/product-of-two-run-length-encoded-arrays/","Product of Two Run-Length Encoded Arrays","TWO POINTERS","MEDIUM",107768,,"LOCKED",,true,2026-07-21T18:50:04.000Z,2026-08-28T15:52:40.189Z
"https://leetcode.com/problems/range-sum-of-sorted-subarray-sums/","Range Sum of Sorted Subarray Sums","TWO POINTERS","MEDIUM",302995,,"CLEAR",,true,2026-07-21T18:50:04.000Z,2026-08-28T15:52:40.189Z
"https://leetcode.com/problems/rearrange-array-elements-by-sign/","Rearrange Array Elements by Sign","TWO POINTERS","MEDIUM",1151609,,"CLEAR",,true,2026-07-21T18:50:04.000Z,2026-08-28T15:52:40.189Z
"https://leetcode.com/problems/rearrange-string-to-avoid-character-pair/","Rearrange String to Avoid Character Pair","TWO POINTERS","EASY",53832,,"CLEAR",,false,2026-07-21T18:50:04.000Z,2026-07-21T18:50:04.000Z
"https://leetcode.com/problems/recover-the-original-array/","Recover the Original Array","TWO POINTERS","HARD",34982,,"CLEAR",,true,2026-07-21T18:50:04.000Z,2026-08-28T15:52:40.189Z
"https://leetcode.com/problems/remove-duplicates-from-sorted-array/","Remove Duplicates from Sorted Array","TWO POINTERS","EASY",13339082,,"CLEAR",,true,2026-07-21T18:50:04.000Z,2026-08-28T15:52:40.189Z
"https://leetcode.com/problems/remove-duplicates-from-sorted-array-ii/","Remove Duplicates from Sorted Array II","TWO POINTERS","MEDIUM",3180341,,"CLEAR",,true,2026-07-21T18:50:04.000Z,2026-08-28T15:52:40.189Z
"https://leetcode.com/problems/remove-element/","Remove Element","TWO POINTERS","EASY",9001699,,"ERROR","class Solution {
public:
    int removeElement(vector<int>& nums, int val) {
        int i = 0, j = nums.size() - 1, k = 0;
        while (i < j) {
            if (nums[i] == val && nums[j] != val) {
                int temp = nums[i];
                nums[i] = nums[j];
                nums[j] = temp;
            }
            while (nums[i] != val) {
                i++;
            }
            while (nums[j] == val) {
                j--;
            }
        }
        while (nums[k] != val) {
            k++;
        }
        return k;
    }
};",true,2026-07-21T18:50:04.000Z,2026-08-28T15:52:40.189Z
"https://leetcode.com/problems/remove-palindromic-subsequences/","Remove Palindromic Subsequences","TWO POINTERS","EASY",204735,,"CLEAR",,true,2026-07-21T18:50:04.000Z,2026-08-28T15:52:40.189Z
"https://leetcode.com/problems/reverse-k-subarrays/","Reverse K Subarrays","TWO POINTERS","MEDIUM",1144,,"LOCKED",,true,2026-07-21T18:50:04.000Z,2026-08-28T15:52:40.189Z
"https://leetcode.com/problems/reverse-letters-then-special-characters-in-a-string/","Reverse Letters Then Special Characters in a String","TWO POINTERS","EASY",72251,,"CLEAR",,true,2026-07-21T18:50:04.000Z,2026-08-28T15:52:40.189Z
"https://leetcode.com/problems/reverse-only-letters/","Reverse Only Letters","TWO POINTERS","EASY",509032,,"CLEAR",,true,2026-07-21T18:50:04.000Z,2026-08-28T15:52:40.189Z
"https://leetcode.com/problems/reverse-prefix-of-word/","Reverse Prefix of Word","TWO POINTERS","EASY",466440,,"CLEAR",,true,2026-07-21T18:50:04.000Z,2026-08-28T15:52:40.189Z
"https://leetcode.com/problems/reverse-string/","Reverse String","TWO POINTERS","EASY",5067312,,"CLEAR",,true,2026-07-21T18:50:04.000Z,2026-08-28T15:52:40.189Z
"https://leetcode.com/problems/reverse-string-ii/","Reverse String II","TWO POINTERS","EASY",775651,,"CLEAR",,true,2026-07-21T18:50:04.000Z,2026-08-28T15:52:40.189Z
"https://leetcode.com/problems/reverse-string-prefix/","Reverse String Prefix","TWO POINTERS","EASY",88009,,"CLEAR",,true,2026-07-21T18:50:04.000Z,2026-08-28T15:52:40.189Z
"https://leetcode.com/problems/reverse-vowels-of-a-string/","Reverse Vowels of a String","TWO POINTERS","EASY",2767843,,"CLEAR",,true,2026-07-21T18:50:04.000Z,2026-08-28T15:52:40.189Z
"https://leetcode.com/problems/reverse-words-in-a-string/","Reverse Words in a String","TWO POINTERS","MEDIUM",5621857,,"CLEAR",,true,2026-07-21T18:50:04.000Z,2026-08-28T15:52:40.189Z
"https://leetcode.com/problems/reverse-words-in-a-string-ii/","Reverse Words in a String II","TWO POINTERS","MEDIUM",321495,,"LOCKED",,true,2026-07-21T18:50:04.000Z,2026-08-28T15:52:40.189Z
"https://leetcode.com/problems/reverse-words-in-a-string-iii/","Reverse Words in a String III","TWO POINTERS","EASY",1407747,,"CLEAR",,true,2026-07-21T18:50:04.000Z,2026-08-28T15:52:40.189Z
"https://leetcode.com/problems/reverse-words-with-same-vowel-count/","Reverse Words With Same Vowel Count","TWO POINTERS","MEDIUM",58704,,"CLEAR",,true,2026-07-21T18:50:04.000Z,2026-08-28T15:52:40.189Z
"https://leetcode.com/problems/rotate-array/","Rotate Array","TWO POINTERS","MEDIUM",9369412,,"CLEAR",,true,2026-07-21T18:50:04.000Z,2026-08-28T15:52:40.189Z
"https://leetcode.com/problems/rotating-the-box/","Rotating the Box","TWO POINTERS","MEDIUM",329867,,"CLEAR",,true,2026-07-21T18:50:04.000Z,2026-08-28T15:52:40.189Z
"https://leetcode.com/problems/sentence-similarity-iii/","Sentence Similarity III","TWO POINTERS","MEDIUM",279056,,"CLEAR",,true,2026-07-21T18:50:04.000Z,2026-08-28T15:52:40.189Z
"https://leetcode.com/problems/shortest-distance-to-a-character/","Shortest Distance to a Character","TWO POINTERS","EASY",348798,,"CLEAR",,true,2026-07-21T18:50:04.000Z,2026-08-28T15:52:40.189Z
"https://leetcode.com/problems/shortest-matching-substring/","Shortest Matching Substring","TWO POINTERS","HARD",28780,,"CLEAR",,true,2026-07-21T18:50:04.000Z,2026-08-28T15:52:40.189Z
"https://leetcode.com/problems/shortest-subarray-to-be-removed-to-make-array-sorted/","Shortest Subarray to be Removed to Make Array Sorted","TWO POINTERS","MEDIUM",257852,,"CLEAR",,true,2026-07-21T18:50:04.000Z,2026-08-28T15:52:40.189Z
"https://leetcode.com/problems/shortest-word-distance-ii/","Shortest Word Distance II","TWO POINTERS","MEDIUM",293459,,"LOCKED",,true,2026-07-21T18:50:04.000Z,2026-08-28T15:52:40.189Z
"https://leetcode.com/problems/sort-array-by-absolute-value/","Sort Array By Absolute Value","TWO POINTERS","EASY",2214,,"LOCKED",,true,2026-07-21T18:50:04.000Z,2026-08-28T15:52:40.189Z
"https://leetcode.com/problems/sort-array-by-parity/","Sort Array By Parity","TWO POINTERS","EASY",1406838,,"CLEAR",,true,2026-07-21T18:50:04.000Z,2026-08-28T15:52:40.189Z
"https://leetcode.com/problems/sort-array-by-parity-ii/","Sort Array By Parity II","TWO POINTERS","EASY",519996,,"CLEAR",,true,2026-07-21T18:50:04.000Z,2026-08-28T15:52:40.189Z
"https://leetcode.com/problems/sort-colors/","Sort Colors","TWO POINTERS","MEDIUM",5848560,,"CLEAR",,true,2026-07-21T18:50:04.000Z,2026-08-28T15:52:40.189Z
"https://leetcode.com/problems/sort-transformed-array/","Sort Transformed Array","TWO POINTERS","MEDIUM",134386,,"LOCKED",,true,2026-07-21T18:50:04.000Z,2026-08-28T15:52:40.189Z
"https://leetcode.com/problems/split-two-strings-to-make-palindrome/","Split Two Strings to Make Palindrome","TWO POINTERS","MEDIUM",105581,,"CLEAR",,true,2026-07-21T18:50:04.000Z,2026-08-28T15:52:40.189Z
"https://leetcode.com/problems/squares-of-a-sorted-array/","Squares of a Sorted Array","TWO POINTERS","EASY",3819939,,"CLEAR",,true,2026-07-21T18:50:04.000Z,2026-08-28T15:52:40.189Z
"https://leetcode.com/problems/strictly-palindromic-number/","Strictly Palindromic Number","TWO POINTERS","MEDIUM",217671,,"CLEAR",,true,2026-07-21T18:50:04.000Z,2026-08-28T15:52:40.189Z
"https://leetcode.com/problems/string-compression/","String Compression","TWO POINTERS","MEDIUM",1921209,,"CLEAR",,true,2026-07-21T18:50:04.000Z,2026-08-28T15:52:40.189Z
"https://leetcode.com/problems/strobogrammatic-number/","Strobogrammatic Number","TWO POINTERS","EASY",450021,,"LOCKED",,true,2026-07-21T18:50:04.000Z,2026-08-28T15:52:40.189Z
"https://leetcode.com/problems/subsequence-after-one-replacement/","Subsequence After One Replacement","TWO POINTERS","MEDIUM",103999,,"CLEAR",,false,2026-07-21T18:50:04.000Z,2026-07-21T18:50:04.000Z
"https://leetcode.com/problems/subsequence-with-the-minimum-score/","Subsequence With the Minimum Score","TWO POINTERS","HARD",33070,,"CLEAR",,true,2026-07-21T18:50:04.000Z,2026-08-28T15:52:40.189Z
"https://leetcode.com/problems/successful-pairs-of-spells-and-potions/","Successful Pairs of Spells and Potions","TWO POINTERS","MEDIUM",808727,,"CLEAR",,true,2026-07-21T18:50:04.000Z,2026-08-28T15:52:40.189Z
"https://leetcode.com/problems/sum-of-gcd-of-formed-pairs/","Sum of GCD of Formed Pairs","TWO POINTERS","MEDIUM",204149,,"CLEAR",,true,2026-07-21T18:50:04.000Z,2026-08-28T15:52:40.189Z
"https://leetcode.com/problems/sum-of-square-numbers/","Sum of Square Numbers","TWO POINTERS","MEDIUM",1267610,,"CLEAR",,true,2026-07-21T18:50:04.000Z,2026-08-28T15:52:40.189Z
"https://leetcode.com/problems/swap-adjacent-in-lr-string/","Swap Adjacent in LR String","TWO POINTERS","MEDIUM",267955,,"CLEAR",,true,2026-07-21T18:50:04.000Z,2026-08-28T15:52:40.189Z
"https://leetcode.com/problems/the-k-strongest-values-in-an-array/","The k Strongest Values in an Array","TWO POINTERS","MEDIUM",78847,,"CLEAR",,true,2026-07-21T18:50:04.000Z,2026-08-28T15:52:40.189Z
"https://leetcode.com/problems/the-latest-time-to-catch-a-bus/","The Latest Time to Catch a Bus","TWO POINTERS","MEDIUM",123398,,"CLEAR",,true,2026-07-21T18:50:04.000Z,2026-08-28T15:52:40.189Z
"https://leetcode.com/problems/total-cost-to-hire-k-workers/","Total Cost to Hire K Workers","TWO POINTERS","MEDIUM",402733,,"CLEAR",,true,2026-07-21T18:50:04.000Z,2026-08-28T15:52:40.189Z
"https://leetcode.com/problems/two-sum-ii-input-array-is-sorted/","Two Sum II - Input Array Is Sorted","TWO POINTERS","MEDIUM",5672830,,"CLEAR",,true,2026-07-21T18:50:04.000Z,2026-08-28T15:52:40.189Z
"https://leetcode.com/problems/two-sum-iii-data-structure-design/","Two Sum III - Data structure design","TWO POINTERS","EASY",471696,,"LOCKED",,true,2026-07-21T18:50:04.000Z,2026-08-28T15:52:40.189Z
"https://leetcode.com/problems/two-sum-less-than-k/","Two Sum Less Than K","TWO POINTERS","EASY",242210,,"LOCKED",,true,2026-07-21T18:50:04.000Z,2026-08-28T15:52:40.189Z
"https://leetcode.com/problems/valid-palindrome/","Valid Palindrome","TWO POINTERS","EASY",10939398,,"CLEAR",,true,2026-07-21T18:50:04.000Z,2026-08-28T15:52:40.189Z
"https://leetcode.com/problems/valid-palindrome-iv/","Valid Palindrome IV","TWO POINTERS","MEDIUM",28511,,"LOCKED",,true,2026-07-21T18:50:04.000Z,2026-08-28T15:52:40.189Z
"https://leetcode.com/problems/valid-word-abbreviation/","Valid Word Abbreviation","TWO POINTERS","EASY",985264,,"LOCKED",,true,2026-07-21T18:50:04.000Z,2026-08-28T15:52:40.189Z
"https://leetcode.com/problems/watering-plants-ii/","Watering Plants II","TWO POINTERS","MEDIUM",69500,,"CLEAR",,true,2026-07-21T18:50:04.000Z,2026-08-28T15:52:40.189Z
"https://leetcode.com/problems/ways-to-split-array-into-three-subarrays/","Ways to Split Array Into Three Subarrays","TWO POINTERS","MEDIUM",124992,,"CLEAR",,true,2026-07-21T18:50:04.000Z,2026-08-28T15:52:40.189Z
"https://leetcode.com/problems/zero-array-transformation-ii/","Zero Array Transformation II","TWO POINTERS","MEDIUM",314991,,"CLEAR",,true,2026-07-21T18:50:04.000Z,2026-08-28T15:52:40.189Z
