"link","name","topic","difficulty","popularity","comment","status","solution","concept_covered","created_at","updated_at"
"https://leetcode.com/problems/1-bit-and-2-bit-characters/","1-bit and 2-bit Characters","ARRAY","EASY",556608,,"CLEAR",,true,2026-07-21T18:50:04.000Z,2026-08-23T20:28:14.321Z
"https://leetcode.com/problems/add-to-array-form-of-integer/","Add to Array-Form of Integer","ARRAY","EASY",767159,,"CLEAR",,true,2026-07-21T18:50:04.000Z,2026-08-23T20:28:14.321Z
"https://leetcode.com/problems/adding-two-negabinary-numbers/","Adding Two Negabinary Numbers","ARRAY","MEDIUM",59477,,"CLEAR",,true,2026-07-21T18:50:04.000Z,2026-08-23T20:28:14.321Z
"https://leetcode.com/problems/adjacent-increasing-subarrays-detection-i/","Adjacent Increasing Subarrays Detection I","ARRAY","EASY",337880,,"CLEAR",,true,2026-07-21T18:50:04.000Z,2026-08-23T20:28:14.321Z
"https://leetcode.com/problems/all-divisions-with-the-highest-score-of-a-binary-array/","All Divisions With the Highest Score of a Binary Array","ARRAY","MEDIUM",57609,,"CLEAR",,true,2026-07-21T18:50:04.000Z,2026-08-23T20:28:14.321Z
"https://leetcode.com/problems/angles-of-a-triangle/","Angles of a Triangle","ARRAY","MEDIUM",55893,,"CLEAR",,true,2026-07-21T18:50:04.000Z,2026-08-23T20:28:14.321Z
"https://leetcode.com/problems/ant-on-the-boundary/","Ant on the Boundary","ARRAY","EASY",105546,,"CLEAR",,true,2026-07-21T18:50:04.000Z,2026-08-23T20:28:14.321Z
"https://leetcode.com/problems/apply-operations-to-make-all-array-elements-equal-to-zero/","Apply Operations to Make All Array Elements Equal to Zero","ARRAY","MEDIUM",56579,,"CLEAR",,true,2026-07-21T18:50:04.000Z,2026-08-23T20:28:14.321Z
"https://leetcode.com/problems/array-transformation/","Array Transformation","ARRAY","EASY",31094,,"CLEAR",,true,2026-07-21T18:50:04.000Z,2026-08-23T20:28:14.321Z
"https://leetcode.com/problems/average-value-of-even-numbers-that-are-divisible-by-three/","Average Value of Even Numbers That Are Divisible by Three","ARRAY","EASY",156643,,"CLEAR",,true,2026-07-21T18:50:04.000Z,2026-08-23T20:28:14.321Z
"https://leetcode.com/problems/average-waiting-time/","Average Waiting Time","ARRAY","MEDIUM",305724,,"CLEAR",,true,2026-07-21T18:50:04.000Z,2026-08-23T20:28:14.321Z
"https://leetcode.com/problems/beautiful-arrangement-ii/","Beautiful Arrangement II","ARRAY","MEDIUM",102554,,"CLEAR",,true,2026-07-21T18:50:04.000Z,2026-08-23T20:28:14.321Z
"https://leetcode.com/problems/best-position-for-a-service-centre/","Best Position for a Service Centre","ARRAY","HARD",56520,,"CLEAR",,true,2026-07-21T18:50:04.000Z,2026-08-23T20:28:14.321Z
"https://leetcode.com/problems/best-reachable-tower/","Best Reachable Tower","ARRAY","MEDIUM",58166,,"CLEAR",,true,2026-07-21T18:50:04.000Z,2026-08-23T20:28:14.321Z
"https://leetcode.com/problems/build-array-from-permutation/","Build Array from Permutation","ARRAY","EASY",983505,,"SUCCESS","class Solution {
public:
    vector<int> buildArray(vector<int>& nums) {
        int n = nums.size();
        vector<int> ans(n, -1);
        for (int i = 0; i < n; i++) {
            ans[i] = nums[nums[i]];
        }
        return ans;
    }
};",true,2026-07-21T18:50:04.000Z,2026-09-01T21:20:41.106Z
"https://leetcode.com/problems/button-with-longest-push-time/","Button with Longest Push Time","ARRAY","EASY",90976,,"CLEAR",,true,2026-07-21T18:50:04.000Z,2026-08-23T20:28:14.321Z
"https://leetcode.com/problems/calculate-amount-paid-in-taxes/","Calculate Amount Paid in Taxes","ARRAY","EASY",85295,,"CLEAR",,true,2026-07-21T18:50:04.000Z,2026-08-23T20:28:14.321Z
"https://leetcode.com/problems/can-you-eat-your-favorite-candy-on-your-favorite-day/","Can You Eat Your Favorite Candy on Your Favorite Day?","ARRAY","MEDIUM",39694,,"CLEAR",,true,2026-07-21T18:50:04.000Z,2026-08-23T20:28:14.321Z
"https://leetcode.com/problems/cells-with-odd-values-in-a-matrix/","Cells with Odd Values in a Matrix","ARRAY","EASY",184139,,"CLEAR",,true,2026-07-21T18:50:04.000Z,2026-08-23T20:28:14.321Z
"https://leetcode.com/problems/check-if-a-string-is-an-acronym-of-words/","Check if a String Is an Acronym of Words","ARRAY","EASY",160416,,"CLEAR",,true,2026-07-21T18:50:04.000Z,2026-08-23T20:28:14.321Z
"https://leetcode.com/problems/check-if-all-1s-are-at-least-length-k-places-away/","Check If All 1's Are at Least Length K Places Away","ARRAY","EASY",339060,,"CLEAR",,true,2026-07-21T18:50:04.000Z,2026-08-23T20:28:14.321Z
"https://leetcode.com/problems/check-if-array-is-sorted-and-rotated/","Check if Array Is Sorted and Rotated","ARRAY","EASY",1798310,"// IMPORTANT: Array is circular, so also check LAST -> FIRST.
        // Example: [2,1,3,4] has 1 internal decrease (2->1)
        // but also a circular decrease (4->2), making it invalid.","SUCCESS","class Solution {
public:
    bool check(vector<int>& nums) {
        int n = nums.size();

        // Edge case: n < 3 is always valid
        if (n < 3) {
            return true;
        }

        int dec = 0;

        for (int i = 1; i < n; i++) {
            if (nums[i] < nums[i - 1]) {
                dec++;
            }
        }

        // IMPORTANT: Array is circular, so also check LAST -> FIRST.
        // Example: [2,1,3,4] has 1 internal decrease (2->1)
        // but also a circular decrease (4->2), making it invalid.
        if (nums[n - 1] > nums[0]) {
            dec++;
        }

        // Sorted + rotated array can have at most ONE decrease.
        return dec < 2;
    }
};",true,2026-07-21T18:50:04.000Z,2026-09-03T21:55:34.491Z
"https://leetcode.com/problems/check-if-it-is-a-good-array/","Check If It Is a Good Array","ARRAY","HARD",67999,,"CLEAR",,true,2026-07-21T18:50:04.000Z,2026-08-23T20:28:14.321Z
"https://leetcode.com/problems/check-if-it-is-a-straight-line/","Check If It Is a Straight Line","ARRAY","EASY",777936,,"SUCCESS","class Solution {
public:
    bool checkStraightLine(vector<vector<int>>& coordinates) {
        int n = coordinates.size();
        if (n < 3) {
            return true;
        }

        for (int i = 2; i < n; i++) {
            int x1 = coordinates[i - 2][0];
            int x2 = coordinates[i - 1][0];
            int x3 = coordinates[i][0];
            int y1 = coordinates[i - 2][1];
            int y2 = coordinates[i - 1][1];
            int y3 = coordinates[i][1];

            if ((x1 - x2) * (y2 - y3) != (x2 - x3) * (y1 - y2)) {
                return false;
            }
        }
        return true;
    }
};",true,2026-07-21T18:50:04.000Z,2026-08-23T20:28:14.321Z
"https://leetcode.com/problems/check-if-two-string-arrays-are-equivalent/","Check If Two String Arrays are Equivalent","ARRAY","EASY",729195,,"CLEAR",,true,2026-07-21T18:50:04.000Z,2026-08-23T20:28:14.321Z
"https://leetcode.com/problems/collecting-chocolates/","Collecting Chocolates","ARRAY","MEDIUM",44628,,"CLEAR",,true,2026-07-21T18:50:04.000Z,2026-08-23T20:28:14.321Z
"https://leetcode.com/problems/color-the-triangle-red/","Color the Triangle Red","ARRAY","HARD",835,,"CLEAR",,true,2026-07-21T18:50:04.000Z,2026-08-23T20:28:14.321Z
"https://leetcode.com/problems/compare-sums-of-bitonic-parts/","Compare Sums of Bitonic Parts","ARRAY","MEDIUM",48454,,"CLEAR",,true,2026-07-21T18:50:04.000Z,2026-08-23T20:28:14.321Z
"https://leetcode.com/problems/compute-alternating-sum/","Compute Alternating Sum","ARRAY","EASY",92784,,"CLEAR",,true,2026-07-21T18:50:04.000Z,2026-08-23T20:28:14.321Z
"https://leetcode.com/problems/compute-decimal-representation/","Compute Decimal Representation","ARRAY","EASY",97325,,"CLEAR",,true,2026-07-21T18:50:04.000Z,2026-08-23T20:28:14.321Z
"https://leetcode.com/problems/concatenate-array-with-reverse/","Concatenate Array With Reverse","ARRAY","EASY",67793,,"CLEAR",,true,2026-07-21T18:50:04.000Z,2026-08-23T20:28:14.321Z
"https://leetcode.com/problems/concatenate-non-zero-digits-and-multiply-by-sum-ii/","Concatenate Non-Zero Digits and Multiply by Sum II","ARRAY","MEDIUM",219970,,"CLEAR",,true,2026-07-21T18:50:04.000Z,2026-08-23T20:28:14.321Z
"https://leetcode.com/problems/concatenation-of-array/","Concatenation of Array","ARRAY","EASY",1743392,,"SUCCESS","class Solution {
public:
    vector<int> getConcatenation(vector<int>& nums) {
        int n = nums.size();
        vector<int> ans(2 * n, 0);
        int i = 0;
        for (auto it : nums) {
            ans[i + n] = it;
            ans[i++] = it;
        }
        return ans;
    }
};",true,2026-07-21T18:50:04.000Z,2026-08-23T20:28:14.321Z
"https://leetcode.com/problems/construct-uniform-parity-array-i/","Construct Uniform Parity Array I","ARRAY","EASY",72591,,"CLEAR",,true,2026-07-21T18:50:04.000Z,2026-08-23T20:28:14.321Z
"https://leetcode.com/problems/construct-uniform-parity-array-ii/","Construct Uniform Parity Array II","ARRAY","MEDIUM",76583,,"CLEAR",,true,2026-07-21T18:50:04.000Z,2026-08-23T20:28:14.321Z
"https://leetcode.com/problems/convex-polygon/","Convex Polygon","ARRAY","MEDIUM",29153,,"CLEAR",,true,2026-07-21T18:50:04.000Z,2026-08-23T20:28:14.321Z
"https://leetcode.com/problems/coordinate-with-maximum-network-quality/","Coordinate With Maximum Network Quality","ARRAY","MEDIUM",30276,,"CLEAR",,true,2026-07-21T18:50:04.000Z,2026-08-23T20:28:14.321Z
"https://leetcode.com/problems/corporate-flight-bookings/","Corporate Flight Bookings","ARRAY","MEDIUM",169703,,"CLEAR",,true,2026-07-21T18:50:04.000Z,2026-08-23T20:28:14.321Z
"https://leetcode.com/problems/count-alternating-subarrays/","Count Alternating Subarrays","ARRAY","MEDIUM",80763,,"CLEAR",,true,2026-07-21T18:50:04.000Z,2026-08-23T20:28:14.321Z
"https://leetcode.com/problems/count-digit-appearances/","Count Digit Appearances","ARRAY","MEDIUM",57208,,"CLEAR",,true,2026-07-21T18:50:04.000Z,2026-08-23T20:28:14.321Z
"https://leetcode.com/problems/count-dominant-indices/","Count Dominant Indices","ARRAY","EASY",88850,,"CLEAR",,true,2026-07-21T18:50:04.000Z,2026-08-23T20:28:14.321Z
"https://leetcode.com/problems/count-equal-and-divisible-pairs-in-an-array/","Count Equal and Divisible Pairs in an Array","ARRAY","EASY",287419,,"CLEAR",,true,2026-07-21T18:50:04.000Z,2026-08-23T20:28:14.321Z
"https://leetcode.com/problems/count-good-triplets/","Count Good Triplets","ARRAY","EASY",343087,,"CLEAR",,true,2026-07-21T18:50:04.000Z,2026-08-23T20:28:14.321Z
"https://leetcode.com/problems/count-hills-and-valleys-in-an-array/","Count Hills and Valleys in an Array","ARRAY","EASY",268233,,"CLEAR",,true,2026-07-21T18:50:04.000Z,2026-08-23T20:28:14.321Z
"https://leetcode.com/problems/count-houses-in-a-circular-street/","Count Houses in a Circular Street","ARRAY","EASY",4025,,"CLEAR",,true,2026-07-21T18:50:04.000Z,2026-08-23T20:28:14.321Z
"https://leetcode.com/problems/count-indices-with-opposite-parity/","Count Indices With Opposite Parity","ARRAY","EASY",51597,,"CLEAR",,true,2026-07-21T18:50:04.000Z,2026-08-23T20:28:14.321Z
"https://leetcode.com/problems/count-items-matching-a-rule/","Count Items Matching a Rule","ARRAY","EASY",342341,,"CLEAR",,true,2026-07-21T18:50:04.000Z,2026-08-23T20:28:14.321Z
"https://leetcode.com/problems/count-partitions-with-even-sum-difference/","Count Partitions with Even Sum Difference","ARRAY","EASY",209838,,"CLEAR",,true,2026-07-21T18:50:04.000Z,2026-08-23T20:28:14.321Z
"https://leetcode.com/problems/count-positions-on-street-with-required-brightness/","Count Positions on Street With Required Brightness","ARRAY","MEDIUM",8375,,"CLEAR",,true,2026-07-21T18:50:04.000Z,2026-08-23T20:28:14.321Z
"https://leetcode.com/problems/count-prefixes-of-a-given-string/","Count Prefixes of a Given String","ARRAY","EASY",124923,,"CLEAR",,true,2026-07-21T18:50:04.000Z,2026-08-23T20:28:14.321Z
"https://leetcode.com/problems/count-primes/","Count Primes","ARRAY","MEDIUM",3640144,,"TLE","class Solution {
public:
    int countPrimes(int n) {
        if(n < 3){
            return 0;
        }
        vector<int> primes(1,2);
        
        int i = 3;
        while(i < n){
            bool prime = true;
            for(auto f: primes){
                if(i%f == 0){
                    prime = false;
                    break;
                }
            }
            if(prime){
                primes.push_back(i);
            }
            i++;
        }

        return primes.size();
    }
};",true,2026-07-21T18:50:04.000Z,2026-09-01T21:44:14.286Z
"https://leetcode.com/problems/count-subarrays-of-length-three-with-a-condition/","Count Subarrays of Length Three With a Condition","ARRAY","EASY",249675,,"CLEAR",,true,2026-07-21T18:50:04.000Z,2026-08-23T20:28:14.321Z
"https://leetcode.com/problems/count-tested-devices-after-test-operations/","Count Tested Devices After Test Operations","ARRAY","EASY",73032,,"CLEAR",,true,2026-07-21T18:50:04.000Z,2026-08-23T20:28:14.321Z
"https://leetcode.com/problems/count-the-hidden-sequences/","Count the Hidden Sequences","ARRAY","MEDIUM",219270,,"CLEAR",,true,2026-07-21T18:50:04.000Z,2026-08-23T20:28:14.321Z
"https://leetcode.com/problems/count-the-number-of-computer-unlocking-permutations/","Count the Number of Computer Unlocking Permutations","ARRAY","MEDIUM",161266,,"CLEAR",,true,2026-07-21T18:50:04.000Z,2026-08-23T20:28:14.321Z
"https://leetcode.com/problems/count-the-number-of-infection-sequences/","Count the Number of Infection Sequences","ARRAY","HARD",17736,,"CLEAR",,true,2026-07-21T18:50:04.000Z,2026-08-23T20:28:14.321Z
"https://leetcode.com/problems/count-the-number-of-vowel-strings-in-range/","Count the Number of Vowel Strings in Range","ARRAY","EASY",124765,,"CLEAR",,true,2026-07-21T18:50:04.000Z,2026-08-23T20:28:14.321Z
"https://leetcode.com/problems/count-unhappy-friends/","Count Unhappy Friends","ARRAY","MEDIUM",56831,,"CLEAR",,true,2026-07-21T18:50:04.000Z,2026-08-23T20:28:14.321Z
"https://leetcode.com/problems/count-vowel-strings-in-ranges/","Count Vowel Strings in Ranges","ARRAY","MEDIUM",304598,,"CLEAR",,true,2026-07-21T18:50:04.000Z,2026-08-23T20:28:14.321Z
"https://leetcode.com/problems/counting-words-with-a-given-prefix/","Counting Words With a Given Prefix","ARRAY","EASY",367872,,"CLEAR",,true,2026-07-21T18:50:04.000Z,2026-08-23T20:28:14.321Z
"https://leetcode.com/problems/create-target-array-in-the-given-order/","Create Target Array in the Given Order","ARRAY","EASY",373985,,"CLEAR",,true,2026-07-21T18:50:04.000Z,2026-08-23T20:28:14.321Z
"https://leetcode.com/problems/decompress-run-length-encoded-list/","Decompress Run-Length Encoded List","ARRAY","EASY",361733,,"CLEAR",,true,2026-07-21T18:50:04.000Z,2026-08-23T20:28:14.321Z
"https://leetcode.com/problems/delete-columns-to-make-sorted/","Delete Columns to Make Sorted","ARRAY","EASY",418296,,"CLEAR",,true,2026-07-21T18:50:04.000Z,2026-08-23T20:28:14.321Z
"https://leetcode.com/problems/design-compressed-string-iterator/","Design Compressed String Iterator","ARRAY","EASY",99289,,"CLEAR",,true,2026-07-21T18:50:04.000Z,2026-08-23T20:28:14.321Z
"https://leetcode.com/problems/detect-pattern-of-length-m-repeated-k-or-more-times/","Detect Pattern of Length M Repeated K or More Times","ARRAY","EASY",108321,,"CLEAR",,true,2026-07-21T18:50:04.000Z,2026-08-23T20:28:14.321Z
"https://leetcode.com/problems/determine-if-two-events-have-conflict/","Determine if Two Events Have Conflict","ARRAY","EASY",125694,,"CLEAR",,true,2026-07-21T18:50:04.000Z,2026-08-23T20:28:14.321Z
"https://leetcode.com/problems/determine-the-winner-of-a-bowling-game/","Determine the Winner of a Bowling Game","ARRAY","EASY",122681,,"CLEAR",,true,2026-07-21T18:50:04.000Z,2026-08-23T20:28:14.321Z
"https://leetcode.com/problems/difference-between-element-sum-and-digit-sum-of-an-array/","Difference Between Element Sum and Digit Sum of an Array","ARRAY","EASY",256233,,"CLEAR",,true,2026-07-21T18:50:04.000Z,2026-08-23T20:28:14.321Z
"https://leetcode.com/problems/distance-between-bus-stops/","Distance Between Bus Stops","ARRAY","EASY",147071,,"CLEAR",,true,2026-07-21T18:50:04.000Z,2026-08-23T20:28:14.321Z
"https://leetcode.com/problems/distribute-elements-into-two-arrays-i/","Distribute Elements Into Two Arrays I","ARRAY","EASY",82020,,"CLEAR",,true,2026-07-21T18:50:04.000Z,2026-08-23T20:28:14.321Z
"https://leetcode.com/problems/divide-array-into-increasing-sequences/","Divide Array Into Increasing Sequences","ARRAY","HARD",11254,,"CLEAR",,true,2026-07-21T18:50:04.000Z,2026-08-23T20:28:14.321Z
"https://leetcode.com/problems/double-modular-exponentiation/","Double Modular Exponentiation","ARRAY","MEDIUM",54190,,"CLEAR",,true,2026-07-21T18:50:04.000Z,2026-08-23T20:28:14.321Z
"https://leetcode.com/problems/earliest-time-to-finish-one-task/","Earliest Time to Finish One Task","ARRAY","EASY",88306,,"CLEAR",,true,2026-07-21T18:50:04.000Z,2026-08-23T20:28:14.321Z
"https://leetcode.com/problems/element-appearing-more-than-25-in-sorted-array/","Element Appearing More Than 25% In Sorted Array","ARRAY","EASY",429836,,"CLEAR",,true,2026-07-21T18:50:04.000Z,2026-08-23T20:28:14.321Z
"https://leetcode.com/problems/elements-in-array-after-removing-and-replacing-elements/","Elements in Array After Removing and Replacing Elements","ARRAY","MEDIUM",3562,,"CLEAR",,true,2026-07-21T18:50:04.000Z,2026-08-23T20:28:14.321Z
"https://leetcode.com/problems/encode-and-decode-strings/","Encode and Decode Strings","ARRAY","MEDIUM",605988,,"CLEAR",,true,2026-07-21T18:50:04.000Z,2026-08-23T20:28:14.321Z
"https://leetcode.com/problems/equal-score-substrings/","Equal Score Substrings","ARRAY","EASY",68477,,"CLEAR",,true,2026-07-21T18:50:04.000Z,2026-08-23T20:28:14.321Z
"https://leetcode.com/problems/erect-the-fence/","Erect the Fence","ARRAY","HARD",129275,,"CLEAR",,true,2026-07-21T18:50:04.000Z,2026-08-23T20:28:14.321Z
"https://leetcode.com/problems/erect-the-fence-ii/","Erect the Fence II","ARRAY","HARD",1999,,"CLEAR",,true,2026-07-21T18:50:04.000Z,2026-08-23T20:28:14.321Z
"https://leetcode.com/problems/escape-the-ghosts/","Escape The Ghosts","ARRAY","MEDIUM",62929,,"CLEAR",,true,2026-07-21T18:50:04.000Z,2026-08-23T20:28:14.321Z
"https://leetcode.com/problems/final-element-after-subarray-deletions/","Final Element After Subarray Deletions","ARRAY","MEDIUM",80868,,"CLEAR",,true,2026-07-21T18:50:04.000Z,2026-08-23T20:28:14.321Z
"https://leetcode.com/problems/final-value-of-variable-after-performing-operations/","Final Value of Variable After Performing Operations","ARRAY","EASY",747203,,"CLEAR",,true,2026-07-21T18:50:04.000Z,2026-08-23T20:28:14.321Z
"https://leetcode.com/problems/find-closest-number-to-zero/","Find Closest Number to Zero","ARRAY","EASY",456609,,"SUCCESS","class Solution {
public:
    int findClosestNumber(vector<int>& nums) {
        int ans = -100001;
        for (auto num : nums) {
            if ((abs(ans) > abs(num)) || (abs(ans) == abs(num) && ans < num)) {
                ans = num;
            }
        }
        return ans;
    }
};",true,2026-07-21T18:50:04.000Z,2026-08-23T20:28:14.321Z
"https://leetcode.com/problems/find-greatest-common-divisor-of-array/","Find Greatest Common Divisor of Array","ARRAY","EASY",476525,,"CLEAR",,true,2026-07-21T18:50:04.000Z,2026-08-23T20:28:14.321Z
"https://leetcode.com/problems/find-if-digit-game-can-be-won/","Find if Digit Game Can Be Won","ARRAY","EASY",148653,,"CLEAR",,true,2026-07-21T18:50:04.000Z,2026-08-23T20:28:14.321Z
"https://leetcode.com/problems/find-indices-of-stable-mountains/","Find Indices of Stable Mountains","ARRAY","EASY",84530,,"CLEAR",,true,2026-07-21T18:50:04.000Z,2026-08-23T20:28:14.321Z
"https://leetcode.com/problems/find-minimum-operations-to-make-all-elements-divisible-by-three/","Find Minimum Operations to Make All Elements Divisible by Three","ARRAY","EASY",310204,,"CLEAR",,true,2026-07-21T18:50:04.000Z,2026-08-23T20:28:14.321Z
"https://leetcode.com/problems/find-missing-observations/","Find Missing Observations","ARRAY","MEDIUM",306440,,"CLEAR",,true,2026-07-21T18:50:04.000Z,2026-08-23T20:28:14.321Z
"https://leetcode.com/problems/find-n-unique-integers-sum-up-to-zero/","Find N Unique Integers Sum up to Zero","ARRAY","EASY",516239,,"CLEAR",,true,2026-07-21T18:50:04.000Z,2026-08-23T20:28:14.321Z
"https://leetcode.com/problems/find-nearest-point-that-has-the-same-x-or-y-coordinate/","Find Nearest Point That Has the Same X or Y Coordinate","ARRAY","EASY",193341,,"CLEAR",,true,2026-07-21T18:50:04.000Z,2026-08-23T20:28:14.321Z
"https://leetcode.com/problems/find-numbers-with-even-number-of-digits/","Find Numbers with Even Number of Digits","ARRAY","EASY",1408361,,"SUCCESS","class Solution {
public:
    int findNumbers(vector<int>& nums) {
        int ans = 0;
        for (auto num : nums) {
            if (num > 9 && num < 100) {
                ans++;
            } else if (num > 999 && num < 10000) {
                ans++;
            } else if (num > 99999 && num < 1000000) {
                ans++;
            }
        }
        return ans;
    }
};",true,2026-07-21T18:50:04.000Z,2026-08-23T20:28:14.321Z
"https://leetcode.com/problems/find-palindrome-with-fixed-length/","Find Palindrome With Fixed Length","ARRAY","MEDIUM",74563,,"CLEAR",,true,2026-07-21T18:50:04.000Z,2026-08-23T20:28:14.321Z
"https://leetcode.com/problems/find-pivot-index/","Find Pivot Index","ARRAY","EASY",2785464,,"SUCCESS","class Solution {
public:
    int pivotIndex(vector<int>& nums) {
        int sumr = 0;
        int suml = 0;
        for(auto it:nums){
            sumr+=it;
        }
        int n = nums.size();
        for(int i=0; i<n; i++){
            sumr-=nums[i];
            if(sumr == suml){
                return i;
            }
            suml+=nums[i];
        }
        return -1;
    }
};",true,2026-07-21T18:50:04.000Z,2026-08-23T20:28:14.321Z
"https://leetcode.com/problems/find-the-count-of-numbers-which-are-not-special/","Find the Count of Numbers Which Are Not Special","ARRAY","MEDIUM",140436,,"CLEAR",,true,2026-07-21T18:50:04.000Z,2026-08-23T20:28:14.321Z
"https://leetcode.com/problems/find-the-divisibility-array-of-a-string/","Find the Divisibility Array of a String","ARRAY","MEDIUM",112992,,"CLEAR",,true,2026-07-21T18:50:04.000Z,2026-08-23T20:28:14.321Z
"https://leetcode.com/problems/find-the-first-player-to-win-k-games-in-a-row/","Find The First Player to win K Games in a Row","ARRAY","MEDIUM",92278,,"CLEAR",,true,2026-07-21T18:50:04.000Z,2026-08-23T20:28:14.321Z
"https://leetcode.com/problems/find-the-highest-altitude/","Find the Highest Altitude","ARRAY","EASY",1065339,,"SUCCESS","class Solution {
public:
    int largestAltitude(vector<int>& gain) {
        int ans = 0, h = 0;a
        for (auto g : gain) {
            h += g;
            ans = max(ans, h);
        }a
        return ans;
        a
    }
};",true,2026-07-21T18:50:04.000Z,2026-09-01T21:14:18.374Z
"https://leetcode.com/problems/find-the-integer-added-to-array-i/","Find the Integer Added to Array I","ARRAY","EASY",104122,,"CLEAR",,true,2026-07-21T18:50:04.000Z,2026-08-23T20:28:14.321Z
"https://leetcode.com/problems/find-the-largest-area-of-square-inside-two-rectangles/","Find the Largest Area of Square Inside Two Rectangles","ARRAY","MEDIUM",153027,,"CLEAR",,true,2026-07-21T18:50:04.000Z,2026-08-23T20:28:14.321Z
"https://leetcode.com/problems/find-the-maximum-divisibility-score/","Find the Maximum Divisibility Score","ARRAY","EASY",84245,,"CLEAR",,true,2026-07-21T18:50:04.000Z,2026-08-23T20:28:14.321Z
"https://leetcode.com/problems/find-the-maximum-factor-score-of-array/","Find the Maximum Factor Score of Array","ARRAY","MEDIUM",59848,,"CLEAR",,true,2026-07-21T18:50:04.000Z,2026-08-23T20:28:14.321Z
"https://leetcode.com/problems/find-the-middle-index-in-array/","Find the Middle Index in Array","ARRAY","EASY",257802,,"CLEAR",,true,2026-07-21T18:50:04.000Z,2026-08-23T20:28:14.321Z
"https://leetcode.com/problems/find-the-minimum-amount-of-time-to-brew-potions/","Find the Minimum Amount of Time to Brew Potions","ARRAY","MEDIUM",139751,,"CLEAR",,true,2026-07-21T18:50:04.000Z,2026-08-23T20:28:14.321Z
"https://leetcode.com/problems/find-the-n-th-value-after-k-seconds/","Find the N-th Value After K Seconds","ARRAY","MEDIUM",87989,,"CLEAR",,true,2026-07-21T18:50:04.000Z,2026-08-23T20:28:14.321Z
"https://leetcode.com/problems/find-the-number-of-copy-arrays/","Find the Number of Copy Arrays","ARRAY","MEDIUM",46114,,"CLEAR",,true,2026-07-21T18:50:04.000Z,2026-08-23T20:28:14.321Z
"https://leetcode.com/problems/find-the-peaks/","Find the Peaks","ARRAY","EASY",113130,,"CLEAR",,true,2026-07-21T18:50:04.000Z,2026-08-23T20:28:14.321Z
"https://leetcode.com/problems/find-the-pivot-integer/","Find the Pivot Integer","ARRAY","EASY",387194,,"CLEAR",,true,2026-07-21T18:50:04.000Z,2026-08-23T20:28:14.321Z
"https://leetcode.com/problems/find-the-score-difference-in-a-game/","Find the Score Difference in a Game","ARRAY","MEDIUM",73851,,"CLEAR",,true,2026-07-21T18:50:04.000Z,2026-08-23T20:28:14.321Z
"https://leetcode.com/problems/find-the-score-of-all-prefixes-of-an-array/","Find the Score of All Prefixes of an Array","ARRAY","MEDIUM",63820,,"CLEAR",,true,2026-07-21T18:50:04.000Z,2026-08-23T20:28:14.321Z
"https://leetcode.com/problems/find-the-smallest-balanced-index/","Find the Smallest Balanced Index","ARRAY","MEDIUM",196991,,"CLEAR",,true,2026-07-21T18:50:04.000Z,2026-08-23T20:28:14.321Z
"https://leetcode.com/problems/find-the-sum-of-encrypted-integers/","Find the Sum of Encrypted Integers","ARRAY","EASY",86515,,"CLEAR",,true,2026-07-21T18:50:04.000Z,2026-08-23T20:28:14.321Z
"https://leetcode.com/problems/find-the-winner-of-an-array-game/","Find the Winner of an Array Game","ARRAY","MEDIUM",225762,,"CLEAR",,true,2026-07-21T18:50:04.000Z,2026-08-23T20:28:14.321Z
"https://leetcode.com/problems/find-triangular-sum-of-an-array/","Find Triangular Sum of an Array","ARRAY","MEDIUM",298388,,"CLEAR",,true,2026-07-21T18:50:04.000Z,2026-08-23T20:28:14.321Z
"https://leetcode.com/problems/find-words-containing-character/","Find Words Containing Character","ARRAY","EASY",456051,,"CLEAR",,true,2026-07-21T18:50:04.000Z,2026-08-23T20:28:14.321Z
"https://leetcode.com/problems/four-divisors/","Four Divisors","ARRAY","MEDIUM",356353,,"SUCCESS","class Solution {
public:
    int sumFourDivisors(vector<int>& nums) {
        unordered_map<int, int> freq;
        unordered_map<int, int> sums;
        for (auto it : nums) {
            freq[it]++;
            if (!sums.contains(it)) {
                int i = 2;
                int j = floor(abs(sqrt(it)));

                unordered_set<int> divisors;
                while (i <= j) {
                    if (it % i == 0) {
                        divisors.insert(i);
                        divisors.insert(it / i);
                    }
                    i++;
                }
                sums[it] = 0;
                if (divisors.size() == 2) {
                    sums[it] = 1 + it;
                    for (auto dt : divisors) {
                        sums[it] += dt;
                    }
                }
            }
        }
        int ans = 0;
        for (auto it : sums) {
            int sum = it.second;
            if (sum > 0) {
                ans += freq[it.first] * sum;
            }
        }
        return ans;
    }
};",true,2026-07-21T18:50:04.000Z,2026-08-23T20:28:14.321Z
"https://leetcode.com/problems/get-maximum-in-generated-array/","Get Maximum in Generated Array","ARRAY","EASY",245906,,"CLEAR",,true,2026-07-21T18:50:04.000Z,2026-08-23T20:28:14.321Z
"https://leetcode.com/problems/global-and-local-inversions/","Global and Local Inversions","ARRAY","MEDIUM",203631,,"CLEAR",,true,2026-07-21T18:50:04.000Z,2026-08-23T20:28:14.321Z
"https://leetcode.com/problems/graph-connectivity-with-threshold/","Graph Connectivity With Threshold","ARRAY","HARD",49542,,"CLEAR",,true,2026-07-21T18:50:04.000Z,2026-08-23T20:28:14.321Z
"https://leetcode.com/problems/greatest-common-divisor-traversal/","Greatest Common Divisor Traversal","ARRAY","HARD",187220,,"CLEAR",,true,2026-07-21T18:50:04.000Z,2026-08-23T20:28:14.321Z
"https://leetcode.com/problems/guess-the-majority-in-a-hidden-array/","Guess the Majority in a Hidden Array","ARRAY","MEDIUM",7674,,"CLEAR",,true,2026-07-21T18:50:04.000Z,2026-08-23T20:28:14.321Z
"https://leetcode.com/problems/guess-the-word/","Guess the Word","ARRAY","HARD",469040,,"CLEAR",,true,2026-07-21T18:50:04.000Z,2026-08-23T20:28:14.321Z
"https://leetcode.com/problems/insert-interval/","Insert Interval","ARRAY","MEDIUM",4071604,,"SUCCESS","class Solution {
public:
    vector<vector<int>> insert(vector<vector<int>>& intervals, vector<int>& newInterval) {
        
        intervals.push_back(newInterval);

        sort(intervals.begin(), intervals.end(), [](const vector<int>& a, const vector<int>& b){
            if(a[0] == b[0]){
                return a[1] < b[1];
            }
            return a[0] < b[0];
        });

        vector<vector<int>> ans;
        int x = intervals[0][0];
        int y = intervals[0][1];

        for(auto inter: intervals){
            int x1 = inter[0];
            int y1 = inter[1];
            if(y < x1){
                ans.push_back({x,y});
                x = x1;
                y = y1;
            }else {
                x = min(x,x1);
                y = max(y,y1);
            }
        }
        ans.push_back({x,y});

        return ans;

    }
};",true,2026-07-21T18:50:04.000Z,2026-08-23T20:28:14.321Z
"https://leetcode.com/problems/kids-with-the-greatest-number-of-candies/","Kids With the Greatest Number of Candies","ARRAY","EASY",1770984,,"SUCCESS","class Solution {
public:
    vector<bool> kidsWithCandies(vector<int>& candies, int extraCandies) {
        int maxi = *max_element(candies.begin(), candies.end()) - extraCandies;
        vector<bool> ans;
        for(auto num: candies){
            ans.push_back(num >= maxi);
        }
        return ans;
    }
};",true,2026-07-21T18:50:04.000Z,2026-08-23T20:28:14.321Z
"https://leetcode.com/problems/largest-prime-from-consecutive-prime-sum/","Largest Prime from Consecutive Prime Sum","ARRAY","MEDIUM",65949,,"CLEAR",,true,2026-07-21T18:50:04.000Z,2026-08-23T20:28:14.321Z
"https://leetcode.com/problems/largest-triangle-area/","Largest Triangle Area","ARRAY","EASY",258777,,"CLEAR",,true,2026-07-21T18:50:04.000Z,2026-08-23T20:28:14.321Z
"https://leetcode.com/problems/last-moment-before-all-ants-fall-out-of-a-plank/","Last Moment Before All Ants Fall Out of a Plank","ARRAY","MEDIUM",147789,,"CLEAR",,true,2026-07-21T18:50:04.000Z,2026-08-23T20:28:14.321Z
"https://leetcode.com/problems/last-visited-integers/","Last Visited Integers","ARRAY","EASY",54617,,"CLEAR",,true,2026-07-21T18:50:04.000Z,2026-08-23T20:28:14.321Z
"https://leetcode.com/problems/left-and-right-sum-differences/","Left and Right Sum Differences","ARRAY","EASY",414784,,"CLEAR",,true,2026-07-21T18:50:04.000Z,2026-08-23T20:28:14.321Z
"https://leetcode.com/problems/library-late-fee-calculator/","Library Late Fee Calculator","ARRAY","EASY",2488,,"CLEAR",,true,2026-07-21T18:50:04.000Z,2026-08-23T20:28:14.321Z
"https://leetcode.com/problems/longest-alternating-subarray/","Longest Alternating Subarray","ARRAY","EASY",98348,,"CLEAR",,true,2026-07-21T18:50:04.000Z,2026-08-23T20:28:14.321Z
"https://leetcode.com/problems/longest-arithmetic-sequence-after-changing-at-most-one-element/","Longest Arithmetic Sequence After Changing At Most One Element","ARRAY","MEDIUM",53445,,"CLEAR",,true,2026-07-21T18:50:04.000Z,2026-08-23T20:28:14.321Z
"https://leetcode.com/problems/longest-common-prefix-between-adjacent-strings-after-removals/","Longest Common Prefix Between Adjacent Strings After Removals","ARRAY","MEDIUM",59883,,"CLEAR",,true,2026-07-21T18:50:04.000Z,2026-08-23T20:28:14.321Z
"https://leetcode.com/problems/longest-continuous-increasing-subsequence/","Longest Continuous Increasing Subsequence","ARRAY","EASY",690500,,"CLEAR",,true,2026-07-21T18:50:04.000Z,2026-08-23T20:28:14.321Z
"https://leetcode.com/problems/longest-fibonacci-subarray/","Longest Fibonacci Subarray","ARRAY","MEDIUM",49665,,"CLEAR",,true,2026-07-21T18:50:04.000Z,2026-08-23T20:28:14.321Z
"https://leetcode.com/problems/longest-strictly-increasing-or-strictly-decreasing-subarray/","Longest Strictly Increasing or Strictly Decreasing Subarray","ARRAY","EASY",340074,,"CLEAR",,true,2026-07-21T18:50:04.000Z,2026-08-23T20:28:14.321Z
"https://leetcode.com/problems/make-array-elements-equal-to-zero/","Make Array Elements Equal to Zero","ARRAY","EASY",200785,,"CLEAR",,true,2026-07-21T18:50:04.000Z,2026-08-23T20:28:14.321Z
"https://leetcode.com/problems/max-consecutive-ones/","Max Consecutive Ones","ARRAY","EASY",3721831,,"SUCCESS","class Solution {
public:
    int findMaxConsecutiveOnes(vector<int>& nums) {
        nums.push_back(0);
        int z = -1;
        int ans = 0;
        int n = nums.size();

        for(int i = 0; i < n; i++){
            if(nums[i] == 0){
                ans = max(ans, i - z - 1);
                z = i;
            }
        }

        return ans;
    }
};",true,2026-07-21T18:50:04.000Z,2026-08-23T20:28:14.321Z
"https://leetcode.com/problems/maximize-distance-to-closest-person/","Maximize Distance to Closest Person","ARRAY","MEDIUM",583341,,"ERROR","class Solution {
public:
    int maxDistToClosest(vector<int>& seats) {
        int n = seats.size();
        seats.push_back(-1);
        for (int i = 0; i < n; i++) {
            if (seats[i] == 1) {
                seats.push_back(i);
            }
        }
        seats.push_back(n);
        int i = n, ans = 0;
        n = seats.size();
        for(auto it:seats){
            cout<<it<<"" "";
        }
        while (i < n - 1) {
            ans = max(ans, (seats[i + 1] - seats[i] - 2) / 2);
            i++;
        }
        return ans + 1;
    }
};",true,2026-07-21T18:50:04.000Z,2026-08-23T20:28:14.321Z
"https://leetcode.com/problems/maximize-subarray-gcd-score/","Maximize Subarray GCD Score","ARRAY","HARD",25416,,"CLEAR",,true,2026-07-21T18:50:04.000Z,2026-08-23T20:28:14.321Z
"https://leetcode.com/problems/maximum-area-of-longest-diagonal-rectangle/","Maximum Area of Longest Diagonal Rectangle","ARRAY","EASY",410003,,"CLEAR",,true,2026-07-21T18:50:04.000Z,2026-08-23T20:28:14.321Z
"https://leetcode.com/problems/maximum-ascending-subarray-sum/","Maximum Ascending Subarray Sum","ARRAY","EASY",384863,,"CLEAR",,true,2026-07-21T18:50:04.000Z,2026-08-23T20:28:14.321Z
"https://leetcode.com/problems/maximum-difference-between-adjacent-elements-in-a-circular-array/","Maximum Difference Between Adjacent Elements in a Circular Array","ARRAY","EASY",223848,,"CLEAR",,true,2026-07-21T18:50:04.000Z,2026-08-23T20:28:14.321Z
"https://leetcode.com/problems/maximum-difference-between-increasing-elements/","Maximum Difference Between Increasing Elements","ARRAY","EASY",446514,,"ERROR","class Solution {
public:
    int maximumDifference(vector<int>& nums) {
        int ans = -1;
        int n = nums.size();
        int maxi = nums[n-1];
        int i = n-2;

        while(i >=0){
            ans = max(ans, maxi - nums[i]);
            maxi = max(maxi, nums[i]);
            i--;
        }

        return ans;

    }
};",true,2026-07-21T18:50:04.000Z,2026-08-23T20:28:14.321Z
"https://leetcode.com/problems/maximum-distance-between-unequal-words-in-array-i/","Maximum Distance Between Unequal Words in Array I","ARRAY","EASY",1482,,"CLEAR",,true,2026-07-21T18:50:04.000Z,2026-08-23T20:28:14.321Z
"https://leetcode.com/problems/maximum-distance-between-unequal-words-in-array-ii/","Maximum Distance Between Unequal Words in Array II","ARRAY","MEDIUM",940,,"CLEAR",,true,2026-07-21T18:50:04.000Z,2026-08-23T20:28:14.321Z
"https://leetcode.com/problems/maximum-element-sum-of-a-complete-subset-of-indices/","Maximum Element-Sum of a Complete Subset of Indices","ARRAY","HARD",22792,,"CLEAR",,true,2026-07-21T18:50:04.000Z,2026-08-23T20:28:14.321Z
"https://leetcode.com/problems/maximum-height-of-a-triangle/","Maximum Height of a Triangle","ARRAY","EASY",101505,,"CLEAR",,true,2026-07-21T18:50:04.000Z,2026-08-23T20:28:14.321Z
"https://leetcode.com/problems/maximum-number-of-darts-inside-of-a-circular-dartboard/","Maximum Number of Darts Inside of a Circular Dartboard","ARRAY","HARD",22054,,"CLEAR",,true,2026-07-21T18:50:04.000Z,2026-08-23T20:28:14.321Z
"https://leetcode.com/problems/maximum-number-of-operations-with-the-same-score-i/","Maximum Number of Operations With the Same Score I","ARRAY","EASY",80565,,"CLEAR",,true,2026-07-21T18:50:04.000Z,2026-08-23T20:28:14.321Z
"https://leetcode.com/problems/maximum-number-of-words-found-in-sentences/","Maximum Number of Words Found in Sentences","ARRAY","EASY",497220,,"CLEAR",,true,2026-07-21T18:50:04.000Z,2026-08-23T20:28:14.321Z
"https://leetcode.com/problems/maximum-of-absolute-value-expression/","Maximum of Absolute Value Expression","ARRAY","MEDIUM",64515,,"CLEAR",,true,2026-07-21T18:50:04.000Z,2026-08-23T20:28:14.321Z
"https://leetcode.com/problems/maximum-population-year/","Maximum Population Year","ARRAY","EASY",192052,,"CLEAR",,true,2026-07-21T18:50:04.000Z,2026-08-23T20:28:14.321Z
"https://leetcode.com/problems/maximum-prime-difference/","Maximum Prime Difference","ARRAY","MEDIUM",90234,,"CLEAR",,true,2026-07-21T18:50:04.000Z,2026-08-23T20:28:14.321Z
"https://leetcode.com/problems/maximum-profit-of-operating-a-centennial-wheel/","Maximum Profit of Operating a Centennial Wheel","ARRAY","MEDIUM",35030,,"CLEAR",,true,2026-07-21T18:50:04.000Z,2026-08-23T20:28:14.321Z
"https://leetcode.com/problems/maximum-score-after-splitting-a-string/","Maximum Score After Splitting a String","ARRAY","EASY",581234,,"CLEAR",,true,2026-07-21T18:50:04.000Z,2026-08-23T20:28:14.321Z
"https://leetcode.com/problems/maximum-score-of-a-split/","Maximum Score of a Split","ARRAY","MEDIUM",76059,,"CLEAR",,true,2026-07-21T18:50:04.000Z,2026-08-23T20:28:14.321Z
"https://leetcode.com/problems/maximum-sum-score-of-array/","Maximum Sum Score of Array","ARRAY","MEDIUM",9522,,"CLEAR",,true,2026-07-21T18:50:04.000Z,2026-08-23T20:28:14.321Z
"https://leetcode.com/problems/maximum-value-of-a-string-in-an-array/","Maximum Value of a String in an Array","ARRAY","EASY",90297,,"CLEAR",,true,2026-07-21T18:50:04.000Z,2026-08-23T20:28:14.321Z
"https://leetcode.com/problems/maximum-value-of-an-ordered-triplet-i/","Maximum Value of an Ordered Triplet I","ARRAY","EASY",355026,,"CLEAR",,true,2026-07-21T18:50:04.000Z,2026-08-23T20:28:14.321Z
"https://leetcode.com/problems/maximum-value-of-an-ordered-triplet-ii/","Maximum Value of an Ordered Triplet II","ARRAY","MEDIUM",284124,,"SUCCESS","class Solution {
public:
    long long maximumTripletValue(vector<int>& nums) {
        int n = nums.size(), largest, i;

        vector<int> leftLargest(n, 0);
        vector<int> rightLargest(n, 0);

        largest = 0;
        i = 1;
        while (i < n) {
            largest = max(largest, nums[i - 1]);
            leftLargest[i] = largest;
            i++;
        }

        largest = 0;
        i = n - 2;

        while (i >= 0) {
            largest = max(largest, nums[i + 1]);
            rightLargest[i] = largest;
            i--;
        }

        long long ans = 0;
        i = 1;
        while (i < n - 1) {
            long long I = leftLargest[i];
            long long J = nums[i];
            long long K = rightLargest[i];
            ans = max(ans, K * (I - J));
            i++;
        }

        return ans;
    }
};",true,2026-07-21T18:50:04.000Z,2026-08-23T20:28:14.321Z
"https://leetcode.com/problems/min-max-game/","Min Max Game","ARRAY","EASY",107065,,"CLEAR",,true,2026-07-21T18:50:04.000Z,2026-08-23T20:28:14.321Z
"https://leetcode.com/problems/minimum-absolute-difference-between-two-values/","Minimum Absolute Difference Between Two Values","ARRAY","EASY",62541,,"CLEAR",,true,2026-07-21T18:50:04.000Z,2026-08-23T20:28:14.321Z
"https://leetcode.com/problems/minimum-absolute-difference-queries/","Minimum Absolute Difference Queries","ARRAY","MEDIUM",31187,,"CLEAR",,true,2026-07-21T18:50:04.000Z,2026-08-23T20:28:14.321Z
"https://leetcode.com/problems/minimum-amount-of-time-to-collect-garbage/","Minimum Amount of Time to Collect Garbage","ARRAY","MEDIUM",185665,,"CLEAR",,true,2026-07-21T18:50:04.000Z,2026-08-23T20:28:14.321Z
"https://leetcode.com/problems/minimum-average-difference/","Minimum Average Difference","ARRAY","MEDIUM",226451,,"CLEAR",,true,2026-07-21T18:50:04.000Z,2026-08-23T20:28:14.321Z
"https://leetcode.com/problems/minimum-capacity-box/","Minimum Capacity Box","ARRAY","EASY",77383,,"CLEAR",,true,2026-07-21T18:50:04.000Z,2026-08-23T20:28:14.321Z
"https://leetcode.com/problems/minimum-cost-to-reach-every-position/","Minimum Cost to Reach Every Position","ARRAY","EASY",50576,,"CLEAR",,true,2026-07-21T18:50:04.000Z,2026-08-23T20:28:14.321Z
"https://leetcode.com/problems/minimum-distance-to-the-target-element/","Minimum Distance to the Target Element","ARRAY","EASY",277515,,"CLEAR",,true,2026-07-21T18:50:04.000Z,2026-08-23T20:28:14.321Z
"https://leetcode.com/problems/minimum-element-after-replacement-with-digit-sum/","Minimum Element After Replacement With Digit Sum","ARRAY","EASY",232793,,"CLEAR",,true,2026-07-21T18:50:04.000Z,2026-08-23T20:28:14.321Z
"https://leetcode.com/problems/minimum-levels-to-gain-more-points/","Minimum Levels to Gain More Points","ARRAY","MEDIUM",69822,,"CLEAR",,true,2026-07-21T18:50:04.000Z,2026-08-23T20:28:14.321Z
"https://leetcode.com/problems/minimum-moves-to-equal-array-elements/","Minimum Moves to Equal Array Elements","ARRAY","MEDIUM",381001,,"TLE","class Solution {
public:
    void resort(vector<int>& nums, int n) {
        int i = 0, last = nums[n - 1];
        while (i < n - 1 && nums[i] <= last) {
            i++;
        }
        int j = n - 1;
        while (j > i) {
            nums[j] = nums[j - 1];
            j--;
        }
        nums[j] = last;
    }
    void add1s(vector<int>& nums, int n) {
        for (auto& num : nums) {
            num++;
        }
        nums[n - 1]--;
    }
    int minMoves(vector<int>& nums) {
        int n = nums.size();
        sort(nums.begin(), nums.end());

        int ans = 0;
        while (nums[0] != nums[n - 1]) {
            add1s(nums, n);
            ans++;
            resort(nums, n);
        }

        return ans;
    }
};",true,2026-07-21T18:50:04.000Z,2026-08-23T20:28:14.321Z
"https://leetcode.com/problems/minimum-moves-to-equal-array-elements-iii/","Minimum Moves to Equal Array Elements III","ARRAY","EASY",49368,,"CLEAR",,true,2026-07-21T18:50:04.000Z,2026-08-23T20:28:14.321Z
"https://leetcode.com/problems/minimum-number-of-operations-to-make-all-array-elements-equal-to-1/","Minimum Number of Operations to Make All Array Elements Equal to 1","ARRAY","MEDIUM",163854,,"CLEAR",,true,2026-07-21T18:50:04.000Z,2026-08-23T20:28:14.321Z
"https://leetcode.com/problems/minimum-number-of-operations-to-move-all-balls-to-each-box/","Minimum Number of Operations to Move All Balls to Each Box","ARRAY","MEDIUM",383149,,"CLEAR",,true,2026-07-21T18:50:04.000Z,2026-08-23T20:28:14.321Z
"https://leetcode.com/problems/minimum-number-of-operations-to-reinitialize-a-permutation/","Minimum Number of Operations to Reinitialize a Permutation","ARRAY","MEDIUM",32900,,"CLEAR",,true,2026-07-21T18:50:04.000Z,2026-08-23T20:28:14.321Z
"https://leetcode.com/problems/minimum-operations-to-exceed-threshold-value-i/","Minimum Operations to Exceed Threshold Value I","ARRAY","EASY",127851,,"CLEAR",,true,2026-07-21T18:50:04.000Z,2026-08-23T20:28:14.321Z
"https://leetcode.com/problems/minimum-operations-to-make-array-modulo-alternating-i/","Minimum Operations to Make Array Modulo Alternating I","ARRAY","MEDIUM",44417,,"CLEAR",,true,2026-07-21T18:50:04.000Z,2026-08-23T20:28:14.321Z
"https://leetcode.com/problems/minimum-operations-to-make-array-modulo-alternating-ii/","Minimum Operations to Make Array Modulo Alternating II","ARRAY","HARD",508,,"CLEAR",,true,2026-07-21T18:50:04.000Z,2026-08-23T20:28:14.321Z
"https://leetcode.com/problems/minimum-operations-to-make-array-sum-divisible-by-k/","Minimum Operations to Make Array Sum Divisible by K","ARRAY","EASY",223058,,"CLEAR",,true,2026-07-21T18:50:04.000Z,2026-08-23T20:28:14.321Z
"https://leetcode.com/problems/minimum-operations-to-maximize-last-elements-in-arrays/","Minimum Operations to Maximize Last Elements in Arrays","ARRAY","MEDIUM",34869,,"CLEAR",,true,2026-07-21T18:50:04.000Z,2026-08-23T20:28:14.321Z
"https://leetcode.com/problems/minimum-operations-to-sort-a-permutation/","Minimum Operations to Sort a Permutation","ARRAY","MEDIUM",54008,,"CLEAR",,true,2026-07-21T18:50:04.000Z,2026-08-23T20:28:14.321Z
"https://leetcode.com/problems/minimum-penalty-for-a-shop/","Minimum Penalty for a Shop","ARRAY","MEDIUM",335643,,"CLEAR",,true,2026-07-21T18:50:04.000Z,2026-08-23T20:28:14.321Z
"https://leetcode.com/problems/minimum-prefix-removal-to-make-array-strictly-increasing/","Minimum Prefix Removal to Make Array Strictly Increasing","ARRAY","MEDIUM",72064,,"CLEAR",,true,2026-07-21T18:50:04.000Z,2026-08-23T20:28:14.321Z
"https://leetcode.com/problems/minimum-right-shifts-to-sort-the-array/","Minimum Right Shifts to Sort the Array","ARRAY","EASY",76144,,"CLEAR",,true,2026-07-21T18:50:04.000Z,2026-08-23T20:28:14.321Z
"https://leetcode.com/problems/minimum-sum-of-mountain-triplets-i/","Minimum Sum of Mountain Triplets I","ARRAY","EASY",74368,,"CLEAR",,true,2026-07-21T18:50:04.000Z,2026-08-23T20:28:14.321Z
"https://leetcode.com/problems/minimum-sum-of-mountain-triplets-ii/","Minimum Sum of Mountain Triplets II","ARRAY","MEDIUM",60654,,"CLEAR",,true,2026-07-21T18:50:04.000Z,2026-08-23T20:28:14.321Z
"https://leetcode.com/problems/minimum-time-to-visit-all-houses/","Minimum Time to Visit All Houses","ARRAY","MEDIUM",1889,,"CLEAR",,true,2026-07-21T18:50:04.000Z,2026-08-23T20:28:14.321Z
"https://leetcode.com/problems/minimum-time-visiting-all-points/","Minimum Time Visiting All Points","ARRAY","EASY",489735,,"CLEAR",,true,2026-07-21T18:50:04.000Z,2026-08-23T20:28:14.321Z
"https://leetcode.com/problems/minimum-total-operations/","Minimum Total Operations","ARRAY","EASY",2295,,"CLEAR",,true,2026-07-21T18:50:04.000Z,2026-08-23T20:28:14.321Z
"https://leetcode.com/problems/minimum-value-to-get-positive-step-by-step-sum/","Minimum Value to Get Positive Step by Step Sum","ARRAY","EASY",366906,,"CLEAR",,true,2026-07-21T18:50:04.000Z,2026-08-23T20:28:14.321Z
"https://leetcode.com/problems/missing-number-in-arithmetic-progression/","Missing Number In Arithmetic Progression","ARRAY","EASY",61903,,"CLEAR",,true,2026-07-21T18:50:04.000Z,2026-08-23T20:28:14.321Z
"https://leetcode.com/problems/missing-ranges/","Missing Ranges","ARRAY","EASY",876093,,"CLEAR",,true,2026-07-21T18:50:04.000Z,2026-08-23T20:28:14.321Z
"https://leetcode.com/problems/monotonic-array/","Monotonic Array","ARRAY","EASY",953573,,"SUCCESS","class Solution {
public:
    bool isMonotonic(vector<int>& nums) {
        int n = nums.size();
        if (n < 3) {
            return true;
        }
        bool inc = true, dec = true;
        int i = 1;
        while (i < n) {
            if (nums[i - 1] > nums[i]) {
                inc = false;
            }
            if (nums[i - 1] < nums[i]) {
                dec = false;
            }
            i++;
        }
        return inc || dec;
    }
};",true,2026-07-21T18:50:04.000Z,2026-08-23T20:28:14.321Z
"https://leetcode.com/problems/most-visited-sector-in-a-circular-track/","Most Visited Sector in  a Circular Track","ARRAY","EASY",67912,,"CLEAR",,true,2026-07-21T18:50:04.000Z,2026-08-23T20:28:14.321Z
"https://leetcode.com/problems/multiply-two-polynomials/","Multiply Two Polynomials","ARRAY","HARD",713,,"CLEAR",,true,2026-07-21T18:50:04.000Z,2026-08-23T20:28:14.321Z
"https://leetcode.com/problems/non-decreasing-array/","Non-decreasing Array","ARRAY","MEDIUM",1164391,,"ERROR","class Solution {
public:
    bool checkPossibility(vector<int>& nums) {
        int n = nums.size();
        if (n < 3) {
            return true;
        }
        int exp = 0, real = 0, i = 0;
        while (i < n - 1) {
            if (nums[i] <= nums[i + 1]) {
                real++;
            }
            exp++;
            i++;
        }
        return exp - real < 2;
    }
};",true,2026-07-21T18:50:04.000Z,2026-08-23T20:28:14.321Z
"https://leetcode.com/problems/number-of-adjacent-elements-with-the-same-color/","Number of Adjacent Elements With the Same Color","ARRAY","MEDIUM",59030,,"CLEAR",,true,2026-07-21T18:50:04.000Z,2026-08-23T20:28:14.321Z
"https://leetcode.com/problems/number-of-different-subsequences-gcds/","Number of Different Subsequences GCDs","ARRAY","HARD",30748,,"CLEAR",,true,2026-07-21T18:50:04.000Z,2026-08-23T20:28:14.321Z
"https://leetcode.com/problems/number-of-employees-who-met-the-target/","Number of Employees Who Met the Target","ARRAY","EASY",290718,,"CLEAR",,true,2026-07-21T18:50:04.000Z,2026-08-23T20:28:14.321Z
"https://leetcode.com/problems/number-of-lines-to-write-string/","Number of Lines To Write String","ARRAY","EASY",162997,,"CLEAR",,true,2026-07-21T18:50:04.000Z,2026-08-23T20:28:14.321Z
"https://leetcode.com/problems/number-of-rectangles-that-can-form-the-largest-square/","Number Of Rectangles That Can Form The Largest Square","ARRAY","EASY",111333,,"CLEAR",,true,2026-07-21T18:50:04.000Z,2026-08-23T20:28:14.321Z
"https://leetcode.com/problems/number-of-senior-citizens/","Number of Senior Citizens","ARRAY","EASY",378051,,"CLEAR",,true,2026-07-21T18:50:04.000Z,2026-08-23T20:28:14.321Z
"https://leetcode.com/problems/number-of-single-divisor-triplets/","Number of Single Divisor Triplets","ARRAY","MEDIUM",2983,,"CLEAR",,true,2026-07-21T18:50:04.000Z,2026-08-23T20:28:14.321Z
"https://leetcode.com/problems/number-of-strings-that-appear-as-substrings-in-word/","Number of Strings That Appear as Substrings in Word","ARRAY","EASY",286330,,"CLEAR",,true,2026-07-21T18:50:04.000Z,2026-08-23T20:28:14.321Z
"https://leetcode.com/problems/number-of-student-replacements/","Number of Student Replacements","ARRAY","MEDIUM",1281,,"CLEAR",,true,2026-07-21T18:50:04.000Z,2026-08-23T20:28:14.321Z
"https://leetcode.com/problems/number-of-students-doing-homework-at-a-given-time/","Number of Students Doing Homework at a Given Time","ARRAY","EASY",202918,,"CLEAR",,true,2026-07-21T18:50:04.000Z,2026-08-23T20:28:14.321Z
"https://leetcode.com/problems/number-of-subarrays-with-gcd-equal-to-k/","Number of Subarrays With GCD Equal to K","ARRAY","MEDIUM",68790,,"CLEAR",,true,2026-07-21T18:50:04.000Z,2026-08-23T20:28:14.321Z
"https://leetcode.com/problems/number-of-subarrays-with-lcm-equal-to-k/","Number of Subarrays With LCM Equal to K","ARRAY","MEDIUM",80768,,"CLEAR",,true,2026-07-21T18:50:04.000Z,2026-08-23T20:28:14.321Z
"https://leetcode.com/problems/number-of-times-binary-string-is-prefix-aligned/","Number of Times Binary String Is Prefix-Aligned","ARRAY","MEDIUM",92567,,"CLEAR",,true,2026-07-21T18:50:04.000Z,2026-08-23T20:28:14.321Z
"https://leetcode.com/problems/number-of-ways-to-split-array/","Number of Ways to Split Array","ARRAY","MEDIUM",434568,,"SUCCESS","class Solution {
public:
    int waysToSplitArray(vector<int>& nums) {
        int n = nums.size();
        if (n < 2) {
            return 0;
        }
        long long sumr = 0, suml = 0;
        for (auto it : nums) {
            sumr += it;
        }
        int i = 0, ans = 0;

        while (i < n - 1) {
            suml += nums[i];
            sumr -= nums[i];
            if (suml >= sumr) {
                ans++;
            }
            i++;
        }

        return ans;
    }
};",true,2026-07-21T18:50:04.000Z,2026-08-23T20:28:14.321Z
"https://leetcode.com/problems/number-of-zero-filled-subarrays/","Number of Zero-Filled Subarrays","ARRAY","MEDIUM",448899,,"SUCCESS","class Solution {
public:
    long long zeroFilledSubarray(vector<int>& nums) {
        vector<int> idx(1, 0);
        int i = 1;
        for (auto it : nums) {
            if (it != 0) {
                idx.push_back(i);
            }
            i++;
        }
        idx.push_back(nums.size() + 1);

        int n = idx.size();
        i = 1;

        long long ans = 0;
        while (i < n) {
            long long a = idx[i] - idx[i - 1];
            ans += ((a - 1) * a) / 2;
            i++;
        }
        return ans;
    }
};",true,2026-07-21T18:50:04.000Z,2026-08-23T20:28:14.321Z
"https://leetcode.com/problems/partition-array-into-disjoint-intervals/","Partition Array into Disjoint Intervals","ARRAY","MEDIUM",201723,,"CLEAR",,true,2026-07-21T18:50:04.000Z,2026-08-23T20:28:14.321Z
"https://leetcode.com/problems/peeking-iterator/","Peeking Iterator","ARRAY","MEDIUM",423504,,"CLEAR",,true,2026-07-21T18:50:04.000Z,2026-08-23T20:28:14.321Z
"https://leetcode.com/problems/perform-string-shifts/","Perform String Shifts","ARRAY","EASY",168836,,"CLEAR",,true,2026-07-21T18:50:04.000Z,2026-08-23T20:28:14.321Z
"https://leetcode.com/problems/permutations-iv/","Permutations IV","ARRAY","HARD",13126,,"CLEAR",,true,2026-07-21T18:50:04.000Z,2026-08-23T20:28:14.321Z
"https://leetcode.com/problems/plus-one/","Plus One","ARRAY","EASY",7702019,,"SUCCESS","class Solution {
public:
    vector<int> plusOne(vector<int>& digits) {
        int carry = 1, n = digits.size();

        reverse(digits.begin(), digits.end());

        for(auto &num: digits){
            carry+= num;
            num = carry%10;
            carry/=10;
        }
        
        while(carry > 0){
            digits.push_back(carry%10);
            carry/=10;
        }
        
        reverse(digits.begin(), digits.end());

        return digits;

    }
};",true,2026-07-21T18:50:04.000Z,2026-08-23T20:28:14.321Z
"https://leetcode.com/problems/pour-water/","Pour Water","ARRAY","MEDIUM",98289,,"CLEAR",,true,2026-07-21T18:50:04.000Z,2026-08-23T20:28:14.321Z
"https://leetcode.com/problems/prime-pairs-with-target-sum/","Prime Pairs With Target Sum","ARRAY","MEDIUM",111109,,"CLEAR",,true,2026-07-21T18:50:04.000Z,2026-08-23T20:28:14.321Z
"https://leetcode.com/problems/print-words-vertically/","Print Words Vertically","ARRAY","MEDIUM",79323,,"CLEAR",,true,2026-07-21T18:50:04.000Z,2026-08-23T20:28:14.321Z
"https://leetcode.com/problems/product-of-array-except-self/","Product of Array Except Self","ARRAY","MEDIUM",6872014,,"SUCCESS","class Solution {
public:
    vector<int> productExceptSelf(vector<int>& nums) {
        int n = nums.size();
        vector<int> left(n, 1), right(n, 1), ans(n, 1);

        for (int i = 1; i < n; i++) {
            left[i] = left[i - 1] * nums[i - 1];
            right[n - i - 1] = right[n - i] * nums[n - i];
        }

        for (int i = 0; i < n; i++) {
            ans[i] = left[i] * right[i];
        }

        return ans;
    }
};",true,2026-07-21T18:50:04.000Z,2026-09-01T21:36:12.824Z
"https://leetcode.com/problems/product-of-the-last-k-numbers/","Product of the Last K Numbers","ARRAY","MEDIUM",421957,,"CLEAR",,true,2026-07-21T18:50:04.000Z,2026-08-23T20:28:14.321Z
"https://leetcode.com/problems/queries-on-number-of-points-inside-a-circle/","Queries on Number of Points Inside a Circle","ARRAY","MEDIUM",113351,,"CLEAR",,true,2026-07-21T18:50:04.000Z,2026-08-23T20:28:14.321Z
"https://leetcode.com/problems/range-addition/","Range Addition","ARRAY","MEDIUM",146765,,"CLEAR",,true,2026-07-21T18:50:04.000Z,2026-08-23T20:28:14.321Z
"https://leetcode.com/problems/range-addition-ii/","Range Addition II","ARRAY","EASY",234751,,"CLEAR",,true,2026-07-21T18:50:04.000Z,2026-08-23T20:28:14.321Z
"https://leetcode.com/problems/range-sum-query-immutable/","Range Sum Query - Immutable","ARRAY","EASY",1345913,,"SUCCESS","class NumArray {
    vector<int> arr;

public:
    NumArray(vector<int>& nums) { arr = nums; }

    int sumRange(int left, int right) {
        int sum = 0;
        while (left <= right) {
            sum += arr[left++];
        }
        return sum;
    }
};

/**
 * Your NumArray object will be instantiated and called as such:
 * NumArray* obj = new NumArray(nums);
 * int param_1 = obj->sumRange(left,right);
 */",true,2026-07-21T18:50:04.000Z,2026-08-28T21:12:23.741Z
"https://leetcode.com/problems/read-n-characters-given-read4/","Read N Characters Given Read4","ARRAY","EASY",493076,,"CLEAR",,true,2026-07-21T18:50:04.000Z,2026-08-23T20:28:14.321Z
"https://leetcode.com/problems/read-n-characters-given-read4-ii-call-multiple-times/","Read N Characters Given read4 II - Call Multiple Times","ARRAY","HARD",455904,,"CLEAR",,true,2026-07-21T18:50:04.000Z,2026-08-23T20:28:14.321Z
"https://leetcode.com/problems/remove-comments/","Remove Comments","ARRAY","MEDIUM",215377,,"CLEAR",,true,2026-07-21T18:50:04.000Z,2026-08-23T20:28:14.321Z
"https://leetcode.com/problems/remove-interval/","Remove Interval","ARRAY","MEDIUM",63866,,"CLEAR",,true,2026-07-21T18:50:04.000Z,2026-08-23T20:28:14.321Z
"https://leetcode.com/problems/remove-one-element-to-make-the-array-strictly-increasing/","Remove One Element to Make the Array Strictly Increasing","ARRAY","EASY",295176,,"CLEAR",,true,2026-07-21T18:50:04.000Z,2026-08-23T20:28:14.321Z
"https://leetcode.com/problems/replace-elements-with-greatest-element-on-right-side/","Replace Elements with Greatest Element on Right Side","ARRAY","EASY",775711,,"SUCCESS","class Solution {
public:
    vector<int> replaceElements(vector<int>& arr) {
        int maxi = -1;
        int n = arr.size();
        int i = n - 1;
        while (i >= 0) {
            int temp = arr[i];
            arr[i] = maxi;
            maxi = max(maxi, temp);
            i--;
        }
        return arr;
    }
};",true,2026-07-21T18:50:04.000Z,2026-09-03T21:59:13.632Z
"https://leetcode.com/problems/rle-iterator/","RLE Iterator","ARRAY","MEDIUM",154307,,"CLEAR",,true,2026-07-21T18:50:04.000Z,2026-08-23T20:28:14.321Z
"https://leetcode.com/problems/rotate-non-negative-elements/","Rotate Non Negative Elements","ARRAY","MEDIUM",91840,,"CLEAR",,true,2026-07-21T18:50:04.000Z,2026-08-23T20:28:14.321Z
"https://leetcode.com/problems/running-sum-of-1d-array/","Running Sum of 1d Array","ARRAY","EASY",2854062,,"SUCCESS","class Solution {
public:
    vector<int> runningSum(vector<int>& nums) {
        int sum = 0;
        for(auto &num:nums){
            sum+=num;
            num=sum;
        }
        return nums;
    }
};",true,2026-07-21T18:50:04.000Z,2026-08-23T20:28:14.321Z
"https://leetcode.com/problems/score-validator/","Score Validator","ARRAY","EASY",49758,,"CLEAR",,true,2026-07-21T18:50:04.000Z,2026-08-23T20:28:14.321Z
"https://leetcode.com/problems/self-crossing/","Self Crossing","ARRAY","HARD",141528,,"CLEAR",,true,2026-07-21T18:50:04.000Z,2026-08-23T20:28:14.321Z
"https://leetcode.com/problems/semi-ordered-permutation/","Semi-Ordered Permutation","ARRAY","EASY",60557,,"CLEAR",,true,2026-07-21T18:50:04.000Z,2026-08-23T20:28:14.321Z
"https://leetcode.com/problems/separate-the-digits-in-an-array/","Separate the Digits in an Array","ARRAY","EASY",274137,,"CLEAR",,true,2026-07-21T18:50:04.000Z,2026-08-23T20:28:14.321Z
"https://leetcode.com/problems/shift-distance-between-two-strings/","Shift Distance Between Two Strings","ARRAY","MEDIUM",33319,,"CLEAR",,true,2026-07-21T18:50:04.000Z,2026-08-23T20:28:14.321Z
"https://leetcode.com/problems/shifting-letters/","Shifting Letters","ARRAY","MEDIUM",303095,,"CLEAR",,true,2026-07-21T18:50:04.000Z,2026-08-23T20:28:14.321Z
"https://leetcode.com/problems/shifting-letters-ii/","Shifting Letters II","ARRAY","MEDIUM",306975,,"TLE","#define ALPHA 26000000

class Solution {
public:
    char shiftChar(char ch, int num) {
        return 'a' + (ALPHA + num + ch - 'a') % 26;
    }
    string shiftingLetters(string s, vector<vector<int>>& shifts) {
        int n = s.size();
        int i = 0;

        unordered_map<int, int> mp;

        while (i < n) {
            mp[i++] = 0;
        }

        for (auto it : shifts) {
            i = it[0];
            while (i <= it[1]) {
                mp[i++] += it[2] * 2 - 1;
            }
        }

        i = 0;
        for (auto& ch : s) {
            ch = shiftChar(ch, mp[i++]);
        }

        return s;
    }
};",true,2026-07-21T18:50:04.000Z,2026-08-23T20:28:14.321Z
"https://leetcode.com/problems/shortest-distance-to-target-string-in-a-circular-array/","Shortest Distance to Target String in a Circular Array","ARRAY","EASY",214858,,"CLEAR",,true,2026-07-21T18:50:04.000Z,2026-08-23T20:28:14.321Z
"https://leetcode.com/problems/shortest-word-distance/","Shortest Word Distance","ARRAY","EASY",373816,,"CLEAR",,true,2026-07-21T18:50:04.000Z,2026-08-23T20:28:14.321Z
"https://leetcode.com/problems/shortest-word-distance-iii/","Shortest Word Distance III","ARRAY","MEDIUM",159787,,"CLEAR",,true,2026-07-21T18:50:04.000Z,2026-08-23T20:28:14.321Z
"https://leetcode.com/problems/shuffle-an-array/","Shuffle an Array","ARRAY","MEDIUM",669252,,"CLEAR",,true,2026-07-21T18:50:04.000Z,2026-08-23T20:28:14.321Z
"https://leetcode.com/problems/shuffle-string/","Shuffle String","ARRAY","EASY",595636,,"CLEAR",,true,2026-07-21T18:50:04.000Z,2026-08-23T20:28:14.321Z
"https://leetcode.com/problems/shuffle-the-array/","Shuffle the Array","ARRAY","EASY",1314325,,"SUCCESS","class Solution {
public:
    vector<int> shuffle(vector<int>& nums, int n) {
        vector<int> ans(2 * n, 0);
        int i = 0;
        while (i < n) {
            ans[2 * i] = nums[i];
            ans[2 * i + 1] = nums[i + n];
            i++;
        }
        return ans;
    }
};",true,2026-07-21T18:50:04.000Z,2026-08-23T20:28:14.321Z
"https://leetcode.com/problems/sign-of-the-product-of-an-array/","Sign of the Product of an Array","ARRAY","EASY",701226,,"CLEAR",,true,2026-07-21T18:50:04.000Z,2026-08-23T20:28:14.321Z
"https://leetcode.com/problems/slowest-key/","Slowest Key","ARRAY","EASY",199661,,"CLEAR",,true,2026-07-21T18:50:04.000Z,2026-08-23T20:28:14.321Z
"https://leetcode.com/problems/smallest-index-with-digit-sum-equal-to-index/","Smallest Index With Digit Sum Equal to Index","ARRAY","EASY",73460,,"CLEAR",,true,2026-07-21T18:50:04.000Z,2026-08-23T20:28:14.321Z
"https://leetcode.com/problems/smallest-index-with-equal-value/","Smallest Index With Equal Value","ARRAY","EASY",121937,,"CLEAR",,true,2026-07-21T18:50:04.000Z,2026-08-23T20:28:14.321Z
"https://leetcode.com/problems/smallest-range-i/","Smallest Range I","ARRAY","EASY",175437,,"CLEAR",,true,2026-07-21T18:50:04.000Z,2026-08-23T20:28:14.321Z
"https://leetcode.com/problems/smallest-rotation-with-highest-score/","Smallest Rotation with Highest Score","ARRAY","HARD",36128,,"CLEAR",,true,2026-07-21T18:50:04.000Z,2026-08-23T20:28:14.321Z
"https://leetcode.com/problems/smallest-stable-index-i/","Smallest Stable Index I","ARRAY","EASY",66750,,"CLEAR",,true,2026-07-21T18:50:04.000Z,2026-08-23T20:28:14.321Z
"https://leetcode.com/problems/smallest-stable-index-ii/","Smallest Stable Index II","ARRAY","MEDIUM",53646,,"CLEAR",,true,2026-07-21T18:50:04.000Z,2026-08-23T20:28:14.321Z
"https://leetcode.com/problems/snake-in-matrix/","Snake in Matrix","ARRAY","EASY",95784,,"CLEAR",,true,2026-07-21T18:50:04.000Z,2026-08-23T20:28:14.321Z
"https://leetcode.com/problems/special-array-i/","Special Array I","ARRAY","EASY",326295,,"CLEAR",,true,2026-07-21T18:50:04.000Z,2026-08-23T20:28:14.321Z
"https://leetcode.com/problems/split-array-by-prime-indices/","Split Array by Prime Indices","ARRAY","MEDIUM",77789,,"CLEAR",,true,2026-07-21T18:50:04.000Z,2026-08-23T20:28:14.321Z
"https://leetcode.com/problems/split-array-with-minimum-difference/","Split Array With Minimum Difference","ARRAY","MEDIUM",123523,,"CLEAR",,true,2026-07-21T18:50:04.000Z,2026-08-23T20:28:14.321Z
"https://leetcode.com/problems/split-strings-by-separator/","Split Strings by Separator","ARRAY","EASY",107556,,"CLEAR",,true,2026-07-21T18:50:04.000Z,2026-08-23T20:28:14.321Z
"https://leetcode.com/problems/squirrel-simulation/","Squirrel Simulation","ARRAY","MEDIUM",42270,,"CLEAR",,true,2026-07-21T18:50:04.000Z,2026-08-23T20:28:14.321Z
"https://leetcode.com/problems/statistics-from-a-large-sample/","Statistics from a Large Sample","ARRAY","MEDIUM",62707,,"CLEAR",,true,2026-07-21T18:50:04.000Z,2026-08-23T20:28:14.321Z
"https://leetcode.com/problems/string-matching-in-an-array/","String Matching in an Array","ARRAY","EASY",430090,,"CLEAR",,true,2026-07-21T18:50:04.000Z,2026-08-23T20:28:14.321Z
"https://leetcode.com/problems/sum-of-absolute-differences-in-a-sorted-array/","Sum of Absolute Differences in a Sorted Array","ARRAY","MEDIUM",203903,,"CLEAR",,true,2026-07-21T18:50:04.000Z,2026-08-23T20:28:14.321Z
"https://leetcode.com/problems/sum-of-all-odd-length-subarrays/","Sum of All Odd Length Subarrays","ARRAY","EASY",314472,,"CLEAR",,true,2026-07-21T18:50:04.000Z,2026-08-23T20:28:14.321Z
"https://leetcode.com/problems/sum-of-beauty-in-the-array/","Sum of Beauty in the Array","ARRAY","MEDIUM",66000,,"CLEAR",,true,2026-07-21T18:50:04.000Z,2026-08-23T20:28:14.321Z
"https://leetcode.com/problems/sum-of-digits-in-the-minimum-number/","Sum of Digits in the Minimum Number","ARRAY","EASY",34185,,"CLEAR",,true,2026-07-21T18:50:04.000Z,2026-08-23T20:28:14.321Z
"https://leetcode.com/problems/sum-of-even-numbers-after-queries/","Sum of Even Numbers After Queries","ARRAY","MEDIUM",228976,,"CLEAR",,true,2026-07-21T18:50:04.000Z,2026-08-23T20:28:14.321Z
"https://leetcode.com/problems/sum-of-good-numbers/","Sum of Good Numbers","ARRAY","EASY",78278,,"CLEAR",,true,2026-07-21T18:50:04.000Z,2026-08-23T20:28:14.321Z
"https://leetcode.com/problems/sum-of-squares-of-special-elements/","Sum of Squares of Special Elements ","ARRAY","EASY",129088,,"CLEAR",,true,2026-07-21T18:50:04.000Z,2026-08-23T20:28:14.321Z
"https://leetcode.com/problems/sum-of-variable-length-subarrays/","Sum of Variable Length Subarrays","ARRAY","EASY",71782,,"CLEAR",,true,2026-07-21T18:50:04.000Z,2026-08-23T20:28:14.321Z
"https://leetcode.com/problems/summary-ranges/","Summary Ranges","ARRAY","EASY",1794272,,"SUCCESS","class Solution {
public:
    vector<string> summaryRanges(vector<int>& nums) {
        int n = nums.size();
        if (n == 0) {
            return {};
        }
        if (n == 1) {
            return {to_string(nums[0])};
        }

        vector<vector<int>> mat;
        mat.push_back({});
        mat[0].push_back(nums[0]);

        int i = 1;
        int r = 0;
        int c = 0;
        while (i < n) {
            if (nums[i] == mat[r][c] + 1) {
                mat[r].push_back(nums[i]);
                c++;
            } else {
                mat.push_back({});
                r++;
                mat[r].push_back(nums[i]);
                c = 0;
            }
            i++;
        }

        vector<string> ans;
        for (auto& it : mat) {
            int a = it[0];
            int b = it[it.size() - 1];

            if (a < b) {
                ans.push_back(to_string(a) + ""->"" + to_string(b));
            } else {
                ans.push_back(to_string(a));
            }
        }

        return ans;
    }
};",true,2026-07-21T18:50:04.000Z,2026-08-23T20:28:14.321Z
"https://leetcode.com/problems/teemo-attacking/","Teemo Attacking","ARRAY","EASY",398934,,"CLEAR",,true,2026-07-21T18:50:04.000Z,2026-08-23T20:28:14.321Z
"https://leetcode.com/problems/text-justification/","Text Justification","ARRAY","HARD",1307167,,"ERROR","class Solution {
public:
    string generateGap(int n) {
        string gap(n, ' ');
        return gap;
    }
    string createLine(vector<string>& lineWords, int totalGap) {
        int n = lineWords.size();
        if (lineWords.size() == 1) {
            return lineWords[0] + generateGap(totalGap);
        }
        string gaps = generateGap(totalGap / (n - 1));
        string firstGap = gaps + generateGap(totalGap % (n - 1));

        string line = """";

        for (int i = 0; i < n; i++) {
            if (i == 0) {
                line += lineWords[i] + firstGap;
            } else if (i == n - 1) {
                line += lineWords[i];
            } else {
                line += lineWords[i] + gaps;
            }
        }

        return line;
    }
    vector<string> fullJustify(vector<string>& words, int maxWidth) {
        int l = 0;
        int wordsLength = 0;
        vector<string> temp;
        vector<string> ans;

        for (auto str : words) {
            if (l == 0) {
                temp = {str};
                l = str.size();
                wordsLength = str.size();
            } else if (l + str.size() + 1 > maxWidth) {
                ans.push_back(createLine(temp, maxWidth - wordsLength));
                temp = {str};
                l = str.size();
                wordsLength = str.size();
            } else {
                temp.push_back(str);
                l += str.size() + 1;
                wordsLength += str.size();
            }
        }
        if (l > 0) {
            ans.push_back(createLine(temp, maxWidth - wordsLength));
        }
        return ans;
    }
};",true,2026-07-21T18:50:04.000Z,2026-08-30T09:35:30.609Z
"https://leetcode.com/problems/the-employee-that-worked-on-the-longest-task/","The Employee That Worked on the Longest Task","ARRAY","EASY",87049,,"CLEAR",,true,2026-07-21T18:50:04.000Z,2026-08-23T20:28:14.321Z
"https://leetcode.com/problems/three-consecutive-odds/","Three Consecutive Odds","ARRAY","EASY",653300,,"CLEAR",,true,2026-07-21T18:50:04.000Z,2026-08-23T20:28:14.321Z
"https://leetcode.com/problems/three-equal-parts/","Three Equal Parts","ARRAY","HARD",86166,,"ERROR","class Solution {
public:
    vector<int> threeEqualParts(vector<int>& arr) {
        int ones = 0;
        for (auto num : arr) {
            ones += num;
        }
        if (ones % 3 != 0) {
            return {-1, -1};
        }
        if (ones == 0) {
            return {0, 2};
        }

        int i = 0, j = 0, k = 0, n = arr.size(), temp = 0;

        while (k < n) {
            if (arr[k] == 1) {
                temp++;
            }
            if (temp <= ones / 3) {
                i++;
            }
            if (temp <= 1 + (2 * ones) / 3) {
                j++;
            }
            k++;
        }

        int l = min(i + 1, min(j - 1 - i, n - j));

        int x = i, y = j - 1, z = n - 1;

        while (l > 0) {
            if (arr[x] != arr[y] || arr[z] != arr[y] || arr[x] != arr[z]) {
                return {-1, -1};
            }
            x--;
            y--;
            z--;
            l--;
        }

        return {i, j};
    }
};",true,2026-07-21T18:50:04.000Z,2026-08-30T15:02:47.315Z
"https://leetcode.com/problems/transformed-array/","Transformed Array","ARRAY","EASY",252434,,"CLEAR",,true,2026-07-21T18:50:04.000Z,2026-08-23T20:28:14.321Z
"https://leetcode.com/problems/trionic-array-i/","Trionic Array I","ARRAY","EASY",403310,,"CLEAR",,true,2026-07-21T18:50:04.000Z,2026-08-23T20:28:14.321Z
"https://leetcode.com/problems/truncate-sentence/","Truncate Sentence","ARRAY","EASY",280611,,"CLEAR",,true,2026-07-21T18:50:04.000Z,2026-08-23T20:28:14.321Z
"https://leetcode.com/problems/valid-boomerang/","Valid Boomerang","ARRAY","EASY",198700,,"CLEAR",,true,2026-07-21T18:50:04.000Z,2026-08-23T20:28:14.321Z
"https://leetcode.com/problems/valid-elements-in-an-array/","Valid Elements in an Array","ARRAY","EASY",69004,,"CLEAR",,true,2026-07-21T18:50:04.000Z,2026-08-23T20:28:14.321Z
"https://leetcode.com/problems/valid-mountain-array/","Valid Mountain Array","ARRAY","EASY",1631946,,"SUCCESS","class Solution {
public:
    bool validMountainArray(vector<int>& arr) {
        int n = arr.size();
        if (n < 3) {
            return false;
        }
        int i = 0;
        while (i < n - 1 && arr[i] < arr[i + 1]) {
            i++;
        }
        int j = n - 1;
        while (j > 0 && arr[j] < arr[j - 1]) {
            j--;
        }
        return i == j && i > 0 && i < n - 1;
    }
};",true,2026-07-21T18:50:04.000Z,2026-08-23T20:28:14.321Z
"https://leetcode.com/problems/valid-subarrays-with-exactly-one-peak/","Valid Subarrays With Exactly One Peak","ARRAY","MEDIUM",629,,"CLEAR",,true,2026-07-21T18:50:04.000Z,2026-08-23T20:28:14.321Z
"https://leetcode.com/problems/watering-plants/","Watering Plants","ARRAY","MEDIUM",88799,,"CLEAR",,true,2026-07-21T18:50:04.000Z,2026-08-23T20:28:14.321Z
"https://leetcode.com/problems/ways-to-make-a-fair-array/","Ways to Make a Fair Array","ARRAY","MEDIUM",92340,,"CLEAR",,true,2026-07-21T18:50:04.000Z,2026-08-23T20:28:14.321Z
"https://leetcode.com/problems/weighted-word-mapping/","Weighted Word Mapping","ARRAY","EASY",185869,,"CLEAR",,true,2026-07-21T18:50:04.000Z,2026-08-23T20:28:14.321Z
"https://leetcode.com/problems/zero-array-transformation-i/","Zero Array Transformation I","ARRAY","MEDIUM",290997,,"CLEAR",,true,2026-07-21T18:50:04.000Z,2026-08-23T20:28:14.321Z
"https://leetcode.com/problems/24-game/","24 Game","BACKTRACKING","HARD",290276,,"CLEAR",,false,2026-07-21T18:50:04.000Z,2026-07-21T18:50:04.000Z
"https://leetcode.com/problems/additive-number/","Additive Number","BACKTRACKING","MEDIUM",361709,,"CLEAR",,false,2026-07-21T18:50:04.000Z,2026-07-21T18:50:04.000Z
"https://leetcode.com/problems/all-paths-from-source-to-target/","All Paths From Source to Target","BACKTRACKING","MEDIUM",846499,,"CLEAR",,false,2026-07-21T18:50:04.000Z,2026-07-21T18:50:04.000Z
"https://leetcode.com/problems/ambiguous-coordinates/","Ambiguous Coordinates","BACKTRACKING","MEDIUM",63103,,"CLEAR",,false,2026-07-21T18:50:04.000Z,2026-07-21T18:50:04.000Z
"https://leetcode.com/problems/balanced-k-factor-decomposition/","Balanced K-Factor Decomposition","BACKTRACKING","MEDIUM",69573,,"CLEAR",,false,2026-07-21T18:50:04.000Z,2026-07-21T18:50:04.000Z
"https://leetcode.com/problems/binary-tree-paths/","Binary Tree Paths","BACKTRACKING","EASY",1523358,,"CLEAR",,false,2026-07-21T18:50:04.000Z,2026-07-21T18:50:04.000Z
"https://leetcode.com/problems/brace-expansion/","Brace Expansion","BACKTRACKING","MEDIUM",101221,,"CLEAR",,false,2026-07-21T18:50:04.000Z,2026-07-21T18:50:04.000Z
"https://leetcode.com/problems/brace-expansion-ii/","Brace Expansion II","BACKTRACKING","HARD",47192,,"CLEAR",,false,2026-07-21T18:50:04.000Z,2026-07-21T18:50:04.000Z
"https://leetcode.com/problems/combination-sum/","Combination Sum","BACKTRACKING","MEDIUM",4265911,,"CLEAR",,false,2026-07-21T18:50:04.000Z,2026-07-21T18:50:04.000Z
"https://leetcode.com/problems/combination-sum-ii/","Combination Sum II","BACKTRACKING","MEDIUM",2987014,,"CLEAR",,false,2026-07-21T18:50:04.000Z,2026-07-21T18:50:04.000Z
"https://leetcode.com/problems/combination-sum-iii/","Combination Sum III","BACKTRACKING","MEDIUM",1141685,,"CLEAR",,false,2026-07-21T18:50:04.000Z,2026-07-21T18:50:04.000Z
"https://leetcode.com/problems/combinations/","Combinations","BACKTRACKING","MEDIUM",1848295,,"CLEAR",,false,2026-07-21T18:50:04.000Z,2026-07-21T18:50:04.000Z
"https://leetcode.com/problems/confusing-number-ii/","Confusing Number II","BACKTRACKING","HARD",83875,,"CLEAR",,false,2026-07-21T18:50:04.000Z,2026-07-21T18:50:04.000Z
"https://leetcode.com/problems/construct-the-lexicographically-largest-valid-sequence/","Construct the Lexicographically Largest Valid Sequence","BACKTRACKING","MEDIUM",156547,,"CLEAR",,false,2026-07-21T18:50:04.000Z,2026-07-21T18:50:04.000Z
"https://leetcode.com/problems/expression-add-operators/","Expression Add Operators","BACKTRACKING","HARD",752041,,"CLEAR",,false,2026-07-21T18:50:04.000Z,2026-07-21T18:50:04.000Z
"https://leetcode.com/problems/factor-combinations/","Factor Combinations","BACKTRACKING","MEDIUM",280275,,"CLEAR",,false,2026-07-21T18:50:04.000Z,2026-07-21T18:50:04.000Z
"https://leetcode.com/problems/find-the-punishment-number-of-an-integer/","Find the Punishment Number of an Integer","BACKTRACKING","MEDIUM",187325,,"CLEAR",,false,2026-07-21T18:50:04.000Z,2026-07-21T18:50:04.000Z
"https://leetcode.com/problems/find-unique-binary-string/","Find Unique Binary String","BACKTRACKING","MEDIUM",514178,,"CLEAR",,false,2026-07-21T18:50:04.000Z,2026-07-21T18:50:04.000Z
"https://leetcode.com/problems/iterator-for-combination/","Iterator for Combination","BACKTRACKING","MEDIUM",114893,,"CLEAR",,false,2026-07-21T18:50:04.000Z,2026-07-21T18:50:04.000Z
"https://leetcode.com/problems/largest-time-for-given-digits/","Largest Time for Given Digits","BACKTRACKING","MEDIUM",292094,,"CLEAR",,false,2026-07-21T18:50:04.000Z,2026-07-21T18:50:04.000Z
"https://leetcode.com/problems/letter-combinations-of-a-phone-number/","Letter Combinations of a Phone Number","BACKTRACKING","MEDIUM",4701289,,"CLEAR",,false,2026-07-21T18:50:04.000Z,2026-07-21T18:50:04.000Z
"https://leetcode.com/problems/letter-tile-possibilities/","Letter Tile Possibilities","BACKTRACKING","MEDIUM",312363,,"CLEAR",,false,2026-07-21T18:50:04.000Z,2026-07-21T18:50:04.000Z
"https://leetcode.com/problems/longest-subsequence-repeated-k-times/","Longest Subsequence Repeated k Times","BACKTRACKING","HARD",104856,,"CLEAR",,false,2026-07-21T18:50:04.000Z,2026-07-21T18:50:04.000Z
"https://leetcode.com/problems/maximum-path-quality-of-a-graph/","Maximum Path Quality of a Graph","BACKTRACKING","HARD",57134,,"CLEAR",,false,2026-07-21T18:50:04.000Z,2026-07-21T18:50:04.000Z
"https://leetcode.com/problems/n-queens/","N-Queens","BACKTRACKING","HARD",1777888,,"CLEAR",,false,2026-07-21T18:50:04.000Z,2026-07-21T18:50:04.000Z
"https://leetcode.com/problems/n-queens-ii/","N-Queens II","BACKTRACKING","HARD",797016,,"CLEAR",,false,2026-07-21T18:50:04.000Z,2026-07-21T18:50:04.000Z
"https://leetcode.com/problems/next-closest-time/","Next Closest Time","BACKTRACKING","MEDIUM",253111,,"CLEAR",,false,2026-07-21T18:50:04.000Z,2026-07-21T18:50:04.000Z
"https://leetcode.com/problems/next-greater-numerically-balanced-number/","Next Greater Numerically Balanced Number","BACKTRACKING","MEDIUM",170885,,"CLEAR",,false,2026-07-21T18:50:04.000Z,2026-07-21T18:50:04.000Z
"https://leetcode.com/problems/number-of-valid-move-combinations-on-chessboard/","Number of Valid Move Combinations On Chessboard","BACKTRACKING","HARD",12218,,"CLEAR",,false,2026-07-21T18:50:04.000Z,2026-07-21T18:50:04.000Z
"https://leetcode.com/problems/numbers-with-same-consecutive-differences/","Numbers With Same Consecutive Differences","BACKTRACKING","MEDIUM",267959,,"CLEAR",,false,2026-07-21T18:50:04.000Z,2026-07-21T18:50:04.000Z
"https://leetcode.com/problems/palindrome-permutation-ii/","Palindrome Permutation II","BACKTRACKING","MEDIUM",180014,,"CLEAR",,false,2026-07-21T18:50:04.000Z,2026-07-21T18:50:04.000Z
"https://leetcode.com/problems/path-sum-ii/","Path Sum II","BACKTRACKING","MEDIUM",1940295,,"CLEAR",,false,2026-07-21T18:50:04.000Z,2026-07-21T18:50:04.000Z
"https://leetcode.com/problems/path-with-maximum-gold/","Path with Maximum Gold","BACKTRACKING","MEDIUM",380019,,"CLEAR",,false,2026-07-21T18:50:04.000Z,2026-07-21T18:50:04.000Z
"https://leetcode.com/problems/permutations/","Permutations","BACKTRACKING","MEDIUM",3894999,,"CLEAR",,false,2026-07-21T18:50:04.000Z,2026-07-21T18:50:04.000Z
"https://leetcode.com/problems/permutations-ii/","Permutations II","BACKTRACKING","MEDIUM",2091064,,"CLEAR",,false,2026-07-21T18:50:04.000Z,2026-07-21T18:50:04.000Z
"https://leetcode.com/problems/permutations-iii/","Permutations III","BACKTRACKING","MEDIUM",3907,,"CLEAR",,false,2026-07-21T18:50:04.000Z,2026-07-21T18:50:04.000Z
"https://leetcode.com/problems/remove-invalid-parentheses/","Remove Invalid Parentheses","BACKTRACKING","HARD",1023114,,"CLEAR",,false,2026-07-21T18:50:04.000Z,2026-07-21T18:50:04.000Z
"https://leetcode.com/problems/restore-ip-addresses/","Restore IP Addresses","BACKTRACKING","MEDIUM",1147285,,"CLEAR",,false,2026-07-21T18:50:04.000Z,2026-07-21T18:50:04.000Z
"https://leetcode.com/problems/robot-room-cleaner/","Robot Room Cleaner","BACKTRACKING","HARD",275034,,"CLEAR",,false,2026-07-21T18:50:04.000Z,2026-07-21T18:50:04.000Z
"https://leetcode.com/problems/smallest-string-starting-from-leaf/","Smallest String Starting From Leaf","BACKTRACKING","MEDIUM",368619,,"CLEAR",,false,2026-07-21T18:50:04.000Z,2026-07-21T18:50:04.000Z
"https://leetcode.com/problems/split-a-string-into-the-max-number-of-unique-substrings/","Split a String Into the Max Number of Unique Substrings","BACKTRACKING","MEDIUM",221108,,"CLEAR",,false,2026-07-21T18:50:04.000Z,2026-07-21T18:50:04.000Z
"https://leetcode.com/problems/split-array-into-fibonacci-sequence/","Split Array into Fibonacci Sequence","BACKTRACKING","MEDIUM",118920,,"CLEAR",,false,2026-07-21T18:50:04.000Z,2026-07-21T18:50:04.000Z
"https://leetcode.com/problems/splitting-a-string-into-descending-consecutive-values/","Splitting a String Into Descending Consecutive Values","BACKTRACKING","MEDIUM",94728,,"CLEAR",,false,2026-07-21T18:50:04.000Z,2026-07-21T18:50:04.000Z
"https://leetcode.com/problems/stepping-numbers/","Stepping Numbers","BACKTRACKING","MEDIUM",23552,,"CLEAR",,false,2026-07-21T18:50:04.000Z,2026-07-21T18:50:04.000Z
"https://leetcode.com/problems/sudoku-solver/","Sudoku Solver","BACKTRACKING","HARD",1652638,,"CLEAR",,false,2026-07-21T18:50:04.000Z,2026-07-21T18:50:04.000Z
"https://leetcode.com/problems/synonymous-sentences/","Synonymous Sentences","BACKTRACKING","MEDIUM",52726,,"CLEAR",,false,2026-07-21T18:50:04.000Z,2026-07-21T18:50:04.000Z
"https://leetcode.com/problems/the-k-th-lexicographical-string-of-all-happy-strings-of-length-n/","The k-th Lexicographical String of All Happy Strings of Length n","BACKTRACKING","MEDIUM",321071,,"CLEAR",,false,2026-07-21T18:50:04.000Z,2026-07-21T18:50:04.000Z
"https://leetcode.com/problems/the-knights-tour/","The Knight’s Tour","BACKTRACKING","MEDIUM",9472,,"CLEAR",,false,2026-07-21T18:50:04.000Z,2026-07-21T18:50:04.000Z
"https://leetcode.com/problems/tiling-a-rectangle-with-the-fewest-squares/","Tiling a Rectangle with the Fewest Squares","BACKTRACKING","HARD",51052,,"CLEAR",,false,2026-07-21T18:50:04.000Z,2026-07-21T18:50:04.000Z
"https://leetcode.com/problems/verbal-arithmetic-puzzle/","Verbal Arithmetic Puzzle","BACKTRACKING","HARD",54005,,"CLEAR",,false,2026-07-21T18:50:04.000Z,2026-07-21T18:50:04.000Z
"https://leetcode.com/problems/word-ladder-ii/","Word Ladder II","BACKTRACKING","HARD",1713388,,"CLEAR",,false,2026-07-21T18:50:04.000Z,2026-07-21T18:50:04.000Z
"https://leetcode.com/problems/word-pattern-ii/","Word Pattern II","BACKTRACKING","MEDIUM",174625,,"CLEAR",,false,2026-07-21T18:50:04.000Z,2026-07-21T18:50:04.000Z
"https://leetcode.com/problems/word-search/","Word Search","BACKTRACKING","MEDIUM",5422385,,"CLEAR",,false,2026-07-21T18:50:04.000Z,2026-07-21T18:50:04.000Z
"https://leetcode.com/problems/word-search-ii/","Word Search II","BACKTRACKING","HARD",2411244,,"CLEAR",,false,2026-07-21T18:50:04.000Z,2026-07-21T18:50:04.000Z
"https://leetcode.com/problems/word-squares/","Word Squares","BACKTRACKING","HARD",153363,,"CLEAR",,false,2026-07-21T18:50:04.000Z,2026-07-21T18:50:04.000Z
"https://leetcode.com/problems/word-squares-ii/","Word Squares II","BACKTRACKING","MEDIUM",36537,,"CLEAR",,false,2026-07-21T18:50:04.000Z,2026-07-21T18:50:04.000Z
"https://leetcode.com/problems/alternating-groups-iii/","Alternating Groups III","BINARY INDEXED TREE","HARD",15536,,"CLEAR",,false,2026-07-21T18:50:04.000Z,2026-07-21T18:50:04.000Z
"https://leetcode.com/problems/count-number-of-rectangles-containing-each-point/","Count Number of Rectangles Containing Each Point","BINARY INDEXED TREE","MEDIUM",63168,,"CLEAR",,false,2026-07-21T18:50:04.000Z,2026-07-21T18:50:04.000Z
"https://leetcode.com/problems/find-the-longest-valid-obstacle-course-at-each-position/","Find the Longest Valid Obstacle Course at Each Position","BINARY INDEXED TREE","HARD",112922,,"CLEAR",,false,2026-07-21T18:50:04.000Z,2026-07-21T18:50:04.000Z
"https://leetcode.com/problems/maximum-number-of-intersections-on-the-chart/","Maximum Number of Intersections on the Chart","BINARY INDEXED TREE","HARD",9811,,"CLEAR",,false,2026-07-21T18:50:04.000Z,2026-07-21T18:50:04.000Z
"https://leetcode.com/problems/queries-on-a-permutation-with-key/","Queries on a Permutation With Key","BINARY INDEXED TREE","MEDIUM",71436,,"CLEAR",,false,2026-07-21T18:50:04.000Z,2026-07-21T18:50:04.000Z
"https://leetcode.com/problems/sum-of-beautiful-subsequences/","Sum of Beautiful Subsequences","BINARY INDEXED TREE","HARD",29206,,"CLEAR",,false,2026-07-21T18:50:04.000Z,2026-07-21T18:50:04.000Z
"https://leetcode.com/problems/adjacent-increasing-subarrays-detection-ii/","Adjacent Increasing Subarrays Detection II","BINARY SEARCH","MEDIUM",206062,,"CLEAR",,true,2026-07-21T18:50:04.000Z,2026-08-23T20:28:34.922Z
"https://leetcode.com/problems/arranging-coins/","Arranging Coins","BINARY SEARCH","EASY",1334775,,"SUCCESS","class Solution {

    // k < (sqrt(8n + 1) - 1)/2

public:
    int arrangeCoins(int n) {
        long long k = n;
        double sqr = abs(sqrt(8 * k + 1));
        return floor((sqr - 1) / 2);
    }
};",true,2026-07-21T18:50:04.000Z,2026-08-23T20:28:34.922Z
"https://leetcode.com/problems/binary-search/","Binary Search","BINARY SEARCH","EASY",6715680,,"CLEAR",,true,2026-07-21T18:50:04.000Z,2026-08-23T20:28:34.922Z
"https://leetcode.com/problems/capacity-to-ship-packages-within-d-days/","Capacity To Ship Packages Within D Days","BINARY SEARCH","MEDIUM",1127266,,"CLEAR",,true,2026-07-21T18:50:04.000Z,2026-08-23T20:28:34.922Z
"https://leetcode.com/problems/check-if-a-number-is-majority-element-in-a-sorted-array/","Check If a Number Is Majority Element in a Sorted Array","BINARY SEARCH","EASY",104636,,"CLEAR",,true,2026-07-21T18:50:04.000Z,2026-08-23T20:28:34.922Z
"https://leetcode.com/problems/count-k-th-roots-in-a-range/","Count K-th Roots in a Range","BINARY SEARCH","MEDIUM",132448,,"CLEAR",,true,2026-07-21T18:50:04.000Z,2026-08-23T20:28:34.922Z
"https://leetcode.com/problems/count-stable-subarrays/","Count Stable Subarrays","BINARY SEARCH","HARD",19388,,"CLEAR",,true,2026-07-21T18:50:04.000Z,2026-08-23T20:28:34.922Z
"https://leetcode.com/problems/cutting-ribbons/","Cutting Ribbons","BINARY SEARCH","MEDIUM",165902,,"CLEAR",,true,2026-07-21T18:50:04.000Z,2026-08-23T20:28:34.922Z
"https://leetcode.com/problems/design-exam-scores-tracker/","Design Exam Scores Tracker","BINARY SEARCH","MEDIUM",45261,,"CLEAR",,true,2026-07-21T18:50:04.000Z,2026-08-23T20:28:34.922Z
"https://leetcode.com/problems/divide-chocolate/","Divide Chocolate","BINARY SEARCH","HARD",118614,,"CLEAR",,true,2026-07-21T18:50:04.000Z,2026-08-23T20:28:34.922Z
"https://leetcode.com/problems/earliest-second-to-mark-indices-i/","Earliest Second to Mark Indices I","BINARY SEARCH","MEDIUM",31216,,"CLEAR",,true,2026-07-21T18:50:04.000Z,2026-08-23T20:28:34.922Z
"https://leetcode.com/problems/find-first-and-last-position-of-element-in-sorted-array/","Find First and Last Position of Element in Sorted Array","BINARY SEARCH","MEDIUM",7033905,,"CLEAR",,true,2026-07-21T18:50:04.000Z,2026-08-23T20:28:34.922Z
"https://leetcode.com/problems/find-in-mountain-array/","Find in Mountain Array","BINARY SEARCH","HARD",511404,,"CLEAR",,true,2026-07-21T18:50:04.000Z,2026-08-23T20:28:34.922Z
"https://leetcode.com/problems/find-minimum-in-rotated-sorted-array/","Find Minimum in Rotated Sorted Array","BINARY SEARCH","MEDIUM",5926146,,"CLEAR",,true,2026-07-21T18:50:04.000Z,2026-08-23T20:28:34.922Z
"https://leetcode.com/problems/find-minimum-in-rotated-sorted-array-ii/","Find Minimum in Rotated Sorted Array II","BINARY SEARCH","HARD",1559962,,"CLEAR",,true,2026-07-21T18:50:04.000Z,2026-08-23T20:28:34.922Z
"https://leetcode.com/problems/find-peak-element/","Find Peak Element","BINARY SEARCH","MEDIUM",5372825,,"CLEAR",,true,2026-07-21T18:50:04.000Z,2026-08-23T20:28:34.922Z
"https://leetcode.com/problems/find-right-interval/","Find Right Interval","BINARY SEARCH","MEDIUM",297813,,"CLEAR",,true,2026-07-21T18:50:04.000Z,2026-08-23T20:28:34.922Z
"https://leetcode.com/problems/find-smallest-letter-greater-than-target/","Find Smallest Letter Greater Than Target","BINARY SEARCH","EASY",1462409,,"CLEAR",,true,2026-07-21T18:50:04.000Z,2026-08-23T20:28:34.922Z
"https://leetcode.com/problems/find-target-indices-after-sorting-array/","Find Target Indices After Sorting Array","BINARY SEARCH","EASY",369687,,"CLEAR",,true,2026-07-21T18:50:04.000Z,2026-08-23T20:28:34.922Z
"https://leetcode.com/problems/find-the-index-of-the-large-integer/","Find the Index of the Large Integer","BINARY SEARCH","MEDIUM",32760,,"CLEAR",,true,2026-07-21T18:50:04.000Z,2026-08-23T20:28:34.922Z
"https://leetcode.com/problems/find-the-smallest-divisor-given-a-threshold/","Find the Smallest Divisor Given a Threshold","BINARY SEARCH","MEDIUM",744243,,"CLEAR",,true,2026-07-21T18:50:04.000Z,2026-08-23T20:28:34.922Z
"https://leetcode.com/problems/find-the-student-that-will-replace-the-chalk/","Find the Student that Will Replace the Chalk","BINARY SEARCH","MEDIUM",385610,,"CLEAR",,true,2026-07-21T18:50:04.000Z,2026-08-23T20:28:34.922Z
"https://leetcode.com/problems/first-bad-version/","First Bad Version","BINARY SEARCH","EASY",4669934,,"ERROR","// The API isBadVersion is defined for you.
// bool isBadVersion(int version);

class Solution {
public:
    int firstBadVersion(int n) {
        int i = 1, j = n;
        int bv = 0;
        while (i <= j) {
            int k = i + (j - i) / 2;
            bool isBad = isBadVersion(k);
            if (isBad) {
                bv = k;
                j = k - 1;
            } else {
                if (bv > 0) {
                    break;
                } else {
                    i = k + 1;
                }
            }
        }
        return bv;
    }
};",true,2026-07-21T18:50:04.000Z,2026-08-23T20:28:34.922Z
"https://leetcode.com/problems/fixed-point/","Fixed Point","BINARY SEARCH","EASY",81127,,"CLEAR",,true,2026-07-21T18:50:04.000Z,2026-08-23T20:28:34.922Z
"https://leetcode.com/problems/guess-number-higher-or-lower/","Guess Number Higher or Lower","BINARY SEARCH","EASY",1826255,,"CLEAR",,true,2026-07-21T18:50:04.000Z,2026-08-23T20:28:34.922Z
"https://leetcode.com/problems/h-index-ii/","H-Index II","BINARY SEARCH","MEDIUM",693124,,"CLEAR",,true,2026-07-21T18:50:04.000Z,2026-08-23T20:28:34.922Z
"https://leetcode.com/problems/k-th-smallest-remaining-even-integer-in-subarray-queries/","K-th Smallest Remaining Even Integer in Subarray Queries","BINARY SEARCH","HARD",15661,,"CLEAR",,true,2026-07-21T18:50:04.000Z,2026-08-23T20:28:34.922Z
"https://leetcode.com/problems/koko-eating-bananas/","Koko Eating Bananas","BINARY SEARCH","MEDIUM",3405981,,"CLEAR",,true,2026-07-21T18:50:04.000Z,2026-08-23T20:28:34.922Z
"https://leetcode.com/problems/kth-missing-positive-number/","Kth Missing Positive Number","BINARY SEARCH","EASY",1389470,,"CLEAR",,true,2026-07-21T18:50:04.000Z,2026-08-23T20:28:34.922Z
"https://leetcode.com/problems/kth-smallest-number-in-multiplication-table/","Kth Smallest Number in Multiplication Table","BINARY SEARCH","HARD",162450,,"CLEAR",,true,2026-07-21T18:50:04.000Z,2026-08-23T20:28:34.922Z
"https://leetcode.com/problems/kth-smallest-product-of-two-sorted-arrays/","Kth Smallest Product of Two Sorted Arrays","BINARY SEARCH","HARD",174460,,"CLEAR",,true,2026-07-21T18:50:04.000Z,2026-08-23T20:28:34.922Z
"https://leetcode.com/problems/length-of-the-longest-increasing-path/","Length of the Longest Increasing Path","BINARY SEARCH","HARD",31576,,"CLEAR",,true,2026-07-21T18:50:04.000Z,2026-08-23T20:28:34.922Z
"https://leetcode.com/problems/magnetic-force-between-two-balls/","Magnetic Force Between Two Balls","BINARY SEARCH","MEDIUM",329374,,"CLEAR",,true,2026-07-21T18:50:04.000Z,2026-08-23T20:28:34.922Z
"https://leetcode.com/problems/maximize-fixed-points-after-deletions/","Maximize Fixed Points After Deletions","BINARY SEARCH","HARD",29400,,"CLEAR",,true,2026-07-21T18:50:04.000Z,2026-08-23T20:28:34.922Z
"https://leetcode.com/problems/maximize-the-distance-between-points-on-a-square/","Maximize the Distance Between Points on a Square","BINARY SEARCH","HARD",108371,,"CLEAR",,true,2026-07-21T18:50:04.000Z,2026-08-23T20:28:34.922Z
"https://leetcode.com/problems/maximum-average-subarray-ii/","Maximum Average Subarray II","BINARY SEARCH","HARD",61540,,"CLEAR",,true,2026-07-21T18:50:04.000Z,2026-08-23T20:28:34.922Z
"https://leetcode.com/problems/maximum-candies-allocated-to-k-children/","Maximum Candies Allocated to K Children","BINARY SEARCH","MEDIUM",428307,,"CLEAR",,true,2026-07-21T18:50:04.000Z,2026-08-23T20:28:34.922Z
"https://leetcode.com/problems/maximum-count-of-positive-integer-and-negative-integer/","Maximum Count of Positive Integer and Negative Integer","BINARY SEARCH","EASY",507018,,"CLEAR",,true,2026-07-21T18:50:04.000Z,2026-08-23T20:28:34.922Z
"https://leetcode.com/problems/maximum-font-to-fit-a-sentence-in-a-screen/","Maximum Font to Fit a Sentence in a Screen","BINARY SEARCH","MEDIUM",12235,,"CLEAR",,true,2026-07-21T18:50:04.000Z,2026-08-23T20:28:34.922Z
"https://leetcode.com/problems/maximum-gcd-sum-of-a-subarray/","Maximum GCD-Sum of a Subarray","BINARY SEARCH","HARD",1865,,"CLEAR",,true,2026-07-21T18:50:04.000Z,2026-08-23T20:28:34.922Z
"https://leetcode.com/problems/maximum-number-of-alloys/","Maximum Number of Alloys","BINARY SEARCH","MEDIUM",51505,,"CLEAR",,true,2026-07-21T18:50:04.000Z,2026-08-23T20:28:34.922Z
"https://leetcode.com/problems/maximum-number-of-upgradable-servers/","Maximum Number of Upgradable Servers","BINARY SEARCH","MEDIUM",8285,,"CLEAR",,true,2026-07-21T18:50:04.000Z,2026-08-23T20:28:34.922Z
"https://leetcode.com/problems/minimize-max-distance-to-gas-station/","Minimize Max Distance to Gas Station","BINARY SEARCH","HARD",70203,,"CLEAR",,true,2026-07-21T18:50:04.000Z,2026-08-23T20:28:34.922Z
"https://leetcode.com/problems/minimize-the-maximum-of-two-arrays/","Minimize the Maximum of Two Arrays","BINARY SEARCH","MEDIUM",53375,,"CLEAR",,true,2026-07-21T18:50:04.000Z,2026-08-23T20:28:34.922Z
"https://leetcode.com/problems/minimum-garden-perimeter-to-collect-enough-apples/","Minimum Garden Perimeter to Collect Enough Apples","BINARY SEARCH","MEDIUM",39400,,"CLEAR",,true,2026-07-21T18:50:04.000Z,2026-08-23T20:28:34.922Z
"https://leetcode.com/problems/minimum-k-to-reduce-array-within-limit/","Minimum K to Reduce Array Within Limit","BINARY SEARCH","MEDIUM",116931,,"CLEAR",,true,2026-07-21T18:50:04.000Z,2026-08-23T20:28:34.922Z
"https://leetcode.com/problems/minimum-limit-of-balls-in-a-bag/","Minimum Limit of Balls in a Bag","BINARY SEARCH","MEDIUM",239479,,"CLEAR",,true,2026-07-21T18:50:04.000Z,2026-08-23T20:28:34.922Z
"https://leetcode.com/problems/minimum-number-of-days-to-make-m-bouquets/","Minimum Number of Days to Make m Bouquets","BINARY SEARCH","MEDIUM",987936,,"CLEAR",,true,2026-07-21T18:50:04.000Z,2026-08-23T20:28:34.922Z
"https://leetcode.com/problems/minimum-number-of-increasing-subsequence-to-be-removed/","Minimum Number of Increasing Subsequence to Be Removed","BINARY SEARCH","HARD",1369,,"CLEAR",,true,2026-07-21T18:50:04.000Z,2026-08-23T20:28:34.922Z
"https://leetcode.com/problems/minimum-operations-to-make-all-array-elements-equal/","Minimum Operations to Make All Array Elements Equal","BINARY SEARCH","MEDIUM",80913,,"CLEAR",,true,2026-07-21T18:50:04.000Z,2026-08-23T20:28:34.922Z
"https://leetcode.com/problems/minimum-operations-to-make-numbers-non-positive/","Minimum Operations to Make Numbers Non-positive","BINARY SEARCH","HARD",14815,,"CLEAR",,true,2026-07-21T18:50:04.000Z,2026-08-23T20:28:34.922Z
"https://leetcode.com/problems/minimum-operations-to-make-the-array-k-increasing/","Minimum Operations to Make the Array K-Increasing","BINARY SEARCH","HARD",40867,,"CLEAR",,true,2026-07-21T18:50:04.000Z,2026-08-23T20:28:34.922Z
"https://leetcode.com/problems/minimum-relative-loss-after-buying-chocolates/","Minimum Relative Loss After Buying Chocolates","BINARY SEARCH","HARD",1582,,"CLEAR",,true,2026-07-21T18:50:04.000Z,2026-08-23T20:28:34.922Z
"https://leetcode.com/problems/minimum-space-wasted-from-packaging/","Minimum Space Wasted From Packaging","BINARY SEARCH","HARD",55050,,"CLEAR",,true,2026-07-21T18:50:04.000Z,2026-08-23T20:28:34.922Z
"https://leetcode.com/problems/minimum-speed-to-arrive-on-time/","Minimum Speed to Arrive on Time","BINARY SEARCH","MEDIUM",279037,,"CLEAR",,true,2026-07-21T18:50:04.000Z,2026-08-23T20:28:34.922Z
"https://leetcode.com/problems/minimum-time-to-activate-string/","Minimum Time to Activate String","BINARY SEARCH","MEDIUM",72240,,"CLEAR",,true,2026-07-21T18:50:04.000Z,2026-08-23T20:28:34.922Z
"https://leetcode.com/problems/minimum-time-to-complete-all-deliveries/","Minimum Time to Complete All Deliveries","BINARY SEARCH","MEDIUM",42983,,"CLEAR",,true,2026-07-21T18:50:04.000Z,2026-08-23T20:28:34.922Z
"https://leetcode.com/problems/minimum-time-to-complete-trips/","Minimum Time to Complete Trips","BINARY SEARCH","MEDIUM",403603,,"CLEAR",,true,2026-07-21T18:50:04.000Z,2026-08-23T20:28:34.922Z
"https://leetcode.com/problems/minimum-time-to-repair-cars/","Minimum Time to Repair Cars","BINARY SEARCH","MEDIUM",265704,,"CLEAR",,true,2026-07-21T18:50:04.000Z,2026-08-23T20:28:34.922Z
"https://leetcode.com/problems/missing-element-in-sorted-array/","Missing Element in Sorted Array","BINARY SEARCH","MEDIUM",286693,,"CLEAR",,true,2026-07-21T18:50:04.000Z,2026-08-23T20:28:34.922Z
"https://leetcode.com/problems/most-beautiful-item-for-each-query/","Most Beautiful Item for Each Query","BINARY SEARCH","MEDIUM",213366,,"CLEAR",,true,2026-07-21T18:50:04.000Z,2026-08-23T20:28:34.922Z
"https://leetcode.com/problems/nth-digit/","Nth Digit","BINARY SEARCH","MEDIUM",364412,,"CLEAR",,true,2026-07-21T18:50:04.000Z,2026-08-23T20:28:34.922Z
"https://leetcode.com/problems/nth-magical-number/","Nth Magical Number","BINARY SEARCH","HARD",141997,,"CLEAR",,true,2026-07-21T18:50:04.000Z,2026-08-23T20:28:34.922Z
"https://leetcode.com/problems/number-of-equal-numbers-blocks/","Number of Equal Numbers Blocks","BINARY SEARCH","MEDIUM",3998,,"CLEAR",,true,2026-07-21T18:50:04.000Z,2026-08-23T20:28:34.922Z
"https://leetcode.com/problems/peak-index-in-a-mountain-array/","Peak Index in a Mountain Array","BINARY SEARCH","MEDIUM",1871369,,"CLEAR",,true,2026-07-21T18:50:04.000Z,2026-08-23T20:28:34.922Z
"https://leetcode.com/problems/plates-between-candles/","Plates Between Candles","BINARY SEARCH","MEDIUM",166733,,"CLEAR",,true,2026-07-21T18:50:04.000Z,2026-08-23T20:28:34.922Z
"https://leetcode.com/problems/pour-water-between-buckets-to-make-water-levels-equal/","Pour Water Between Buckets to Make Water Levels Equal","BINARY SEARCH","MEDIUM",5829,,"CLEAR",,true,2026-07-21T18:50:04.000Z,2026-08-23T20:28:34.922Z
"https://leetcode.com/problems/preimage-size-of-factorial-zeroes-function/","Preimage Size of Factorial Zeroes Function","BINARY SEARCH","HARD",53637,,"CLEAR",,true,2026-07-21T18:50:04.000Z,2026-08-23T20:28:34.922Z
"https://leetcode.com/problems/random-pick-with-weight/","Random Pick with Weight","BINARY SEARCH","MEDIUM",1439966,,"CLEAR",,true,2026-07-21T18:50:04.000Z,2026-08-23T20:28:34.922Z
"https://leetcode.com/problems/reach-a-number/","Reach a Number","BINARY SEARCH","MEDIUM",164692,,"CLEAR",,true,2026-07-21T18:50:04.000Z,2026-08-23T20:28:34.922Z
"https://leetcode.com/problems/search-in-a-sorted-array-of-unknown-size/","Search in a Sorted Array of Unknown Size","BINARY SEARCH","MEDIUM",156104,,"CLEAR",,true,2026-07-21T18:50:04.000Z,2026-08-23T20:28:34.922Z
"https://leetcode.com/problems/search-in-rotated-sorted-array/","Search in Rotated Sorted Array","BINARY SEARCH","MEDIUM",10491005,,"CLEAR",,true,2026-07-21T18:50:04.000Z,2026-08-23T20:28:34.922Z
"https://leetcode.com/problems/search-in-rotated-sorted-array-ii/","Search in Rotated Sorted Array II","BINARY SEARCH","MEDIUM",3254952,,"CLEAR",,true,2026-07-21T18:50:04.000Z,2026-08-23T20:28:34.922Z
"https://leetcode.com/problems/search-insert-position/","Search Insert Position","BINARY SEARCH","EASY",9587748,,"CLEAR",,true,2026-07-21T18:50:04.000Z,2026-08-23T20:28:34.922Z
"https://leetcode.com/problems/separate-squares-i/","Separate Squares I","BINARY SEARCH","MEDIUM",223195,,"CLEAR",,true,2026-07-21T18:50:04.000Z,2026-08-23T20:28:34.922Z
"https://leetcode.com/problems/single-element-in-a-sorted-array/","Single Element in a Sorted Array","BINARY SEARCH","MEDIUM",2172561,,"CLEAR",,true,2026-07-21T18:50:04.000Z,2026-08-23T20:28:34.922Z
"https://leetcode.com/problems/smallest-good-base/","Smallest Good Base","BINARY SEARCH","HARD",70906,,"CLEAR",,true,2026-07-21T18:50:04.000Z,2026-08-23T20:28:34.922Z
"https://leetcode.com/problems/smallest-substring-with-identical-characters-i/","Smallest Substring With Identical Characters I","BINARY SEARCH","HARD",37609,,"CLEAR",,true,2026-07-21T18:50:04.000Z,2026-08-23T20:28:34.922Z
"https://leetcode.com/problems/smallest-substring-with-identical-characters-ii/","Smallest Substring With Identical Characters II","BINARY SEARCH","HARD",17853,,"CLEAR",,true,2026-07-21T18:50:04.000Z,2026-08-23T20:28:34.922Z
"https://leetcode.com/problems/special-array-ii/","Special Array II","BINARY SEARCH","MEDIUM",304052,,"CLEAR",,true,2026-07-21T18:50:04.000Z,2026-08-23T20:28:34.922Z
"https://leetcode.com/problems/special-array-with-x-elements-greater-than-or-equal-x/","Special Array With X Elements Greater Than or Equal X","BINARY SEARCH","EASY",356699,,"CLEAR",,true,2026-07-21T18:50:04.000Z,2026-08-23T20:28:34.922Z
"https://leetcode.com/problems/sqrtx/","Sqrt(x)","BINARY SEARCH","EASY",7900842,,"SUCCESS","class Solution {
public:
    int mySqrt(int x) {
        if (x < 2) {
            return x;
        }
        int i = 1, j = x;
        while (i <= j) {
            long long k = i + (j - i) / 2;
            if (k * k <= x && (k + 1) * (k + 1) > x) {
                return k;
            } else if (k * k > x) {
                j = k - 1;
            } else {
                i = k + 1;
            }
        }
        return x;
    }
};",true,2026-07-21T18:50:04.000Z,2026-08-23T20:28:34.922Z
"https://leetcode.com/problems/sum-of-floored-pairs/","Sum of Floored Pairs","BINARY SEARCH","HARD",40918,,"CLEAR",,true,2026-07-21T18:50:04.000Z,2026-08-23T20:28:34.922Z
"https://leetcode.com/problems/sum-of-mutated-array-closest-to-target/","Sum of Mutated Array Closest to Target","BINARY SEARCH","MEDIUM",109531,,"CLEAR",,true,2026-07-21T18:50:04.000Z,2026-08-23T20:28:34.922Z
"https://leetcode.com/problems/total-score-of-dungeon-runs/","Total Score of Dungeon Runs","BINARY SEARCH","MEDIUM",34968,,"CLEAR",,true,2026-07-21T18:50:04.000Z,2026-08-23T20:28:34.922Z
"https://leetcode.com/problems/ugly-number-iii/","Ugly Number III","BINARY SEARCH","MEDIUM",143639,,"CLEAR",,true,2026-07-21T18:50:04.000Z,2026-08-23T20:28:34.922Z
"https://leetcode.com/problems/valid-perfect-square/","Valid Perfect Square","BINARY SEARCH","EASY",2138809,,"SUCCESS","class Solution {
public:
    bool isPerfectSquare(int num) {
        if (num == 1) {
            return true;
        }

        int i = 2, j = num - 1;

        while (i <= j) {

            long long k = i + (j - i) / 2;
            long long sq = k * k;

            if (sq == num) {
                return true;
            } else if (sq > num) {
                j = k - 1;
            } else {
                i = k + 1;
            }
        }
        return false;
    }
};",true,2026-07-21T18:50:04.000Z,2026-08-23T20:28:34.922Z
"https://leetcode.com/problems/all-elements-in-two-binary-search-trees/","All Elements in Two Binary Search Trees","BINARY SEARCH TREE","MEDIUM",333744,,"CLEAR",,false,2026-07-21T18:50:04.000Z,2026-07-21T18:50:04.000Z
"https://leetcode.com/problems/binary-search-tree-iterator/","Binary Search Tree Iterator","BINARY SEARCH TREE","MEDIUM",1469999,,"CLEAR",,false,2026-07-21T18:50:04.000Z,2026-07-21T18:50:04.000Z
"https://leetcode.com/problems/binary-search-tree-iterator-ii/","Binary Search Tree Iterator II","BINARY SEARCH TREE","MEDIUM",27557,,"CLEAR",,false,2026-07-21T18:50:04.000Z,2026-07-21T18:50:04.000Z
"https://leetcode.com/problems/binary-search-tree-to-greater-sum-tree/","Binary Search Tree to Greater Sum Tree","BINARY SEARCH TREE","MEDIUM",396707,,"CLEAR",,false,2026-07-21T18:50:04.000Z,2026-07-21T18:50:04.000Z
"https://leetcode.com/problems/closest-binary-search-tree-value/","Closest Binary Search Tree Value","BINARY SEARCH TREE","EASY",928131,,"CLEAR",,false,2026-07-21T18:50:04.000Z,2026-07-21T18:50:04.000Z
"https://leetcode.com/problems/closest-binary-search-tree-value-ii/","Closest Binary Search Tree Value II","BINARY SEARCH TREE","HARD",230760,,"CLEAR",,false,2026-07-21T18:50:04.000Z,2026-07-21T18:50:04.000Z
"https://leetcode.com/problems/closest-nodes-queries-in-a-binary-search-tree/","Closest Nodes Queries in a Binary Search Tree","BINARY SEARCH TREE","MEDIUM",91659,,"CLEAR",,false,2026-07-21T18:50:04.000Z,2026-07-21T18:50:04.000Z
"https://leetcode.com/problems/construct-binary-search-tree-from-preorder-traversal/","Construct Binary Search Tree from Preorder Traversal","BINARY SEARCH TREE","MEDIUM",679755,,"CLEAR",,false,2026-07-21T18:50:04.000Z,2026-07-21T18:50:04.000Z
"https://leetcode.com/problems/convert-binary-search-tree-to-sorted-doubly-linked-list/","Convert Binary Search Tree to Sorted Doubly Linked List","BINARY SEARCH TREE","MEDIUM",568953,,"CLEAR",,false,2026-07-21T18:50:04.000Z,2026-07-21T18:50:04.000Z
"https://leetcode.com/problems/convert-bst-to-greater-tree/","Convert BST to Greater Tree","BINARY SEARCH TREE","MEDIUM",505283,,"CLEAR",,false,2026-07-21T18:50:04.000Z,2026-07-21T18:50:04.000Z
"https://leetcode.com/problems/delete-node-in-a-bst/","Delete Node in a BST","BINARY SEARCH TREE","MEDIUM",1658776,,"CLEAR",,false,2026-07-21T18:50:04.000Z,2026-07-21T18:50:04.000Z
"https://leetcode.com/problems/depth-of-bst-given-insertion-order/","Depth of BST Given Insertion Order","BINARY SEARCH TREE","MEDIUM",7186,,"CLEAR",,false,2026-07-21T18:50:04.000Z,2026-07-21T18:50:04.000Z
"https://leetcode.com/problems/find-mode-in-binary-search-tree/","Find Mode in Binary Search Tree","BINARY SEARCH TREE","EASY",685370,,"CLEAR",,false,2026-07-21T18:50:04.000Z,2026-07-21T18:50:04.000Z
"https://leetcode.com/problems/increasing-order-search-tree/","Increasing Order Search Tree","BINARY SEARCH TREE","EASY",436045,,"CLEAR",,false,2026-07-21T18:50:04.000Z,2026-07-21T18:50:04.000Z
"https://leetcode.com/problems/inorder-successor-in-bst/","Inorder Successor in BST","BINARY SEARCH TREE","MEDIUM",729347,,"CLEAR",,false,2026-07-21T18:50:04.000Z,2026-07-21T18:50:04.000Z
"https://leetcode.com/problems/inorder-successor-in-bst-ii/","Inorder Successor in BST II","BINARY SEARCH TREE","MEDIUM",125150,,"CLEAR",,false,2026-07-21T18:50:04.000Z,2026-07-21T18:50:04.000Z
"https://leetcode.com/problems/insert-into-a-binary-search-tree/","Insert into a Binary Search Tree","BINARY SEARCH TREE","MEDIUM",1248700,,"CLEAR",,false,2026-07-21T18:50:04.000Z,2026-07-21T18:50:04.000Z
"https://leetcode.com/problems/kth-largest-element-in-a-stream/","Kth Largest Element in a Stream","BINARY SEARCH TREE","EASY",1681237,,"CLEAR",,false,2026-07-21T18:50:04.000Z,2026-07-21T18:50:04.000Z
"https://leetcode.com/problems/kth-smallest-element-in-a-bst/","Kth Smallest Element in a BST","BINARY SEARCH TREE","MEDIUM",3046400,,"CLEAR",,false,2026-07-21T18:50:04.000Z,2026-07-21T18:50:04.000Z
"https://leetcode.com/problems/lowest-common-ancestor-of-a-binary-search-tree/","Lowest Common Ancestor of a Binary Search Tree","BINARY SEARCH TREE","MEDIUM",3322431,,"CLEAR",,false,2026-07-21T18:50:04.000Z,2026-07-21T18:50:04.000Z
"https://leetcode.com/problems/median-of-a-binary-search-tree-level/","Median of a Binary Search Tree Level","BINARY SEARCH TREE","MEDIUM",1448,,"CLEAR",,false,2026-07-21T18:50:04.000Z,2026-07-21T18:50:04.000Z
"https://leetcode.com/problems/merge-bsts-to-create-single-bst/","Merge BSTs to Create Single BST","BINARY SEARCH TREE","HARD",44173,,"CLEAR",,false,2026-07-21T18:50:04.000Z,2026-07-21T18:50:04.000Z
"https://leetcode.com/problems/minimum-absolute-difference-in-bst/","Minimum Absolute Difference in BST","BINARY SEARCH TREE","EASY",1068381,,"CLEAR",,false,2026-07-21T18:50:04.000Z,2026-07-21T18:50:04.000Z
"https://leetcode.com/problems/minimum-distance-between-bst-nodes/","Minimum Distance Between BST Nodes","BINARY SEARCH TREE","EASY",551686,,"CLEAR",,false,2026-07-21T18:50:04.000Z,2026-07-21T18:50:04.000Z
"https://leetcode.com/problems/range-sum-of-bst/","Range Sum of BST","BINARY SEARCH TREE","EASY",1560380,,"CLEAR",,false,2026-07-21T18:50:04.000Z,2026-07-21T18:50:04.000Z
"https://leetcode.com/problems/range-xor-queries-with-subarray-reversals/","Range XOR Queries with Subarray Reversals","BINARY SEARCH TREE","HARD",685,,"CLEAR",,false,2026-07-21T18:50:04.000Z,2026-07-21T18:50:04.000Z
"https://leetcode.com/problems/recover-binary-search-tree/","Recover Binary Search Tree","BINARY SEARCH TREE","MEDIUM",1160832,,"CLEAR",,false,2026-07-21T18:50:04.000Z,2026-07-21T18:50:04.000Z
"https://leetcode.com/problems/search-in-a-binary-search-tree/","Search in a Binary Search Tree","BINARY SEARCH TREE","EASY",1751634,,"CLEAR",,false,2026-07-21T18:50:04.000Z,2026-07-21T18:50:04.000Z
"https://leetcode.com/problems/serialize-and-deserialize-bst/","Serialize and Deserialize BST","BINARY SEARCH TREE","MEDIUM",470673,,"CLEAR",,false,2026-07-21T18:50:04.000Z,2026-07-21T18:50:04.000Z
"https://leetcode.com/problems/trim-a-binary-search-tree/","Trim a Binary Search Tree","BINARY SEARCH TREE","MEDIUM",529299,,"CLEAR",,false,2026-07-21T18:50:04.000Z,2026-07-21T18:50:04.000Z
"https://leetcode.com/problems/two-sum-bsts/","Two Sum BSTs","BINARY SEARCH TREE","MEDIUM",91127,,"CLEAR",,false,2026-07-21T18:50:04.000Z,2026-07-21T18:50:04.000Z
"https://leetcode.com/problems/two-sum-iv-input-is-a-bst/","Two Sum IV - Input is a BST","BINARY SEARCH TREE","EASY",1253373,,"CLEAR",,false,2026-07-21T18:50:04.000Z,2026-07-21T18:50:04.000Z
"https://leetcode.com/problems/validate-binary-search-tree/","Validate Binary Search Tree","BINARY SEARCH TREE","MEDIUM",9593846,,"CLEAR",,false,2026-07-21T18:50:04.000Z,2026-07-21T18:50:04.000Z
"https://leetcode.com/problems/add-one-row-to-tree/","Add One Row to Tree","BINARY TREE","MEDIUM",480089,,"CLEAR",,false,2026-07-21T18:50:04.000Z,2026-07-21T18:50:04.000Z
"https://leetcode.com/problems/all-nodes-distance-k-in-binary-tree/","All Nodes Distance K in Binary Tree","BINARY TREE","MEDIUM",1061761,,"CLEAR",,false,2026-07-21T18:50:04.000Z,2026-07-21T18:50:04.000Z
"https://leetcode.com/problems/amount-of-time-for-binary-tree-to-be-infected/","Amount of Time for Binary Tree to Be Infected","BINARY TREE","MEDIUM",330308,,"CLEAR",,false,2026-07-21T18:50:04.000Z,2026-07-21T18:50:04.000Z
"https://leetcode.com/problems/average-of-levels-in-binary-tree/","Average of Levels in Binary Tree","BINARY TREE","EASY",1023803,,"CLEAR",,false,2026-07-21T18:50:04.000Z,2026-07-21T18:50:04.000Z
"https://leetcode.com/problems/balanced-binary-tree/","Balanced Binary Tree","BINARY TREE","EASY",4392014,,"CLEAR",,false,2026-07-21T18:50:04.000Z,2026-07-21T18:50:04.000Z
"https://leetcode.com/problems/binary-tree-coloring-game/","Binary Tree Coloring Game","BINARY TREE","MEDIUM",106249,,"CLEAR",,false,2026-07-21T18:50:04.000Z,2026-07-21T18:50:04.000Z
"https://leetcode.com/problems/binary-tree-inorder-traversal/","Binary Tree Inorder Traversal","BINARY TREE","EASY",4798610,,"CLEAR",,false,2026-07-21T18:50:04.000Z,2026-07-21T18:50:04.000Z
"https://leetcode.com/problems/binary-tree-level-order-traversal/","Binary Tree Level Order Traversal","BINARY TREE","MEDIUM",4864379,,"CLEAR",,false,2026-07-21T18:50:04.000Z,2026-07-21T18:50:04.000Z
"https://leetcode.com/problems/binary-tree-level-order-traversal-ii/","Binary Tree Level Order Traversal II","BINARY TREE","MEDIUM",1251954,,"CLEAR",,false,2026-07-21T18:50:04.000Z,2026-07-21T18:50:04.000Z
"https://leetcode.com/problems/binary-tree-longest-consecutive-sequence/","Binary Tree Longest Consecutive Sequence","BINARY TREE","MEDIUM",304513,,"CLEAR",,false,2026-07-21T18:50:04.000Z,2026-07-21T18:50:04.000Z
"https://leetcode.com/problems/binary-tree-longest-consecutive-sequence-ii/","Binary Tree Longest Consecutive Sequence II","BINARY TREE","MEDIUM",126752,,"CLEAR",,false,2026-07-21T18:50:04.000Z,2026-07-21T18:50:04.000Z
"https://leetcode.com/problems/binary-tree-postorder-traversal/","Binary Tree Postorder Traversal","BINARY TREE","EASY",2620963,,"CLEAR",,false,2026-07-21T18:50:04.000Z,2026-07-21T18:50:04.000Z
"https://leetcode.com/problems/binary-tree-preorder-traversal/","Binary Tree Preorder Traversal","BINARY TREE","EASY",3351451,,"CLEAR",,false,2026-07-21T18:50:04.000Z,2026-07-21T18:50:04.000Z
"https://leetcode.com/problems/binary-tree-pruning/","Binary Tree Pruning","BINARY TREE","MEDIUM",402044,,"CLEAR",,false,2026-07-21T18:50:04.000Z,2026-07-21T18:50:04.000Z
"https://leetcode.com/problems/binary-tree-right-side-view/","Binary Tree Right Side View","BINARY TREE","MEDIUM",3294663,,"CLEAR",,false,2026-07-21T18:50:04.000Z,2026-07-21T18:50:04.000Z
"https://leetcode.com/problems/binary-tree-tilt/","Binary Tree Tilt","BINARY TREE","EASY",418319,,"CLEAR",,false,2026-07-21T18:50:04.000Z,2026-07-21T18:50:04.000Z
"https://leetcode.com/problems/binary-tree-upside-down/","Binary Tree Upside Down","BINARY TREE","MEDIUM",183463,,"CLEAR",,false,2026-07-21T18:50:04.000Z,2026-07-21T18:50:04.000Z
"https://leetcode.com/problems/binary-tree-vertical-order-traversal/","Binary Tree Vertical Order Traversal","BINARY TREE","MEDIUM",1036509,,"CLEAR",,false,2026-07-21T18:50:04.000Z,2026-07-21T18:50:04.000Z
"https://leetcode.com/problems/binary-tree-zigzag-level-order-traversal/","Binary Tree Zigzag Level Order Traversal","BINARY TREE","MEDIUM",2894304,,"CLEAR",,false,2026-07-21T18:50:04.000Z,2026-07-21T18:50:04.000Z
"https://leetcode.com/problems/boundary-of-binary-tree/","Boundary of Binary Tree","BINARY TREE","MEDIUM",369680,,"CLEAR",,false,2026-07-21T18:50:04.000Z,2026-07-21T18:50:04.000Z
"https://leetcode.com/problems/build-binary-expression-tree-from-infix-expression/","Build Binary Expression Tree From Infix Expression","BINARY TREE","HARD",23821,,"CLEAR",,false,2026-07-21T18:50:04.000Z,2026-07-21T18:50:04.000Z
"https://leetcode.com/problems/change-the-root-of-a-binary-tree/","Change the Root of a Binary Tree","BINARY TREE","MEDIUM",8073,,"CLEAR",,false,2026-07-21T18:50:04.000Z,2026-07-21T18:50:04.000Z
"https://leetcode.com/problems/check-completeness-of-a-binary-tree/","Check Completeness of a Binary Tree","BINARY TREE","MEDIUM",553065,,"CLEAR",,false,2026-07-21T18:50:04.000Z,2026-07-21T18:50:04.000Z
"https://leetcode.com/problems/check-if-a-string-is-a-valid-sequence-from-root-to-leaves-path-in-a-binary-tree/","Check If a String Is a Valid Sequence from Root to Leaves Path in a Binary Tree","BINARY TREE","MEDIUM",98112,,"CLEAR",,false,2026-07-21T18:50:04.000Z,2026-07-21T18:50:04.000Z
"https://leetcode.com/problems/check-if-two-expression-trees-are-equivalent/","Check If Two Expression Trees are Equivalent","BINARY TREE","MEDIUM",12274,,"CLEAR",,false,2026-07-21T18:50:04.000Z,2026-07-21T18:50:04.000Z
"https://leetcode.com/problems/clone-binary-tree-with-random-pointer/","Clone Binary Tree With Random Pointer","BINARY TREE","MEDIUM",47093,,"CLEAR",,false,2026-07-21T18:50:04.000Z,2026-07-21T18:50:04.000Z
"https://leetcode.com/problems/closest-leaf-in-a-binary-tree/","Closest Leaf in a Binary Tree","BINARY TREE","MEDIUM",118902,,"CLEAR",,false,2026-07-21T18:50:04.000Z,2026-07-21T18:50:04.000Z
"https://leetcode.com/problems/complete-binary-tree-inserter/","Complete Binary Tree Inserter","BINARY TREE","MEDIUM",104198,,"CLEAR",,false,2026-07-21T18:50:04.000Z,2026-07-21T18:50:04.000Z
"https://leetcode.com/problems/construct-binary-tree-from-string/","Construct Binary Tree from String","BINARY TREE","MEDIUM",217130,,"CLEAR",,false,2026-07-21T18:50:04.000Z,2026-07-21T18:50:04.000Z
"https://leetcode.com/problems/construct-string-from-binary-tree/","Construct String from Binary Tree","BINARY TREE","MEDIUM",507967,,"CLEAR",,false,2026-07-21T18:50:04.000Z,2026-07-21T18:50:04.000Z
"https://leetcode.com/problems/correct-a-binary-tree/","Correct a Binary Tree","BINARY TREE","MEDIUM",31759,,"CLEAR",,false,2026-07-21T18:50:04.000Z,2026-07-21T18:50:04.000Z
"https://leetcode.com/problems/count-good-nodes-in-binary-tree/","Count Good Nodes in Binary Tree","BINARY TREE","MEDIUM",1237409,,"CLEAR",,false,2026-07-21T18:50:04.000Z,2026-07-21T18:50:04.000Z
"https://leetcode.com/problems/count-nodes-equal-to-average-of-subtree/","Count Nodes Equal to Average of Subtree","BINARY TREE","MEDIUM",233266,,"CLEAR",,false,2026-07-21T18:50:04.000Z,2026-07-21T18:50:04.000Z
"https://leetcode.com/problems/count-nodes-equal-to-sum-of-descendants/","Count Nodes Equal to Sum of Descendants","BINARY TREE","MEDIUM",20706,,"CLEAR",,false,2026-07-21T18:50:04.000Z,2026-07-21T18:50:04.000Z
"https://leetcode.com/problems/count-nodes-with-the-highest-score/","Count Nodes With the Highest Score","BINARY TREE","MEDIUM",81427,,"CLEAR",,false,2026-07-21T18:50:04.000Z,2026-07-21T18:50:04.000Z
"https://leetcode.com/problems/count-univalue-subtrees/","Count Univalue Subtrees","BINARY TREE","MEDIUM",298503,,"CLEAR",,false,2026-07-21T18:50:04.000Z,2026-07-21T18:50:04.000Z
"https://leetcode.com/problems/cousins-in-binary-tree/","Cousins in Binary Tree","BINARY TREE","EASY",601557,,"CLEAR",,false,2026-07-21T18:50:04.000Z,2026-07-21T18:50:04.000Z
"https://leetcode.com/problems/cousins-in-binary-tree-ii/","Cousins in Binary Tree II","BINARY TREE","MEDIUM",173374,,"CLEAR",,false,2026-07-21T18:50:04.000Z,2026-07-21T18:50:04.000Z
"https://leetcode.com/problems/create-binary-tree-from-descriptions/","Create Binary Tree From Descriptions","BINARY TREE","MEDIUM",320673,,"CLEAR",,false,2026-07-21T18:50:04.000Z,2026-07-21T18:50:04.000Z
"https://leetcode.com/problems/cycle-length-queries-in-a-tree/","Cycle Length Queries in a Tree","BINARY TREE","HARD",33563,,"CLEAR",,false,2026-07-21T18:50:04.000Z,2026-07-21T18:50:04.000Z
"https://leetcode.com/problems/deepest-leaves-sum/","Deepest Leaves Sum","BINARY TREE","MEDIUM",477770,,"CLEAR",,false,2026-07-21T18:50:04.000Z,2026-07-21T18:50:04.000Z
"https://leetcode.com/problems/delete-leaves-with-a-given-value/","Delete Leaves With a Given Value","BINARY TREE","MEDIUM",340581,,"CLEAR",,false,2026-07-21T18:50:04.000Z,2026-07-21T18:50:04.000Z
"https://leetcode.com/problems/delete-nodes-and-return-forest/","Delete Nodes And Return Forest","BINARY TREE","MEDIUM",551243,,"CLEAR",,false,2026-07-21T18:50:04.000Z,2026-07-21T18:50:04.000Z
"https://leetcode.com/problems/design-an-expression-tree-with-evaluate-function/","Design an Expression Tree With Evaluate Function","BINARY TREE","MEDIUM",36459,,"CLEAR",,false,2026-07-21T18:50:04.000Z,2026-07-21T18:50:04.000Z
"https://leetcode.com/problems/diameter-of-binary-tree/","Diameter of Binary Tree","BINARY TREE","EASY",3961527,,"CLEAR",,false,2026-07-21T18:50:04.000Z,2026-07-21T18:50:04.000Z
"https://leetcode.com/problems/distribute-coins-in-binary-tree/","Distribute Coins in Binary Tree","BINARY TREE","MEDIUM",297091,,"CLEAR",,false,2026-07-21T18:50:04.000Z,2026-07-21T18:50:04.000Z
"https://leetcode.com/problems/encode-n-ary-tree-to-binary-tree/","Encode N-ary Tree to Binary Tree","BINARY TREE","HARD",31359,,"CLEAR",,false,2026-07-21T18:50:04.000Z,2026-07-21T18:50:04.000Z
"https://leetcode.com/problems/equal-tree-partition/","Equal Tree Partition","BINARY TREE","MEDIUM",87473,,"CLEAR",,false,2026-07-21T18:50:04.000Z,2026-07-21T18:50:04.000Z
"https://leetcode.com/problems/evaluate-boolean-binary-tree/","Evaluate Boolean Binary Tree","BINARY TREE","EASY",278636,,"CLEAR",,false,2026-07-21T18:50:04.000Z,2026-07-21T18:50:04.000Z
"https://leetcode.com/problems/even-odd-tree/","Even Odd Tree","BINARY TREE","MEDIUM",295269,,"CLEAR",,false,2026-07-21T18:50:04.000Z,2026-07-21T18:50:04.000Z
"https://leetcode.com/problems/extract-kth-character-from-the-rope-tree/","Extract Kth Character From The Rope Tree","BINARY TREE","EASY",6961,,"CLEAR",,false,2026-07-21T18:50:04.000Z,2026-07-21T18:50:04.000Z
"https://leetcode.com/problems/find-a-corresponding-node-of-a-binary-tree-in-a-clone-of-that-tree/","Find a Corresponding Node of a Binary Tree in a Clone of That Tree","BINARY TREE","EASY",313106,,"CLEAR",,false,2026-07-21T18:50:04.000Z,2026-07-21T18:50:04.000Z
"https://leetcode.com/problems/find-all-the-lonely-nodes/","Find All The Lonely Nodes","BINARY TREE","EASY",73614,,"CLEAR",,false,2026-07-21T18:50:04.000Z,2026-07-21T18:50:04.000Z
"https://leetcode.com/problems/find-bottom-left-tree-value/","Find Bottom Left Tree Value","BINARY TREE","MEDIUM",627809,,"CLEAR",,false,2026-07-21T18:50:04.000Z,2026-07-21T18:50:04.000Z
"https://leetcode.com/problems/find-distance-in-a-binary-tree/","Find Distance in a Binary Tree","BINARY TREE","MEDIUM",48510,,"CLEAR",,false,2026-07-21T18:50:04.000Z,2026-07-21T18:50:04.000Z
"https://leetcode.com/problems/find-duplicate-subtrees/","Find Duplicate Subtrees","BINARY TREE","MEDIUM",528019,,"CLEAR",,false,2026-07-21T18:50:04.000Z,2026-07-21T18:50:04.000Z
"https://leetcode.com/problems/find-elements-in-a-contaminated-binary-tree/","Find Elements in a Contaminated Binary Tree","BINARY TREE","MEDIUM",245085,,"CLEAR",,false,2026-07-21T18:50:04.000Z,2026-07-21T18:50:04.000Z
"https://leetcode.com/problems/find-largest-value-in-each-tree-row/","Find Largest Value in Each Tree Row","BINARY TREE","MEDIUM",800386,,"CLEAR",,false,2026-07-21T18:50:04.000Z,2026-07-21T18:50:04.000Z
"https://leetcode.com/problems/find-leaves-of-binary-tree/","Find Leaves of Binary Tree","BINARY TREE","MEDIUM",357048,,"CLEAR",,false,2026-07-21T18:50:04.000Z,2026-07-21T18:50:04.000Z
"https://leetcode.com/problems/find-nearest-right-node-in-binary-tree/","Find Nearest Right Node in Binary Tree","BINARY TREE","MEDIUM",33542,,"CLEAR",,false,2026-07-21T18:50:04.000Z,2026-07-21T18:50:04.000Z
"https://leetcode.com/problems/find-the-level-of-tree-with-minimum-sum/","Find the Level of Tree with Minimum Sum","BINARY TREE","MEDIUM",4914,,"CLEAR",,false,2026-07-21T18:50:04.000Z,2026-07-21T18:50:04.000Z
"https://leetcode.com/problems/flatten-binary-tree-to-linked-list/","Flatten Binary Tree to Linked List","BINARY TREE","MEDIUM",2043119,,"CLEAR",,false,2026-07-21T18:50:04.000Z,2026-07-21T18:50:04.000Z
"https://leetcode.com/problems/flip-binary-tree-to-match-preorder-traversal/","Flip Binary Tree To Match Preorder Traversal","BINARY TREE","MEDIUM",97021,,"CLEAR",,false,2026-07-21T18:50:04.000Z,2026-07-21T18:50:04.000Z
"https://leetcode.com/problems/flip-equivalent-binary-trees/","Flip Equivalent Binary Trees","BINARY TREE","MEDIUM",392618,,"CLEAR",,false,2026-07-21T18:50:04.000Z,2026-07-21T18:50:04.000Z
"https://leetcode.com/problems/height-of-binary-tree-after-subtree-removal-queries/","Height of Binary Tree After Subtree Removal Queries","BINARY TREE","HARD",193501,,"CLEAR",,false,2026-07-21T18:50:04.000Z,2026-07-21T18:50:04.000Z
"https://leetcode.com/problems/height-of-special-binary-tree/","Height of Special Binary Tree","BINARY TREE","MEDIUM",2040,,"CLEAR",,false,2026-07-21T18:50:04.000Z,2026-07-21T18:50:04.000Z
"https://leetcode.com/problems/insufficient-nodes-in-root-to-leaf-paths/","Insufficient Nodes in Root to Leaf Paths","BINARY TREE","MEDIUM",94911,,"CLEAR",,false,2026-07-21T18:50:04.000Z,2026-07-21T18:50:04.000Z
"https://leetcode.com/problems/invert-binary-tree/","Invert Binary Tree","BINARY TREE","EASY",3905847,,"CLEAR",,false,2026-07-21T18:50:04.000Z,2026-07-21T18:50:04.000Z
"https://leetcode.com/problems/is-array-a-preorder-of-some-binary-tree/","Is Array a Preorder of Some ‌Binary Tree","BINARY TREE","MEDIUM",3025,,"CLEAR",,false,2026-07-21T18:50:04.000Z,2026-07-21T18:50:04.000Z
"https://leetcode.com/problems/k-th-largest-perfect-subtree-size-in-binary-tree/","K-th Largest Perfect Subtree Size in Binary Tree","BINARY TREE","MEDIUM",49317,,"CLEAR",,false,2026-07-21T18:50:04.000Z,2026-07-21T18:50:04.000Z
"https://leetcode.com/problems/kth-largest-sum-in-a-binary-tree/","Kth Largest Sum in a Binary Tree","BINARY TREE","MEDIUM",316004,,"CLEAR",,false,2026-07-21T18:50:04.000Z,2026-07-21T18:50:04.000Z
"https://leetcode.com/problems/leaf-similar-trees/","Leaf-Similar Trees","BINARY TREE","EASY",994544,,"CLEAR",,false,2026-07-21T18:50:04.000Z,2026-07-21T18:50:04.000Z
"https://leetcode.com/problems/linked-list-in-binary-tree/","Linked List in Binary Tree","BINARY TREE","MEDIUM",407735,,"CLEAR",,false,2026-07-21T18:50:04.000Z,2026-07-21T18:50:04.000Z
"https://leetcode.com/problems/longest-univalue-path/","Longest Univalue Path","BINARY TREE","MEDIUM",523390,,"CLEAR",,false,2026-07-21T18:50:04.000Z,2026-07-21T18:50:04.000Z
"https://leetcode.com/problems/lowest-common-ancestor-of-a-binary-tree/","Lowest Common Ancestor of a Binary Tree","BINARY TREE","MEDIUM",3876374,,"CLEAR",,false,2026-07-21T18:50:04.000Z,2026-07-21T18:50:04.000Z
"https://leetcode.com/problems/lowest-common-ancestor-of-a-binary-tree-ii/","Lowest Common Ancestor of a Binary Tree II","BINARY TREE","MEDIUM",175111,,"CLEAR",,false,2026-07-21T18:50:04.000Z,2026-07-21T18:50:04.000Z
"https://leetcode.com/problems/lowest-common-ancestor-of-a-binary-tree-iii/","Lowest Common Ancestor of a Binary Tree III","BINARY TREE","MEDIUM",492787,,"CLEAR",,false,2026-07-21T18:50:04.000Z,2026-07-21T18:50:04.000Z
"https://leetcode.com/problems/lowest-common-ancestor-of-a-binary-tree-iv/","Lowest Common Ancestor of a Binary Tree IV","BINARY TREE","MEDIUM",80524,,"CLEAR",,false,2026-07-21T18:50:04.000Z,2026-07-21T18:50:04.000Z
"https://leetcode.com/problems/lowest-common-ancestor-of-deepest-leaves/","Lowest Common Ancestor of Deepest Leaves","BINARY TREE","MEDIUM",321612,,"CLEAR",,false,2026-07-21T18:50:04.000Z,2026-07-21T18:50:04.000Z
"https://leetcode.com/problems/maximum-average-subtree/","Maximum Average Subtree","BINARY TREE","MEDIUM",111090,,"CLEAR",,false,2026-07-21T18:50:04.000Z,2026-07-21T18:50:04.000Z
"https://leetcode.com/problems/maximum-binary-tree-ii/","Maximum Binary Tree II","BINARY TREE","MEDIUM",66047,,"CLEAR",,false,2026-07-21T18:50:04.000Z,2026-07-21T18:50:04.000Z
"https://leetcode.com/problems/maximum-depth-of-binary-tree/","Maximum Depth of Binary Tree","BINARY TREE","EASY",6327314,,"CLEAR",,false,2026-07-21T18:50:04.000Z,2026-07-21T18:50:04.000Z
"https://leetcode.com/problems/maximum-difference-between-node-and-ancestor/","Maximum Difference Between Node and Ancestor","BINARY TREE","MEDIUM",498635,,"CLEAR",,false,2026-07-21T18:50:04.000Z,2026-07-21T18:50:04.000Z
"https://leetcode.com/problems/maximum-distinct-path-sum-in-a-binary-tree/","Maximum Distinct Path Sum in a Binary Tree","BINARY TREE","MEDIUM",769,,"CLEAR",,false,2026-07-21T18:50:04.000Z,2026-07-21T18:50:04.000Z
"https://leetcode.com/problems/maximum-level-sum-of-a-binary-tree/","Maximum Level Sum of a Binary Tree","BINARY TREE","MEDIUM",839100,,"CLEAR",,false,2026-07-21T18:50:04.000Z,2026-07-21T18:50:04.000Z
"https://leetcode.com/problems/maximum-product-of-splitted-binary-tree/","Maximum Product of Splitted Binary Tree","BINARY TREE","MEDIUM",470424,,"CLEAR",,false,2026-07-21T18:50:04.000Z,2026-07-21T18:50:04.000Z
"https://leetcode.com/problems/maximum-width-of-binary-tree/","Maximum Width of Binary Tree","BINARY TREE","MEDIUM",1369531,,"CLEAR",,false,2026-07-21T18:50:04.000Z,2026-07-21T18:50:04.000Z
"https://leetcode.com/problems/merge-two-binary-trees/","Merge Two Binary Trees","BINARY TREE","EASY",1151138,,"CLEAR",,false,2026-07-21T18:50:04.000Z,2026-07-21T18:50:04.000Z
"https://leetcode.com/problems/minimum-depth-of-binary-tree/","Minimum Depth of Binary Tree","BINARY TREE","EASY",3248548,,"CLEAR",,false,2026-07-21T18:50:04.000Z,2026-07-21T18:50:04.000Z
"https://leetcode.com/problems/minimum-number-of-operations-to-sort-a-binary-tree-by-level/","Minimum Number of Operations to Sort a Binary Tree by Level","BINARY TREE","MEDIUM",156834,,"CLEAR",,false,2026-07-21T18:50:04.000Z,2026-07-21T18:50:04.000Z
"https://leetcode.com/problems/most-frequent-subtree-sum/","Most Frequent Subtree Sum","BINARY TREE","MEDIUM",259705,,"CLEAR",,false,2026-07-21T18:50:04.000Z,2026-07-21T18:50:04.000Z
"https://leetcode.com/problems/number-of-good-leaf-nodes-pairs/","Number of Good Leaf Nodes Pairs","BINARY TREE","MEDIUM",227855,,"CLEAR",,false,2026-07-21T18:50:04.000Z,2026-07-21T18:50:04.000Z
"https://leetcode.com/problems/number-of-nodes-with-value-one/","Number of Nodes With Value One","BINARY TREE","MEDIUM",4540,,"CLEAR",,false,2026-07-21T18:50:04.000Z,2026-07-21T18:50:04.000Z
"https://leetcode.com/problems/path-in-zigzag-labelled-binary-tree/","Path In Zigzag Labelled Binary Tree","BINARY TREE","MEDIUM",71874,,"CLEAR",,false,2026-07-21T18:50:04.000Z,2026-07-21T18:50:04.000Z
"https://leetcode.com/problems/path-sum/","Path Sum","BINARY TREE","EASY",4017288,,"CLEAR",,false,2026-07-21T18:50:04.000Z,2026-07-21T18:50:04.000Z
"https://leetcode.com/problems/path-sum-iii/","Path Sum III","BINARY TREE","MEDIUM",1750550,,"CLEAR",,false,2026-07-21T18:50:04.000Z,2026-07-21T18:50:04.000Z
"https://leetcode.com/problems/path-sum-iv/","Path Sum IV","BINARY TREE","MEDIUM",66579,,"CLEAR",,false,2026-07-21T18:50:04.000Z,2026-07-21T18:50:04.000Z
"https://leetcode.com/problems/populating-next-right-pointers-in-each-node/","Populating Next Right Pointers in Each Node","BINARY TREE","MEDIUM",2024691,,"CLEAR",,false,2026-07-21T18:50:04.000Z,2026-07-21T18:50:04.000Z
"https://leetcode.com/problems/populating-next-right-pointers-in-each-node-ii/","Populating Next Right Pointers in Each Node II","BINARY TREE","MEDIUM",1493685,,"CLEAR",,false,2026-07-21T18:50:04.000Z,2026-07-21T18:50:04.000Z
"https://leetcode.com/problems/print-binary-tree/","Print Binary Tree","BINARY TREE","MEDIUM",132708,,"CLEAR",,false,2026-07-21T18:50:04.000Z,2026-07-21T18:50:04.000Z
"https://leetcode.com/problems/recover-a-tree-from-preorder-traversal/","Recover a Tree From Preorder Traversal","BINARY TREE","HARD",202290,,"CLEAR",,false,2026-07-21T18:50:04.000Z,2026-07-21T18:50:04.000Z
"https://leetcode.com/problems/reverse-odd-levels-of-binary-tree/","Reverse Odd Levels of Binary Tree","BINARY TREE","MEDIUM",222625,,"CLEAR",,false,2026-07-21T18:50:04.000Z,2026-07-21T18:50:04.000Z
"https://leetcode.com/problems/root-equals-sum-of-children/","Root Equals Sum of Children","BINARY TREE","EASY",427333,,"CLEAR",,false,2026-07-21T18:50:04.000Z,2026-07-21T18:50:04.000Z
"https://leetcode.com/problems/same-tree/","Same Tree","BINARY TREE","EASY",5281703,,"CLEAR",,false,2026-07-21T18:50:04.000Z,2026-07-21T18:50:04.000Z
"https://leetcode.com/problems/second-minimum-node-in-a-binary-tree/","Second Minimum Node In a Binary Tree","BINARY TREE","EASY",540065,,"CLEAR",,false,2026-07-21T18:50:04.000Z,2026-07-21T18:50:04.000Z
"https://leetcode.com/problems/serialize-and-deserialize-binary-tree/","Serialize and Deserialize Binary Tree","BINARY TREE","HARD",2031251,,"CLEAR",,false,2026-07-21T18:50:04.000Z,2026-07-21T18:50:04.000Z
"https://leetcode.com/problems/smallest-subtree-with-all-the-deepest-nodes/","Smallest Subtree with all the Deepest Nodes","BINARY TREE","MEDIUM",355058,,"CLEAR",,false,2026-07-21T18:50:04.000Z,2026-07-21T18:50:04.000Z
"https://leetcode.com/problems/step-by-step-directions-from-a-binary-tree-node-to-another/","Step-By-Step Directions From a Binary Tree Node to Another","BINARY TREE","MEDIUM",429928,,"CLEAR",,false,2026-07-21T18:50:04.000Z,2026-07-21T18:50:04.000Z
"https://leetcode.com/problems/subtree-of-another-tree/","Subtree of Another Tree","BINARY TREE","EASY",2515585,,"CLEAR",,false,2026-07-21T18:50:04.000Z,2026-07-21T18:50:04.000Z
"https://leetcode.com/problems/sum-of-left-leaves/","Sum of Left Leaves","BINARY TREE","EASY",1301206,,"CLEAR",,false,2026-07-21T18:50:04.000Z,2026-07-21T18:50:04.000Z
"https://leetcode.com/problems/sum-of-nodes-with-even-valued-grandparent/","Sum of Nodes with Even-Valued Grandparent","BINARY TREE","MEDIUM",218597,,"CLEAR",,false,2026-07-21T18:50:04.000Z,2026-07-21T18:50:04.000Z
"https://leetcode.com/problems/sum-of-root-to-leaf-binary-numbers/","Sum of Root To Leaf Binary Numbers","BINARY TREE","EASY",478089,,"CLEAR",,false,2026-07-21T18:50:04.000Z,2026-07-21T18:50:04.000Z
"https://leetcode.com/problems/sum-root-to-leaf-numbers/","Sum Root to Leaf Numbers","BINARY TREE","MEDIUM",1871693,,"CLEAR",,false,2026-07-21T18:50:04.000Z,2026-07-21T18:50:04.000Z
"https://leetcode.com/problems/symmetric-tree/","Symmetric Tree","BINARY TREE","EASY",4835509,,"CLEAR",,false,2026-07-21T18:50:04.000Z,2026-07-21T18:50:04.000Z
"https://leetcode.com/problems/univalued-binary-tree/","Univalued Binary Tree","BINARY TREE","EASY",386011,,"CLEAR",,false,2026-07-21T18:50:04.000Z,2026-07-21T18:50:04.000Z
"https://leetcode.com/problems/validate-binary-tree-nodes/","Validate Binary Tree Nodes","BINARY TREE","MEDIUM",312570,,"CLEAR",,false,2026-07-21T18:50:04.000Z,2026-07-21T18:50:04.000Z
"https://leetcode.com/problems/verify-preorder-serialization-of-a-binary-tree/","Verify Preorder Serialization of a Binary Tree","BINARY TREE","MEDIUM",361326,,"CLEAR",,false,2026-07-21T18:50:04.000Z,2026-07-21T18:50:04.000Z
"https://leetcode.com/problems/vertical-order-traversal-of-a-binary-tree/","Vertical Order Traversal of a Binary Tree","BINARY TREE","HARD",1380015,,"CLEAR",,false,2026-07-21T18:50:04.000Z,2026-07-21T18:50:04.000Z
"https://leetcode.com/problems/zigzag-level-sum-of-binary-tree/","Zigzag Level Sum of Binary Tree","BINARY TREE","MEDIUM",657,,"CLEAR",,false,2026-07-21T18:50:04.000Z,2026-07-21T18:50:04.000Z
"https://leetcode.com/problems/add-binary/","Add Binary","BIT MANIPULATION","EASY",4145664,,"CLEAR",,false,2026-07-21T18:50:04.000Z,2026-07-21T18:50:04.000Z
"https://leetcode.com/problems/android-unlock-patterns/","Android Unlock Patterns","BIT MANIPULATION","MEDIUM",157191,,"CLEAR",,false,2026-07-21T18:50:04.000Z,2026-07-21T18:50:04.000Z
"https://leetcode.com/problems/apply-bitwise-operations-to-make-strings-equal/","Apply Bitwise Operations to Make Strings Equal","BIT MANIPULATION","MEDIUM",54365,,"CLEAR",,false,2026-07-21T18:50:04.000Z,2026-07-21T18:50:04.000Z
"https://leetcode.com/problems/apply-operations-on-array-to-maximize-sum-of-squares/","Apply Operations on Array to Maximize Sum of Squares","BIT MANIPULATION","HARD",19673,,"CLEAR",,false,2026-07-21T18:50:04.000Z,2026-07-21T18:50:04.000Z
"https://leetcode.com/problems/beautiful-arrangement/","Beautiful Arrangement","BIT MANIPULATION","MEDIUM",342181,,"CLEAR",,false,2026-07-21T18:50:04.000Z,2026-07-21T18:50:04.000Z
"https://leetcode.com/problems/binary-gap/","Binary Gap","BIT MANIPULATION","EASY",296528,,"CLEAR",,false,2026-07-21T18:50:04.000Z,2026-07-21T18:50:04.000Z
"https://leetcode.com/problems/binary-number-with-alternating-bits/","Binary Number with Alternating Bits","BIT MANIPULATION","EASY",442682,,"CLEAR",,false,2026-07-21T18:50:04.000Z,2026-07-21T18:50:04.000Z
"https://leetcode.com/problems/binary-prefix-divisible-by-5/","Binary Prefix Divisible By 5","BIT MANIPULATION","EASY",348612,,"CLEAR",,false,2026-07-21T18:50:04.000Z,2026-07-21T18:50:04.000Z
"https://leetcode.com/problems/binary-string-with-substrings-representing-1-to-n/","Binary String With Substrings Representing 1 To N","BIT MANIPULATION","MEDIUM",87255,,"CLEAR",,false,2026-07-21T18:50:04.000Z,2026-07-21T18:50:04.000Z
"https://leetcode.com/problems/binary-watch/","Binary Watch","BIT MANIPULATION","EASY",442272,,"CLEAR",,false,2026-07-21T18:50:04.000Z,2026-07-21T18:50:04.000Z
"https://leetcode.com/problems/bitwise-and-of-numbers-range/","Bitwise AND of Numbers Range","BIT MANIPULATION","MEDIUM",1075971,,"CLEAR",,false,2026-07-21T18:50:04.000Z,2026-07-21T18:50:04.000Z
"https://leetcode.com/problems/bitwise-or-of-adjacent-elements/","Bitwise OR of Adjacent Elements","BIT MANIPULATION","EASY",7248,,"CLEAR",,false,2026-07-21T18:50:04.000Z,2026-07-21T18:50:04.000Z
"https://leetcode.com/problems/bitwise-or-of-all-subsequence-sums/","Bitwise OR of All Subsequence Sums","BIT MANIPULATION","MEDIUM",7059,,"CLEAR",,false,2026-07-21T18:50:04.000Z,2026-07-21T18:50:04.000Z
"https://leetcode.com/problems/bitwise-or-of-even-numbers-in-an-array/","Bitwise OR of Even Numbers in an Array","BIT MANIPULATION","EASY",89598,,"CLEAR",,false,2026-07-21T18:50:04.000Z,2026-07-21T18:50:04.000Z
"https://leetcode.com/problems/bitwise-ors-of-subarrays/","Bitwise ORs of Subarrays","BIT MANIPULATION","MEDIUM",238650,,"CLEAR",,false,2026-07-21T18:50:04.000Z,2026-07-21T18:50:04.000Z
"https://leetcode.com/problems/bitwise-xor-of-all-pairings/","Bitwise XOR of All Pairings","BIT MANIPULATION","MEDIUM",230870,,"CLEAR",,false,2026-07-21T18:50:04.000Z,2026-07-21T18:50:04.000Z
"https://leetcode.com/problems/bulb-switcher-ii/","Bulb Switcher II","BIT MANIPULATION","MEDIUM",62630,,"CLEAR",,false,2026-07-21T18:50:04.000Z,2026-07-21T18:50:04.000Z
"https://leetcode.com/problems/campus-bikes-ii/","Campus Bikes II","BIT MANIPULATION","MEDIUM",103246,,"CLEAR",,false,2026-07-21T18:50:04.000Z,2026-07-21T18:50:04.000Z
"https://leetcode.com/problems/can-i-win/","Can I Win","BIT MANIPULATION","MEDIUM",401157,,"CLEAR",,false,2026-07-21T18:50:04.000Z,2026-07-21T18:50:04.000Z
"https://leetcode.com/problems/can-make-palindrome-from-substring/","Can Make Palindrome from Substring","BIT MANIPULATION","MEDIUM",88946,,"CLEAR",,false,2026-07-21T18:50:04.000Z,2026-07-21T18:50:04.000Z
"https://leetcode.com/problems/chalkboard-xor-game/","Chalkboard XOR Game","BIT MANIPULATION","HARD",31283,,"CLEAR",,false,2026-07-21T18:50:04.000Z,2026-07-21T18:50:04.000Z
"https://leetcode.com/problems/check-if-a-string-contains-all-binary-codes-of-size-k/","Check If a String Contains All Binary Codes of Size K","BIT MANIPULATION","MEDIUM",436075,,"CLEAR",,false,2026-07-21T18:50:04.000Z,2026-07-21T18:50:04.000Z
"https://leetcode.com/problems/check-if-bitwise-or-has-trailing-zeros/","Check if Bitwise OR Has Trailing Zeros","BIT MANIPULATION","EASY",72258,,"CLEAR",,false,2026-07-21T18:50:04.000Z,2026-07-21T18:50:04.000Z
"https://leetcode.com/problems/cinema-seat-allocation/","Cinema Seat Allocation","BIT MANIPULATION","MEDIUM",150860,,"CLEAR",,false,2026-07-21T18:50:04.000Z,2026-07-21T18:50:04.000Z
"https://leetcode.com/problems/circular-permutation-in-binary-representation/","Circular Permutation in Binary Representation","BIT MANIPULATION","MEDIUM",35137,,"CLEAR",,false,2026-07-21T18:50:04.000Z,2026-07-21T18:50:04.000Z
"https://leetcode.com/problems/closest-subsequence-sum/","Closest Subsequence Sum","BIT MANIPULATION","HARD",67427,,"CLEAR",,false,2026-07-21T18:50:04.000Z,2026-07-21T18:50:04.000Z
"https://leetcode.com/problems/complement-of-base-10-integer/","Complement of Base 10 Integer","BIT MANIPULATION","EASY",714370,,"CLEAR",,false,2026-07-21T18:50:04.000Z,2026-07-21T18:50:04.000Z
"https://leetcode.com/problems/concatenated-divisibility/","Concatenated Divisibility","BIT MANIPULATION","HARD",20674,,"CLEAR",,false,2026-07-21T18:50:04.000Z,2026-07-21T18:50:04.000Z
"https://leetcode.com/problems/concatenation-of-consecutive-binary-numbers/","Concatenation of Consecutive Binary Numbers","BIT MANIPULATION","MEDIUM",291100,,"CLEAR",,false,2026-07-21T18:50:04.000Z,2026-07-21T18:50:04.000Z
"https://leetcode.com/problems/construct-the-minimum-bitwise-array-i/","Construct the Minimum Bitwise Array I","BIT MANIPULATION","EASY",164343,,"CLEAR",,false,2026-07-21T18:50:04.000Z,2026-07-21T18:50:04.000Z
"https://leetcode.com/problems/construct-the-minimum-bitwise-array-ii/","Construct the Minimum Bitwise Array II","BIT MANIPULATION","MEDIUM",156710,,"CLEAR",,false,2026-07-21T18:50:04.000Z,2026-07-21T18:50:04.000Z
"https://leetcode.com/problems/convert-a-number-to-hexadecimal/","Convert a Number to Hexadecimal","BIT MANIPULATION","EASY",422305,,"CLEAR",,false,2026-07-21T18:50:04.000Z,2026-07-21T18:50:04.000Z
"https://leetcode.com/problems/count-binary-palindromic-numbers/","Count Binary Palindromic Numbers","BIT MANIPULATION","HARD",48203,,"CLEAR",,false,2026-07-21T18:50:04.000Z,2026-07-21T18:50:04.000Z
"https://leetcode.com/problems/count-complete-tree-nodes/","Count Complete Tree Nodes","BIT MANIPULATION","EASY",1677553,,"CLEAR",,false,2026-07-21T18:50:04.000Z,2026-07-21T18:50:04.000Z
"https://leetcode.com/problems/count-connected-subgraphs-with-even-node-sum/","Count Connected Subgraphs with Even Node Sum","BIT MANIPULATION","HARD",14488,,"CLEAR",,false,2026-07-21T18:50:04.000Z,2026-07-21T18:50:04.000Z
"https://leetcode.com/problems/count-good-subarrays/","Count Good Subarrays","BIT MANIPULATION","HARD",28180,,"CLEAR",,false,2026-07-21T18:50:04.000Z,2026-07-21T18:50:04.000Z
"https://leetcode.com/problems/count-monobit-integers/","Count Monobit Integers","BIT MANIPULATION","EASY",81239,,"CLEAR",,false,2026-07-21T18:50:04.000Z,2026-07-21T18:50:04.000Z
"https://leetcode.com/problems/count-number-of-maximum-bitwise-or-subsets/","Count Number of Maximum Bitwise-OR Subsets","BIT MANIPULATION","MEDIUM",282183,,"CLEAR",,false,2026-07-21T18:50:04.000Z,2026-07-21T18:50:04.000Z
"https://leetcode.com/problems/count-pairs-of-points-with-distance-k/","Count Pairs of Points With Distance k","BIT MANIPULATION","MEDIUM",41912,,"CLEAR",,false,2026-07-21T18:50:04.000Z,2026-07-21T18:50:04.000Z
"https://leetcode.com/problems/count-pairs-of-similar-strings/","Count Pairs Of Similar Strings","BIT MANIPULATION","EASY",101995,,"CLEAR",,false,2026-07-21T18:50:04.000Z,2026-07-21T18:50:04.000Z
"https://leetcode.com/problems/count-pairs-with-xor-in-a-range/","Count Pairs With XOR in a Range","BIT MANIPULATION","HARD",27460,,"CLEAR",,false,2026-07-21T18:50:04.000Z,2026-07-21T18:50:04.000Z
"https://leetcode.com/problems/count-paths-that-can-form-a-palindrome-in-a-tree/","Count Paths That Can Form a Palindrome in a Tree","BIT MANIPULATION","HARD",30212,,"CLEAR",,false,2026-07-21T18:50:04.000Z,2026-07-21T18:50:04.000Z
"https://leetcode.com/problems/count-paths-with-the-given-xor-value/","Count Paths With the Given XOR Value","BIT MANIPULATION","MEDIUM",53793,,"CLEAR",,false,2026-07-21T18:50:04.000Z,2026-07-21T18:50:04.000Z
"https://leetcode.com/problems/count-subtrees-with-max-distance-between-cities/","Count Subtrees With Max Distance Between Cities","BIT MANIPULATION","HARD",22937,,"CLEAR",,false,2026-07-21T18:50:04.000Z,2026-07-21T18:50:04.000Z
"https://leetcode.com/problems/count-the-number-of-beautiful-subarrays/","Count the Number of Beautiful Subarrays","BIT MANIPULATION","MEDIUM",52201,,"CLEAR",,false,2026-07-21T18:50:04.000Z,2026-07-21T18:50:04.000Z
"https://leetcode.com/problems/count-the-number-of-consistent-strings/","Count the Number of Consistent Strings","BIT MANIPULATION","EASY",510615,,"CLEAR",,false,2026-07-21T18:50:04.000Z,2026-07-21T18:50:04.000Z
"https://leetcode.com/problems/count-the-number-of-square-free-subsets/","Count the Number of Square-Free Subsets","BIT MANIPULATION","MEDIUM",54003,,"CLEAR",,false,2026-07-21T18:50:04.000Z,2026-07-21T18:50:04.000Z
"https://leetcode.com/problems/count-triplets-that-can-form-two-arrays-of-equal-xor/","Count Triplets That Can Form Two Arrays of Equal XOR","BIT MANIPULATION","MEDIUM",170847,,"CLEAR",,false,2026-07-21T18:50:04.000Z,2026-07-21T18:50:04.000Z
"https://leetcode.com/problems/count-triplets-with-even-xor-set-bits-i/","Count Triplets with Even XOR Set Bits I","BIT MANIPULATION","EASY",2401,,"CLEAR",,false,2026-07-21T18:50:04.000Z,2026-07-21T18:50:04.000Z
"https://leetcode.com/problems/count-triplets-with-even-xor-set-bits-ii/","Count Triplets with Even XOR Set Bits II","BIT MANIPULATION","MEDIUM",1384,,"CLEAR",,false,2026-07-21T18:50:04.000Z,2026-07-21T18:50:04.000Z
"https://leetcode.com/problems/count-words-obtained-after-adding-a-letter/","Count Words Obtained After Adding a Letter","BIT MANIPULATION","MEDIUM",95479,,"CLEAR",,false,2026-07-21T18:50:04.000Z,2026-07-21T18:50:04.000Z
"https://leetcode.com/problems/counting-bits/","Counting Bits","BIT MANIPULATION","EASY",2068058,,"CLEAR",,false,2026-07-21T18:50:04.000Z,2026-07-21T18:50:04.000Z
"https://leetcode.com/problems/decode-xored-array/","Decode XORed Array","BIT MANIPULATION","EASY",225025,,"CLEAR",,false,2026-07-21T18:50:04.000Z,2026-07-21T18:50:04.000Z
"https://leetcode.com/problems/decode-xored-permutation/","Decode XORed Permutation","BIT MANIPULATION","MEDIUM",31559,,"CLEAR",,false,2026-07-21T18:50:04.000Z,2026-07-21T18:50:04.000Z
"https://leetcode.com/problems/distinct-gate-paths-to-lca/","Distinct Gate Paths to LCA","BIT MANIPULATION","HARD",354,,"CLEAR",,false,2026-07-21T18:50:04.000Z,2026-07-21T18:50:04.000Z
"https://leetcode.com/problems/distribute-repeating-integers/","Distribute Repeating Integers","BIT MANIPULATION","HARD",54617,,"CLEAR",,false,2026-07-21T18:50:04.000Z,2026-07-21T18:50:04.000Z
"https://leetcode.com/problems/divide-array-into-equal-pairs/","Divide Array Into Equal Pairs","BIT MANIPULATION","EASY",387343,,"CLEAR",,false,2026-07-21T18:50:04.000Z,2026-07-21T18:50:04.000Z
"https://leetcode.com/problems/divide-two-integers/","Divide Two Integers","BIT MANIPULATION","MEDIUM",6085395,,"CLEAR",,false,2026-07-21T18:50:04.000Z,2026-07-21T18:50:04.000Z
"https://leetcode.com/problems/encode-number/","Encode Number","BIT MANIPULATION","MEDIUM",12447,,"CLEAR",,false,2026-07-21T18:50:04.000Z,2026-07-21T18:50:04.000Z
"https://leetcode.com/problems/exactly-one-consecutive-set-bits-pair/","Exactly One Consecutive Set Bits Pair","BIT MANIPULATION","EASY",76882,,"CLEAR",,false,2026-07-21T18:50:04.000Z,2026-07-21T18:50:04.000Z
"https://leetcode.com/problems/fair-distribution-of-cookies/","Fair Distribution of Cookies","BIT MANIPULATION","MEDIUM",177553,,"CLEAR",,false,2026-07-21T18:50:04.000Z,2026-07-21T18:50:04.000Z
"https://leetcode.com/problems/find-a-good-subset-of-the-matrix/","Find a Good Subset of the Matrix","BIT MANIPULATION","HARD",18204,,"CLEAR",,false,2026-07-21T18:50:04.000Z,2026-07-21T18:50:04.000Z
"https://leetcode.com/problems/find-a-value-of-a-mysterious-function-closest-to-target/","Find a Value of a Mysterious Function Closest to Target","BIT MANIPULATION","HARD",30608,,"CLEAR",,false,2026-07-21T18:50:04.000Z,2026-07-21T18:50:04.000Z
"https://leetcode.com/problems/find-if-array-can-be-sorted/","Find if Array Can Be Sorted","BIT MANIPULATION","MEDIUM",228012,,"CLEAR",,false,2026-07-21T18:50:04.000Z,2026-07-21T18:50:04.000Z
"https://leetcode.com/problems/find-kth-largest-xor-coordinate-value/","Find Kth Largest XOR Coordinate Value","BIT MANIPULATION","MEDIUM",49002,,"CLEAR",,false,2026-07-21T18:50:04.000Z,2026-07-21T18:50:04.000Z
"https://leetcode.com/problems/find-longest-awesome-substring/","Find Longest Awesome Substring","BIT MANIPULATION","HARD",45520,,"CLEAR",,false,2026-07-21T18:50:04.000Z,2026-07-21T18:50:04.000Z
"https://leetcode.com/problems/find-maximum-balanced-xor-subarray-length/","Find Maximum Balanced XOR Subarray Length","BIT MANIPULATION","MEDIUM",38516,,"CLEAR",,false,2026-07-21T18:50:04.000Z,2026-07-21T18:50:04.000Z
"https://leetcode.com/problems/find-minimum-time-to-finish-all-jobs/","Find Minimum Time to Finish All Jobs","BIT MANIPULATION","HARD",99512,,"CLEAR",,false,2026-07-21T18:50:04.000Z,2026-07-21T18:50:04.000Z
"https://leetcode.com/problems/find-nth-smallest-integer-with-k-one-bits/","Find Nth Smallest Integer With K One Bits","BIT MANIPULATION","HARD",28691,,"CLEAR",,false,2026-07-21T18:50:04.000Z,2026-07-21T18:50:04.000Z
"https://leetcode.com/problems/find-number-of-ways-to-reach-the-k-th-stair/","Find Number of Ways to Reach the K-th Stair","BIT MANIPULATION","HARD",43262,,"CLEAR",,false,2026-07-21T18:50:04.000Z,2026-07-21T18:50:04.000Z
"https://leetcode.com/problems/find-products-of-elements-of-big-array/","Find Products of Elements of Big Array","BIT MANIPULATION","HARD",13021,,"CLEAR",,false,2026-07-21T18:50:04.000Z,2026-07-21T18:50:04.000Z
"https://leetcode.com/problems/find-root-of-n-ary-tree/","Find Root of N-Ary Tree","BIT MANIPULATION","MEDIUM",53475,,"CLEAR",,false,2026-07-21T18:50:04.000Z,2026-07-21T18:50:04.000Z
"https://leetcode.com/problems/find-subarray-with-bitwise-or-closest-to-k/","Find Subarray With Bitwise OR Closest to K","BIT MANIPULATION","HARD",51856,,"CLEAR",,false,2026-07-21T18:50:04.000Z,2026-07-21T18:50:04.000Z
"https://leetcode.com/problems/find-sum-of-array-product-of-magical-sequences/","Find Sum of Array Product of Magical Sequences","BIT MANIPULATION","HARD",86060,,"CLEAR",,false,2026-07-21T18:50:04.000Z,2026-07-21T18:50:04.000Z
"https://leetcode.com/problems/find-the-difference/","Find the Difference","BIT MANIPULATION","EASY",1885563,,"CLEAR",,false,2026-07-21T18:50:04.000Z,2026-07-21T18:50:04.000Z
"https://leetcode.com/problems/find-the-duplicate-number/","Find the Duplicate Number","BIT MANIPULATION","MEDIUM",4124727,,"CLEAR",,false,2026-07-21T18:50:04.000Z,2026-07-21T18:50:04.000Z
"https://leetcode.com/problems/find-the-k-or-of-an-array/","Find the K-or of an Array","BIT MANIPULATION","EASY",50084,,"CLEAR",,false,2026-07-21T18:50:04.000Z,2026-07-21T18:50:04.000Z
"https://leetcode.com/problems/find-the-k-th-character-in-string-game-i/","Find the K-th Character in String Game I","BIT MANIPULATION","EASY",266232,,"CLEAR",,false,2026-07-21T18:50:04.000Z,2026-07-21T18:50:04.000Z
"https://leetcode.com/problems/find-the-k-th-character-in-string-game-ii/","Find the K-th Character in String Game II","BIT MANIPULATION","HARD",183132,,"CLEAR",,false,2026-07-21T18:50:04.000Z,2026-07-21T18:50:04.000Z
"https://leetcode.com/problems/find-the-k-th-lucky-number/","Find The K-th Lucky Number","BIT MANIPULATION","MEDIUM",8414,,"CLEAR",,false,2026-07-21T18:50:04.000Z,2026-07-21T18:50:04.000Z
"https://leetcode.com/problems/find-the-longest-substring-containing-vowels-in-even-counts/","Find the Longest Substring Containing Vowels in Even Counts","BIT MANIPULATION","MEDIUM",189225,,"CLEAR",,false,2026-07-21T18:50:04.000Z,2026-07-21T18:50:04.000Z
"https://leetcode.com/problems/find-the-maximum-sequence-value-of-array/","Find the Maximum Sequence Value of Array","BIT MANIPULATION","HARD",28315,,"CLEAR",,false,2026-07-21T18:50:04.000Z,2026-07-21T18:50:04.000Z
"https://leetcode.com/problems/find-the-maximum-sum-of-node-values/","Find the Maximum Sum of Node Values","BIT MANIPULATION","HARD",200752,,"CLEAR",,false,2026-07-21T18:50:04.000Z,2026-07-21T18:50:04.000Z
"https://leetcode.com/problems/find-the-minimum-cost-array-permutation/","Find the Minimum Cost Array Permutation","BIT MANIPULATION","HARD",28883,,"CLEAR",,false,2026-07-21T18:50:04.000Z,2026-07-21T18:50:04.000Z
"https://leetcode.com/problems/find-the-original-array-of-prefix-xor/","Find The Original Array of Prefix Xor","BIT MANIPULATION","MEDIUM",222723,,"CLEAR",,false,2026-07-21T18:50:04.000Z,2026-07-21T18:50:04.000Z
"https://leetcode.com/problems/find-the-prefix-common-array-of-two-arrays/","Find the Prefix Common Array of Two Arrays","BIT MANIPULATION","MEDIUM",409077,,"CLEAR",,false,2026-07-21T18:50:04.000Z,2026-07-21T18:50:04.000Z
"https://leetcode.com/problems/find-the-shortest-superstring/","Find the Shortest Superstring","BIT MANIPULATION","HARD",80616,,"CLEAR",,false,2026-07-21T18:50:04.000Z,2026-07-21T18:50:04.000Z
"https://leetcode.com/problems/find-the-xor-of-numbers-which-appear-twice/","Find the XOR of Numbers Which Appear Twice","BIT MANIPULATION","EASY",104923,,"CLEAR",,false,2026-07-21T18:50:04.000Z,2026-07-21T18:50:04.000Z
"https://leetcode.com/problems/find-weighted-median-node-in-tree/","Find Weighted Median Node in Tree","BIT MANIPULATION","HARD",18236,,"CLEAR",,false,2026-07-21T18:50:04.000Z,2026-07-21T18:50:04.000Z
"https://leetcode.com/problems/find-xor-sum-of-all-pairs-bitwise-and/","Find XOR Sum of All Pairs Bitwise AND","BIT MANIPULATION","HARD",43833,,"CLEAR",,false,2026-07-21T18:50:04.000Z,2026-07-21T18:50:04.000Z
"https://leetcode.com/problems/find-xor-beauty-of-array/","Find Xor-Beauty of Array","BIT MANIPULATION","MEDIUM",39419,,"CLEAR",,false,2026-07-21T18:50:04.000Z,2026-07-21T18:50:04.000Z
"https://leetcode.com/problems/first-letter-to-appear-twice/","First Letter to Appear Twice","BIT MANIPULATION","EASY",279024,,"CLEAR",,false,2026-07-21T18:50:04.000Z,2026-07-21T18:50:04.000Z
"https://leetcode.com/problems/flipping-an-image/","Flipping an Image","BIT MANIPULATION","EASY",686549,,"CLEAR",,false,2026-07-21T18:50:04.000Z,2026-07-21T18:50:04.000Z
"https://leetcode.com/problems/frequencies-of-shortest-supersequences/","Frequencies of Shortest Supersequences","BIT MANIPULATION","HARD",13592,,"CLEAR",,false,2026-07-21T18:50:04.000Z,2026-07-21T18:50:04.000Z
"https://leetcode.com/problems/game-of-nim/","Game of Nim","BIT MANIPULATION","MEDIUM",8529,,"CLEAR",,false,2026-07-21T18:50:04.000Z,2026-07-21T18:50:04.000Z
"https://leetcode.com/problems/generalized-abbreviation/","Generalized Abbreviation","BIT MANIPULATION","MEDIUM",127563,,"CLEAR",,false,2026-07-21T18:50:04.000Z,2026-07-21T18:50:04.000Z
"https://leetcode.com/problems/generate-binary-strings-without-adjacent-zeros/","Generate Binary Strings Without Adjacent Zeros","BIT MANIPULATION","MEDIUM",102849,,"CLEAR",,false,2026-07-21T18:50:04.000Z,2026-07-21T18:50:04.000Z
"https://leetcode.com/problems/gray-code/","Gray Code","BIT MANIPULATION","MEDIUM",676978,,"CLEAR",,false,2026-07-21T18:50:04.000Z,2026-07-21T18:50:04.000Z
"https://leetcode.com/problems/groups-of-strings/","Groups of Strings","BIT MANIPULATION","HARD",44632,,"CLEAR",,false,2026-07-21T18:50:04.000Z,2026-07-21T18:50:04.000Z
"https://leetcode.com/problems/guess-the-number-using-bitwise-questions-i/","Guess the Number Using Bitwise Questions I","BIT MANIPULATION","MEDIUM",2721,,"CLEAR",,false,2026-07-21T18:50:04.000Z,2026-07-21T18:50:04.000Z
"https://leetcode.com/problems/guess-the-number-using-bitwise-questions-ii/","Guess the Number Using Bitwise Questions II","BIT MANIPULATION","MEDIUM",1384,,"CLEAR",,false,2026-07-21T18:50:04.000Z,2026-07-21T18:50:04.000Z
"https://leetcode.com/problems/hamming-distance/","Hamming Distance","BIT MANIPULATION","EASY",916128,,"CLEAR",,false,2026-07-21T18:50:04.000Z,2026-07-21T18:50:04.000Z
"https://leetcode.com/problems/integer-replacement/","Integer Replacement","BIT MANIPULATION","MEDIUM",451881,,"CLEAR",,false,2026-07-21T18:50:04.000Z,2026-07-21T18:50:04.000Z
"https://leetcode.com/problems/ip-to-cidr/","IP to CIDR","BIT MANIPULATION","MEDIUM",76387,,"CLEAR",,false,2026-07-21T18:50:04.000Z,2026-07-21T18:50:04.000Z
"https://leetcode.com/problems/k-th-symbol-in-grammar/","K-th Symbol in Grammar","BIT MANIPULATION","MEDIUM",547786,,"CLEAR",,false,2026-07-21T18:50:04.000Z,2026-07-21T18:50:04.000Z
"https://leetcode.com/problems/kth-ancestor-of-a-tree-node/","Kth Ancestor of a Tree Node","BIT MANIPULATION","HARD",151891,,"CLEAR",,false,2026-07-21T18:50:04.000Z,2026-07-21T18:50:04.000Z
"https://leetcode.com/problems/kth-smallest-amount-with-single-denomination-combination/","Kth Smallest Amount With Single Denomination Combination","BIT MANIPULATION","HARD",59333,,"CLEAR",,false,2026-07-21T18:50:04.000Z,2026-07-21T18:50:04.000Z
"https://leetcode.com/problems/largest-combination-with-bitwise-and-greater-than-zero/","Largest Combination With Bitwise AND Greater Than Zero","BIT MANIPULATION","MEDIUM",195895,,"CLEAR",,false,2026-07-21T18:50:04.000Z,2026-07-21T18:50:04.000Z
"https://leetcode.com/problems/letter-case-permutation/","Letter Case Permutation","BIT MANIPULATION","MEDIUM",500175,,"CLEAR",,false,2026-07-21T18:50:04.000Z,2026-07-21T18:50:04.000Z
"https://leetcode.com/problems/longest-nice-subarray/","Longest Nice Subarray","BIT MANIPULATION","MEDIUM",277309,,"CLEAR",,false,2026-07-21T18:50:04.000Z,2026-07-21T18:50:04.000Z
"https://leetcode.com/problems/longest-nice-substring/","Longest Nice Substring","BIT MANIPULATION","EASY",156699,,"CLEAR",,false,2026-07-21T18:50:04.000Z,2026-07-21T18:50:04.000Z
"https://leetcode.com/problems/longest-palindromic-path-in-graph/","Longest Palindromic Path in Graph","BIT MANIPULATION","HARD",34260,,"CLEAR",,false,2026-07-21T18:50:04.000Z,2026-07-21T18:50:04.000Z
"https://leetcode.com/problems/longest-strictly-increasing-subsequence-with-non-zero-bitwise-and/","Longest Strictly Increasing Subsequence With Non-Zero Bitwise AND","BIT MANIPULATION","MEDIUM",45889,,"CLEAR",,false,2026-07-21T18:50:04.000Z,2026-07-21T18:50:04.000Z
"https://leetcode.com/problems/longest-subarray-with-maximum-bitwise-and/","Longest Subarray With Maximum Bitwise AND","BIT MANIPULATION","MEDIUM",390370,,"CLEAR",,false,2026-07-21T18:50:04.000Z,2026-07-21T18:50:04.000Z
"https://leetcode.com/problems/longest-subsequence-with-non-zero-bitwise-xor/","Longest Subsequence With Non-Zero Bitwise XOR","BIT MANIPULATION","MEDIUM",87922,,"CLEAR",,false,2026-07-21T18:50:04.000Z,2026-07-21T18:50:04.000Z
"https://leetcode.com/problems/make-the-xor-of-all-segments-equal-to-zero/","Make the XOR of All Segments Equal to Zero","BIT MANIPULATION","HARD",17904,,"CLEAR",,false,2026-07-21T18:50:04.000Z,2026-07-21T18:50:04.000Z
"https://leetcode.com/problems/matchsticks-to-square/","Matchsticks to Square","BIT MANIPULATION","MEDIUM",526772,,"CLEAR",,false,2026-07-21T18:50:04.000Z,2026-07-21T18:50:04.000Z
"https://leetcode.com/problems/maximize-grid-happiness/","Maximize Grid Happiness","BIT MANIPULATION","HARD",18913,,"CLEAR",,false,2026-07-21T18:50:04.000Z,2026-07-21T18:50:04.000Z
"https://leetcode.com/problems/maximize-score-after-n-operations/","Maximize Score After N Operations","BIT MANIPULATION","HARD",123359,,"CLEAR",,false,2026-07-21T18:50:04.000Z,2026-07-21T18:50:04.000Z
"https://leetcode.com/problems/maximize-the-number-of-partitions-after-operations/","Maximize the Number of Partitions After Operations","BIT MANIPULATION","HARD",103413,,"CLEAR",,false,2026-07-21T18:50:04.000Z,2026-07-21T18:50:04.000Z
"https://leetcode.com/problems/maximize-value-of-function-in-a-ball-passing-game/","Maximize Value of Function in a Ball Passing Game","BIT MANIPULATION","HARD",22351,,"CLEAR",,false,2026-07-21T18:50:04.000Z,2026-07-21T18:50:04.000Z
"https://leetcode.com/problems/maximum-and-sum-of-array/","Maximum AND Sum of Array","BIT MANIPULATION","HARD",36629,,"CLEAR",,false,2026-07-21T18:50:04.000Z,2026-07-21T18:50:04.000Z
"https://leetcode.com/problems/maximum-bitwise-and-after-increment-operations/","Maximum Bitwise AND After Increment Operations","BIT MANIPULATION","HARD",22039,,"CLEAR",,false,2026-07-21T18:50:04.000Z,2026-07-21T18:50:04.000Z
"https://leetcode.com/problems/maximum-bitwise-xor-after-rearrangement/","Maximum Bitwise XOR After Rearrangement","BIT MANIPULATION","MEDIUM",47462,,"CLEAR",,false,2026-07-21T18:50:04.000Z,2026-07-21T18:50:04.000Z
"https://leetcode.com/problems/maximum-compatibility-score-sum/","Maximum Compatibility Score Sum","BIT MANIPULATION","MEDIUM",54278,,"CLEAR",,false,2026-07-21T18:50:04.000Z,2026-07-21T18:50:04.000Z
"https://leetcode.com/problems/maximum-cost-of-trip-with-k-highways/","Maximum Cost of Trip With K Highways","BIT MANIPULATION","HARD",4871,,"CLEAR",,false,2026-07-21T18:50:04.000Z,2026-07-21T18:50:04.000Z
"https://leetcode.com/problems/maximum-genetic-difference-query/","Maximum Genetic Difference Query","BIT MANIPULATION","HARD",17692,,"CLEAR",,false,2026-07-21T18:50:04.000Z,2026-07-21T18:50:04.000Z
"https://leetcode.com/problems/maximum-good-people-based-on-statements/","Maximum Good People Based on Statements","BIT MANIPULATION","HARD",33623,,"CLEAR",,false,2026-07-21T18:50:04.000Z,2026-07-21T18:50:04.000Z
"https://leetcode.com/problems/maximum-good-subtree-score/","Maximum Good Subtree Score","BIT MANIPULATION","HARD",11146,,"CLEAR",,false,2026-07-21T18:50:04.000Z,2026-07-21T18:50:04.000Z
"https://leetcode.com/problems/maximum-hamming-distances/","Maximum Hamming Distances","BIT MANIPULATION","HARD",1344,,"CLEAR",,false,2026-07-21T18:50:04.000Z,2026-07-21T18:50:04.000Z
"https://leetcode.com/problems/maximum-k-to-sort-a-permutation/","Maximum K to Sort a Permutation","BIT MANIPULATION","MEDIUM",89669,,"CLEAR",,false,2026-07-21T18:50:04.000Z,2026-07-21T18:50:04.000Z
"https://leetcode.com/problems/maximum-length-of-a-concatenated-string-with-unique-characters/","Maximum Length of a Concatenated String with Unique Characters","BIT MANIPULATION","MEDIUM",600090,,"CLEAR",,false,2026-07-21T18:50:04.000Z,2026-07-21T18:50:04.000Z
"https://leetcode.com/problems/maximum-number-of-achievable-transfer-requests/","Maximum Number of Achievable Transfer Requests","BIT MANIPULATION","HARD",101012,,"CLEAR",,false,2026-07-21T18:50:04.000Z,2026-07-21T18:50:04.000Z
"https://leetcode.com/problems/maximum-number-of-groups-getting-fresh-donuts/","Maximum Number of Groups Getting Fresh Donuts","BIT MANIPULATION","HARD",21118,,"CLEAR",,false,2026-07-21T18:50:04.000Z,2026-07-21T18:50:04.000Z
"https://leetcode.com/problems/maximum-number-of-moves-to-kill-all-pawns/","Maximum Number of Moves to Kill All Pawns","BIT MANIPULATION","HARD",22068,,"CLEAR",,false,2026-07-21T18:50:04.000Z,2026-07-21T18:50:04.000Z
"https://leetcode.com/problems/maximum-number-that-sum-of-the-prices-is-less-than-or-equal-to-k/","Maximum Number That Sum of the Prices Is Less Than or Equal to K","BIT MANIPULATION","MEDIUM",34958,,"CLEAR",,false,2026-07-21T18:50:04.000Z,2026-07-21T18:50:04.000Z
"https://leetcode.com/problems/maximum-or/","Maximum OR","BIT MANIPULATION","MEDIUM",46611,,"CLEAR",,false,2026-07-21T18:50:04.000Z,2026-07-21T18:50:04.000Z
"https://leetcode.com/problems/maximum-points-after-collecting-coins-from-all-nodes/","Maximum Points After Collecting Coins From All Nodes","BIT MANIPULATION","HARD",31788,,"CLEAR",,false,2026-07-21T18:50:04.000Z,2026-07-21T18:50:04.000Z
"https://leetcode.com/problems/maximum-points-in-an-archery-competition/","Maximum Points in an Archery Competition","BIT MANIPULATION","MEDIUM",39931,,"CLEAR",,false,2026-07-21T18:50:04.000Z,2026-07-21T18:50:04.000Z
"https://leetcode.com/problems/maximum-possible-number-by-binary-concatenation/","Maximum Possible Number by Binary Concatenation","BIT MANIPULATION","MEDIUM",57601,,"CLEAR",,false,2026-07-21T18:50:04.000Z,2026-07-21T18:50:04.000Z
"https://leetcode.com/problems/maximum-product-of-the-length-of-two-palindromic-subsequences/","Maximum Product of the Length of Two Palindromic Subsequences","BIT MANIPULATION","MEDIUM",64332,,"CLEAR",,false,2026-07-21T18:50:04.000Z,2026-07-21T18:50:04.000Z
"https://leetcode.com/problems/maximum-product-of-two-integers-with-no-common-bits/","Maximum Product of Two Integers With No Common Bits","BIT MANIPULATION","MEDIUM",77640,,"CLEAR",,false,2026-07-21T18:50:04.000Z,2026-07-21T18:50:04.000Z
"https://leetcode.com/problems/maximum-product-of-word-lengths/","Maximum Product of Word Lengths","BIT MANIPULATION","MEDIUM",420312,,"CLEAR",,false,2026-07-21T18:50:04.000Z,2026-07-21T18:50:04.000Z
"https://leetcode.com/problems/maximum-profit-from-valid-topological-order-in-dag/","Maximum Profit from Valid Topological Order in DAG","BIT MANIPULATION","HARD",21278,,"CLEAR",,false,2026-07-21T18:50:04.000Z,2026-07-21T18:50:04.000Z
"https://leetcode.com/problems/maximum-rows-covered-by-columns/","Maximum Rows Covered by Columns","BIT MANIPULATION","MEDIUM",35539,,"CLEAR",,false,2026-07-21T18:50:04.000Z,2026-07-21T18:50:04.000Z
"https://leetcode.com/problems/maximum-score-words-formed-by-letters/","Maximum Score Words Formed by Letters","BIT MANIPULATION","HARD",169691,,"CLEAR",,false,2026-07-21T18:50:04.000Z,2026-07-21T18:50:04.000Z
"https://leetcode.com/problems/maximum-sized-array/","Maximum Sized Array","BIT MANIPULATION","MEDIUM",1289,,"CLEAR",,false,2026-07-21T18:50:04.000Z,2026-07-21T18:50:04.000Z
"https://leetcode.com/problems/maximum-strength-of-a-group/","Maximum Strength of a Group","BIT MANIPULATION","MEDIUM",152767,,"CLEAR",,false,2026-07-21T18:50:04.000Z,2026-07-21T18:50:04.000Z
"https://leetcode.com/problems/maximum-strong-pair-xor-i/","Maximum Strong Pair XOR I","BIT MANIPULATION","EASY",80880,,"CLEAR",,false,2026-07-21T18:50:04.000Z,2026-07-21T18:50:04.000Z
"https://leetcode.com/problems/maximum-strong-pair-xor-ii/","Maximum Strong Pair XOR II","BIT MANIPULATION","HARD",27905,,"CLEAR",,false,2026-07-21T18:50:04.000Z,2026-07-21T18:50:04.000Z
"https://leetcode.com/problems/maximum-students-taking-exam/","Maximum Students Taking Exam","BIT MANIPULATION","HARD",45378,,"CLEAR",,false,2026-07-21T18:50:04.000Z,2026-07-21T18:50:04.000Z
"https://leetcode.com/problems/maximum-subarray-xor-with-bounded-range/","Maximum Subarray XOR with Bounded Range","BIT MANIPULATION","HARD",16787,,"CLEAR",,false,2026-07-21T18:50:04.000Z,2026-07-21T18:50:04.000Z
"https://leetcode.com/problems/maximum-total-reward-using-operations-i/","Maximum Total Reward Using Operations I","BIT MANIPULATION","MEDIUM",101905,,"CLEAR",,false,2026-07-21T18:50:04.000Z,2026-07-21T18:50:04.000Z
"https://leetcode.com/problems/maximum-total-reward-using-operations-ii/","Maximum Total Reward Using Operations II","BIT MANIPULATION","HARD",40354,,"CLEAR",,false,2026-07-21T18:50:04.000Z,2026-07-21T18:50:04.000Z
"https://leetcode.com/problems/maximum-xor-after-operations/","Maximum XOR After Operations ","BIT MANIPULATION","MEDIUM",41001,,"CLEAR",,false,2026-07-21T18:50:04.000Z,2026-07-21T18:50:04.000Z
"https://leetcode.com/problems/maximum-xor-for-each-query/","Maximum XOR for Each Query","BIT MANIPULATION","MEDIUM",173225,,"CLEAR",,false,2026-07-21T18:50:04.000Z,2026-07-21T18:50:04.000Z
"https://leetcode.com/problems/maximum-xor-of-subsequences/","Maximum XOR of Subsequences","BIT MANIPULATION","HARD",15545,,"CLEAR",,false,2026-07-21T18:50:04.000Z,2026-07-21T18:50:04.000Z
"https://leetcode.com/problems/maximum-xor-of-two-numbers-in-an-array/","Maximum XOR of Two Numbers in an Array","BIT MANIPULATION","MEDIUM",431912,,"CLEAR",,false,2026-07-21T18:50:04.000Z,2026-07-21T18:50:04.000Z
"https://leetcode.com/problems/maximum-xor-product/","Maximum Xor Product","BIT MANIPULATION","MEDIUM",55155,,"CLEAR",,false,2026-07-21T18:50:04.000Z,2026-07-21T18:50:04.000Z
"https://leetcode.com/problems/maximum-xor-with-an-element-from-array/","Maximum XOR With an Element From Array","BIT MANIPULATION","HARD",85920,,"CLEAR",,false,2026-07-21T18:50:04.000Z,2026-07-21T18:50:04.000Z
"https://leetcode.com/problems/minimize-or-of-remaining-elements-using-operations/","Minimize OR of Remaining Elements Using Operations","BIT MANIPULATION","HARD",14808,,"CLEAR",,false,2026-07-21T18:50:04.000Z,2026-07-21T18:50:04.000Z
"https://leetcode.com/problems/minimize-xor/","Minimize XOR","BIT MANIPULATION","MEDIUM",225506,,"CLEAR",,false,2026-07-21T18:50:04.000Z,2026-07-21T18:50:04.000Z
"https://leetcode.com/problems/minimum-array-end/","Minimum Array End","BIT MANIPULATION","MEDIUM",202129,,"CLEAR",,false,2026-07-21T18:50:04.000Z,2026-07-21T18:50:04.000Z
"https://leetcode.com/problems/minimum-bit-flips-to-convert-number/","Minimum Bit Flips to Convert Number","BIT MANIPULATION","EASY",451390,,"CLEAR",,false,2026-07-21T18:50:04.000Z,2026-07-21T18:50:04.000Z
"https://leetcode.com/problems/minimum-bitwise-or-from-grid/","Minimum Bitwise OR From Grid","BIT MANIPULATION","MEDIUM",53341,,"CLEAR",,false,2026-07-21T18:50:04.000Z,2026-07-21T18:50:04.000Z
"https://leetcode.com/problems/minimum-cost-to-connect-two-groups-of-points/","Minimum Cost to Connect Two Groups of Points","BIT MANIPULATION","HARD",25400,,"CLEAR",,false,2026-07-21T18:50:04.000Z,2026-07-21T18:50:04.000Z
"https://leetcode.com/problems/minimum-cost-to-merge-sorted-lists/","Minimum Cost to Merge Sorted Lists","BIT MANIPULATION","HARD",12805,,"CLEAR",,false,2026-07-21T18:50:04.000Z,2026-07-21T18:50:04.000Z
"https://leetcode.com/problems/minimum-cost-walk-in-weighted-graph/","Minimum Cost Walk in Weighted Graph","BIT MANIPULATION","HARD",157792,,"CLEAR",,false,2026-07-21T18:50:04.000Z,2026-07-21T18:50:04.000Z
"https://leetcode.com/problems/minimum-edge-weight-equilibrium-queries-in-a-tree/","Minimum Edge Weight Equilibrium Queries in a Tree","BIT MANIPULATION","HARD",22337,,"CLEAR",,false,2026-07-21T18:50:04.000Z,2026-07-21T18:50:04.000Z
"https://leetcode.com/problems/minimum-flips-to-make-a-or-b-equal-to-c/","Minimum Flips to Make a OR b Equal to c","BIT MANIPULATION","MEDIUM",284456,,"CLEAR",,false,2026-07-21T18:50:04.000Z,2026-07-21T18:50:04.000Z
"https://leetcode.com/problems/minimum-impossible-or/","Minimum Impossible OR","BIT MANIPULATION","MEDIUM",35324,,"CLEAR",,false,2026-07-21T18:50:04.000Z,2026-07-21T18:50:04.000Z
"https://leetcode.com/problems/minimum-incompatibility/","Minimum Incompatibility","BIT MANIPULATION","HARD",27877,,"CLEAR",,false,2026-07-21T18:50:04.000Z,2026-07-21T18:50:04.000Z
"https://leetcode.com/problems/minimum-increments-for-target-multiples-in-an-array/","Minimum Increments for Target Multiples in an Array","BIT MANIPULATION","HARD",24617,,"CLEAR",,false,2026-07-21T18:50:04.000Z,2026-07-21T18:50:04.000Z
"https://leetcode.com/problems/minimum-moves-to-clean-the-classroom/","Minimum Moves to Clean the Classroom","BIT MANIPULATION","MEDIUM",34831,,"CLEAR",,false,2026-07-21T18:50:04.000Z,2026-07-21T18:50:04.000Z
"https://leetcode.com/problems/minimum-moves-to-spread-stones-over-grid/","Minimum Moves to Spread Stones Over Grid","BIT MANIPULATION","MEDIUM",67328,,"CLEAR",,false,2026-07-21T18:50:04.000Z,2026-07-21T18:50:04.000Z
"https://leetcode.com/problems/minimum-number-of-flips-to-convert-binary-matrix-to-zero-matrix/","Minimum Number of Flips to Convert Binary Matrix to Zero Matrix","BIT MANIPULATION","HARD",55998,,"CLEAR",,false,2026-07-21T18:50:04.000Z,2026-07-21T18:50:04.000Z
"https://leetcode.com/problems/minimum-number-of-flips-to-reverse-binary-string/","Minimum Number of Flips to Reverse Binary String","BIT MANIPULATION","EASY",45186,,"CLEAR",,false,2026-07-21T18:50:04.000Z,2026-07-21T18:50:04.000Z
"https://leetcode.com/problems/minimum-number-of-k-consecutive-bit-flips/","Minimum Number of K Consecutive Bit Flips","BIT MANIPULATION","HARD",233357,,"CLEAR",,false,2026-07-21T18:50:04.000Z,2026-07-21T18:50:04.000Z
"https://leetcode.com/problems/minimum-number-of-lines-to-cover-points/","Minimum Number of Lines to Cover Points","BIT MANIPULATION","MEDIUM",6623,,"CLEAR",,false,2026-07-21T18:50:04.000Z,2026-07-21T18:50:04.000Z
"https://leetcode.com/problems/minimum-number-of-operations-to-make-array-xor-equal-to-k/","Minimum Number of Operations to Make Array XOR Equal to K","BIT MANIPULATION","MEDIUM",147147,,"CLEAR",,false,2026-07-21T18:50:04.000Z,2026-07-21T18:50:04.000Z
"https://leetcode.com/problems/minimum-number-of-work-sessions-to-finish-the-tasks/","Minimum Number of Work Sessions to Finish the Tasks","BIT MANIPULATION","MEDIUM",103409,,"CLEAR",,false,2026-07-21T18:50:04.000Z,2026-07-21T18:50:04.000Z
"https://leetcode.com/problems/minimum-numbers-of-function-calls-to-make-target-array/","Minimum Numbers of Function Calls to Make Target Array","BIT MANIPULATION","MEDIUM",42388,,"CLEAR",,false,2026-07-21T18:50:04.000Z,2026-07-21T18:50:04.000Z
"https://leetcode.com/problems/minimum-one-bit-operations-to-make-integers-zero/","Minimum One Bit Operations to Make Integers Zero","BIT MANIPULATION","HARD",156258,,"CLEAR",,false,2026-07-21T18:50:04.000Z,2026-07-21T18:50:04.000Z
"https://leetcode.com/problems/minimum-operations-to-collect-elements/","Minimum Operations to Collect Elements","BIT MANIPULATION","EASY",82873,,"CLEAR",,false,2026-07-21T18:50:04.000Z,2026-07-21T18:50:04.000Z
"https://leetcode.com/problems/minimum-operations-to-equalize-array/","Minimum Operations to Equalize Array","BIT MANIPULATION","EASY",93416,,"CLEAR",,false,2026-07-21T18:50:04.000Z,2026-07-21T18:50:04.000Z
"https://leetcode.com/problems/minimum-operations-to-form-subsequence-with-target-sum/","Minimum Operations to Form Subsequence With Target Sum","BIT MANIPULATION","HARD",44533,,"CLEAR",,false,2026-07-21T18:50:04.000Z,2026-07-21T18:50:04.000Z
"https://leetcode.com/problems/minimum-operations-to-make-array-elements-zero/","Minimum Operations to Make Array Elements Zero","BIT MANIPULATION","HARD",132029,,"CLEAR",,false,2026-07-21T18:50:04.000Z,2026-07-21T18:50:04.000Z
"https://leetcode.com/problems/minimum-operations-to-make-binary-array-elements-equal-to-one-i/","Minimum Operations to Make Binary Array Elements Equal to One I","BIT MANIPULATION","MEDIUM",267015,,"CLEAR",,false,2026-07-21T18:50:04.000Z,2026-07-21T18:50:04.000Z
"https://leetcode.com/problems/minimum-operations-to-make-binary-palindrome/","Minimum Operations to Make Binary Palindrome","BIT MANIPULATION","MEDIUM",34487,,"CLEAR",,false,2026-07-21T18:50:04.000Z,2026-07-21T18:50:04.000Z
"https://leetcode.com/problems/minimum-operations-to-make-the-integer-zero/","Minimum Operations to Make the Integer Zero","BIT MANIPULATION","MEDIUM",167666,,"CLEAR",,false,2026-07-21T18:50:04.000Z,2026-07-21T18:50:04.000Z
"https://leetcode.com/problems/minimum-operations-to-reduce-an-integer-to-0/","Minimum Operations to Reduce an Integer to 0","BIT MANIPULATION","MEDIUM",95906,,"CLEAR",,false,2026-07-21T18:50:04.000Z,2026-07-21T18:50:04.000Z
"https://leetcode.com/problems/minimum-removals-to-achieve-target-xor/","Minimum Removals to Achieve Target XOR","BIT MANIPULATION","MEDIUM",54104,,"CLEAR",,false,2026-07-21T18:50:04.000Z,2026-07-21T18:50:04.000Z
"https://leetcode.com/problems/minimum-score-after-removals-on-a-tree/","Minimum Score After Removals on a Tree","BIT MANIPULATION","HARD",92254,,"CLEAR",,false,2026-07-21T18:50:04.000Z,2026-07-21T18:50:04.000Z
"https://leetcode.com/problems/minimum-sum-of-values-by-dividing-array/","Minimum Sum of Values by Dividing Array","BIT MANIPULATION","HARD",26700,,"CLEAR",,false,2026-07-21T18:50:04.000Z,2026-07-21T18:50:04.000Z
"https://leetcode.com/problems/minimum-time-to-break-locks-i/","Minimum Time to Break Locks I","BIT MANIPULATION","MEDIUM",44700,,"CLEAR",,false,2026-07-21T18:50:04.000Z,2026-07-21T18:50:04.000Z
"https://leetcode.com/problems/minimum-time-to-kill-all-monsters/","Minimum Time to Kill All Monsters","BIT MANIPULATION","HARD",3342,,"CLEAR",,false,2026-07-21T18:50:04.000Z,2026-07-21T18:50:04.000Z
"https://leetcode.com/problems/minimum-time-to-transport-all-individuals/","Minimum Time to Transport All Individuals","BIT MANIPULATION","HARD",12709,,"CLEAR",,false,2026-07-21T18:50:04.000Z,2026-07-21T18:50:04.000Z
"https://leetcode.com/problems/minimum-unique-word-abbreviation/","Minimum Unique Word Abbreviation","BIT MANIPULATION","HARD",39032,,"CLEAR",,false,2026-07-21T18:50:04.000Z,2026-07-21T18:50:04.000Z
"https://leetcode.com/problems/minimum-weighted-subgraph-with-the-required-paths-ii/","Minimum Weighted Subgraph With the Required Paths II","BIT MANIPULATION","HARD",9609,,"CLEAR",,false,2026-07-21T18:50:04.000Z,2026-07-21T18:50:04.000Z
"https://leetcode.com/problems/minimum-xor-path-in-a-grid/","Minimum XOR Path in a Grid","BIT MANIPULATION","MEDIUM",41969,,"CLEAR",,false,2026-07-21T18:50:04.000Z,2026-07-21T18:50:04.000Z
"https://leetcode.com/problems/minimum-xor-sum-of-two-arrays/","Minimum XOR Sum of Two Arrays","BIT MANIPULATION","HARD",42337,,"CLEAR",,false,2026-07-21T18:50:04.000Z,2026-07-21T18:50:04.000Z
"https://leetcode.com/problems/missing-number/","Missing Number","BIT MANIPULATION","EASY",5592822,,"CLEAR",,false,2026-07-21T18:50:04.000Z,2026-07-21T18:50:04.000Z
"https://leetcode.com/problems/naming-a-company/","Naming a Company","BIT MANIPULATION","HARD",142177,,"CLEAR",,false,2026-07-21T18:50:04.000Z,2026-07-21T18:50:04.000Z
"https://leetcode.com/problems/neighboring-bitwise-xor/","Neighboring Bitwise XOR","BIT MANIPULATION","MEDIUM",207027,,"CLEAR",,false,2026-07-21T18:50:04.000Z,2026-07-21T18:50:04.000Z
"https://leetcode.com/problems/next-special-palindrome-number/","Next Special Palindrome Number","BIT MANIPULATION","HARD",43043,,"CLEAR",,false,2026-07-21T18:50:04.000Z,2026-07-21T18:50:04.000Z
"https://leetcode.com/problems/non-decreasing-subsequences/","Non-decreasing Subsequences","BIT MANIPULATION","MEDIUM",342971,,"CLEAR",,false,2026-07-21T18:50:04.000Z,2026-07-21T18:50:04.000Z
"https://leetcode.com/problems/number-complement/","Number Complement","BIT MANIPULATION","EASY",798223,,"CLEAR",,false,2026-07-21T18:50:04.000Z,2026-07-21T18:50:04.000Z
"https://leetcode.com/problems/number-of-1-bits/","Number of 1 Bits","BIT MANIPULATION","EASY",2843168,,"CLEAR",,false,2026-07-21T18:50:04.000Z,2026-07-21T18:50:04.000Z
"https://leetcode.com/problems/number-of-alternating-xor-partitions/","Number of Alternating XOR Partitions","BIT MANIPULATION","MEDIUM",33330,,"CLEAR",,false,2026-07-21T18:50:04.000Z,2026-07-21T18:50:04.000Z
"https://leetcode.com/problems/number-of-bit-changes-to-make-two-integers-equal/","Number of Bit Changes to Make Two Integers Equal","BIT MANIPULATION","EASY",83115,,"CLEAR",,false,2026-07-21T18:50:04.000Z,2026-07-21T18:50:04.000Z
"https://leetcode.com/problems/number-of-effective-subsequences/","Number of Effective Subsequences","BIT MANIPULATION","HARD",9834,,"CLEAR",,false,2026-07-21T18:50:04.000Z,2026-07-21T18:50:04.000Z
"https://leetcode.com/problems/number-of-even-and-odd-bits/","Number of Even and Odd Bits","BIT MANIPULATION","EASY",100501,,"CLEAR",,false,2026-07-21T18:50:04.000Z,2026-07-21T18:50:04.000Z
"https://leetcode.com/problems/number-of-excellent-pairs/","Number of Excellent Pairs","BIT MANIPULATION","HARD",38918,,"CLEAR",,false,2026-07-21T18:50:04.000Z,2026-07-21T18:50:04.000Z
"https://leetcode.com/problems/number-of-good-ways-to-split-a-string/","Number of Good Ways to Split a String","BIT MANIPULATION","MEDIUM",184616,,"CLEAR",,false,2026-07-21T18:50:04.000Z,2026-07-21T18:50:04.000Z
"https://leetcode.com/problems/number-of-integers-with-popcount-depth-equal-to-k-i/","Number of Integers With Popcount-Depth Equal to K I","BIT MANIPULATION","HARD",21122,,"CLEAR",,false,2026-07-21T18:50:04.000Z,2026-07-21T18:50:04.000Z
"https://leetcode.com/problems/number-of-possible-sets-of-closing-branches/","Number of Possible Sets of Closing Branches","BIT MANIPULATION","HARD",22521,,"CLEAR",,false,2026-07-21T18:50:04.000Z,2026-07-21T18:50:04.000Z
"https://leetcode.com/problems/number-of-self-divisible-permutations/","Number of Self-Divisible Permutations","BIT MANIPULATION","MEDIUM",3269,,"CLEAR",,false,2026-07-21T18:50:04.000Z,2026-07-21T18:50:04.000Z
"https://leetcode.com/problems/number-of-squareful-arrays/","Number of Squareful Arrays","BIT MANIPULATION","HARD",100114,,"CLEAR",,false,2026-07-21T18:50:04.000Z,2026-07-21T18:50:04.000Z
"https://leetcode.com/problems/number-of-steps-to-reduce-a-number-in-binary-representation-to-one/","Number of Steps to Reduce a Number in Binary Representation to One","BIT MANIPULATION","MEDIUM",424573,,"CLEAR",,false,2026-07-21T18:50:04.000Z,2026-07-21T18:50:04.000Z
"https://leetcode.com/problems/number-of-steps-to-reduce-a-number-to-zero/","Number of Steps to Reduce a Number to Zero","BIT MANIPULATION","EASY",1104910,,"CLEAR",,false,2026-07-21T18:50:04.000Z,2026-07-21T18:50:04.000Z
"https://leetcode.com/problems/number-of-subarrays-with-and-value-of-k/","Number of Subarrays With AND Value of K","BIT MANIPULATION","HARD",40316,,"CLEAR",,false,2026-07-21T18:50:04.000Z,2026-07-21T18:50:04.000Z
"https://leetcode.com/problems/number-of-unique-xor-triplets-i/","Number of Unique XOR Triplets I","BIT MANIPULATION","MEDIUM",61440,,"CLEAR",,false,2026-07-21T18:50:04.000Z,2026-07-21T18:50:04.000Z
"https://leetcode.com/problems/number-of-unique-xor-triplets-ii/","Number of Unique XOR Triplets II","BIT MANIPULATION","MEDIUM",45495,,"CLEAR",,false,2026-07-21T18:50:04.000Z,2026-07-21T18:50:04.000Z
"https://leetcode.com/problems/number-of-valid-words-for-each-puzzle/","Number of Valid Words for Each Puzzle","BIT MANIPULATION","HARD",74172,,"CLEAR",,false,2026-07-21T18:50:04.000Z,2026-07-21T18:50:04.000Z
"https://leetcode.com/problems/number-of-ways-to-assign-edge-weights-ii/","Number of Ways to Assign Edge Weights II","BIT MANIPULATION","HARD",94557,,"CLEAR",,false,2026-07-21T18:50:04.000Z,2026-07-21T18:50:04.000Z
"https://leetcode.com/problems/number-of-ways-to-build-sturdy-brick-wall/","Number of Ways to Build Sturdy Brick Wall","BIT MANIPULATION","MEDIUM",20654,,"CLEAR",,false,2026-07-21T18:50:04.000Z,2026-07-21T18:50:04.000Z
"https://leetcode.com/problems/number-of-ways-to-wear-different-hats-to-each-other/","Number of Ways to Wear Different Hats to Each Other","BIT MANIPULATION","HARD",51102,,"CLEAR",,false,2026-07-21T18:50:04.000Z,2026-07-21T18:50:04.000Z
"https://leetcode.com/problems/number-of-wonderful-substrings/","Number of Wonderful Substrings","BIT MANIPULATION","MEDIUM",137457,,"CLEAR",,false,2026-07-21T18:50:04.000Z,2026-07-21T18:50:04.000Z
"https://leetcode.com/problems/once-twice/","Once Twice","BIT MANIPULATION","MEDIUM",946,,"CLEAR",,false,2026-07-21T18:50:04.000Z,2026-07-21T18:50:04.000Z
"https://leetcode.com/problems/optimal-account-balancing/","Optimal Account Balancing","BIT MANIPULATION","HARD",231427,,"CLEAR",,false,2026-07-21T18:50:04.000Z,2026-07-21T18:50:04.000Z
"https://leetcode.com/problems/palindrome-permutation/","Palindrome Permutation","BIT MANIPULATION","EASY",343107,,"CLEAR",,false,2026-07-21T18:50:04.000Z,2026-07-21T18:50:04.000Z
"https://leetcode.com/problems/palindromic-path-queries-in-a-tree/","Palindromic Path Queries in a Tree","BIT MANIPULATION","HARD",11054,,"CLEAR",,false,2026-07-21T18:50:04.000Z,2026-07-21T18:50:04.000Z
"https://leetcode.com/problems/parallel-courses-ii/","Parallel Courses II","BIT MANIPULATION","HARD",91584,,"CLEAR",,false,2026-07-21T18:50:04.000Z,2026-07-21T18:50:04.000Z
"https://leetcode.com/problems/partition-array-for-maximum-xor-and-and/","Partition Array for Maximum XOR and AND","BIT MANIPULATION","HARD",42274,,"CLEAR",,false,2026-07-21T18:50:04.000Z,2026-07-21T18:50:04.000Z
"https://leetcode.com/problems/partition-array-into-two-arrays-to-minimize-sum-difference/","Partition Array Into Two Arrays to Minimize Sum Difference","BIT MANIPULATION","HARD",271333,,"CLEAR",,false,2026-07-21T18:50:04.000Z,2026-07-21T18:50:04.000Z
"https://leetcode.com/problems/partition-array-into-two-equal-product-subsets/","Partition Array into Two Equal Product Subsets","BIT MANIPULATION","MEDIUM",101631,,"CLEAR",,false,2026-07-21T18:50:04.000Z,2026-07-21T18:50:04.000Z
"https://leetcode.com/problems/partition-array-to-minimize-xor/","Partition Array to Minimize XOR","BIT MANIPULATION","MEDIUM",35502,,"CLEAR",,false,2026-07-21T18:50:04.000Z,2026-07-21T18:50:04.000Z
"https://leetcode.com/problems/partition-to-k-equal-sum-subsets/","Partition to K Equal Sum Subsets","BIT MANIPULATION","MEDIUM",911670,,"CLEAR",,false,2026-07-21T18:50:04.000Z,2026-07-21T18:50:04.000Z
"https://leetcode.com/problems/path-existence-queries-in-a-graph-ii/","Path Existence Queries in a Graph II","BIT MANIPULATION","HARD",100815,,"CLEAR",,false,2026-07-21T18:50:04.000Z,2026-07-21T18:50:04.000Z
"https://leetcode.com/problems/power-of-four/","Power of Four","BIT MANIPULATION","EASY",2175362,,"CLEAR",,false,2026-07-21T18:50:04.000Z,2026-07-21T18:50:04.000Z
"https://leetcode.com/problems/power-of-two/","Power of Two","BIT MANIPULATION","EASY",4624877,,"CLEAR",,false,2026-07-21T18:50:04.000Z,2026-07-21T18:50:04.000Z
"https://leetcode.com/problems/prime-number-of-set-bits-in-binary-representation/","Prime Number of Set Bits in Binary Representation","BIT MANIPULATION","EASY",337252,,"CLEAR",,false,2026-07-21T18:50:04.000Z,2026-07-21T18:50:04.000Z
"https://leetcode.com/problems/prison-cells-after-n-days/","Prison Cells After N Days","BIT MANIPULATION","MEDIUM",454300,,"CLEAR",,false,2026-07-21T18:50:04.000Z,2026-07-21T18:50:04.000Z
"https://leetcode.com/problems/pseudo-palindromic-paths-in-a-binary-tree/","Pseudo-Palindromic Paths in a Binary Tree","BIT MANIPULATION","MEDIUM",349234,,"CLEAR",,false,2026-07-21T18:50:04.000Z,2026-07-21T18:50:04.000Z
"https://leetcode.com/problems/pyramid-transition-matrix/","Pyramid Transition Matrix","BIT MANIPULATION","MEDIUM",181336,,"CLEAR",,false,2026-07-21T18:50:04.000Z,2026-07-21T18:50:04.000Z
"https://leetcode.com/problems/range-product-queries-of-powers/","Range Product Queries of Powers","BIT MANIPULATION","MEDIUM",195771,,"CLEAR",,false,2026-07-21T18:50:04.000Z,2026-07-21T18:50:04.000Z
"https://leetcode.com/problems/remove-all-ones-with-row-and-column-flips/","Remove All Ones With Row and Column Flips","BIT MANIPULATION","MEDIUM",45754,,"CLEAR",,false,2026-07-21T18:50:04.000Z,2026-07-21T18:50:04.000Z
"https://leetcode.com/problems/remove-all-ones-with-row-and-column-flips-ii/","Remove All Ones With Row and Column Flips II","BIT MANIPULATION","MEDIUM",8543,,"CLEAR",,false,2026-07-21T18:50:04.000Z,2026-07-21T18:50:04.000Z
"https://leetcode.com/problems/repeated-dna-sequences/","Repeated DNA Sequences","BIT MANIPULATION","MEDIUM",1023091,,"CLEAR",,false,2026-07-21T18:50:04.000Z,2026-07-21T18:50:04.000Z
"https://leetcode.com/problems/reverse-bits/","Reverse Bits","BIT MANIPULATION","EASY",2023434,,"CLEAR",,false,2026-07-21T18:50:04.000Z,2026-07-21T18:50:04.000Z
"https://leetcode.com/problems/score-after-flipping-matrix/","Score After Flipping Matrix","BIT MANIPULATION","MEDIUM",212580,,"CLEAR",,false,2026-07-21T18:50:04.000Z,2026-07-21T18:50:04.000Z
"https://leetcode.com/problems/select-cells-in-grid-with-maximum-score/","Select Cells in Grid With Maximum Score","BIT MANIPULATION","HARD",80396,,"CLEAR",,false,2026-07-21T18:50:04.000Z,2026-07-21T18:50:04.000Z
"https://leetcode.com/problems/set-mismatch/","Set Mismatch","BIT MANIPULATION","EASY",1831819,,"CLEAR",,false,2026-07-21T18:50:04.000Z,2026-07-21T18:50:04.000Z
"https://leetcode.com/problems/shopping-offers/","Shopping Offers","BIT MANIPULATION","MEDIUM",163151,,"CLEAR",,false,2026-07-21T18:50:04.000Z,2026-07-21T18:50:04.000Z
"https://leetcode.com/problems/shortest-path-to-get-all-keys/","Shortest Path to Get All Keys","BIT MANIPULATION","HARD",181460,,"CLEAR",,false,2026-07-21T18:50:04.000Z,2026-07-21T18:50:04.000Z
"https://leetcode.com/problems/shortest-path-visiting-all-nodes/","Shortest Path Visiting All Nodes","BIT MANIPULATION","HARD",236487,,"CLEAR",,false,2026-07-21T18:50:04.000Z,2026-07-21T18:50:04.000Z
"https://leetcode.com/problems/shortest-subarray-with-or-at-least-k-i/","Shortest Subarray With OR at Least K I","BIT MANIPULATION","EASY",91200,,"CLEAR",,false,2026-07-21T18:50:04.000Z,2026-07-21T18:50:04.000Z
"https://leetcode.com/problems/shortest-subarray-with-or-at-least-k-ii/","Shortest Subarray With OR at Least K II","BIT MANIPULATION","MEDIUM",199721,,"CLEAR",,false,2026-07-21T18:50:04.000Z,2026-07-21T18:50:04.000Z
"https://leetcode.com/problems/single-number/","Single Number","BIT MANIPULATION","EASY",6099539,,"CLEAR",,false,2026-07-21T18:50:04.000Z,2026-07-21T18:50:04.000Z
"https://leetcode.com/problems/single-number-ii/","Single Number II","BIT MANIPULATION","MEDIUM",1374370,,"CLEAR",,false,2026-07-21T18:50:04.000Z,2026-07-21T18:50:04.000Z
"https://leetcode.com/problems/single-number-iii/","Single Number III","BIT MANIPULATION","MEDIUM",886888,,"CLEAR",,false,2026-07-21T18:50:04.000Z,2026-07-21T18:50:04.000Z
"https://leetcode.com/problems/smallest-number-with-all-set-bits/","Smallest Number With All Set Bits","BIT MANIPULATION","EASY",220554,,"CLEAR",,false,2026-07-21T18:50:04.000Z,2026-07-21T18:50:04.000Z
"https://leetcode.com/problems/smallest-subarrays-with-maximum-bitwise-or/","Smallest Subarrays With Maximum Bitwise OR","BIT MANIPULATION","MEDIUM",155068,,"CLEAR",,false,2026-07-21T18:50:04.000Z,2026-07-21T18:50:04.000Z
"https://leetcode.com/problems/smallest-sufficient-team/","Smallest Sufficient Team","BIT MANIPULATION","HARD",136671,,"CLEAR",,false,2026-07-21T18:50:04.000Z,2026-07-21T18:50:04.000Z
"https://leetcode.com/problems/sort-integers-by-the-number-of-1-bits/","Sort Integers by The Number of 1 Bits","BIT MANIPULATION","EASY",488191,,"CLEAR",,false,2026-07-21T18:50:04.000Z,2026-07-21T18:50:04.000Z
"https://leetcode.com/problems/special-permutations/","Special Permutations","BIT MANIPULATION","MEDIUM",61433,,"CLEAR",,false,2026-07-21T18:50:04.000Z,2026-07-21T18:50:04.000Z
"https://leetcode.com/problems/split-array-into-maximum-number-of-subarrays/","Split Array Into Maximum Number of Subarrays","BIT MANIPULATION","MEDIUM",46690,,"CLEAR",,false,2026-07-21T18:50:04.000Z,2026-07-21T18:50:04.000Z
"https://leetcode.com/problems/split-array-with-same-average/","Split Array With Same Average","BIT MANIPULATION","HARD",179799,,"CLEAR",,false,2026-07-21T18:50:04.000Z,2026-07-21T18:50:04.000Z
"https://leetcode.com/problems/stickers-to-spell-word/","Stickers to Spell Word","BIT MANIPULATION","HARD",192413,,"CLEAR",,false,2026-07-21T18:50:04.000Z,2026-07-21T18:50:04.000Z
"https://leetcode.com/problems/subarrays-with-xor-at-least-k/","Subarrays with XOR at Least K","BIT MANIPULATION","HARD",714,,"CLEAR",,false,2026-07-21T18:50:04.000Z,2026-07-21T18:50:04.000Z
"https://leetcode.com/problems/subsets/","Subsets","BIT MANIPULATION","MEDIUM",3826620,,"CLEAR",,false,2026-07-21T18:50:04.000Z,2026-07-21T18:50:04.000Z
"https://leetcode.com/problems/subsets-ii/","Subsets II","BIT MANIPULATION","MEDIUM",2545706,,"CLEAR",,false,2026-07-21T18:50:04.000Z,2026-07-21T18:50:04.000Z
"https://leetcode.com/problems/substring-xor-queries/","Substring XOR Queries","BIT MANIPULATION","MEDIUM",46635,,"CLEAR",,false,2026-07-21T18:50:04.000Z,2026-07-21T18:50:04.000Z
"https://leetcode.com/problems/sum-of-all-subset-xor-totals/","Sum of All Subset XOR Totals","BIT MANIPULATION","EASY",410061,,"CLEAR",,false,2026-07-21T18:50:04.000Z,2026-07-21T18:50:04.000Z
"https://leetcode.com/problems/sum-of-compatible-numbers-in-range-i/","Sum of Compatible Numbers in Range I","BIT MANIPULATION","EASY",81289,,"CLEAR",,false,2026-07-21T18:50:04.000Z,2026-07-21T18:50:04.000Z
"https://leetcode.com/problems/sum-of-two-integers/","Sum of Two Integers","BIT MANIPULATION","MEDIUM",1306813,,"CLEAR",,false,2026-07-21T18:50:04.000Z,2026-07-21T18:50:04.000Z
"https://leetcode.com/problems/sum-of-values-at-indices-with-k-set-bits/","Sum of Values at Indices With K Set Bits","BIT MANIPULATION","EASY",116810,,"CLEAR",,false,2026-07-21T18:50:04.000Z,2026-07-21T18:50:04.000Z
"https://leetcode.com/problems/the-number-of-good-subsets/","The Number of Good Subsets","BIT MANIPULATION","HARD",31671,,"CLEAR",,false,2026-07-21T18:50:04.000Z,2026-07-21T18:50:04.000Z
"https://leetcode.com/problems/total-hamming-distance/","Total Hamming Distance","BIT MANIPULATION","MEDIUM",253613,,"CLEAR",,false,2026-07-21T18:50:04.000Z,2026-07-21T18:50:04.000Z
"https://leetcode.com/problems/transform-to-chessboard/","Transform to Chessboard","BIT MANIPULATION","HARD",43590,,"CLEAR",,false,2026-07-21T18:50:04.000Z,2026-07-21T18:50:04.000Z
"https://leetcode.com/problems/triples-with-bitwise-and-equal-to-zero/","Triples with Bitwise AND Equal To Zero","BIT MANIPULATION","HARD",42428,,"CLEAR",,false,2026-07-21T18:50:04.000Z,2026-07-21T18:50:04.000Z
"https://leetcode.com/problems/two-out-of-three/","Two Out of Three","BIT MANIPULATION","EASY",137845,,"CLEAR",,false,2026-07-21T18:50:04.000Z,2026-07-21T18:50:04.000Z
"https://leetcode.com/problems/unique-length-3-palindromic-subsequences/","Unique Length-3 Palindromic Subsequences","BIT MANIPULATION","MEDIUM",501865,,"CLEAR",,false,2026-07-21T18:50:04.000Z,2026-07-21T18:50:04.000Z
"https://leetcode.com/problems/unique-paths-iii/","Unique Paths III","BIT MANIPULATION","HARD",321051,,"CLEAR",,false,2026-07-21T18:50:04.000Z,2026-07-21T18:50:04.000Z
"https://leetcode.com/problems/utf-8-validation/","UTF-8 Validation","BIT MANIPULATION","MEDIUM",307338,,"CLEAR",,false,2026-07-21T18:50:04.000Z,2026-07-21T18:50:04.000Z
"https://leetcode.com/problems/valid-binary-strings-with-cost-limit/","Valid Binary Strings With Cost Limit","BIT MANIPULATION","MEDIUM",45855,,"CLEAR",,false,2026-07-21T18:50:04.000Z,2026-07-21T18:50:04.000Z
"https://leetcode.com/problems/xor-operation-in-an-array/","XOR Operation in an Array","BIT MANIPULATION","EASY",320275,,"CLEAR",,false,2026-07-21T18:50:04.000Z,2026-07-21T18:50:04.000Z
"https://leetcode.com/problems/xor-queries-of-a-subarray/","XOR Queries of a Subarray","BIT MANIPULATION","MEDIUM",284266,,"CLEAR",,false,2026-07-21T18:50:04.000Z,2026-07-21T18:50:04.000Z
"https://leetcode.com/problems/building-h2o/","Building H2O","CONCURRENCY","MEDIUM",158057,,"CLEAR",,false,2026-07-21T18:50:04.000Z,2026-07-21T18:50:04.000Z
"https://leetcode.com/problems/design-bounded-blocking-queue/","Design Bounded Blocking Queue","CONCURRENCY","MEDIUM",97161,,"CLEAR",,false,2026-07-21T18:50:04.000Z,2026-07-21T18:50:04.000Z
"https://leetcode.com/problems/fizz-buzz-multithreaded/","Fizz Buzz Multithreaded","CONCURRENCY","MEDIUM",108689,,"CLEAR",,false,2026-07-21T18:50:04.000Z,2026-07-21T18:50:04.000Z
"https://leetcode.com/problems/print-foobar-alternately/","Print FooBar Alternately","CONCURRENCY","MEDIUM",202293,,"CLEAR",,false,2026-07-21T18:50:04.000Z,2026-07-21T18:50:04.000Z
"https://leetcode.com/problems/print-in-order/","Print in Order","CONCURRENCY","EASY",342121,,"CLEAR",,false,2026-07-21T18:50:04.000Z,2026-07-21T18:50:04.000Z
"https://leetcode.com/problems/print-zero-even-odd/","Print Zero Even Odd","CONCURRENCY","MEDIUM",137019,,"CLEAR",,false,2026-07-21T18:50:04.000Z,2026-07-21T18:50:04.000Z
"https://leetcode.com/problems/the-dining-philosophers/","The Dining Philosophers","CONCURRENCY","MEDIUM",111315,,"CLEAR",,false,2026-07-21T18:50:04.000Z,2026-07-21T18:50:04.000Z
"https://leetcode.com/problems/traffic-light-controlled-intersection/","Traffic Light Controlled Intersection","CONCURRENCY","EASY",30206,,"CLEAR",,false,2026-07-21T18:50:04.000Z,2026-07-21T18:50:04.000Z
"https://leetcode.com/problems/accepted-candidates-from-the-interviews/","Accepted Candidates From the Interviews","DATABASE","MEDIUM",21548,,"CLEAR",,false,2026-07-21T18:50:04.000Z,2026-07-21T18:50:04.000Z
"https://leetcode.com/problems/account-balance/","Account Balance","DATABASE","MEDIUM",16111,,"CLEAR",,false,2026-07-21T18:50:04.000Z,2026-07-21T18:50:04.000Z
"https://leetcode.com/problems/active-businesses/","Active Businesses","DATABASE","MEDIUM",81017,,"CLEAR",,false,2026-07-21T18:50:04.000Z,2026-07-21T18:50:04.000Z
"https://leetcode.com/problems/active-users/","Active Users","DATABASE","MEDIUM",131601,,"CLEAR",,false,2026-07-21T18:50:04.000Z,2026-07-21T18:50:04.000Z
"https://leetcode.com/problems/activity-participants/","Activity Participants","DATABASE","MEDIUM",49879,,"CLEAR",,false,2026-07-21T18:50:04.000Z,2026-07-21T18:50:04.000Z
"https://leetcode.com/problems/actors-and-directors-who-cooperated-at-least-three-times/","Actors and Directors Who Cooperated At Least Three Times","DATABASE","EASY",474454,,"CLEAR",,false,2026-07-21T18:50:04.000Z,2026-07-21T18:50:04.000Z
"https://leetcode.com/problems/ad-free-sessions/","Ad-Free Sessions","DATABASE","EASY",33800,,"CLEAR",,false,2026-07-21T18:50:04.000Z,2026-07-21T18:50:04.000Z
"https://leetcode.com/problems/ads-performance/","Ads Performance","DATABASE","EASY",91842,,"CLEAR",,false,2026-07-21T18:50:04.000Z,2026-07-21T18:50:04.000Z
"https://leetcode.com/problems/all-people-report-to-the-given-manager/","All People Report to the Given Manager","DATABASE","MEDIUM",80936,,"CLEAR",,false,2026-07-21T18:50:04.000Z,2026-07-21T18:50:04.000Z
"https://leetcode.com/problems/all-the-matches-of-the-league/","All the Matches of the League","DATABASE","EASY",13385,,"CLEAR",,false,2026-07-21T18:50:04.000Z,2026-07-21T18:50:04.000Z
"https://leetcode.com/problems/all-the-pairs-with-the-maximum-number-of-common-followers/","All the Pairs With the Maximum Number of Common Followers","DATABASE","MEDIUM",20934,,"CLEAR",,false,2026-07-21T18:50:04.000Z,2026-07-21T18:50:04.000Z
"https://leetcode.com/problems/all-valid-triplets-that-can-represent-a-country/","All Valid Triplets That Can Represent a Country","DATABASE","EASY",29190,,"CLEAR",,false,2026-07-21T18:50:04.000Z,2026-07-21T18:50:04.000Z
"https://leetcode.com/problems/analyze-organization-hierarchy/","Analyze Organization Hierarchy","DATABASE","HARD",18332,,"CLEAR",,false,2026-07-21T18:50:04.000Z,2026-07-21T18:50:04.000Z
"https://leetcode.com/problems/analyze-subscription-conversion/","Analyze Subscription Conversion ","DATABASE","MEDIUM",36425,,"CLEAR",,false,2026-07-21T18:50:04.000Z,2026-07-21T18:50:04.000Z
"https://leetcode.com/problems/apples-oranges/","Apples & Oranges","DATABASE","MEDIUM",77707,,"CLEAR",,false,2026-07-21T18:50:04.000Z,2026-07-21T18:50:04.000Z
"https://leetcode.com/problems/arrange-table-by-gender/","Arrange Table by Gender","DATABASE","MEDIUM",12425,,"CLEAR",,false,2026-07-21T18:50:04.000Z,2026-07-21T18:50:04.000Z
"https://leetcode.com/problems/article-views-i/","Article Views I","DATABASE","EASY",2247382,,"CLEAR",,false,2026-07-21T18:50:04.000Z,2026-07-21T18:50:04.000Z
"https://leetcode.com/problems/article-views-ii/","Article Views II","DATABASE","MEDIUM",95474,,"CLEAR",,false,2026-07-21T18:50:04.000Z,2026-07-21T18:50:04.000Z
"https://leetcode.com/problems/average-salary-departments-vs-company/","Average Salary: Departments VS Company","DATABASE","HARD",78469,,"CLEAR",,false,2026-07-21T18:50:04.000Z,2026-07-21T18:50:04.000Z
"https://leetcode.com/problems/average-selling-price/","Average Selling Price","DATABASE","EASY",1840703,,"CLEAR",,false,2026-07-21T18:50:04.000Z,2026-07-21T18:50:04.000Z
"https://leetcode.com/problems/average-time-of-process-per-machine/","Average Time of Process per Machine","DATABASE","EASY",1248084,,"CLEAR",,false,2026-07-21T18:50:04.000Z,2026-07-21T18:50:04.000Z
"https://leetcode.com/problems/bank-account-summary/","Bank Account Summary","DATABASE","MEDIUM",44367,,"CLEAR",,false,2026-07-21T18:50:04.000Z,2026-07-21T18:50:04.000Z
"https://leetcode.com/problems/bank-account-summary-ii/","Bank Account Summary II","DATABASE","EASY",216670,,"CLEAR",,false,2026-07-21T18:50:04.000Z,2026-07-21T18:50:04.000Z
"https://leetcode.com/problems/big-countries/","Big Countries","DATABASE","EASY",3568689,,"CLEAR",,false,2026-07-21T18:50:04.000Z,2026-07-21T18:50:04.000Z
"https://leetcode.com/problems/biggest-single-number/","Biggest Single Number","DATABASE","EASY",837199,,"CLEAR",,false,2026-07-21T18:50:04.000Z,2026-07-21T18:50:04.000Z
"https://leetcode.com/problems/biggest-window-between-visits/","Biggest Window Between Visits","DATABASE","MEDIUM",48380,,"CLEAR",,false,2026-07-21T18:50:04.000Z,2026-07-21T18:50:04.000Z
"https://leetcode.com/problems/bikes-last-time-used/","Bikes Last Time Used ","DATABASE","EASY",8382,,"CLEAR",,false,2026-07-21T18:50:04.000Z,2026-07-21T18:50:04.000Z
"https://leetcode.com/problems/binary-tree-nodes/","Binary Tree Nodes","DATABASE","MEDIUM",5262,,"CLEAR",,false,2026-07-21T18:50:04.000Z,2026-07-21T18:50:04.000Z
"https://leetcode.com/problems/bitwise-user-permissions-analysis/","Bitwise User Permissions Analysis","DATABASE","MEDIUM",2487,,"CLEAR",,false,2026-07-21T18:50:04.000Z,2026-07-21T18:50:04.000Z
"https://leetcode.com/problems/books-with-null-ratings/","Books with NULL Ratings","DATABASE","EASY",4767,,"CLEAR",,false,2026-07-21T18:50:04.000Z,2026-07-21T18:50:04.000Z
"https://leetcode.com/problems/build-the-equation/","Build the Equation","DATABASE","HARD",6760,,"CLEAR",,false,2026-07-21T18:50:04.000Z,2026-07-21T18:50:04.000Z
"https://leetcode.com/problems/calculate-compressed-mean/","Calculate Compressed Mean","DATABASE","EASY",6996,,"CLEAR",,false,2026-07-21T18:50:04.000Z,2026-07-21T18:50:04.000Z
"https://leetcode.com/problems/calculate-orders-within-each-interval/","Calculate Orders Within Each Interval","DATABASE","MEDIUM",6646,,"CLEAR",,false,2026-07-21T18:50:04.000Z,2026-07-21T18:50:04.000Z
"https://leetcode.com/problems/calculate-parking-fees-and-duration/","Calculate Parking Fees and Duration","DATABASE","MEDIUM",5394,,"CLEAR",,false,2026-07-21T18:50:04.000Z,2026-07-21T18:50:04.000Z
"https://leetcode.com/problems/calculate-product-final-price/","Calculate Product Final Price","DATABASE","MEDIUM",3890,,"CLEAR",,false,2026-07-21T18:50:04.000Z,2026-07-21T18:50:04.000Z
"https://leetcode.com/problems/calculate-salaries/","Calculate Salaries","DATABASE","MEDIUM",38230,,"CLEAR",,false,2026-07-21T18:50:04.000Z,2026-07-21T18:50:04.000Z
"https://leetcode.com/problems/calculate-special-bonus/","Calculate Special Bonus","DATABASE","EASY",628201,,"CLEAR",,false,2026-07-21T18:50:04.000Z,2026-07-21T18:50:04.000Z
"https://leetcode.com/problems/calculate-the-influence-of-each-salesperson/","Calculate the Influence of Each Salesperson","DATABASE","MEDIUM",9912,,"CLEAR",,false,2026-07-21T18:50:04.000Z,2026-07-21T18:50:04.000Z
"https://leetcode.com/problems/calculate-trapping-rain-water/","Calculate Trapping Rain Water","DATABASE","HARD",2219,,"CLEAR",,false,2026-07-21T18:50:04.000Z,2026-07-21T18:50:04.000Z
"https://leetcode.com/problems/capital-gainloss/","Capital Gain/Loss","DATABASE","MEDIUM",209767,,"CLEAR",,false,2026-07-21T18:50:04.000Z,2026-07-21T18:50:04.000Z
"https://leetcode.com/problems/ceo-subordinate-hierarchy/","CEO Subordinate Hierarchy","DATABASE","HARD",2368,,"CLEAR",,false,2026-07-21T18:50:04.000Z,2026-07-21T18:50:04.000Z
"https://leetcode.com/problems/change-null-values-in-a-table-to-the-previous-value/","Change Null Values in a Table to the Previous Value","DATABASE","MEDIUM",13578,,"CLEAR",,false,2026-07-21T18:50:04.000Z,2026-07-21T18:50:04.000Z
"https://leetcode.com/problems/class-performance/","Class Performance","DATABASE","MEDIUM",7063,,"CLEAR",,false,2026-07-21T18:50:04.000Z,2026-07-21T18:50:04.000Z
"https://leetcode.com/problems/classes-with-at-least-5-students/","Classes With at Least 5 Students","DATABASE","EASY",1454544,,"CLEAR",,false,2026-07-21T18:50:04.000Z,2026-07-21T18:50:04.000Z
"https://leetcode.com/problems/classifying-triangles-by-lengths/","Classifying Triangles by Lengths","DATABASE","EASY",8099,,"CLEAR",,false,2026-07-21T18:50:04.000Z,2026-07-21T18:50:04.000Z
"https://leetcode.com/problems/combine-two-tables/","Combine Two Tables","DATABASE","EASY",2432918,,"CLEAR",,false,2026-07-21T18:50:04.000Z,2026-07-21T18:50:04.000Z
"https://leetcode.com/problems/compute-the-rank-as-a-percentage/","Compute the Rank as a Percentage","DATABASE","MEDIUM",22576,,"CLEAR",,false,2026-07-21T18:50:04.000Z,2026-07-21T18:50:04.000Z
"https://leetcode.com/problems/concatenate-the-name-and-the-profession/","Concatenate the Name and the Profession","DATABASE","EASY",9171,,"CLEAR",,false,2026-07-21T18:50:04.000Z,2026-07-21T18:50:04.000Z
"https://leetcode.com/problems/confirmation-rate/","Confirmation Rate","DATABASE","MEDIUM",1035721,,"CLEAR",,false,2026-07-21T18:50:04.000Z,2026-07-21T18:50:04.000Z
"https://leetcode.com/problems/consecutive-available-seats/","Consecutive Available Seats","DATABASE","EASY",160416,,"CLEAR",,false,2026-07-21T18:50:04.000Z,2026-07-21T18:50:04.000Z
"https://leetcode.com/problems/consecutive-available-seats-ii/","Consecutive Available Seats II","DATABASE","MEDIUM",5532,,"CLEAR",,false,2026-07-21T18:50:04.000Z,2026-07-21T18:50:04.000Z
"https://leetcode.com/problems/consecutive-numbers/","Consecutive Numbers","DATABASE","MEDIUM",1685933,,"CLEAR",,false,2026-07-21T18:50:04.000Z,2026-07-21T18:50:04.000Z
"https://leetcode.com/problems/consecutive-transactions-with-increasing-amounts/","Consecutive Transactions with Increasing Amounts","DATABASE","HARD",16604,,"CLEAR",,false,2026-07-21T18:50:04.000Z,2026-07-21T18:50:04.000Z
"https://leetcode.com/problems/convert-date-format/","Convert Date Format","DATABASE","EASY",19188,,"CLEAR",,false,2026-07-21T18:50:04.000Z,2026-07-21T18:50:04.000Z
"https://leetcode.com/problems/count-apples-and-oranges/","Count Apples and Oranges","DATABASE","MEDIUM",25785,,"CLEAR",,false,2026-07-21T18:50:04.000Z,2026-07-21T18:50:04.000Z
"https://leetcode.com/problems/count-artist-occurrences-on-spotify-ranking-list/","Count Artist Occurrences On Spotify Ranking List","DATABASE","EASY",8542,,"CLEAR",,false,2026-07-21T18:50:04.000Z,2026-07-21T18:50:04.000Z
"https://leetcode.com/problems/count-occurrences-in-text/","Count Occurrences in Text","DATABASE","MEDIUM",22808,,"CLEAR",,false,2026-07-21T18:50:04.000Z,2026-07-21T18:50:04.000Z
"https://leetcode.com/problems/count-salary-categories/","Count Salary Categories","DATABASE","MEDIUM",503409,,"CLEAR",,false,2026-07-21T18:50:04.000Z,2026-07-21T18:50:04.000Z
"https://leetcode.com/problems/count-student-number-in-departments/","Count Student Number in Departments","DATABASE","MEDIUM",132597,,"CLEAR",,false,2026-07-21T18:50:04.000Z,2026-07-21T18:50:04.000Z
"https://leetcode.com/problems/count-the-number-of-experiments/","Count the Number of Experiments","DATABASE","MEDIUM",20676,,"CLEAR",,false,2026-07-21T18:50:04.000Z,2026-07-21T18:50:04.000Z
"https://leetcode.com/problems/countries-you-can-safely-invest-in/","Countries You Can Safely Invest In","DATABASE","MEDIUM",99100,,"CLEAR",,false,2026-07-21T18:50:04.000Z,2026-07-21T18:50:04.000Z
"https://leetcode.com/problems/create-a-session-bar-chart/","Create a Session Bar Chart","DATABASE","EASY",37264,,"CLEAR",,false,2026-07-21T18:50:04.000Z,2026-07-21T18:50:04.000Z
"https://leetcode.com/problems/customer-order-frequency/","Customer Order Frequency","DATABASE","EASY",80803,,"CLEAR",,false,2026-07-21T18:50:04.000Z,2026-07-21T18:50:04.000Z
"https://leetcode.com/problems/customer-placing-the-largest-number-of-orders/","Customer Placing the Largest Number of Orders","DATABASE","EASY",855785,,"CLEAR",,false,2026-07-21T18:50:04.000Z,2026-07-21T18:50:04.000Z
"https://leetcode.com/problems/customer-purchasing-behavior-analysis/","Customer Purchasing Behavior Analysis","DATABASE","MEDIUM",8754,,"CLEAR",,false,2026-07-21T18:50:04.000Z,2026-07-21T18:50:04.000Z
"https://leetcode.com/problems/customer-who-visited-but-did-not-make-any-transactions/","Customer Who Visited but Did Not Make Any Transactions","DATABASE","EASY",1798988,,"CLEAR",,false,2026-07-21T18:50:04.000Z,2026-07-21T18:50:04.000Z
"https://leetcode.com/problems/customers-who-bought-all-products/","Customers Who Bought All Products","DATABASE","MEDIUM",815246,,"CLEAR",,false,2026-07-21T18:50:04.000Z,2026-07-21T18:50:04.000Z
"https://leetcode.com/problems/customers-who-bought-products-a-and-b-but-not-c/","Customers Who Bought Products A and B but Not C","DATABASE","MEDIUM",97879,,"CLEAR",,false,2026-07-21T18:50:04.000Z,2026-07-21T18:50:04.000Z
"https://leetcode.com/problems/customers-who-never-order/","Customers Who Never Order","DATABASE","EASY",1919704,,"CLEAR",,false,2026-07-21T18:50:04.000Z,2026-07-21T18:50:04.000Z
"https://leetcode.com/problems/customers-with-maximum-number-of-transactions-on-consecutive-days/","Customers with Maximum Number of Transactions on Consecutive Days","DATABASE","HARD",7868,,"CLEAR",,false,2026-07-21T18:50:04.000Z,2026-07-21T18:50:04.000Z
"https://leetcode.com/problems/customers-with-strictly-increasing-purchases/","Customers With Strictly Increasing Purchases","DATABASE","HARD",12412,,"CLEAR",,false,2026-07-21T18:50:04.000Z,2026-07-21T18:50:04.000Z
"https://leetcode.com/problems/daily-leads-and-partners/","Daily Leads and Partners","DATABASE","EASY",255954,,"CLEAR",,false,2026-07-21T18:50:04.000Z,2026-07-21T18:50:04.000Z
"https://leetcode.com/problems/delete-duplicate-emails/","Delete Duplicate Emails","DATABASE","EASY",1551499,,"CLEAR",,false,2026-07-21T18:50:04.000Z,2026-07-21T18:50:04.000Z
"https://leetcode.com/problems/department-highest-salary/","Department Highest Salary","DATABASE","MEDIUM",1222944,,"CLEAR",,false,2026-07-21T18:50:04.000Z,2026-07-21T18:50:04.000Z
"https://leetcode.com/problems/department-top-three-salaries/","Department Top Three Salaries","DATABASE","HARD",1150395,,"CLEAR",,false,2026-07-21T18:50:04.000Z,2026-07-21T18:50:04.000Z
"https://leetcode.com/problems/dna-pattern-recognition/","DNA Pattern Recognition ","DATABASE","MEDIUM",33250,,"CLEAR",,false,2026-07-21T18:50:04.000Z,2026-07-21T18:50:04.000Z
"https://leetcode.com/problems/drop-type-1-orders-for-customers-with-type-0-orders/","Drop Type 1 Orders for Customers With Type 0 Orders","DATABASE","MEDIUM",17213,,"CLEAR",,false,2026-07-21T18:50:04.000Z,2026-07-21T18:50:04.000Z
"https://leetcode.com/problems/duplicate-emails/","Duplicate Emails","DATABASE","EASY",1666653,,"CLEAR",,false,2026-07-21T18:50:04.000Z,2026-07-21T18:50:04.000Z
"https://leetcode.com/problems/dynamic-pivoting-of-a-table/","Dynamic Pivoting of a Table","DATABASE","HARD",3973,,"CLEAR",,false,2026-07-21T18:50:04.000Z,2026-07-21T18:50:04.000Z
"https://leetcode.com/problems/dynamic-unpivoting-of-a-table/","Dynamic Unpivoting of a Table","DATABASE","HARD",2202,,"CLEAR",,false,2026-07-21T18:50:04.000Z,2026-07-21T18:50:04.000Z
"https://leetcode.com/problems/employee-bonus/","Employee Bonus","DATABASE","EASY",1484641,,"CLEAR",,false,2026-07-21T18:50:04.000Z,2026-07-21T18:50:04.000Z
"https://leetcode.com/problems/employee-task-duration-and-concurrent-tasks/","Employee Task Duration and Concurrent Tasks","DATABASE","HARD",4485,,"CLEAR",,false,2026-07-21T18:50:04.000Z,2026-07-21T18:50:04.000Z
"https://leetcode.com/problems/employees-earning-more-than-their-managers/","Employees Earning More Than Their Managers","DATABASE","EASY",1698604,,"CLEAR",,false,2026-07-21T18:50:04.000Z,2026-07-21T18:50:04.000Z
"https://leetcode.com/problems/employees-project-allocation/","Employees Project Allocation","DATABASE","HARD",3880,,"CLEAR",,false,2026-07-21T18:50:04.000Z,2026-07-21T18:50:04.000Z
"https://leetcode.com/problems/employees-whose-manager-left-the-company/","Employees Whose Manager Left the Company","DATABASE","EASY",799058,,"CLEAR",,false,2026-07-21T18:50:04.000Z,2026-07-21T18:50:04.000Z
"https://leetcode.com/problems/employees-with-deductions/","Employees With Deductions","DATABASE","MEDIUM",17803,,"CLEAR",,false,2026-07-21T18:50:04.000Z,2026-07-21T18:50:04.000Z
"https://leetcode.com/problems/employees-with-missing-information/","Employees With Missing Information","DATABASE","EASY",256896,,"CLEAR",,false,2026-07-21T18:50:04.000Z,2026-07-21T18:50:04.000Z
"https://leetcode.com/problems/evaluate-boolean-expression/","Evaluate Boolean Expression","DATABASE","MEDIUM",54971,,"CLEAR",,false,2026-07-21T18:50:04.000Z,2026-07-21T18:50:04.000Z
"https://leetcode.com/problems/exchange-seats/","Exchange Seats","DATABASE","MEDIUM",647145,,"CLEAR",,false,2026-07-21T18:50:04.000Z,2026-07-21T18:50:04.000Z
"https://leetcode.com/problems/find-active-users/","Find Active Users","DATABASE","MEDIUM",13946,,"CLEAR",,false,2026-07-21T18:50:04.000Z,2026-07-21T18:50:04.000Z
"https://leetcode.com/problems/find-all-unique-email-domains/","Find All Unique Email Domains","DATABASE","EASY",6381,,"CLEAR",,false,2026-07-21T18:50:04.000Z,2026-07-21T18:50:04.000Z
"https://leetcode.com/problems/find-books-with-no-available-copies/","Find Books with No Available Copies","DATABASE","EASY",48383,,"CLEAR",,false,2026-07-21T18:50:04.000Z,2026-07-21T18:50:04.000Z
"https://leetcode.com/problems/find-bursty-behavior/","Find Bursty Behavior","DATABASE","MEDIUM",6870,,"CLEAR",,false,2026-07-21T18:50:04.000Z,2026-07-21T18:50:04.000Z
"https://leetcode.com/problems/find-candidates-for-data-scientist-position/","Find Candidates for Data Scientist Position","DATABASE","EASY",7727,,"CLEAR",,false,2026-07-21T18:50:04.000Z,2026-07-21T18:50:04.000Z
"https://leetcode.com/problems/find-candidates-for-data-scientist-position-ii/","Find Candidates for Data Scientist Position II","DATABASE","MEDIUM",5466,,"CLEAR",,false,2026-07-21T18:50:04.000Z,2026-07-21T18:50:04.000Z
"https://leetcode.com/problems/find-category-recommendation-pairs/","Find Category Recommendation Pairs","DATABASE","HARD",19255,,"CLEAR",,false,2026-07-21T18:50:04.000Z,2026-07-21T18:50:04.000Z
"https://leetcode.com/problems/find-circular-gift-exchange-chains/","Find Circular Gift Exchange Chains","DATABASE","HARD",1880,,"CLEAR",,false,2026-07-21T18:50:04.000Z,2026-07-21T18:50:04.000Z
"https://leetcode.com/problems/find-cities-in-each-state/","Find Cities in Each State","DATABASE","EASY",5139,,"CLEAR",,false,2026-07-21T18:50:04.000Z,2026-07-21T18:50:04.000Z
"https://leetcode.com/problems/find-cities-in-each-state-ii/","Find Cities in Each State II","DATABASE","MEDIUM",3433,,"CLEAR",,false,2026-07-21T18:50:04.000Z,2026-07-21T18:50:04.000Z
"https://leetcode.com/problems/find-consistently-improving-employees/","Find Consistently Improving Employees","DATABASE","MEDIUM",26777,,"CLEAR",,false,2026-07-21T18:50:04.000Z,2026-07-21T18:50:04.000Z
"https://leetcode.com/problems/find-covid-recovery-patients/","Find COVID Recovery Patients","DATABASE","MEDIUM",36472,,"CLEAR",,false,2026-07-21T18:50:04.000Z,2026-07-21T18:50:04.000Z
"https://leetcode.com/problems/find-cumulative-salary-of-an-employee/","Find Cumulative Salary of an Employee","DATABASE","HARD",91017,,"CLEAR",,false,2026-07-21T18:50:04.000Z,2026-07-21T18:50:04.000Z
"https://leetcode.com/problems/find-customer-referee/","Find Customer Referee","DATABASE","EASY",3058934,,"CLEAR",,false,2026-07-21T18:50:04.000Z,2026-07-21T18:50:04.000Z
"https://leetcode.com/problems/find-customers-with-positive-revenue-this-year/","Find Customers With Positive Revenue this Year","DATABASE","EASY",43354,,"CLEAR",,false,2026-07-21T18:50:04.000Z,2026-07-21T18:50:04.000Z
"https://leetcode.com/problems/find-cutoff-score-for-each-school/","Find Cutoff Score for Each School","DATABASE","MEDIUM",21310,,"CLEAR",,false,2026-07-21T18:50:04.000Z,2026-07-21T18:50:04.000Z
"https://leetcode.com/problems/find-drivers-with-improved-fuel-efficiency/","Find Drivers with Improved Fuel Efficiency","DATABASE","MEDIUM",27168,,"CLEAR",,false,2026-07-21T18:50:04.000Z,2026-07-21T18:50:04.000Z
"https://leetcode.com/problems/find-expensive-cities/","Find Expensive Cities","DATABASE","EASY",8003,,"CLEAR",,false,2026-07-21T18:50:04.000Z,2026-07-21T18:50:04.000Z
"https://leetcode.com/problems/find-followers-count/","Find Followers Count","DATABASE","EASY",724523,,"CLEAR",,false,2026-07-21T18:50:04.000Z,2026-07-21T18:50:04.000Z
"https://leetcode.com/problems/find-interview-candidates/","Find Interview Candidates","DATABASE","MEDIUM",32788,,"CLEAR",,false,2026-07-21T18:50:04.000Z,2026-07-21T18:50:04.000Z
"https://leetcode.com/problems/find-invalid-ip-addresses/","Find Invalid IP Addresses","DATABASE","HARD",28626,,"CLEAR",,false,2026-07-21T18:50:04.000Z,2026-07-21T18:50:04.000Z
"https://leetcode.com/problems/find-latest-salaries/","Find Latest Salaries","DATABASE","EASY",9378,,"CLEAR",,false,2026-07-21T18:50:04.000Z,2026-07-21T18:50:04.000Z
"https://leetcode.com/problems/find-longest-calls/","Find Longest Calls","DATABASE","MEDIUM",5121,,"CLEAR",,false,2026-07-21T18:50:04.000Z,2026-07-21T18:50:04.000Z
"https://leetcode.com/problems/find-median-given-frequency-of-numbers/","Find Median Given Frequency of Numbers","DATABASE","HARD",86914,,"CLEAR",,false,2026-07-21T18:50:04.000Z,2026-07-21T18:50:04.000Z
"https://leetcode.com/problems/find-overbooked-employees/","Find Overbooked Employees","DATABASE","MEDIUM",29647,,"CLEAR",,false,2026-07-21T18:50:04.000Z,2026-07-21T18:50:04.000Z
"https://leetcode.com/problems/find-overlapping-shifts/","Find Overlapping Shifts","DATABASE","MEDIUM",4600,,"CLEAR",,false,2026-07-21T18:50:04.000Z,2026-07-21T18:50:04.000Z
"https://leetcode.com/problems/find-overlapping-shifts-ii/","Find Overlapping Shifts II","DATABASE","HARD",2466,,"CLEAR",,false,2026-07-21T18:50:04.000Z,2026-07-21T18:50:04.000Z
"https://leetcode.com/problems/find-peak-calling-hours-for-each-city/","Find Peak Calling Hours for Each City","DATABASE","MEDIUM",6852,,"CLEAR",,false,2026-07-21T18:50:04.000Z,2026-07-21T18:50:04.000Z
"https://leetcode.com/problems/find-product-recommendation-pairs/","Find Product Recommendation Pairs","DATABASE","MEDIUM",30109,,"CLEAR",,false,2026-07-21T18:50:04.000Z,2026-07-21T18:50:04.000Z
"https://leetcode.com/problems/find-products-with-three-consecutive-digits/","Find Products with Three Consecutive Digits ","DATABASE","EASY",2890,,"CLEAR",,false,2026-07-21T18:50:04.000Z,2026-07-21T18:50:04.000Z
"https://leetcode.com/problems/find-products-with-valid-serial-numbers/","Find Products with Valid Serial Numbers","DATABASE","EASY",83617,,"CLEAR",,false,2026-07-21T18:50:04.000Z,2026-07-21T18:50:04.000Z
"https://leetcode.com/problems/find-students-who-improved/","Find Students Who Improved","DATABASE","MEDIUM",64559,,"CLEAR",,false,2026-07-21T18:50:04.000Z,2026-07-21T18:50:04.000Z
"https://leetcode.com/problems/find-the-missing-ids/","Find the Missing IDs","DATABASE","MEDIUM",32453,,"CLEAR",,false,2026-07-21T18:50:04.000Z,2026-07-21T18:50:04.000Z
"https://leetcode.com/problems/find-the-quiet-students-in-all-exams/","Find the Quiet Students in All Exams","DATABASE","HARD",62063,,"CLEAR",,false,2026-07-21T18:50:04.000Z,2026-07-21T18:50:04.000Z
"https://leetcode.com/problems/find-the-start-and-end-number-of-continuous-ranges/","Find the Start and End Number of Continuous Ranges","DATABASE","MEDIUM",61838,,"CLEAR",,false,2026-07-21T18:50:04.000Z,2026-07-21T18:50:04.000Z
"https://leetcode.com/problems/find-the-subtasks-that-did-not-execute/","Find the Subtasks That Did Not Execute","DATABASE","HARD",25741,,"CLEAR",,false,2026-07-21T18:50:04.000Z,2026-07-21T18:50:04.000Z
"https://leetcode.com/problems/find-the-team-size/","Find the Team Size","DATABASE","EASY",92056,,"CLEAR",,false,2026-07-21T18:50:04.000Z,2026-07-21T18:50:04.000Z
"https://leetcode.com/problems/find-third-transaction/","Find Third Transaction","DATABASE","MEDIUM",8590,,"CLEAR",,false,2026-07-21T18:50:04.000Z,2026-07-21T18:50:04.000Z
"https://leetcode.com/problems/find-top-performing-driver/","Find Top Performing Driver","DATABASE","MEDIUM",5609,,"CLEAR",,false,2026-07-21T18:50:04.000Z,2026-07-21T18:50:04.000Z
"https://leetcode.com/problems/find-top-scoring-students/","Find Top Scoring Students","DATABASE","MEDIUM",6400,,"CLEAR",,false,2026-07-21T18:50:04.000Z,2026-07-21T18:50:04.000Z
"https://leetcode.com/problems/find-top-scoring-students-ii/","Find Top Scoring Students II","DATABASE","HARD",6250,,"CLEAR",,false,2026-07-21T18:50:04.000Z,2026-07-21T18:50:04.000Z
"https://leetcode.com/problems/find-total-time-spent-by-each-employee/","Find Total Time Spent by Each Employee","DATABASE","EASY",272429,,"CLEAR",,false,2026-07-21T18:50:04.000Z,2026-07-21T18:50:04.000Z
"https://leetcode.com/problems/find-trending-hashtags/","Find Trending Hashtags","DATABASE","MEDIUM",4808,,"CLEAR",,false,2026-07-21T18:50:04.000Z,2026-07-21T18:50:04.000Z
"https://leetcode.com/problems/find-trending-hashtags-ii/","Find Trending Hashtags II ","DATABASE","HARD",2549,,"CLEAR",,false,2026-07-21T18:50:04.000Z,2026-07-21T18:50:04.000Z
"https://leetcode.com/problems/find-users-with-valid-e-mails/","Find Users With Valid E-Mails","DATABASE","EASY",873657,,"CLEAR",,false,2026-07-21T18:50:04.000Z,2026-07-21T18:50:04.000Z
"https://leetcode.com/problems/find-valid-emails/","Find Valid Emails","DATABASE","EASY",79140,,"CLEAR",,false,2026-07-21T18:50:04.000Z,2026-07-21T18:50:04.000Z
"https://leetcode.com/problems/finding-the-topic-of-each-post/","Finding the Topic of Each Post","DATABASE","HARD",11010,,"CLEAR",,false,2026-07-21T18:50:04.000Z,2026-07-21T18:50:04.000Z
"https://leetcode.com/problems/first-and-last-call-on-the-same-day/","First and Last Call On the Same Day","DATABASE","HARD",24903,,"CLEAR",,false,2026-07-21T18:50:04.000Z,2026-07-21T18:50:04.000Z
"https://leetcode.com/problems/first-letter-capitalization/","First Letter Capitalization","DATABASE","HARD",1622,,"CLEAR",,false,2026-07-21T18:50:04.000Z,2026-07-21T18:50:04.000Z
"https://leetcode.com/problems/first-letter-capitalization-ii/","First Letter Capitalization II","DATABASE","HARD",25589,,"CLEAR",,false,2026-07-21T18:50:04.000Z,2026-07-21T18:50:04.000Z
"https://leetcode.com/problems/fix-names-in-a-table/","Fix Names in a Table","DATABASE","EASY",797308,,"CLEAR",,false,2026-07-21T18:50:04.000Z,2026-07-21T18:50:04.000Z
"https://leetcode.com/problems/fix-product-name-format/","Fix Product Name Format","DATABASE","EASY",41228,,"CLEAR",,false,2026-07-21T18:50:04.000Z,2026-07-21T18:50:04.000Z
"https://leetcode.com/problems/flight-occupancy-and-waitlist-analysis/","Flight Occupancy and Waitlist Analysis","DATABASE","MEDIUM",13335,,"CLEAR",,false,2026-07-21T18:50:04.000Z,2026-07-21T18:50:04.000Z
"https://leetcode.com/problems/form-a-chemical-bond/","Form a Chemical Bond","DATABASE","EASY",9515,,"CLEAR",,false,2026-07-21T18:50:04.000Z,2026-07-21T18:50:04.000Z
"https://leetcode.com/problems/friday-purchase-iii/","Friday Purchase III ","DATABASE","MEDIUM",4631,,"CLEAR",,false,2026-07-21T18:50:04.000Z,2026-07-21T18:50:04.000Z
"https://leetcode.com/problems/friday-purchases-i/","Friday Purchases I","DATABASE","MEDIUM",5567,,"CLEAR",,false,2026-07-21T18:50:04.000Z,2026-07-21T18:50:04.000Z
"https://leetcode.com/problems/friday-purchases-ii/","Friday Purchases II ","DATABASE","HARD",3764,,"CLEAR",,false,2026-07-21T18:50:04.000Z,2026-07-21T18:50:04.000Z
"https://leetcode.com/problems/friend-requests-i-overall-acceptance-rate/","Friend Requests I: Overall Acceptance Rate","DATABASE","EASY",213390,,"CLEAR",,false,2026-07-21T18:50:04.000Z,2026-07-21T18:50:04.000Z
"https://leetcode.com/problems/friend-requests-ii-who-has-the-most-friends/","Friend Requests II: Who Has the Most Friends","DATABASE","MEDIUM",581570,,"CLEAR",,false,2026-07-21T18:50:04.000Z,2026-07-21T18:50:04.000Z
"https://leetcode.com/problems/friendly-movies-streamed-last-month/","Friendly Movies Streamed Last Month","DATABASE","EASY",83926,,"CLEAR",,false,2026-07-21T18:50:04.000Z,2026-07-21T18:50:04.000Z
"https://leetcode.com/problems/friends-with-no-mutual-friends/","Friends With No Mutual Friends","DATABASE","MEDIUM",6602,,"CLEAR",,false,2026-07-21T18:50:04.000Z,2026-07-21T18:50:04.000Z
"https://leetcode.com/problems/game-play-analysis-i/","Game Play Analysis I","DATABASE","EASY",750906,,"CLEAR",,false,2026-07-21T18:50:04.000Z,2026-07-21T18:50:04.000Z
"https://leetcode.com/problems/game-play-analysis-ii/","Game Play Analysis II","DATABASE","EASY",199258,,"CLEAR",,false,2026-07-21T18:50:04.000Z,2026-07-21T18:50:04.000Z
"https://leetcode.com/problems/game-play-analysis-iii/","Game Play Analysis III","DATABASE","MEDIUM",120368,,"CLEAR",,false,2026-07-21T18:50:04.000Z,2026-07-21T18:50:04.000Z
"https://leetcode.com/problems/game-play-analysis-iv/","Game Play Analysis IV","DATABASE","MEDIUM",1184049,,"CLEAR",,false,2026-07-21T18:50:04.000Z,2026-07-21T18:50:04.000Z
"https://leetcode.com/problems/game-play-analysis-v/","Game Play Analysis V","DATABASE","HARD",58933,,"CLEAR",,false,2026-07-21T18:50:04.000Z,2026-07-21T18:50:04.000Z
"https://leetcode.com/problems/generate-the-invoice/","Generate the Invoice","DATABASE","HARD",7558,,"CLEAR",,false,2026-07-21T18:50:04.000Z,2026-07-21T18:50:04.000Z
"https://leetcode.com/problems/get-highest-answer-rate-question/","Get Highest Answer Rate Question","DATABASE","MEDIUM",175547,,"CLEAR",,false,2026-07-21T18:50:04.000Z,2026-07-21T18:50:04.000Z
"https://leetcode.com/problems/get-the-second-most-recent-activity/","Get the Second Most Recent Activity","DATABASE","HARD",39845,,"CLEAR",,false,2026-07-21T18:50:04.000Z,2026-07-21T18:50:04.000Z
"https://leetcode.com/problems/grand-slam-titles/","Grand Slam Titles","DATABASE","MEDIUM",42159,,"CLEAR",,false,2026-07-21T18:50:04.000Z,2026-07-21T18:50:04.000Z
"https://leetcode.com/problems/group-employees-of-the-same-salary/","Group Employees of the Same Salary","DATABASE","MEDIUM",24023,,"CLEAR",,false,2026-07-21T18:50:04.000Z,2026-07-21T18:50:04.000Z
"https://leetcode.com/problems/group-sold-products-by-the-date/","Group Sold Products By The Date","DATABASE","EASY",555909,,"CLEAR",,false,2026-07-21T18:50:04.000Z,2026-07-21T18:50:04.000Z
"https://leetcode.com/problems/highest-grade-for-each-student/","Highest Grade For Each Student","DATABASE","MEDIUM",111901,,"CLEAR",,false,2026-07-21T18:50:04.000Z,2026-07-21T18:50:04.000Z
"https://leetcode.com/problems/highest-salaries-difference/","Highest Salaries Difference","DATABASE","EASY",8644,,"CLEAR",,false,2026-07-21T18:50:04.000Z,2026-07-21T18:50:04.000Z
"https://leetcode.com/problems/hopper-company-queries-i/","Hopper Company Queries I","DATABASE","HARD",24073,,"CLEAR",,false,2026-07-21T18:50:04.000Z,2026-07-21T18:50:04.000Z
"https://leetcode.com/problems/hopper-company-queries-ii/","Hopper Company Queries II","DATABASE","HARD",22009,,"CLEAR",,false,2026-07-21T18:50:04.000Z,2026-07-21T18:50:04.000Z
"https://leetcode.com/problems/hopper-company-queries-iii/","Hopper Company Queries III","DATABASE","HARD",13731,,"CLEAR",,false,2026-07-21T18:50:04.000Z,2026-07-21T18:50:04.000Z
"https://leetcode.com/problems/human-traffic-of-stadium/","Human Traffic of Stadium","DATABASE","HARD",365731,,"CLEAR",,false,2026-07-21T18:50:04.000Z,2026-07-21T18:50:04.000Z
"https://leetcode.com/problems/immediate-food-delivery-i/","Immediate Food Delivery I","DATABASE","EASY",115685,,"CLEAR",,false,2026-07-21T18:50:04.000Z,2026-07-21T18:50:04.000Z
"https://leetcode.com/problems/immediate-food-delivery-ii/","Immediate Food Delivery II","DATABASE","MEDIUM",858260,,"CLEAR",,false,2026-07-21T18:50:04.000Z,2026-07-21T18:50:04.000Z
"https://leetcode.com/problems/immediate-food-delivery-iii/","Immediate Food Delivery III","DATABASE","MEDIUM",8670,,"CLEAR",,false,2026-07-21T18:50:04.000Z,2026-07-21T18:50:04.000Z
"https://leetcode.com/problems/invalid-tweets/","Invalid Tweets","DATABASE","EASY",1780220,,"CLEAR",,false,2026-07-21T18:50:04.000Z,2026-07-21T18:50:04.000Z
"https://leetcode.com/problems/invalid-tweets-ii/","Invalid Tweets II","DATABASE","EASY",4966,,"CLEAR",,false,2026-07-21T18:50:04.000Z,2026-07-21T18:50:04.000Z
"https://leetcode.com/problems/investments-in-2016/","Investments in 2016","DATABASE","MEDIUM",665694,,"CLEAR",,false,2026-07-21T18:50:04.000Z,2026-07-21T18:50:04.000Z
"https://leetcode.com/problems/last-person-to-fit-in-the-bus/","Last Person to Fit in the Bus","DATABASE","MEDIUM",523225,,"CLEAR",,false,2026-07-21T18:50:04.000Z,2026-07-21T18:50:04.000Z
"https://leetcode.com/problems/league-statistics/","League Statistics","DATABASE","MEDIUM",31246,,"CLEAR",,false,2026-07-21T18:50:04.000Z,2026-07-21T18:50:04.000Z
"https://leetcode.com/problems/leetcodify-friends-recommendations/","Leetcodify Friends Recommendations","DATABASE","HARD",31865,,"CLEAR",,false,2026-07-21T18:50:04.000Z,2026-07-21T18:50:04.000Z
"https://leetcode.com/problems/leetcodify-similar-friends/","Leetcodify Similar Friends","DATABASE","HARD",18483,,"CLEAR",,false,2026-07-21T18:50:04.000Z,2026-07-21T18:50:04.000Z
"https://leetcode.com/problems/leetflex-banned-accounts/","Leetflex Banned Accounts","DATABASE","MEDIUM",50675,,"CLEAR",,false,2026-07-21T18:50:04.000Z,2026-07-21T18:50:04.000Z
"https://leetcode.com/problems/list-the-products-ordered-in-a-period/","List the Products Ordered in a Period","DATABASE","EASY",476667,,"CLEAR",,false,2026-07-21T18:50:04.000Z,2026-07-21T18:50:04.000Z
"https://leetcode.com/problems/loan-types/","Loan Types","DATABASE","EASY",10064,,"CLEAR",,false,2026-07-21T18:50:04.000Z,2026-07-21T18:50:04.000Z
"https://leetcode.com/problems/longest-team-pass-streak/","Longest Team Pass Streak","DATABASE","HARD",2774,,"CLEAR",,false,2026-07-21T18:50:04.000Z,2026-07-21T18:50:04.000Z
"https://leetcode.com/problems/longest-winning-streak/","Longest Winning Streak","DATABASE","HARD",14683,,"CLEAR",,false,2026-07-21T18:50:04.000Z,2026-07-21T18:50:04.000Z
"https://leetcode.com/problems/low-quality-problems/","Low-Quality Problems","DATABASE","EASY",19091,,"CLEAR",,false,2026-07-21T18:50:04.000Z,2026-07-21T18:50:04.000Z
"https://leetcode.com/problems/manager-of-the-largest-department/","Manager of the Largest Department","DATABASE","MEDIUM",6003,,"CLEAR",,false,2026-07-21T18:50:04.000Z,2026-07-21T18:50:04.000Z
"https://leetcode.com/problems/managers-with-at-least-5-direct-reports/","Managers with at Least 5 Direct Reports","DATABASE","MEDIUM",2089909,,"CLEAR",,false,2026-07-21T18:50:04.000Z,2026-07-21T18:50:04.000Z
"https://leetcode.com/problems/market-analysis-i/","Market Analysis I","DATABASE","MEDIUM",317595,,"CLEAR",,false,2026-07-21T18:50:04.000Z,2026-07-21T18:50:04.000Z
"https://leetcode.com/problems/market-analysis-ii/","Market Analysis II","DATABASE","HARD",42419,,"CLEAR",,false,2026-07-21T18:50:04.000Z,2026-07-21T18:50:04.000Z
"https://leetcode.com/problems/market-analysis-iii/","Market Analysis III","DATABASE","MEDIUM",10222,,"CLEAR",,false,2026-07-21T18:50:04.000Z,2026-07-21T18:50:04.000Z
"https://leetcode.com/problems/maximize-items/","Maximize Items","DATABASE","HARD",2907,,"CLEAR",,false,2026-07-21T18:50:04.000Z,2026-07-21T18:50:04.000Z
"https://leetcode.com/problems/maximum-transaction-each-day/","Maximum Transaction Each Day","DATABASE","MEDIUM",34851,,"CLEAR",,false,2026-07-21T18:50:04.000Z,2026-07-21T18:50:04.000Z
"https://leetcode.com/problems/median-employee-salary/","Median Employee Salary","DATABASE","HARD",78955,,"CLEAR",,false,2026-07-21T18:50:04.000Z,2026-07-21T18:50:04.000Z
"https://leetcode.com/problems/merge-overlapping-events-in-the-same-hall/","Merge Overlapping Events in the Same Hall","DATABASE","HARD",8798,,"CLEAR",,false,2026-07-21T18:50:04.000Z,2026-07-21T18:50:04.000Z
"https://leetcode.com/problems/monthly-transactions-i/","Monthly Transactions I","DATABASE","MEDIUM",976131,,"CLEAR",,false,2026-07-21T18:50:04.000Z,2026-07-21T18:50:04.000Z
"https://leetcode.com/problems/monthly-transactions-ii/","Monthly Transactions II","DATABASE","MEDIUM",68881,,"CLEAR",,false,2026-07-21T18:50:04.000Z,2026-07-21T18:50:04.000Z
"https://leetcode.com/problems/movie-rating/","Movie Rating","DATABASE","MEDIUM",727325,,"CLEAR",,false,2026-07-21T18:50:04.000Z,2026-07-21T18:50:04.000Z
"https://leetcode.com/problems/new-users-daily-count/","New Users Daily Count","DATABASE","MEDIUM",102737,,"CLEAR",,false,2026-07-21T18:50:04.000Z,2026-07-21T18:50:04.000Z
"https://leetcode.com/problems/not-boring-movies/","Not Boring Movies","DATABASE","EASY",1576520,,"CLEAR",,false,2026-07-21T18:50:04.000Z,2026-07-21T18:50:04.000Z
"https://leetcode.com/problems/npv-queries/","NPV Queries","DATABASE","EASY",38503,,"CLEAR",,false,2026-07-21T18:50:04.000Z,2026-07-21T18:50:04.000Z
"https://leetcode.com/problems/nth-highest-salary/","Nth Highest Salary","DATABASE","MEDIUM",1795871,,"CLEAR",,false,2026-07-21T18:50:04.000Z,2026-07-21T18:50:04.000Z
"https://leetcode.com/problems/number-of-accounts-that-did-not-stream/","Number of Accounts That Did Not Stream","DATABASE","MEDIUM",19828,,"CLEAR",,false,2026-07-21T18:50:04.000Z,2026-07-21T18:50:04.000Z
"https://leetcode.com/problems/number-of-calls-between-two-persons/","Number of Calls Between Two Persons","DATABASE","MEDIUM",66995,,"CLEAR",,false,2026-07-21T18:50:04.000Z,2026-07-21T18:50:04.000Z
"https://leetcode.com/problems/number-of-comments-per-post/","Number of Comments per Post","DATABASE","EASY",63499,,"CLEAR",,false,2026-07-21T18:50:04.000Z,2026-07-21T18:50:04.000Z
"https://leetcode.com/problems/number-of-times-a-driver-was-a-passenger/","Number of Times a Driver Was a Passenger","DATABASE","MEDIUM",16164,,"CLEAR",,false,2026-07-21T18:50:04.000Z,2026-07-21T18:50:04.000Z
"https://leetcode.com/problems/number-of-transactions-per-visit/","Number of Transactions per Visit","DATABASE","HARD",33658,,"CLEAR",,false,2026-07-21T18:50:04.000Z,2026-07-21T18:50:04.000Z
"https://leetcode.com/problems/number-of-trusted-contacts-of-a-customer/","Number of Trusted Contacts of a Customer","DATABASE","MEDIUM",33999,,"CLEAR",,false,2026-07-21T18:50:04.000Z,2026-07-21T18:50:04.000Z
"https://leetcode.com/problems/number-of-unique-subjects-taught-by-each-teacher/","Number of Unique Subjects Taught by Each Teacher","DATABASE","EASY",624999,,"CLEAR",,false,2026-07-21T18:50:04.000Z,2026-07-21T18:50:04.000Z
"https://leetcode.com/problems/odd-and-even-transactions/","Odd and Even Transactions","DATABASE","MEDIUM",59744,,"CLEAR",,false,2026-07-21T18:50:04.000Z,2026-07-21T18:50:04.000Z
"https://leetcode.com/problems/order-two-columns-independently/","Order Two Columns Independently","DATABASE","MEDIUM",17998,,"CLEAR",,false,2026-07-21T18:50:04.000Z,2026-07-21T18:50:04.000Z
"https://leetcode.com/problems/orders-with-maximum-quantity-above-average/","Orders With Maximum Quantity Above Average","DATABASE","MEDIUM",28125,,"CLEAR",,false,2026-07-21T18:50:04.000Z,2026-07-21T18:50:04.000Z
"https://leetcode.com/problems/page-recommendations/","Page Recommendations","DATABASE","MEDIUM",84327,,"CLEAR",,false,2026-07-21T18:50:04.000Z,2026-07-21T18:50:04.000Z
"https://leetcode.com/problems/page-recommendations-ii/","Page Recommendations II","DATABASE","HARD",23477,,"CLEAR",,false,2026-07-21T18:50:04.000Z,2026-07-21T18:50:04.000Z
"https://leetcode.com/problems/patients-with-a-condition/","Patients With a Condition","DATABASE","EASY",1210818,,"CLEAR",,false,2026-07-21T18:50:04.000Z,2026-07-21T18:50:04.000Z
"https://leetcode.com/problems/percentage-of-users-attended-a-contest/","Percentage of Users Attended a Contest","DATABASE","EASY",949928,,"CLEAR",,false,2026-07-21T18:50:04.000Z,2026-07-21T18:50:04.000Z
"https://leetcode.com/problems/pizza-toppings-cost-analysis/","Pizza Toppings Cost Analysis","DATABASE","MEDIUM",5770,,"CLEAR",,false,2026-07-21T18:50:04.000Z,2026-07-21T18:50:04.000Z
"https://leetcode.com/problems/popularity-percentage/","Popularity Percentage","DATABASE","HARD",7712,,"CLEAR",,false,2026-07-21T18:50:04.000Z,2026-07-21T18:50:04.000Z
"https://leetcode.com/problems/premier-league-table-ranking/","Premier League Table Ranking","DATABASE","EASY",5039,,"CLEAR",,false,2026-07-21T18:50:04.000Z,2026-07-21T18:50:04.000Z
"https://leetcode.com/problems/premier-league-table-ranking-ii/","Premier League Table Ranking II","DATABASE","MEDIUM",3949,,"CLEAR",,false,2026-07-21T18:50:04.000Z,2026-07-21T18:50:04.000Z
"https://leetcode.com/problems/premier-league-table-ranking-iii/","Premier League Table Ranking III","DATABASE","MEDIUM",3163,,"CLEAR",,false,2026-07-21T18:50:04.000Z,2026-07-21T18:50:04.000Z
"https://leetcode.com/problems/primary-department-for-each-employee/","Primary Department for Each Employee","DATABASE","EASY",510284,,"CLEAR",,false,2026-07-21T18:50:04.000Z,2026-07-21T18:50:04.000Z
"https://leetcode.com/problems/product-price-at-a-given-date/","Product Price at a Given Date","DATABASE","MEDIUM",626942,,"CLEAR",,false,2026-07-21T18:50:04.000Z,2026-07-21T18:50:04.000Z
"https://leetcode.com/problems/product-sales-analysis-i/","Product Sales Analysis I","DATABASE","EASY",1651666,,"CLEAR",,false,2026-07-21T18:50:04.000Z,2026-07-21T18:50:04.000Z
"https://leetcode.com/problems/product-sales-analysis-ii/","Product Sales Analysis II","DATABASE","EASY",76340,,"CLEAR",,false,2026-07-21T18:50:04.000Z,2026-07-21T18:50:04.000Z
"https://leetcode.com/problems/product-sales-analysis-iii/","Product Sales Analysis III","DATABASE","MEDIUM",1037695,,"CLEAR",,false,2026-07-21T18:50:04.000Z,2026-07-21T18:50:04.000Z
"https://leetcode.com/problems/product-sales-analysis-iv/","Product Sales Analysis IV","DATABASE","MEDIUM",15427,,"CLEAR",,false,2026-07-21T18:50:04.000Z,2026-07-21T18:50:04.000Z
"https://leetcode.com/problems/product-sales-analysis-v/","Product Sales Analysis V","DATABASE","EASY",15467,,"CLEAR",,false,2026-07-21T18:50:04.000Z,2026-07-21T18:50:04.000Z
"https://leetcode.com/problems/products-price-for-each-store/","Product's Price for Each Store","DATABASE","EASY",30670,,"CLEAR",,false,2026-07-21T18:50:04.000Z,2026-07-21T18:50:04.000Z
"https://leetcode.com/problems/products-worth-over-invoices/","Product's Worth Over Invoices","DATABASE","EASY",53590,,"CLEAR",,false,2026-07-21T18:50:04.000Z,2026-07-21T18:50:04.000Z
"https://leetcode.com/problems/products-with-three-or-more-orders-in-two-consecutive-years/","Products With Three or More Orders in Two Consecutive Years","DATABASE","MEDIUM",26844,,"CLEAR",,false,2026-07-21T18:50:04.000Z,2026-07-21T18:50:04.000Z
"https://leetcode.com/problems/project-employees-i/","Project Employees I","DATABASE","EASY",1086702,,"CLEAR",,false,2026-07-21T18:50:04.000Z,2026-07-21T18:50:04.000Z
"https://leetcode.com/problems/project-employees-ii/","Project Employees II","DATABASE","EASY",133591,,"CLEAR",,false,2026-07-21T18:50:04.000Z,2026-07-21T18:50:04.000Z
"https://leetcode.com/problems/project-employees-iii/","Project Employees III","DATABASE","MEDIUM",95134,,"CLEAR",,false,2026-07-21T18:50:04.000Z,2026-07-21T18:50:04.000Z
"https://leetcode.com/problems/queries-quality-and-percentage/","Queries Quality and Percentage","DATABASE","EASY",1034523,,"CLEAR",,false,2026-07-21T18:50:04.000Z,2026-07-21T18:50:04.000Z
"https://leetcode.com/problems/rank-scores/","Rank Scores","DATABASE","MEDIUM",1078526,,"CLEAR",,false,2026-07-21T18:50:04.000Z,2026-07-21T18:50:04.000Z
"https://leetcode.com/problems/rearrange-products-table/","Rearrange Products Table","DATABASE","EASY",248748,,"CLEAR",,false,2026-07-21T18:50:04.000Z,2026-07-21T18:50:04.000Z
"https://leetcode.com/problems/rectangles-area/","Rectangles Area","DATABASE","MEDIUM",29635,,"CLEAR",,false,2026-07-21T18:50:04.000Z,2026-07-21T18:50:04.000Z
"https://leetcode.com/problems/recyclable-and-low-fat-products/","Recyclable and Low Fat Products","DATABASE","EASY",2836576,,"CLEAR",,false,2026-07-21T18:50:04.000Z,2026-07-21T18:50:04.000Z
"https://leetcode.com/problems/reformat-department-table/","Reformat Department Table","DATABASE","EASY",255750,,"CLEAR",,false,2026-07-21T18:50:04.000Z,2026-07-21T18:50:04.000Z
"https://leetcode.com/problems/replace-employee-id-with-the-unique-identifier/","Replace Employee ID With The Unique Identifier","DATABASE","EASY",1683839,,"CLEAR",,false,2026-07-21T18:50:04.000Z,2026-07-21T18:50:04.000Z
"https://leetcode.com/problems/report-contiguous-dates/","Report Contiguous Dates","DATABASE","HARD",59152,,"CLEAR",,false,2026-07-21T18:50:04.000Z,2026-07-21T18:50:04.000Z
"https://leetcode.com/problems/reported-posts/","Reported Posts","DATABASE","EASY",84395,,"CLEAR",,false,2026-07-21T18:50:04.000Z,2026-07-21T18:50:04.000Z
"https://leetcode.com/problems/reported-posts-ii/","Reported Posts II","DATABASE","MEDIUM",142105,,"CLEAR",,false,2026-07-21T18:50:04.000Z,2026-07-21T18:50:04.000Z
"https://leetcode.com/problems/restaurant-growth/","Restaurant Growth","DATABASE","MEDIUM",467825,,"CLEAR",,false,2026-07-21T18:50:04.000Z,2026-07-21T18:50:04.000Z
"https://leetcode.com/problems/rising-temperature/","Rising Temperature","DATABASE","EASY",3075354,,"CLEAR",,false,2026-07-21T18:50:04.000Z,2026-07-21T18:50:04.000Z
"https://leetcode.com/problems/rolling-average-steps/","Rolling Average Steps","DATABASE","MEDIUM",8409,,"CLEAR",,false,2026-07-21T18:50:04.000Z,2026-07-21T18:50:04.000Z
"https://leetcode.com/problems/running-total-for-different-genders/","Running Total for Different Genders","DATABASE","MEDIUM",55645,,"CLEAR",,false,2026-07-21T18:50:04.000Z,2026-07-21T18:50:04.000Z
"https://leetcode.com/problems/sales-analysis-i/","Sales Analysis I","DATABASE","EASY",92051,,"CLEAR",,false,2026-07-21T18:50:04.000Z,2026-07-21T18:50:04.000Z
"https://leetcode.com/problems/sales-analysis-ii/","Sales Analysis II","DATABASE","EASY",135037,,"CLEAR",,false,2026-07-21T18:50:04.000Z,2026-07-21T18:50:04.000Z
"https://leetcode.com/problems/sales-analysis-iii/","Sales Analysis III","DATABASE","EASY",509658,,"CLEAR",,false,2026-07-21T18:50:04.000Z,2026-07-21T18:50:04.000Z
"https://leetcode.com/problems/sales-by-day-of-the-week/","Sales by Day of the Week","DATABASE","HARD",28455,,"CLEAR",,false,2026-07-21T18:50:04.000Z,2026-07-21T18:50:04.000Z
"https://leetcode.com/problems/sales-person/","Sales Person","DATABASE","EASY",616270,,"CLEAR",,false,2026-07-21T18:50:04.000Z,2026-07-21T18:50:04.000Z
"https://leetcode.com/problems/seasonal-sales-analysis/","Seasonal Sales Analysis","DATABASE","MEDIUM",28882,,"CLEAR",,false,2026-07-21T18:50:04.000Z,2026-07-21T18:50:04.000Z
"https://leetcode.com/problems/second-day-verification/","Second Day Verification","DATABASE","EASY",6001,,"CLEAR",,false,2026-07-21T18:50:04.000Z,2026-07-21T18:50:04.000Z
"https://leetcode.com/problems/second-degree-follower/","Second Degree Follower","DATABASE","MEDIUM",157176,,"CLEAR",,false,2026-07-21T18:50:04.000Z,2026-07-21T18:50:04.000Z
"https://leetcode.com/problems/second-highest-salary/","Second Highest Salary","DATABASE","MEDIUM",3425168,,"CLEAR",,false,2026-07-21T18:50:04.000Z,2026-07-21T18:50:04.000Z
"https://leetcode.com/problems/second-highest-salary-ii/","Second Highest Salary II","DATABASE","MEDIUM",3786,,"CLEAR",,false,2026-07-21T18:50:04.000Z,2026-07-21T18:50:04.000Z
"https://leetcode.com/problems/sellers-with-no-sales/","Sellers With No Sales","DATABASE","EASY",85451,,"CLEAR",,false,2026-07-21T18:50:04.000Z,2026-07-21T18:50:04.000Z
"https://leetcode.com/problems/server-utilization-time/","Server Utilization Time","DATABASE","MEDIUM",4966,,"CLEAR",,false,2026-07-21T18:50:04.000Z,2026-07-21T18:50:04.000Z
"https://leetcode.com/problems/shortest-distance-in-a-line/","Shortest Distance in a Line","DATABASE","EASY",108071,,"CLEAR",,false,2026-07-21T18:50:04.000Z,2026-07-21T18:50:04.000Z
"https://leetcode.com/problems/shortest-distance-in-a-plane/","Shortest Distance in a Plane","DATABASE","MEDIUM",81064,,"CLEAR",,false,2026-07-21T18:50:04.000Z,2026-07-21T18:50:04.000Z
"https://leetcode.com/problems/snaps-analysis/","Snaps Analysis","DATABASE","MEDIUM",6339,,"CLEAR",,false,2026-07-21T18:50:04.000Z,2026-07-21T18:50:04.000Z
"https://leetcode.com/problems/sort-the-olympic-table/","Sort the Olympic Table","DATABASE","EASY",11619,,"CLEAR",,false,2026-07-21T18:50:04.000Z,2026-07-21T18:50:04.000Z
"https://leetcode.com/problems/strong-friendship/","Strong Friendship","DATABASE","MEDIUM",31372,,"CLEAR",,false,2026-07-21T18:50:04.000Z,2026-07-21T18:50:04.000Z
"https://leetcode.com/problems/students-and-examinations/","Students and Examinations","DATABASE","EASY",1303536,,"CLEAR",,false,2026-07-21T18:50:04.000Z,2026-07-21T18:50:04.000Z
"https://leetcode.com/problems/students-report-by-geography/","Students Report By Geography","DATABASE","HARD",46959,,"CLEAR",,false,2026-07-21T18:50:04.000Z,2026-07-21T18:50:04.000Z
"https://leetcode.com/problems/students-with-invalid-departments/","Students With Invalid Departments","DATABASE","EASY",75106,,"CLEAR",,false,2026-07-21T18:50:04.000Z,2026-07-21T18:50:04.000Z
"https://leetcode.com/problems/suspicious-bank-accounts/","Suspicious Bank Accounts","DATABASE","MEDIUM",34998,,"CLEAR",,false,2026-07-21T18:50:04.000Z,2026-07-21T18:50:04.000Z
"https://leetcode.com/problems/swap-sex-of-employees/","Swap Sex of Employees","DATABASE","EASY",677902,,"CLEAR",,false,2026-07-21T18:50:04.000Z,2026-07-21T18:50:04.000Z
"https://leetcode.com/problems/symmetric-coordinates/","Symmetric Coordinates","DATABASE","MEDIUM",8066,,"CLEAR",,false,2026-07-21T18:50:04.000Z,2026-07-21T18:50:04.000Z
"https://leetcode.com/problems/tasks-count-in-the-weekend/","Tasks Count in the Weekend","DATABASE","MEDIUM",11656,,"CLEAR",,false,2026-07-21T18:50:04.000Z,2026-07-21T18:50:04.000Z
"https://leetcode.com/problems/team-dominance-by-pass-success/","Team Dominance by Pass Success","DATABASE","HARD",2255,,"CLEAR",,false,2026-07-21T18:50:04.000Z,2026-07-21T18:50:04.000Z
"https://leetcode.com/problems/team-scores-in-football-tournament/","Team Scores in Football Tournament","DATABASE","MEDIUM",94795,,"CLEAR",,false,2026-07-21T18:50:04.000Z,2026-07-21T18:50:04.000Z
"https://leetcode.com/problems/the-airport-with-the-most-traffic/","The Airport With the Most Traffic","DATABASE","MEDIUM",17140,,"CLEAR",,false,2026-07-21T18:50:04.000Z,2026-07-21T18:50:04.000Z
"https://leetcode.com/problems/the-category-of-each-member-in-the-store/","The Category of Each Member in the Store","DATABASE","MEDIUM",15822,,"CLEAR",,false,2026-07-21T18:50:04.000Z,2026-07-21T18:50:04.000Z
"https://leetcode.com/problems/the-change-in-global-rankings/","The Change in Global Rankings","DATABASE","MEDIUM",15259,,"CLEAR",,false,2026-07-21T18:50:04.000Z,2026-07-21T18:50:04.000Z
"https://leetcode.com/problems/the-first-day-of-the-maximum-recorded-degree-in-each-city/","The First Day of the Maximum Recorded Degree in Each City","DATABASE","MEDIUM",11795,,"CLEAR",,false,2026-07-21T18:50:04.000Z,2026-07-21T18:50:04.000Z
"https://leetcode.com/problems/the-latest-login-in-2020/","The Latest Login in 2020","DATABASE","EASY",199842,,"CLEAR",,false,2026-07-21T18:50:04.000Z,2026-07-21T18:50:04.000Z
"https://leetcode.com/problems/the-most-frequently-ordered-products-for-each-customer/","The Most Frequently Ordered Products for Each Customer","DATABASE","MEDIUM",59851,,"CLEAR",,false,2026-07-21T18:50:04.000Z,2026-07-21T18:50:04.000Z
"https://leetcode.com/problems/the-most-recent-orders-for-each-product/","The Most Recent Orders for Each Product","DATABASE","MEDIUM",60882,,"CLEAR",,false,2026-07-21T18:50:04.000Z,2026-07-21T18:50:04.000Z
"https://leetcode.com/problems/the-most-recent-three-orders/","The Most Recent Three Orders","DATABASE","MEDIUM",57474,,"CLEAR",,false,2026-07-21T18:50:04.000Z,2026-07-21T18:50:04.000Z
"https://leetcode.com/problems/the-number-of-employees-which-report-to-each-employee/","The Number of Employees Which Report to Each Employee","DATABASE","EASY",760820,,"CLEAR",,false,2026-07-21T18:50:04.000Z,2026-07-21T18:50:04.000Z
"https://leetcode.com/problems/the-number-of-passengers-in-each-bus-i/","The Number of Passengers in Each Bus I","DATABASE","MEDIUM",25164,,"CLEAR",,false,2026-07-21T18:50:04.000Z,2026-07-21T18:50:04.000Z
"https://leetcode.com/problems/the-number-of-passengers-in-each-bus-ii/","The Number of Passengers in Each Bus II","DATABASE","HARD",10071,,"CLEAR",,false,2026-07-21T18:50:04.000Z,2026-07-21T18:50:04.000Z
"https://leetcode.com/problems/the-number-of-rich-customers/","The Number of Rich Customers","DATABASE","EASY",40796,,"CLEAR",,false,2026-07-21T18:50:04.000Z,2026-07-21T18:50:04.000Z
"https://leetcode.com/problems/the-number-of-seniors-and-juniors-to-join-the-company/","The Number of Seniors and Juniors to Join the Company","DATABASE","HARD",24024,,"CLEAR",,false,2026-07-21T18:50:04.000Z,2026-07-21T18:50:04.000Z
"https://leetcode.com/problems/the-number-of-seniors-and-juniors-to-join-the-company-ii/","The Number of Seniors and Juniors to Join the Company II","DATABASE","HARD",11441,,"CLEAR",,false,2026-07-21T18:50:04.000Z,2026-07-21T18:50:04.000Z
"https://leetcode.com/problems/the-number-of-users-that-are-eligible-for-discount/","The Number of Users That Are Eligible for Discount","DATABASE","EASY",17296,,"CLEAR",,false,2026-07-21T18:50:04.000Z,2026-07-21T18:50:04.000Z
"https://leetcode.com/problems/the-users-that-are-eligible-for-discount/","The Users That Are Eligible for Discount","DATABASE","EASY",15180,,"CLEAR",,false,2026-07-21T18:50:04.000Z,2026-07-21T18:50:04.000Z
"https://leetcode.com/problems/the-winner-university/","The Winner University","DATABASE","EASY",20089,,"CLEAR",,false,2026-07-21T18:50:04.000Z,2026-07-21T18:50:04.000Z
"https://leetcode.com/problems/top-percentile-fraud/","Top Percentile Fraud","DATABASE","MEDIUM",6109,,"CLEAR",,false,2026-07-21T18:50:04.000Z,2026-07-21T18:50:04.000Z
"https://leetcode.com/problems/top-three-wineries/","Top Three Wineries ","DATABASE","HARD",7124,,"CLEAR",,false,2026-07-21T18:50:04.000Z,2026-07-21T18:50:04.000Z
"https://leetcode.com/problems/top-travellers/","Top Travellers","DATABASE","EASY",391416,,"CLEAR",,false,2026-07-21T18:50:04.000Z,2026-07-21T18:50:04.000Z
"https://leetcode.com/problems/total-sales-amount-by-year/","Total Sales Amount by Year","DATABASE","HARD",33129,,"CLEAR",,false,2026-07-21T18:50:04.000Z,2026-07-21T18:50:04.000Z
"https://leetcode.com/problems/total-traveled-distance/","Total Traveled Distance","DATABASE","EASY",7923,,"CLEAR",,false,2026-07-21T18:50:04.000Z,2026-07-21T18:50:04.000Z
"https://leetcode.com/problems/tournament-winners/","Tournament Winners","DATABASE","HARD",50753,,"CLEAR",,false,2026-07-21T18:50:04.000Z,2026-07-21T18:50:04.000Z
"https://leetcode.com/problems/tree-node/","Tree Node","DATABASE","MEDIUM",353844,,"CLEAR",,false,2026-07-21T18:50:04.000Z,2026-07-21T18:50:04.000Z
"https://leetcode.com/problems/triangle-judgement/","Triangle Judgement","DATABASE","EASY",685557,,"CLEAR",,false,2026-07-21T18:50:04.000Z,2026-07-21T18:50:04.000Z
"https://leetcode.com/problems/trips-and-users/","Trips and Users","DATABASE","HARD",824478,,"CLEAR",,false,2026-07-21T18:50:04.000Z,2026-07-21T18:50:04.000Z
"https://leetcode.com/problems/unique-orders-and-customers-per-month/","Unique Orders and Customers Per Month","DATABASE","EASY",32121,,"CLEAR",,false,2026-07-21T18:50:04.000Z,2026-07-21T18:50:04.000Z
"https://leetcode.com/problems/unpopular-books/","Unpopular Books","DATABASE","MEDIUM",113255,,"CLEAR",,false,2026-07-21T18:50:04.000Z,2026-07-21T18:50:04.000Z
"https://leetcode.com/problems/user-activities-within-time-bounds/","User Activities within Time Bounds","DATABASE","HARD",6082,,"CLEAR",,false,2026-07-21T18:50:04.000Z,2026-07-21T18:50:04.000Z
"https://leetcode.com/problems/user-activity-for-the-past-30-days-i/","User Activity for the Past 30 Days I","DATABASE","EASY",1158423,,"CLEAR",,false,2026-07-21T18:50:04.000Z,2026-07-21T18:50:04.000Z
"https://leetcode.com/problems/user-activity-for-the-past-30-days-ii/","User Activity for the Past 30 Days II","DATABASE","EASY",140020,,"CLEAR",,false,2026-07-21T18:50:04.000Z,2026-07-21T18:50:04.000Z
"https://leetcode.com/problems/user-purchase-platform/","User Purchase Platform","DATABASE","HARD",43760,,"CLEAR",,false,2026-07-21T18:50:04.000Z,2026-07-21T18:50:04.000Z
"https://leetcode.com/problems/users-that-actively-request-confirmation-messages/","Users That Actively Request Confirmation Messages","DATABASE","EASY",26009,,"CLEAR",,false,2026-07-21T18:50:04.000Z,2026-07-21T18:50:04.000Z
"https://leetcode.com/problems/users-with-two-purchases-within-seven-days/","Users With Two Purchases Within Seven Days","DATABASE","MEDIUM",26564,,"CLEAR",,false,2026-07-21T18:50:04.000Z,2026-07-21T18:50:04.000Z
"https://leetcode.com/problems/viewers-turned-streamers/","Viewers Turned Streamers","DATABASE","HARD",10529,,"CLEAR",,false,2026-07-21T18:50:04.000Z,2026-07-21T18:50:04.000Z
"https://leetcode.com/problems/warehouse-manager/","Warehouse Manager","DATABASE","EASY",60305,,"CLEAR",,false,2026-07-21T18:50:04.000Z,2026-07-21T18:50:04.000Z
"https://leetcode.com/problems/weather-type-in-each-country/","Weather Type in Each Country","DATABASE","EASY",68886,,"CLEAR",,false,2026-07-21T18:50:04.000Z,2026-07-21T18:50:04.000Z
"https://leetcode.com/problems/winning-candidate/","Winning Candidate","DATABASE","MEDIUM",125562,,"CLEAR",,false,2026-07-21T18:50:04.000Z,2026-07-21T18:50:04.000Z
"https://leetcode.com/problems/year-on-year-growth-rate/","Year on Year Growth Rate","DATABASE","HARD",7447,,"CLEAR",,false,2026-07-21T18:50:04.000Z,2026-07-21T18:50:04.000Z
"https://leetcode.com/problems/beautiful-array/","Beautiful Array","DIVIDE AND CONQUER","MEDIUM",92741,,"CLEAR",,false,2026-07-21T18:50:04.000Z,2026-07-21T18:50:04.000Z
"https://leetcode.com/problems/beautiful-pairs/","Beautiful Pairs","DIVIDE AND CONQUER","HARD",2263,,"CLEAR",,false,2026-07-21T18:50:04.000Z,2026-07-21T18:50:04.000Z
"https://leetcode.com/problems/construct-binary-tree-from-inorder-and-postorder-traversal/","Construct Binary Tree from Inorder and Postorder Traversal","DIVIDE AND CONQUER","MEDIUM",1438346,,"CLEAR",,false,2026-07-21T18:50:04.000Z,2026-07-21T18:50:04.000Z
"https://leetcode.com/problems/construct-binary-tree-from-preorder-and-inorder-traversal/","Construct Binary Tree from Preorder and Inorder Traversal","DIVIDE AND CONQUER","MEDIUM",2807962,,"CLEAR",,false,2026-07-21T18:50:04.000Z,2026-07-21T18:50:04.000Z
"https://leetcode.com/problems/construct-binary-tree-from-preorder-and-postorder-traversal/","Construct Binary Tree from Preorder and Postorder Traversal","DIVIDE AND CONQUER","MEDIUM",287204,,"CLEAR",,false,2026-07-21T18:50:04.000Z,2026-07-21T18:50:04.000Z
"https://leetcode.com/problems/construct-quad-tree/","Construct Quad Tree","DIVIDE AND CONQUER","MEDIUM",271228,,"CLEAR",,false,2026-07-21T18:50:04.000Z,2026-07-21T18:50:04.000Z
"https://leetcode.com/problems/convert-sorted-array-to-binary-search-tree/","Convert Sorted Array to Binary Search Tree","DIVIDE AND CONQUER","EASY",2360831,,"CLEAR",,false,2026-07-21T18:50:04.000Z,2026-07-21T18:50:04.000Z
"https://leetcode.com/problems/convert-sorted-list-to-binary-search-tree/","Convert Sorted List to Binary Search Tree","DIVIDE AND CONQUER","MEDIUM",1061027,,"CLEAR",,false,2026-07-21T18:50:04.000Z,2026-07-21T18:50:04.000Z
"https://leetcode.com/problems/count-elements-with-at-least-k-greater-values/","Count Elements With at Least K Greater Values","DIVIDE AND CONQUER","MEDIUM",105963,,"CLEAR",,false,2026-07-21T18:50:04.000Z,2026-07-21T18:50:04.000Z
"https://leetcode.com/problems/count-good-triplets-in-an-array/","Count Good Triplets in an Array","DIVIDE AND CONQUER","HARD",121534,,"CLEAR",,false,2026-07-21T18:50:04.000Z,2026-07-21T18:50:04.000Z
"https://leetcode.com/problems/count-nodes-that-are-great-enough/","Count Nodes That Are Great Enough","DIVIDE AND CONQUER","HARD",2612,,"CLEAR",,false,2026-07-21T18:50:04.000Z,2026-07-21T18:50:04.000Z
"https://leetcode.com/problems/count-of-range-sum/","Count of Range Sum","DIVIDE AND CONQUER","HARD",281335,,"CLEAR",,false,2026-07-21T18:50:04.000Z,2026-07-21T18:50:04.000Z
"https://leetcode.com/problems/count-of-smaller-numbers-after-self/","Count of Smaller Numbers After Self","DIVIDE AND CONQUER","HARD",914943,,"CLEAR",,false,2026-07-21T18:50:04.000Z,2026-07-21T18:50:04.000Z
"https://leetcode.com/problems/count-subarrays-with-majority-element-i/","Count Subarrays With Majority Element I","DIVIDE AND CONQUER","MEDIUM",179805,,"CLEAR",,false,2026-07-21T18:50:04.000Z,2026-07-21T18:50:04.000Z
"https://leetcode.com/problems/count-subarrays-with-majority-element-ii/","Count Subarrays With Majority Element II","DIVIDE AND CONQUER","HARD",117444,,"CLEAR",,false,2026-07-21T18:50:04.000Z,2026-07-21T18:50:04.000Z
"https://leetcode.com/problems/count-subarrays-with-more-ones-than-zeros/","Count Subarrays With More Ones Than Zeros","DIVIDE AND CONQUER","MEDIUM",11345,,"CLEAR",,false,2026-07-21T18:50:04.000Z,2026-07-21T18:50:04.000Z
"https://leetcode.com/problems/count-the-number-of-k-big-indices/","Count the Number of K-Big Indices","DIVIDE AND CONQUER","HARD",18305,,"CLEAR",,false,2026-07-21T18:50:04.000Z,2026-07-21T18:50:04.000Z
"https://leetcode.com/problems/create-sorted-array-through-instructions/","Create Sorted Array through Instructions","DIVIDE AND CONQUER","HARD",79683,,"CLEAR",,false,2026-07-21T18:50:04.000Z,2026-07-21T18:50:04.000Z
"https://leetcode.com/problems/design-most-recently-used-queue/","Design Most Recently Used Queue","DIVIDE AND CONQUER","MEDIUM",35549,,"CLEAR",,false,2026-07-21T18:50:04.000Z,2026-07-21T18:50:04.000Z
"https://leetcode.com/problems/evaluate-valid-expressions/","Evaluate Valid Expressions","DIVIDE AND CONQUER","HARD",752,,"CLEAR",,false,2026-07-21T18:50:04.000Z,2026-07-21T18:50:04.000Z
"https://leetcode.com/problems/fill-a-special-grid/","Fill a Special Grid","DIVIDE AND CONQUER","MEDIUM",30550,,"CLEAR",,false,2026-07-21T18:50:04.000Z,2026-07-21T18:50:04.000Z
"https://leetcode.com/problems/find-the-index-of-permutation/","Find the Index of Permutation","DIVIDE AND CONQUER","MEDIUM",2486,,"CLEAR",,false,2026-07-21T18:50:04.000Z,2026-07-21T18:50:04.000Z
"https://leetcode.com/problems/find-the-kth-largest-integer-in-the-array/","Find the Kth Largest Integer in the Array","DIVIDE AND CONQUER","MEDIUM",223497,,"CLEAR",,false,2026-07-21T18:50:04.000Z,2026-07-21T18:50:04.000Z
"https://leetcode.com/problems/k-closest-points-to-origin/","K Closest Points to Origin","DIVIDE AND CONQUER","MEDIUM",2570059,,"CLEAR",,false,2026-07-21T18:50:04.000Z,2026-07-21T18:50:04.000Z
"https://leetcode.com/problems/kth-largest-element-in-an-array/","Kth Largest Element in an Array","DIVIDE AND CONQUER","MEDIUM",5419471,,"CLEAR",,false,2026-07-21T18:50:04.000Z,2026-07-21T18:50:04.000Z
"https://leetcode.com/problems/logical-or-of-two-binary-grids-represented-as-quad-trees/","Logical OR of Two Binary Grids Represented as Quad-Trees","DIVIDE AND CONQUER","MEDIUM",39121,,"CLEAR",,false,2026-07-21T18:50:04.000Z,2026-07-21T18:50:04.000Z
"https://leetcode.com/problems/longest-balanced-subarray-i/","Longest Balanced Subarray I","DIVIDE AND CONQUER","MEDIUM",224330,,"CLEAR",,false,2026-07-21T18:50:04.000Z,2026-07-21T18:50:04.000Z
"https://leetcode.com/problems/longest-balanced-subarray-ii/","Longest Balanced Subarray II","DIVIDE AND CONQUER","HARD",181810,,"CLEAR",,false,2026-07-21T18:50:04.000Z,2026-07-21T18:50:04.000Z
"https://leetcode.com/problems/longest-substring-with-at-least-k-repeating-characters/","Longest Substring with At Least K Repeating Characters","DIVIDE AND CONQUER","MEDIUM",661507,,"CLEAR",,false,2026-07-21T18:50:04.000Z,2026-07-21T18:50:04.000Z
"https://leetcode.com/problems/majority-element/","Majority Element","DIVIDE AND CONQUER","EASY",8675852,,"CLEAR",,false,2026-07-21T18:50:04.000Z,2026-07-21T18:50:04.000Z
"https://leetcode.com/problems/maximum-binary-tree/","Maximum Binary Tree","DIVIDE AND CONQUER","MEDIUM",429066,,"CLEAR",,false,2026-07-21T18:50:04.000Z,2026-07-21T18:50:04.000Z
"https://leetcode.com/problems/median-of-two-sorted-arrays/","Median of Two Sorted Arrays","DIVIDE AND CONQUER","HARD",9424639,,"CLEAR",,false,2026-07-21T18:50:04.000Z,2026-07-21T18:50:04.000Z
"https://leetcode.com/problems/merge-k-sorted-lists/","Merge k Sorted Lists","DIVIDE AND CONQUER","HARD",5161757,,"CLEAR",,false,2026-07-21T18:50:04.000Z,2026-07-21T18:50:04.000Z
"https://leetcode.com/problems/minimum-cost-to-partition-a-binary-string/","Minimum Cost to Partition a Binary String","DIVIDE AND CONQUER","HARD",22460,,"CLEAR",,false,2026-07-21T18:50:04.000Z,2026-07-21T18:50:04.000Z
"https://leetcode.com/problems/minimum-threshold-for-inversion-pairs-count/","Minimum Threshold for Inversion Pairs Count","DIVIDE AND CONQUER","MEDIUM",1340,,"CLEAR",,false,2026-07-21T18:50:04.000Z,2026-07-21T18:50:04.000Z
"https://leetcode.com/problems/number-of-integers-with-popcount-depth-equal-to-k-ii/","Number of Integers With Popcount-Depth Equal to K II","DIVIDE AND CONQUER","HARD",34502,,"CLEAR",,false,2026-07-21T18:50:04.000Z,2026-07-21T18:50:04.000Z
"https://leetcode.com/problems/number-of-pairs-after-increment/","Number of Pairs After Increment","DIVIDE AND CONQUER","HARD",26270,,"CLEAR",,false,2026-07-21T18:50:04.000Z,2026-07-21T18:50:04.000Z
"https://leetcode.com/problems/number-of-pairs-satisfying-inequality/","Number of Pairs Satisfying Inequality","DIVIDE AND CONQUER","HARD",42128,,"CLEAR",,false,2026-07-21T18:50:04.000Z,2026-07-21T18:50:04.000Z
"https://leetcode.com/problems/number-of-ships-in-a-rectangle/","Number of Ships in a Rectangle","DIVIDE AND CONQUER","HARD",51311,,"CLEAR",,false,2026-07-21T18:50:04.000Z,2026-07-21T18:50:04.000Z
"https://leetcode.com/problems/query-kth-smallest-trimmed-number/","Query Kth Smallest Trimmed Number","DIVIDE AND CONQUER","MEDIUM",87614,,"CLEAR",,false,2026-07-21T18:50:04.000Z,2026-07-21T18:50:04.000Z
"https://leetcode.com/problems/range-sum-query-mutable/","Range Sum Query - Mutable","DIVIDE AND CONQUER","MEDIUM",830099,,"CLEAR",,false,2026-07-21T18:50:04.000Z,2026-07-21T18:50:04.000Z
"https://leetcode.com/problems/reverse-pairs/","Reverse Pairs","DIVIDE AND CONQUER","HARD",1129679,,"CLEAR",,false,2026-07-21T18:50:04.000Z,2026-07-21T18:50:04.000Z
"https://leetcode.com/problems/search-a-2d-matrix-ii/","Search a 2D Matrix II","DIVIDE AND CONQUER","MEDIUM",2485718,,"CLEAR",,false,2026-07-21T18:50:04.000Z,2026-07-21T18:50:04.000Z
"https://leetcode.com/problems/sort-an-array/","Sort an Array","DIVIDE AND CONQUER","MEDIUM",2110155,,"CLEAR",,false,2026-07-21T18:50:04.000Z,2026-07-21T18:50:04.000Z
"https://leetcode.com/problems/sort-list/","Sort List","DIVIDE AND CONQUER","MEDIUM",2056524,,"CLEAR",,false,2026-07-21T18:50:04.000Z,2026-07-21T18:50:04.000Z
"https://leetcode.com/problems/special-binary-string/","Special Binary String","DIVIDE AND CONQUER","HARD",127709,,"CLEAR",,false,2026-07-21T18:50:04.000Z,2026-07-21T18:50:04.000Z
"https://leetcode.com/problems/sum-of-k-digit-numbers-in-a-range/","Sum of K-Digit Numbers in a Range","DIVIDE AND CONQUER","HARD",14017,,"CLEAR",,false,2026-07-21T18:50:04.000Z,2026-07-21T18:50:04.000Z
"https://leetcode.com/problems/super-pow/","Super Pow","DIVIDE AND CONQUER","MEDIUM",290196,,"CLEAR",,false,2026-07-21T18:50:04.000Z,2026-07-21T18:50:04.000Z
"https://leetcode.com/problems/the-skyline-problem/","The Skyline Problem","DIVIDE AND CONQUER","HARD",789440,,"CLEAR",,false,2026-07-21T18:50:04.000Z,2026-07-21T18:50:04.000Z
"https://leetcode.com/problems/threshold-majority-queries/","Threshold Majority Queries","DIVIDE AND CONQUER","HARD",22125,,"CLEAR",,false,2026-07-21T18:50:04.000Z,2026-07-21T18:50:04.000Z
"https://leetcode.com/problems/top-k-frequent-elements/","Top K Frequent Elements","DIVIDE AND CONQUER","MEDIUM",5611107,,"CLEAR",,false,2026-07-21T18:50:04.000Z,2026-07-21T18:50:04.000Z
"https://leetcode.com/problems/xor-after-range-multiplication-queries-i/","XOR After Range Multiplication Queries I","DIVIDE AND CONQUER","MEDIUM",185177,,"CLEAR",,false,2026-07-21T18:50:04.000Z,2026-07-21T18:50:04.000Z
"https://leetcode.com/problems/xor-after-range-multiplication-queries-ii/","XOR After Range Multiplication Queries II","DIVIDE AND CONQUER","HARD",146213,,"CLEAR",,false,2026-07-21T18:50:04.000Z,2026-07-21T18:50:04.000Z
"https://leetcode.com/problems/all-oone-data-structure/","All O`one Data Structure","DOUBLY-LINKED LIST","HARD",474485,,"CLEAR",,false,2026-07-21T18:50:04.000Z,2026-07-21T18:50:04.000Z
"https://leetcode.com/problems/convert-doubly-linked-list-to-array-i/","Convert Doubly Linked List to Array I","DOUBLY-LINKED LIST","EASY",10261,,"CLEAR",,false,2026-07-21T18:50:04.000Z,2026-07-21T18:50:04.000Z
"https://leetcode.com/problems/convert-doubly-linked-list-to-array-ii/","Convert Doubly Linked List to Array II","DOUBLY-LINKED LIST","MEDIUM",4546,,"CLEAR",,false,2026-07-21T18:50:04.000Z,2026-07-21T18:50:04.000Z
"https://leetcode.com/problems/design-a-text-editor/","Design a Text Editor","DOUBLY-LINKED LIST","HARD",88873,,"CLEAR",,false,2026-07-21T18:50:04.000Z,2026-07-21T18:50:04.000Z
"https://leetcode.com/problems/design-authentication-manager/","Design Authentication Manager","DOUBLY-LINKED LIST","MEDIUM",105074,,"CLEAR",,false,2026-07-21T18:50:04.000Z,2026-07-21T18:50:04.000Z
"https://leetcode.com/problems/design-browser-history/","Design Browser History","DOUBLY-LINKED LIST","MEDIUM",452414,,"SUCCESS","class BrowserHistory {
    int current;
    vector<string> history;

public:
    BrowserHistory(string homepage) {
        current = 0;
        history.push_back(homepage);
    }

    // void visit(string url) {
    //     vector<string> new_history(history.begin(),
    //                                history.begin() + current + 1);
    //     new_history.push_back(url);
    //     current++;
    //     history = new_history;
    // }

    void visit(string url) {
        history.erase(history.begin() + current + 1, history.end());
        history.push_back(url);
        current++;
    }

    string back(int steps) {
        current = max(0, current - steps);
        return history[current];
    }

    string forward(int steps) {
        int n = history.size();
        current = min(n - 1, current + steps);
        return history[current];
    }
};

/**
 * Your BrowserHistory object will be instantiated and called as such:
 * BrowserHistory* obj = new BrowserHistory(homepage);
 * obj->visit(url);
 * string param_2 = obj->back(steps);
 * string param_3 = obj->forward(steps);
 */",false,2026-07-21T18:50:04.000Z,2026-08-28T20:03:52.665Z
"https://leetcode.com/problems/design-front-middle-back-queue/","Design Front Middle Back Queue","DOUBLY-LINKED LIST","MEDIUM",82252,,"CLEAR",,false,2026-07-21T18:50:04.000Z,2026-07-21T18:50:04.000Z
"https://leetcode.com/problems/lfu-cache/","LFU Cache","DOUBLY-LINKED LIST","HARD",809854,,"CLEAR",,false,2026-07-21T18:50:04.000Z,2026-07-21T18:50:04.000Z
"https://leetcode.com/problems/lru-cache/","LRU Cache","DOUBLY-LINKED LIST","MEDIUM",5638073,,"CLEAR",,false,2026-07-21T18:50:04.000Z,2026-07-21T18:50:04.000Z
"https://leetcode.com/problems/max-stack/","Max Stack","DOUBLY-LINKED LIST","HARD",405887,,"CLEAR",,false,2026-07-21T18:50:04.000Z,2026-07-21T18:50:04.000Z
"https://leetcode.com/problems/minimum-pair-removal-to-sort-array-i/","Minimum Pair Removal to Sort Array I","DOUBLY-LINKED LIST","EASY",234555,,"CLEAR",,false,2026-07-21T18:50:04.000Z,2026-07-21T18:50:04.000Z
"https://leetcode.com/problems/minimum-pair-removal-to-sort-array-ii/","Minimum Pair Removal to Sort Array II","DOUBLY-LINKED LIST","HARD",172337,,"CLEAR",,false,2026-07-21T18:50:04.000Z,2026-07-21T18:50:04.000Z
"https://leetcode.com/problems/check-if-there-is-a-valid-parentheses-string-path/"," Check if There Is a Valid Parentheses String Path","DYNAMIC PROGRAMMING","HARD",52103,,"CLEAR",,true,2026-07-21T18:50:04.000Z,2026-08-28T15:52:13.468Z
"https://leetcode.com/problems/01-matrix/","01 Matrix","DYNAMIC PROGRAMMING","MEDIUM",1741345,,"CLEAR",,true,2026-07-21T18:50:04.000Z,2026-08-28T15:52:13.468Z
"https://leetcode.com/problems/2-keys-keyboard/","2 Keys Keyboard","DYNAMIC PROGRAMMING","MEDIUM",508573,,"CLEAR",,true,2026-07-21T18:50:04.000Z,2026-08-28T15:52:13.468Z
"https://leetcode.com/problems/4-keys-keyboard/","4 Keys Keyboard","DYNAMIC PROGRAMMING","MEDIUM",64277,,"CLEAR",,true,2026-07-21T18:50:04.000Z,2026-08-28T15:52:13.468Z
"https://leetcode.com/problems/airplane-seat-assignment-probability/","Airplane Seat Assignment Probability","DYNAMIC PROGRAMMING","MEDIUM",89838,,"CLEAR",,true,2026-07-21T18:50:04.000Z,2026-08-28T15:52:13.468Z
"https://leetcode.com/problems/all-possible-full-binary-trees/","All Possible Full Binary Trees","DYNAMIC PROGRAMMING","MEDIUM",262993,,"CLEAR",,true,2026-07-21T18:50:04.000Z,2026-08-28T15:52:13.468Z
"https://leetcode.com/problems/allocate-mailboxes/","Allocate Mailboxes","DYNAMIC PROGRAMMING","HARD",61833,,"CLEAR",,true,2026-07-21T18:50:04.000Z,2026-08-28T15:52:13.468Z
"https://leetcode.com/problems/apply-operations-to-make-two-strings-equal/","Apply Operations to Make Two Strings Equal","DYNAMIC PROGRAMMING","MEDIUM",56675,,"CLEAR",,true,2026-07-21T18:50:04.000Z,2026-08-28T15:52:13.468Z
"https://leetcode.com/problems/arithmetic-slices/","Arithmetic Slices","DYNAMIC PROGRAMMING","MEDIUM",580209,,"CLEAR",,true,2026-07-21T18:50:04.000Z,2026-08-28T15:52:13.468Z
"https://leetcode.com/problems/arithmetic-slices-ii-subsequence/","Arithmetic Slices II - Subsequence","DYNAMIC PROGRAMMING","HARD",311715,,"CLEAR",,true,2026-07-21T18:50:04.000Z,2026-08-28T15:52:13.468Z
"https://leetcode.com/problems/as-far-from-land-as-possible/","As Far from Land as Possible","DYNAMIC PROGRAMMING","MEDIUM",363474,,"CLEAR",,true,2026-07-21T18:50:04.000Z,2026-08-28T15:52:13.468Z
"https://leetcode.com/problems/best-sightseeing-pair/","Best Sightseeing Pair","DYNAMIC PROGRAMMING","MEDIUM",355729,,"CLEAR",,true,2026-07-21T18:50:04.000Z,2026-08-28T15:52:13.468Z
"https://leetcode.com/problems/best-team-with-no-conflicts/","Best Team With No Conflicts","DYNAMIC PROGRAMMING","MEDIUM",200406,,"CLEAR",,true,2026-07-21T18:50:04.000Z,2026-08-28T15:52:13.468Z
"https://leetcode.com/problems/best-time-to-buy-and-sell-stock/","Best Time to Buy and Sell Stock","DYNAMIC PROGRAMMING","EASY",14571796,,"SUCCESS","class Solution {
public:
    int maxProfit(vector<int>& prices) {
        int n = prices.size();
        if (n < 2) {
            return 0;
        }

        int maxi = prices[n - 1];
        int profit = 0;
        n -= 2;

        while (n >= 0) {
            profit = max(profit, maxi - prices[n]);
            maxi = max(maxi, prices[n]);
            n--;
        }

        return profit;
    }
};",true,2026-07-21T18:50:04.000Z,2026-08-29T16:22:36.050Z
"https://leetcode.com/problems/best-time-to-buy-and-sell-stock-ii/","Best Time to Buy and Sell Stock II","DYNAMIC PROGRAMMING","MEDIUM",4384585,,"CLEAR",,true,2026-07-21T18:50:04.000Z,2026-08-28T15:52:13.468Z
"https://leetcode.com/problems/best-time-to-buy-and-sell-stock-iii/","Best Time to Buy and Sell Stock III","DYNAMIC PROGRAMMING","HARD",1852345,,"CLEAR",,true,2026-07-21T18:50:04.000Z,2026-08-28T15:52:13.468Z
"https://leetcode.com/problems/best-time-to-buy-and-sell-stock-iv/","Best Time to Buy and Sell Stock IV","DYNAMIC PROGRAMMING","HARD",1475310,,"CLEAR",,true,2026-07-21T18:50:04.000Z,2026-08-28T15:52:13.468Z
"https://leetcode.com/problems/best-time-to-buy-and-sell-stock-v/","Best Time to Buy and Sell Stock V","DYNAMIC PROGRAMMING","MEDIUM",137705,,"CLEAR",,true,2026-07-21T18:50:04.000Z,2026-08-28T15:52:13.468Z
"https://leetcode.com/problems/best-time-to-buy-and-sell-stock-with-cooldown/","Best Time to Buy and Sell Stock with Cooldown","DYNAMIC PROGRAMMING","MEDIUM",1281592,,"CLEAR",,true,2026-07-21T18:50:04.000Z,2026-08-28T15:52:13.468Z
"https://leetcode.com/problems/best-time-to-buy-and-sell-stock-with-transaction-fee/","Best Time to Buy and Sell Stock with Transaction Fee","DYNAMIC PROGRAMMING","MEDIUM",833222,,"CLEAR",,true,2026-07-21T18:50:04.000Z,2026-08-28T15:52:13.468Z
"https://leetcode.com/problems/binary-tree-cameras/","Binary Tree Cameras","DYNAMIC PROGRAMMING","HARD",404765,,"CLEAR",,true,2026-07-21T18:50:04.000Z,2026-08-28T15:52:13.468Z
"https://leetcode.com/problems/binary-tree-maximum-path-sum/","Binary Tree Maximum Path Sum","DYNAMIC PROGRAMMING","HARD",4659803,,"CLEAR",,true,2026-07-21T18:50:04.000Z,2026-08-28T15:52:13.468Z
"https://leetcode.com/problems/binary-trees-with-factors/","Binary Trees With Factors","DYNAMIC PROGRAMMING","MEDIUM",303193,,"CLEAR",,true,2026-07-21T18:50:04.000Z,2026-08-28T15:52:13.468Z
"https://leetcode.com/problems/bomb-enemy/","Bomb Enemy","DYNAMIC PROGRAMMING","MEDIUM",164932,,"CLEAR",,true,2026-07-21T18:50:04.000Z,2026-08-28T15:52:13.468Z
"https://leetcode.com/problems/build-array-where-you-can-find-the-maximum-exactly-k-comparisons/","Build Array Where You Can Find The Maximum Exactly K Comparisons","DYNAMIC PROGRAMMING","HARD",113867,,"CLEAR",,true,2026-07-21T18:50:04.000Z,2026-08-28T15:52:13.468Z
"https://leetcode.com/problems/burst-balloons/","Burst Balloons","DYNAMIC PROGRAMMING","HARD",731736,,"CLEAR",,true,2026-07-21T18:50:04.000Z,2026-08-28T15:52:13.468Z
"https://leetcode.com/problems/cat-and-mouse/","Cat and Mouse","DYNAMIC PROGRAMMING","HARD",81469,,"CLEAR",,true,2026-07-21T18:50:04.000Z,2026-08-28T15:52:13.468Z
"https://leetcode.com/problems/cat-and-mouse-ii/","Cat and Mouse II","DYNAMIC PROGRAMMING","HARD",24684,,"CLEAR",,true,2026-07-21T18:50:04.000Z,2026-08-28T15:52:13.468Z
"https://leetcode.com/problems/champagne-tower/","Champagne Tower","DYNAMIC PROGRAMMING","MEDIUM",397427,,"CLEAR",,true,2026-07-21T18:50:04.000Z,2026-08-28T15:52:13.468Z
"https://leetcode.com/problems/cheapest-flights-within-k-stops/","Cheapest Flights Within K Stops","DYNAMIC PROGRAMMING","MEDIUM",2300167,,"CLEAR",,true,2026-07-21T18:50:04.000Z,2026-08-28T15:52:13.468Z
"https://leetcode.com/problems/check-if-an-original-string-exists-given-two-encoded-strings/","Check if an Original String Exists Given Two Encoded Strings","DYNAMIC PROGRAMMING","HARD",46512,,"CLEAR",,true,2026-07-21T18:50:04.000Z,2026-08-28T15:52:13.468Z
"https://leetcode.com/problems/check-if-it-is-possible-to-split-array/","Check if it is Possible to Split Array","DYNAMIC PROGRAMMING","MEDIUM",98686,,"CLEAR",,true,2026-07-21T18:50:04.000Z,2026-08-28T15:52:13.468Z
"https://leetcode.com/problems/check-if-there-is-a-path-with-equal-number-of-0s-and-1s/","Check if There is a Path With Equal Number of 0's And 1's","DYNAMIC PROGRAMMING","MEDIUM",15656,,"CLEAR",,true,2026-07-21T18:50:04.000Z,2026-08-28T15:52:13.468Z
"https://leetcode.com/problems/check-if-there-is-a-valid-partition-for-the-array/","Check if There is a Valid Partition For The Array","DYNAMIC PROGRAMMING","MEDIUM",198348,,"CLEAR",,true,2026-07-21T18:50:04.000Z,2026-08-28T15:52:13.468Z
"https://leetcode.com/problems/cherry-pickup/","Cherry Pickup","DYNAMIC PROGRAMMING","HARD",294800,,"CLEAR",,true,2026-07-21T18:50:04.000Z,2026-08-28T15:52:13.468Z
"https://leetcode.com/problems/cherry-pickup-ii/","Cherry Pickup II","DYNAMIC PROGRAMMING","HARD",342102,,"CLEAR",,true,2026-07-21T18:50:04.000Z,2026-08-28T15:52:13.468Z
"https://leetcode.com/problems/choose-edges-to-maximize-score-in-a-tree/","Choose Edges to Maximize Score in a Tree","DYNAMIC PROGRAMMING","MEDIUM",3899,,"CLEAR",,true,2026-07-21T18:50:04.000Z,2026-08-28T15:52:13.468Z
"https://leetcode.com/problems/choose-numbers-from-two-arrays-in-range/","Choose Numbers From Two Arrays in Range","DYNAMIC PROGRAMMING","HARD",2665,,"CLEAR",,true,2026-07-21T18:50:04.000Z,2026-08-28T15:52:13.468Z
"https://leetcode.com/problems/climbing-stairs/","Climbing Stairs","DYNAMIC PROGRAMMING","EASY",9830726,,"CLEAR",,true,2026-07-21T18:50:04.000Z,2026-08-28T15:52:13.468Z
"https://leetcode.com/problems/climbing-stairs-ii/","Climbing Stairs II","DYNAMIC PROGRAMMING","MEDIUM",53359,,"CLEAR",,true,2026-07-21T18:50:04.000Z,2026-08-28T15:52:13.468Z
"https://leetcode.com/problems/closest-dessert-cost/","Closest Dessert Cost","DYNAMIC PROGRAMMING","MEDIUM",81904,,"CLEAR",,true,2026-07-21T18:50:04.000Z,2026-08-28T15:52:13.468Z
"https://leetcode.com/problems/coin-change/","Coin Change","DYNAMIC PROGRAMMING","MEDIUM",6087585,,"SUCCESS","#define MAX 10001
class Solution {
public:
    int recur(vector<int>& coins, int amount) {
        if (amount == 0) {
            return 0;
        }
        if (amount < 0) {
            return MAX;
        }
        int ans = MAX;
        for (auto coin : coins) {
            ans = min(ans, 1 + recur(coins, amount - coin));
        }
        return ans;
    }
    int use_recur(vector<int>& coins, int amount) {
        int ans = recur(coins, amount);
        return ans == MAX ? -1 : ans;
    }
    int memo(vector<int>& coins, int amount, vector<int>& dp) {
        if (amount == 0) {
            return 0;
        }
        if (amount < 0) {
            return MAX;
        }
        if (dp[amount] < MAX) {
            return dp[amount];
        }
        int ans = MAX;
        for (auto coin : coins) {
            ans = min(ans, 1 + memo(coins, amount - coin, dp));
        }
        return dp[amount] = ans;
    }
    int use_memo(vector<int>& coins, int amount) {
        vector<int> dp(amount + 1, MAX);
        int ans = memo(coins, amount, dp);
        return ans == MAX ? -1 : ans;
    }
    int tab(vector<int>& coins, int amount) {
        vector<int> dp(amount + 1, MAX);
        dp[0] = 0;
        int i = 1;
        while (i <= amount) {
            for (auto coin : coins) {
                if (i >= coin) {
                    dp[i] = min(dp[i], 1 + dp[i - coin]);
                }
            }
            i++;
        }
        return dp[amount] == MAX ? -1 : dp[amount];
    }
    int coinChange(vector<int>& coins, int amount) {
        // return use_recur(coins, amount);
        // return use_memo(coins, amount);
        return tab(coins, amount);
    }
};",true,2026-07-21T18:50:04.000Z,2026-09-04T00:02:44.097Z
"https://leetcode.com/problems/coin-change-ii/","Coin Change II","DYNAMIC PROGRAMMING","MEDIUM",1777138,,"CLEAR",,true,2026-07-21T18:50:04.000Z,2026-08-28T15:52:13.468Z
"https://leetcode.com/problems/coin-path/","Coin Path","DYNAMIC PROGRAMMING","HARD",50752,,"CLEAR",,true,2026-07-21T18:50:04.000Z,2026-08-28T15:52:13.468Z
"https://leetcode.com/problems/combination-sum-iv/","Combination Sum IV","DYNAMIC PROGRAMMING","MEDIUM",1118622,,"CLEAR",,true,2026-07-21T18:50:04.000Z,2026-08-28T15:52:13.468Z
"https://leetcode.com/problems/concatenated-words/","Concatenated Words","DYNAMIC PROGRAMMING","HARD",545117,,"CLEAR",,true,2026-07-21T18:50:04.000Z,2026-08-28T15:52:13.468Z
"https://leetcode.com/problems/constrained-subsequence-sum/","Constrained Subsequence Sum","DYNAMIC PROGRAMMING","HARD",167536,,"CLEAR",,true,2026-07-21T18:50:04.000Z,2026-08-28T15:52:13.468Z
"https://leetcode.com/problems/construct-string-with-minimum-cost/","Construct String with Minimum Cost","DYNAMIC PROGRAMMING","HARD",70585,,"CLEAR",,true,2026-07-21T18:50:04.000Z,2026-08-28T15:52:13.468Z
"https://leetcode.com/problems/construct-the-longest-new-string/","Construct the Longest New String","DYNAMIC PROGRAMMING","MEDIUM",50188,,"CLEAR",,true,2026-07-21T18:50:04.000Z,2026-08-28T15:52:13.468Z
"https://leetcode.com/problems/constructing-two-increasing-arrays/","Constructing Two Increasing Arrays","DYNAMIC PROGRAMMING","HARD",883,,"CLEAR",,true,2026-07-21T18:50:04.000Z,2026-08-28T15:52:13.468Z
"https://leetcode.com/problems/count-all-possible-routes/","Count All Possible Routes","DYNAMIC PROGRAMMING","HARD",104050,,"CLEAR",,true,2026-07-21T18:50:04.000Z,2026-08-28T15:52:13.468Z
"https://leetcode.com/problems/count-all-valid-pickup-and-delivery-options/","Count All Valid Pickup and Delivery Options","DYNAMIC PROGRAMMING","HARD",209208,,"CLEAR",,true,2026-07-21T18:50:04.000Z,2026-08-28T15:52:13.468Z
"https://leetcode.com/problems/count-beautiful-numbers/","Count Beautiful Numbers","DYNAMIC PROGRAMMING","HARD",24358,,"CLEAR",,true,2026-07-21T18:50:04.000Z,2026-08-28T15:52:13.468Z
"https://leetcode.com/problems/count-beautiful-splits-in-an-array/","Count Beautiful Splits in an Array","DYNAMIC PROGRAMMING","MEDIUM",43806,,"CLEAR",,true,2026-07-21T18:50:04.000Z,2026-08-28T15:52:13.468Z
"https://leetcode.com/problems/count-different-palindromic-subsequences/","Count Different Palindromic Subsequences","DYNAMIC PROGRAMMING","HARD",97074,,"CLEAR",,true,2026-07-21T18:50:04.000Z,2026-08-28T15:52:13.468Z
"https://leetcode.com/problems/count-distinct-integers-after-removing-zeros/","Count Distinct Integers After Removing Zeros","DYNAMIC PROGRAMMING","MEDIUM",70569,,"CLEAR",,true,2026-07-21T18:50:04.000Z,2026-08-28T15:52:13.468Z
"https://leetcode.com/problems/count-fancy-numbers-in-a-range/","Count Fancy Numbers in a Range","DYNAMIC PROGRAMMING","HARD",19564,,"CLEAR",,true,2026-07-21T18:50:04.000Z,2026-08-28T15:52:13.468Z
"https://leetcode.com/problems/count-fertile-pyramids-in-a-land/","Count Fertile Pyramids in a Land","DYNAMIC PROGRAMMING","HARD",20465,,"CLEAR",,true,2026-07-21T18:50:04.000Z,2026-08-28T15:52:13.468Z
"https://leetcode.com/problems/count-good-integers-on-a-grid-path/","Count Good Integers on a Grid Path","DYNAMIC PROGRAMMING","HARD",15410,,"CLEAR",,true,2026-07-21T18:50:04.000Z,2026-08-28T15:52:13.468Z
"https://leetcode.com/problems/count-increasing-quadruplets/","Count Increasing Quadruplets","DYNAMIC PROGRAMMING","HARD",36962,,"CLEAR",,true,2026-07-21T18:50:04.000Z,2026-08-28T15:52:13.468Z
"https://leetcode.com/problems/count-k-reducible-numbers-less-than-n/","Count K-Reducible Numbers Less Than N","DYNAMIC PROGRAMMING","HARD",16959,,"CLEAR",,true,2026-07-21T18:50:04.000Z,2026-08-28T15:52:13.468Z
"https://leetcode.com/problems/count-no-zero-pairs-that-sum-to-n/","Count No-Zero Pairs That Sum to N","DYNAMIC PROGRAMMING","HARD",37352,,"CLEAR",,true,2026-07-21T18:50:04.000Z,2026-08-28T15:52:13.468Z
"https://leetcode.com/problems/count-non-adjacent-subsets-in-a-rooted-tree/","Count Non Adjacent Subsets in a Rooted Tree","DYNAMIC PROGRAMMING","HARD",6640,,"CLEAR",,true,2026-07-21T18:50:04.000Z,2026-08-28T15:52:13.468Z
"https://leetcode.com/problems/count-non-decreasing-arrays-with-given-digit-sums/","Count Non Decreasing Arrays With Given Digit Sums","DYNAMIC PROGRAMMING","HARD",16078,,"CLEAR",,true,2026-07-21T18:50:04.000Z,2026-08-28T15:52:13.468Z
"https://leetcode.com/problems/count-number-of-balanced-permutations/","Count Number of Balanced Permutations","DYNAMIC PROGRAMMING","HARD",121572,,"CLEAR",,true,2026-07-21T18:50:04.000Z,2026-08-28T15:52:13.468Z
"https://leetcode.com/problems/count-number-of-possible-root-nodes/","Count Number of Possible Root Nodes","DYNAMIC PROGRAMMING","HARD",19743,,"CLEAR",,true,2026-07-21T18:50:04.000Z,2026-08-28T15:52:13.468Z
"https://leetcode.com/problems/count-number-of-special-subsequences/","Count Number of Special Subsequences","DYNAMIC PROGRAMMING","HARD",30254,,"CLEAR",,true,2026-07-21T18:50:04.000Z,2026-08-28T15:52:13.468Z
"https://leetcode.com/problems/count-number-of-teams/","Count Number of Teams","DYNAMIC PROGRAMMING","MEDIUM",351884,,"CLEAR",,true,2026-07-21T18:50:04.000Z,2026-08-28T15:52:13.468Z
"https://leetcode.com/problems/count-number-of-texts/","Count Number of Texts","DYNAMIC PROGRAMMING","MEDIUM",61065,,"CLEAR",,true,2026-07-21T18:50:04.000Z,2026-08-28T15:52:13.468Z
"https://leetcode.com/problems/count-number-of-ways-to-place-houses/","Count Number of Ways to Place Houses","DYNAMIC PROGRAMMING","MEDIUM",85820,,"CLEAR",,true,2026-07-21T18:50:04.000Z,2026-08-28T15:52:13.468Z
"https://leetcode.com/problems/count-numbers-with-non-decreasing-digits/","Count Numbers with Non-Decreasing Digits ","DYNAMIC PROGRAMMING","HARD",18686,,"CLEAR",,true,2026-07-21T18:50:04.000Z,2026-08-28T15:52:13.468Z
"https://leetcode.com/problems/count-numbers-with-unique-digits/","Count Numbers with Unique Digits","DYNAMIC PROGRAMMING","MEDIUM",346404,,"CLEAR",,true,2026-07-21T18:50:04.000Z,2026-08-28T15:52:13.468Z
"https://leetcode.com/problems/count-numbers-with-unique-digits-ii/","Count Numbers With Unique Digits II","DYNAMIC PROGRAMMING","EASY",10073,,"CLEAR",,true,2026-07-21T18:50:04.000Z,2026-08-28T15:52:13.468Z
"https://leetcode.com/problems/count-of-integers/","Count of Integers","DYNAMIC PROGRAMMING","HARD",56795,,"CLEAR",,true,2026-07-21T18:50:04.000Z,2026-08-28T15:52:13.468Z
"https://leetcode.com/problems/count-of-sub-multisets-with-bounded-sum/","Count of Sub-Multisets With Bounded Sum","DYNAMIC PROGRAMMING","HARD",27779,,"CLEAR",,true,2026-07-21T18:50:04.000Z,2026-08-28T15:52:13.468Z
"https://leetcode.com/problems/count-palindromic-subsequences/","Count Palindromic Subsequences","DYNAMIC PROGRAMMING","HARD",55954,,"CLEAR",,true,2026-07-21T18:50:04.000Z,2026-08-28T15:52:13.468Z
"https://leetcode.com/problems/count-partitions-with-max-min-difference-at-most-k/","Count Partitions With Max-Min Difference at Most K","DYNAMIC PROGRAMMING","MEDIUM",114283,,"CLEAR",,true,2026-07-21T18:50:04.000Z,2026-08-28T15:52:13.468Z
"https://leetcode.com/problems/count-routes-to-climb-a-rectangular-grid/","Count Routes to Climb a Rectangular Grid","DYNAMIC PROGRAMMING","HARD",15907,,"CLEAR",,true,2026-07-21T18:50:04.000Z,2026-08-28T15:52:13.468Z
"https://leetcode.com/problems/count-sequences-to-k/","Count Sequences to K","DYNAMIC PROGRAMMING","HARD",44687,,"CLEAR",,true,2026-07-21T18:50:04.000Z,2026-08-28T15:52:13.468Z
"https://leetcode.com/problems/count-sorted-vowel-strings/","Count Sorted Vowel Strings","DYNAMIC PROGRAMMING","MEDIUM",264048,,"CLEAR",,true,2026-07-21T18:50:04.000Z,2026-08-28T15:52:13.468Z
"https://leetcode.com/problems/count-special-integers/","Count Special Integers","DYNAMIC PROGRAMMING","HARD",43726,,"CLEAR",,true,2026-07-21T18:50:04.000Z,2026-08-28T15:52:13.468Z
"https://leetcode.com/problems/count-square-submatrices-with-all-ones/","Count Square Submatrices with All Ones","DYNAMIC PROGRAMMING","MEDIUM",609835,,"CLEAR",,true,2026-07-21T18:50:04.000Z,2026-08-28T15:52:13.468Z
"https://leetcode.com/problems/count-stepping-numbers-in-range/","Count Stepping Numbers in Range","DYNAMIC PROGRAMMING","HARD",41392,,"CLEAR",,true,2026-07-21T18:50:04.000Z,2026-08-28T15:52:13.468Z
"https://leetcode.com/problems/count-strictly-increasing-subarrays/","Count Strictly Increasing Subarrays","DYNAMIC PROGRAMMING","MEDIUM",11782,,"CLEAR",,true,2026-07-21T18:50:04.000Z,2026-08-28T15:52:13.468Z
"https://leetcode.com/problems/count-submatrices-with-all-ones/","Count Submatrices With All Ones","DYNAMIC PROGRAMMING","MEDIUM",211588,,"CLEAR",,true,2026-07-21T18:50:04.000Z,2026-08-28T15:52:13.468Z
"https://leetcode.com/problems/count-substrings-divisible-by-last-digit/","Count Substrings Divisible By Last Digit","DYNAMIC PROGRAMMING","HARD",27048,,"CLEAR",,true,2026-07-21T18:50:04.000Z,2026-08-28T15:52:13.468Z
"https://leetcode.com/problems/count-substrings-that-differ-by-one-character/","Count Substrings That Differ by One Character","DYNAMIC PROGRAMMING","MEDIUM",53496,,"CLEAR",,true,2026-07-21T18:50:04.000Z,2026-08-28T15:52:13.468Z
"https://leetcode.com/problems/count-the-number-of-ideal-arrays/","Count the Number of Ideal Arrays","DYNAMIC PROGRAMMING","HARD",124489,,"CLEAR",,true,2026-07-21T18:50:04.000Z,2026-08-28T15:52:13.468Z
"https://leetcode.com/problems/count-the-number-of-inversions/","Count the Number of Inversions","DYNAMIC PROGRAMMING","HARD",36130,,"CLEAR",,true,2026-07-21T18:50:04.000Z,2026-08-28T15:52:13.468Z
"https://leetcode.com/problems/count-the-number-of-k-free-subsets/","Count the Number of K-Free Subsets","DYNAMIC PROGRAMMING","MEDIUM",11393,,"CLEAR",,true,2026-07-21T18:50:04.000Z,2026-08-28T15:52:13.468Z
"https://leetcode.com/problems/count-the-number-of-powerful-integers/","Count the Number of Powerful Integers","DYNAMIC PROGRAMMING","HARD",169824,,"CLEAR",,true,2026-07-21T18:50:04.000Z,2026-08-28T15:52:13.468Z
"https://leetcode.com/problems/count-the-number-of-winning-sequences/","Count The Number of Winning Sequences","DYNAMIC PROGRAMMING","HARD",33968,,"CLEAR",,true,2026-07-21T18:50:04.000Z,2026-08-28T15:52:13.468Z
"https://leetcode.com/problems/count-the-repetitions/","Count The Repetitions","DYNAMIC PROGRAMMING","HARD",87840,,"CLEAR",,true,2026-07-21T18:50:04.000Z,2026-08-28T15:52:13.468Z
"https://leetcode.com/problems/count-unique-characters-of-all-substrings-of-a-given-string/","Count Unique Characters of All Substrings of a Given String","DYNAMIC PROGRAMMING","HARD",158993,,"CLEAR",,true,2026-07-21T18:50:04.000Z,2026-08-28T15:52:13.468Z
"https://leetcode.com/problems/count-valid-paths-in-a-tree/","Count Valid Paths in a Tree","DYNAMIC PROGRAMMING","HARD",27879,,"CLEAR",,true,2026-07-21T18:50:04.000Z,2026-08-28T15:52:13.468Z
"https://leetcode.com/problems/count-visited-nodes-in-a-directed-graph/","Count Visited Nodes in a Directed Graph","DYNAMIC PROGRAMMING","HARD",47919,,"CLEAR",,true,2026-07-21T18:50:04.000Z,2026-08-28T15:52:13.468Z
"https://leetcode.com/problems/count-vowels-permutation/","Count Vowels Permutation","DYNAMIC PROGRAMMING","HARD",302219,,"CLEAR",,true,2026-07-21T18:50:04.000Z,2026-08-28T15:52:13.468Z
"https://leetcode.com/problems/count-ways-to-build-good-strings/","Count Ways To Build Good Strings","DYNAMIC PROGRAMMING","MEDIUM",311948,,"CLEAR",,true,2026-07-21T18:50:04.000Z,2026-08-28T15:52:13.468Z
"https://leetcode.com/problems/count-ways-to-build-rooms-in-an-ant-colony/","Count Ways to Build Rooms in an Ant Colony","DYNAMIC PROGRAMMING","HARD",22728,,"CLEAR",,true,2026-07-21T18:50:04.000Z,2026-08-28T15:52:13.468Z
"https://leetcode.com/problems/count-ways-to-choose-coprime-integers-from-rows/","Count Ways to Choose Coprime Integers from Rows","DYNAMIC PROGRAMMING","HARD",20660,,"CLEAR",,true,2026-07-21T18:50:04.000Z,2026-08-28T15:52:13.468Z
"https://leetcode.com/problems/count-ways-to-distribute-candies/","Count Ways to Distribute Candies","DYNAMIC PROGRAMMING","HARD",4979,,"CLEAR",,true,2026-07-21T18:50:04.000Z,2026-08-28T15:52:13.468Z
"https://leetcode.com/problems/count-ways-to-make-array-with-product/","Count Ways to Make Array With Product","DYNAMIC PROGRAMMING","HARD",18227,,"CLEAR",,true,2026-07-21T18:50:04.000Z,2026-08-28T15:52:13.468Z
"https://leetcode.com/problems/decode-ways/","Decode Ways","DYNAMIC PROGRAMMING","MEDIUM",4453832,,"CLEAR",,true,2026-07-21T18:50:04.000Z,2026-08-28T15:52:13.468Z
"https://leetcode.com/problems/decode-ways-ii/","Decode Ways II","DYNAMIC PROGRAMMING","HARD",284261,,"CLEAR",,true,2026-07-21T18:50:04.000Z,2026-08-28T15:52:13.468Z
"https://leetcode.com/problems/decremental-string-concatenation/","Decremental String Concatenation","DYNAMIC PROGRAMMING","MEDIUM",41031,,"CLEAR",,true,2026-07-21T18:50:04.000Z,2026-08-28T15:52:13.468Z
"https://leetcode.com/problems/delete-and-earn/","Delete and Earn","DYNAMIC PROGRAMMING","MEDIUM",804319,,"CLEAR",,true,2026-07-21T18:50:04.000Z,2026-08-28T15:52:13.468Z
"https://leetcode.com/problems/delete-columns-to-make-sorted-iii/","Delete Columns to Make Sorted III","DYNAMIC PROGRAMMING","HARD",103541,,"CLEAR",,true,2026-07-21T18:50:04.000Z,2026-08-28T15:52:13.468Z
"https://leetcode.com/problems/delete-operation-for-two-strings/","Delete Operation for Two Strings","DYNAMIC PROGRAMMING","MEDIUM",626039,,"CLEAR",,true,2026-07-21T18:50:04.000Z,2026-08-28T15:52:13.468Z
"https://leetcode.com/problems/delivering-boxes-from-storage-to-ports/","Delivering Boxes from Storage to Ports","DYNAMIC PROGRAMMING","HARD",23962,,"CLEAR",,true,2026-07-21T18:50:04.000Z,2026-08-28T15:52:13.468Z
"https://leetcode.com/problems/dice-roll-simulation/","Dice Roll Simulation","DYNAMIC PROGRAMMING","HARD",76241,,"CLEAR",,true,2026-07-21T18:50:04.000Z,2026-08-28T15:52:13.468Z
"https://leetcode.com/problems/difference-between-maximum-and-minimum-price-sum/","Difference Between Maximum and Minimum Price Sum","DYNAMIC PROGRAMMING","HARD",34409,,"CLEAR",,true,2026-07-21T18:50:04.000Z,2026-08-28T15:52:13.468Z
"https://leetcode.com/problems/different-ways-to-add-parentheses/","Different Ways to Add Parentheses","DYNAMIC PROGRAMMING","MEDIUM",527132,,"CLEAR",,true,2026-07-21T18:50:04.000Z,2026-08-28T15:52:13.468Z
"https://leetcode.com/problems/digit-count-in-range/","Digit Count in Range","DYNAMIC PROGRAMMING","HARD",10302,,"CLEAR",,true,2026-07-21T18:50:04.000Z,2026-08-28T15:52:13.468Z
"https://leetcode.com/problems/disconnect-path-in-a-binary-matrix-by-at-most-one-flip/","Disconnect Path in a Binary Matrix by at Most One Flip","DYNAMIC PROGRAMMING","MEDIUM",69777,,"CLEAR",,true,2026-07-21T18:50:04.000Z,2026-08-28T15:52:13.468Z
"https://leetcode.com/problems/distinct-subsequences/","Distinct Subsequences","DYNAMIC PROGRAMMING","HARD",1400568,,"CLEAR",,true,2026-07-21T18:50:04.000Z,2026-08-28T15:52:13.468Z
"https://leetcode.com/problems/distinct-subsequences-ii/","Distinct Subsequences II","DYNAMIC PROGRAMMING","HARD",121019,,"CLEAR",,true,2026-07-21T18:50:04.000Z,2026-08-28T15:52:13.468Z
"https://leetcode.com/problems/divisor-game/","Divisor Game","DYNAMIC PROGRAMMING","EASY",552392,,"CLEAR",,true,2026-07-21T18:50:04.000Z,2026-08-28T15:52:13.468Z
"https://leetcode.com/problems/domino-and-tromino-tiling/","Domino and Tromino Tiling","DYNAMIC PROGRAMMING","MEDIUM",561743,,"CLEAR",,true,2026-07-21T18:50:04.000Z,2026-08-28T15:52:13.468Z
"https://leetcode.com/problems/dungeon-game/","Dungeon Game","DYNAMIC PROGRAMMING","HARD",747893,,"CLEAR",,true,2026-07-21T18:50:04.000Z,2026-08-28T15:52:13.468Z
"https://leetcode.com/problems/edit-distance/","Edit Distance","DYNAMIC PROGRAMMING","MEDIUM",2509963,,"CLEAR",,true,2026-07-21T18:50:04.000Z,2026-08-28T15:52:13.468Z
"https://leetcode.com/problems/egg-drop-with-2-eggs-and-n-floors/","Egg Drop With 2 Eggs and N Floors","DYNAMIC PROGRAMMING","MEDIUM",89660,,"CLEAR",,true,2026-07-21T18:50:04.000Z,2026-08-28T15:52:13.468Z
"https://leetcode.com/problems/encode-string-with-shortest-length/","Encode String with Shortest Length","DYNAMIC PROGRAMMING","HARD",63692,,"CLEAR",,true,2026-07-21T18:50:04.000Z,2026-08-28T15:52:13.468Z
"https://leetcode.com/problems/equalize-strings-by-adding-or-removing-characters-at-ends/","Equalize Strings by Adding or Removing Characters at Ends","DYNAMIC PROGRAMMING","MEDIUM",2706,,"CLEAR",,true,2026-07-21T18:50:04.000Z,2026-08-28T15:52:13.468Z
"https://leetcode.com/problems/extra-characters-in-a-string/","Extra Characters in a String","DYNAMIC PROGRAMMING","MEDIUM",352374,,"CLEAR",,true,2026-07-21T18:50:04.000Z,2026-08-28T15:52:13.468Z
"https://leetcode.com/problems/fibonacci-number/","Fibonacci Number","DYNAMIC PROGRAMMING","EASY",4315273,,"CLEAR",,true,2026-07-21T18:50:04.000Z,2026-08-28T15:52:13.468Z
"https://leetcode.com/problems/filling-bookcase-shelves/","Filling Bookcase Shelves","DYNAMIC PROGRAMMING","MEDIUM",234792,,"CLEAR",,true,2026-07-21T18:50:04.000Z,2026-08-28T15:52:13.468Z
"https://leetcode.com/problems/find-all-good-indices/","Find All Good Indices","DYNAMIC PROGRAMMING","MEDIUM",81339,,"CLEAR",,true,2026-07-21T18:50:04.000Z,2026-08-28T15:52:13.468Z
"https://leetcode.com/problems/find-all-good-strings/","Find All Good Strings","DYNAMIC PROGRAMMING","HARD",21866,,"CLEAR",,true,2026-07-21T18:50:04.000Z,2026-08-28T15:52:13.468Z
"https://leetcode.com/problems/find-all-possible-stable-binary-arrays-i/","Find All Possible Stable Binary Arrays I","DYNAMIC PROGRAMMING","MEDIUM",160463,,"CLEAR",,true,2026-07-21T18:50:04.000Z,2026-08-28T15:52:13.468Z
"https://leetcode.com/problems/find-all-possible-stable-binary-arrays-ii/","Find All Possible Stable Binary Arrays II","DYNAMIC PROGRAMMING","HARD",115428,,"CLEAR",,true,2026-07-21T18:50:04.000Z,2026-08-28T15:52:13.468Z
"https://leetcode.com/problems/find-good-days-to-rob-the-bank/","Find Good Days to Rob the Bank","DYNAMIC PROGRAMMING","MEDIUM",89452,,"CLEAR",,true,2026-07-21T18:50:04.000Z,2026-08-28T15:52:13.468Z
"https://leetcode.com/problems/find-maximum-non-decreasing-array-length/","Find Maximum Non-decreasing Array Length","DYNAMIC PROGRAMMING","HARD",36569,,"CLEAR",,true,2026-07-21T18:50:04.000Z,2026-08-28T15:52:13.468Z
"https://leetcode.com/problems/find-maximum-number-of-non-intersecting-substrings/","Find Maximum Number of Non Intersecting Substrings","DYNAMIC PROGRAMMING","MEDIUM",54471,,"CLEAR",,true,2026-07-21T18:50:04.000Z,2026-08-28T15:52:13.468Z
"https://leetcode.com/problems/find-maximum-removals-from-source-string/","Find Maximum Removals From Source String","DYNAMIC PROGRAMMING","MEDIUM",31545,,"CLEAR",,true,2026-07-21T18:50:04.000Z,2026-08-28T15:52:13.468Z
"https://leetcode.com/problems/find-minimum-cost-to-remove-array-elements/","Find Minimum Cost to Remove Array Elements","DYNAMIC PROGRAMMING","MEDIUM",60637,,"CLEAR",,true,2026-07-21T18:50:04.000Z,2026-08-28T15:52:13.468Z
"https://leetcode.com/problems/find-number-of-coins-to-place-in-tree-nodes/","Find Number of Coins to Place in Tree Nodes","DYNAMIC PROGRAMMING","HARD",30796,,"CLEAR",,true,2026-07-21T18:50:04.000Z,2026-08-28T15:52:13.468Z
"https://leetcode.com/problems/find-the-city-with-the-smallest-number-of-neighbors-at-a-threshold-distance/","Find the City With the Smallest Number of Neighbors at a Threshold Distance","DYNAMIC PROGRAMMING","MEDIUM",474755,,"CLEAR",,true,2026-07-21T18:50:04.000Z,2026-08-28T15:52:13.468Z
"https://leetcode.com/problems/find-the-count-of-monotonic-pairs-i/","Find the Count of Monotonic Pairs I","DYNAMIC PROGRAMMING","HARD",44370,,"CLEAR",,true,2026-07-21T18:50:04.000Z,2026-08-28T15:52:13.468Z
"https://leetcode.com/problems/find-the-count-of-monotonic-pairs-ii/","Find the Count of Monotonic Pairs II","DYNAMIC PROGRAMMING","HARD",33771,,"CLEAR",,true,2026-07-21T18:50:04.000Z,2026-08-28T15:52:13.468Z
"https://leetcode.com/problems/find-the-derangement-of-an-array/","Find the Derangement of An Array","DYNAMIC PROGRAMMING","MEDIUM",30562,,"CLEAR",,true,2026-07-21T18:50:04.000Z,2026-08-28T15:52:13.468Z
"https://leetcode.com/problems/find-the-largest-palindrome-divisible-by-k/","Find the Largest Palindrome Divisible by K","DYNAMIC PROGRAMMING","HARD",55728,,"CLEAR",,true,2026-07-21T18:50:04.000Z,2026-08-28T15:52:13.468Z
"https://leetcode.com/problems/find-the-lexicographically-smallest-valid-sequence/","Find the Lexicographically Smallest Valid Sequence","DYNAMIC PROGRAMMING","MEDIUM",35628,,"CLEAR",,true,2026-07-21T18:50:04.000Z,2026-08-28T15:52:13.468Z
"https://leetcode.com/problems/find-the-maximum-length-of-a-good-subsequence-i/","Find the Maximum Length of a Good Subsequence I","DYNAMIC PROGRAMMING","MEDIUM",73455,,"CLEAR",,true,2026-07-21T18:50:04.000Z,2026-08-28T15:52:13.468Z
"https://leetcode.com/problems/find-the-maximum-length-of-a-good-subsequence-ii/","Find the Maximum Length of a Good Subsequence II","DYNAMIC PROGRAMMING","HARD",39444,,"CLEAR",,true,2026-07-21T18:50:04.000Z,2026-08-28T15:52:13.468Z
"https://leetcode.com/problems/find-the-maximum-length-of-valid-subsequence-i/","Find the Maximum Length of Valid Subsequence I","DYNAMIC PROGRAMMING","MEDIUM",260872,,"CLEAR",,true,2026-07-21T18:50:04.000Z,2026-08-28T15:52:13.468Z
"https://leetcode.com/problems/find-the-maximum-length-of-valid-subsequence-ii/","Find the Maximum Length of Valid Subsequence II","DYNAMIC PROGRAMMING","MEDIUM",179705,,"CLEAR",,true,2026-07-21T18:50:04.000Z,2026-08-28T15:52:13.468Z
"https://leetcode.com/problems/find-the-maximum-number-of-fruits-collected/","Find the Maximum Number of Fruits Collected","DYNAMIC PROGRAMMING","HARD",110740,,"CLEAR",,true,2026-07-21T18:50:04.000Z,2026-08-28T15:52:13.468Z
"https://leetcode.com/problems/find-the-number-of-k-even-arrays/","Find the Number of K-Even Arrays","DYNAMIC PROGRAMMING","MEDIUM",1085,,"CLEAR",,true,2026-07-21T18:50:04.000Z,2026-08-28T15:52:13.468Z
"https://leetcode.com/problems/find-the-number-of-possible-ways-for-an-event/","Find the Number of Possible Ways for an Event","DYNAMIC PROGRAMMING","HARD",15546,,"CLEAR",,true,2026-07-21T18:50:04.000Z,2026-08-28T15:52:13.468Z
"https://leetcode.com/problems/find-the-number-of-subsequences-with-equal-gcd/","Find the Number of Subsequences With Equal GCD","DYNAMIC PROGRAMMING","HARD",118259,,"CLEAR",,true,2026-07-21T18:50:04.000Z,2026-08-28T15:52:13.468Z
"https://leetcode.com/problems/find-the-original-typed-string-ii/","Find the Original Typed String II","DYNAMIC PROGRAMMING","HARD",154873,,"CLEAR",,true,2026-07-21T18:50:04.000Z,2026-08-28T15:52:13.468Z
"https://leetcode.com/problems/find-the-string-with-lcp/","Find the String with LCP","DYNAMIC PROGRAMMING","HARD",101899,,"CLEAR",,true,2026-07-21T18:50:04.000Z,2026-08-28T15:52:13.468Z
"https://leetcode.com/problems/find-the-substring-with-maximum-cost/","Find the Substring With Maximum Cost","DYNAMIC PROGRAMMING","MEDIUM",57189,,"CLEAR",,true,2026-07-21T18:50:04.000Z,2026-08-28T15:52:13.468Z
"https://leetcode.com/problems/find-the-sum-of-subsequence-powers/","Find the Sum of Subsequence Powers","DYNAMIC PROGRAMMING","HARD",29004,,"CLEAR",,true,2026-07-21T18:50:04.000Z,2026-08-28T15:52:13.468Z
"https://leetcode.com/problems/find-the-sum-of-the-power-of-all-subsequences/","Find the Sum of the Power of All Subsequences","DYNAMIC PROGRAMMING","HARD",26933,,"CLEAR",,true,2026-07-21T18:50:04.000Z,2026-08-28T15:52:13.468Z
"https://leetcode.com/problems/find-two-non-overlapping-sub-arrays-each-with-target-sum/","Find Two Non-overlapping Sub-arrays Each With Target Sum","DYNAMIC PROGRAMMING","MEDIUM",152359,,"CLEAR",,true,2026-07-21T18:50:04.000Z,2026-08-28T15:52:13.468Z
"https://leetcode.com/problems/find-x-value-of-array-i/","Find X Value of Array I","DYNAMIC PROGRAMMING","MEDIUM",31003,,"CLEAR",,true,2026-07-21T18:50:04.000Z,2026-08-28T15:52:13.468Z
"https://leetcode.com/problems/first-day-where-you-have-been-in-all-the-rooms/","First Day Where You Have Been in All the Rooms","DYNAMIC PROGRAMMING","MEDIUM",40098,,"CLEAR",,true,2026-07-21T18:50:04.000Z,2026-08-28T15:52:13.468Z
"https://leetcode.com/problems/flip-game-ii/","Flip Game II","DYNAMIC PROGRAMMING","MEDIUM",145784,,"CLEAR",,true,2026-07-21T18:50:04.000Z,2026-08-28T15:52:13.468Z
"https://leetcode.com/problems/flip-string-to-monotone-increasing/","Flip String to Monotone Increasing","DYNAMIC PROGRAMMING","MEDIUM",354981,,"CLEAR",,true,2026-07-21T18:50:04.000Z,2026-08-28T15:52:13.468Z
"https://leetcode.com/problems/form-largest-integer-with-digits-that-add-up-to-target/","Form Largest Integer With Digits That Add up to Target","DYNAMIC PROGRAMMING","HARD",48349,,"CLEAR",,true,2026-07-21T18:50:04.000Z,2026-08-28T15:52:13.468Z
"https://leetcode.com/problems/freedom-trail/","Freedom Trail","DYNAMIC PROGRAMMING","HARD",213240,,"CLEAR",,true,2026-07-21T18:50:04.000Z,2026-08-28T15:52:13.468Z
"https://leetcode.com/problems/frog-jump/","Frog Jump","DYNAMIC PROGRAMMING","HARD",737135,,"CLEAR",,true,2026-07-21T18:50:04.000Z,2026-08-28T15:52:13.468Z
"https://leetcode.com/problems/generate-parentheses/","Generate Parentheses","DYNAMIC PROGRAMMING","MEDIUM",3807549,,"CLEAR",,true,2026-07-21T18:50:04.000Z,2026-08-28T15:52:13.468Z
"https://leetcode.com/problems/get-the-maximum-score/","Get the Maximum Score","DYNAMIC PROGRAMMING","HARD",91424,,"CLEAR",,true,2026-07-21T18:50:04.000Z,2026-08-28T15:52:13.468Z
"https://leetcode.com/problems/greatest-sum-divisible-by-three/","Greatest Sum Divisible by Three","DYNAMIC PROGRAMMING","MEDIUM",294217,,"CLEAR",,true,2026-07-21T18:50:04.000Z,2026-08-28T15:52:13.468Z
"https://leetcode.com/problems/guess-number-higher-or-lower-ii/","Guess Number Higher or Lower II","DYNAMIC PROGRAMMING","MEDIUM",310024,,"CLEAR",,true,2026-07-21T18:50:04.000Z,2026-08-28T15:52:13.468Z
"https://leetcode.com/problems/handshakes-that-dont-cross/","Handshakes That Don't Cross","DYNAMIC PROGRAMMING","HARD",25309,,"CLEAR",,true,2026-07-21T18:50:04.000Z,2026-08-28T15:52:13.468Z
"https://leetcode.com/problems/house-robber/","House Robber","DYNAMIC PROGRAMMING","MEDIUM",6954936,,"CLEAR",,true,2026-07-21T18:50:04.000Z,2026-08-28T15:52:13.468Z
"https://leetcode.com/problems/house-robber-ii/","House Robber II","DYNAMIC PROGRAMMING","MEDIUM",2919622,,"CLEAR",,true,2026-07-21T18:50:04.000Z,2026-08-28T15:52:13.468Z
"https://leetcode.com/problems/house-robber-iii/","House Robber III","DYNAMIC PROGRAMMING","MEDIUM",935365,,"CLEAR",,true,2026-07-21T18:50:04.000Z,2026-08-28T15:52:13.468Z
"https://leetcode.com/problems/house-robber-iv/","House Robber IV","DYNAMIC PROGRAMMING","MEDIUM",221066,,"CLEAR",,true,2026-07-21T18:50:04.000Z,2026-08-28T15:52:13.468Z
"https://leetcode.com/problems/house-robber-v/","House Robber V","DYNAMIC PROGRAMMING","MEDIUM",61356,,"CLEAR",,true,2026-07-21T18:50:04.000Z,2026-08-28T15:52:13.468Z
"https://leetcode.com/problems/integer-break/","Integer Break","DYNAMIC PROGRAMMING","MEDIUM",728269,,"CLEAR",,true,2026-07-21T18:50:04.000Z,2026-08-28T15:52:13.468Z
"https://leetcode.com/problems/interleaving-string/","Interleaving String","DYNAMIC PROGRAMMING","MEDIUM",1836626,,"CLEAR",,true,2026-07-21T18:50:04.000Z,2026-08-28T15:52:13.468Z
"https://leetcode.com/problems/inverse-coin-change/","Inverse Coin Change","DYNAMIC PROGRAMMING","MEDIUM",44267,,"CLEAR",,true,2026-07-21T18:50:04.000Z,2026-08-28T15:52:13.468Z
"https://leetcode.com/problems/is-subsequence/","Is Subsequence","DYNAMIC PROGRAMMING","EASY",5227375,,"CLEAR",,true,2026-07-21T18:50:04.000Z,2026-08-28T15:52:13.468Z
"https://leetcode.com/problems/jump-game/","Jump Game","DYNAMIC PROGRAMMING","MEDIUM",8075715,,"CLEAR",,true,2026-07-21T18:50:04.000Z,2026-08-28T15:52:13.468Z
"https://leetcode.com/problems/jump-game-ii/","Jump Game II","DYNAMIC PROGRAMMING","MEDIUM",5187081,,"CLEAR",,true,2026-07-21T18:50:04.000Z,2026-08-28T15:52:13.468Z
"https://leetcode.com/problems/jump-game-ix/","Jump Game IX","DYNAMIC PROGRAMMING","MEDIUM",184501,,"CLEAR",,true,2026-07-21T18:50:04.000Z,2026-08-28T15:52:13.468Z
"https://leetcode.com/problems/jump-game-v/","Jump Game V","DYNAMIC PROGRAMMING","HARD",151965,,"CLEAR",,true,2026-07-21T18:50:04.000Z,2026-08-28T15:52:13.468Z
"https://leetcode.com/problems/jump-game-vi/","Jump Game VI","DYNAMIC PROGRAMMING","MEDIUM",287421,,"CLEAR",,true,2026-07-21T18:50:04.000Z,2026-08-28T15:52:13.468Z
"https://leetcode.com/problems/jump-game-vii/","Jump Game VII","DYNAMIC PROGRAMMING","MEDIUM",418052,,"CLEAR",,true,2026-07-21T18:50:04.000Z,2026-08-28T15:52:13.468Z
"https://leetcode.com/problems/jump-game-viii/","Jump Game VIII","DYNAMIC PROGRAMMING","MEDIUM",17855,,"CLEAR",,true,2026-07-21T18:50:04.000Z,2026-08-28T15:52:13.468Z
"https://leetcode.com/problems/k-inverse-pairs-array/","K Inverse Pairs Array","DYNAMIC PROGRAMMING","HARD",290341,,"CLEAR",,true,2026-07-21T18:50:04.000Z,2026-08-28T15:52:13.468Z
"https://leetcode.com/problems/k-concatenation-maximum-sum/","K-Concatenation Maximum Sum","DYNAMIC PROGRAMMING","MEDIUM",181906,,"CLEAR",,true,2026-07-21T18:50:04.000Z,2026-08-28T15:52:13.468Z
"https://leetcode.com/problems/knight-dialer/","Knight Dialer","DYNAMIC PROGRAMMING","MEDIUM",328623,,"CLEAR",,true,2026-07-21T18:50:04.000Z,2026-08-28T15:52:13.468Z
"https://leetcode.com/problems/knight-probability-in-chessboard/","Knight Probability in Chessboard","DYNAMIC PROGRAMMING","MEDIUM",329808,,"CLEAR",,true,2026-07-21T18:50:04.000Z,2026-08-28T15:52:13.468Z
"https://leetcode.com/problems/kth-smallest-instructions/","Kth Smallest Instructions","DYNAMIC PROGRAMMING","HARD",40799,,"CLEAR",,true,2026-07-21T18:50:04.000Z,2026-08-28T15:52:13.468Z
"https://leetcode.com/problems/largest-1-bordered-square/","Largest 1-Bordered Square","DYNAMIC PROGRAMMING","MEDIUM",65308,,"CLEAR",,true,2026-07-21T18:50:04.000Z,2026-08-28T15:52:13.468Z
"https://leetcode.com/problems/largest-bst-subtree/","Largest BST Subtree","DYNAMIC PROGRAMMING","MEDIUM",282455,,"CLEAR",,true,2026-07-21T18:50:04.000Z,2026-08-28T15:52:13.468Z
"https://leetcode.com/problems/largest-color-value-in-a-directed-graph/","Largest Color Value in a Directed Graph","DYNAMIC PROGRAMMING","HARD",267315,,"CLEAR",,true,2026-07-21T18:50:04.000Z,2026-08-28T15:52:13.468Z
"https://leetcode.com/problems/largest-divisible-subset/","Largest Divisible Subset","DYNAMIC PROGRAMMING","MEDIUM",1046269,,"CLEAR",,true,2026-07-21T18:50:04.000Z,2026-08-28T15:52:13.468Z
"https://leetcode.com/problems/largest-multiple-of-three/","Largest Multiple of Three","DYNAMIC PROGRAMMING","HARD",81216,,"CLEAR",,true,2026-07-21T18:50:04.000Z,2026-08-28T15:52:13.468Z
"https://leetcode.com/problems/largest-plus-sign/","Largest Plus Sign","DYNAMIC PROGRAMMING","MEDIUM",144284,,"CLEAR",,true,2026-07-21T18:50:04.000Z,2026-08-28T15:52:13.468Z
"https://leetcode.com/problems/largest-sum-of-averages/","Largest Sum of Averages","DYNAMIC PROGRAMMING","MEDIUM",125309,,"CLEAR",,true,2026-07-21T18:50:04.000Z,2026-08-28T15:52:13.468Z
"https://leetcode.com/problems/last-stone-weight-ii/","Last Stone Weight II","DYNAMIC PROGRAMMING","MEDIUM",237754,,"CLEAR",,true,2026-07-21T18:50:04.000Z,2026-08-28T15:52:13.468Z
"https://leetcode.com/problems/least-operators-to-express-number/","Least Operators to Express Number","DYNAMIC PROGRAMMING","HARD",27048,,"CLEAR",,true,2026-07-21T18:50:04.000Z,2026-08-28T15:52:13.468Z
"https://leetcode.com/problems/length-of-longest-fibonacci-subsequence/","Length of Longest Fibonacci Subsequence","DYNAMIC PROGRAMMING","MEDIUM",338009,,"CLEAR",,true,2026-07-21T18:50:04.000Z,2026-08-28T15:52:13.468Z
"https://leetcode.com/problems/length-of-longest-v-shaped-diagonal-segment/","Length of Longest V-Shaped Diagonal Segment","DYNAMIC PROGRAMMING","HARD",132255,,"CLEAR",,true,2026-07-21T18:50:04.000Z,2026-08-28T15:52:13.468Z
"https://leetcode.com/problems/length-of-the-longest-subsequence-that-sums-to-target/","Length of the Longest Subsequence That Sums to Target","DYNAMIC PROGRAMMING","MEDIUM",99705,,"CLEAR",,true,2026-07-21T18:50:04.000Z,2026-08-28T15:52:13.468Z
"https://leetcode.com/problems/lexicographically-smallest-string-after-adjacent-removals/","Lexicographically Smallest String After Adjacent Removals","DYNAMIC PROGRAMMING","HARD",23766,,"CLEAR",,true,2026-07-21T18:50:04.000Z,2026-08-28T15:52:13.468Z
"https://leetcode.com/problems/longest-almost-palindromic-substring/","Longest Almost-Palindromic Substring","DYNAMIC PROGRAMMING","MEDIUM",67578,,"CLEAR",,true,2026-07-21T18:50:04.000Z,2026-08-28T15:52:13.468Z
"https://leetcode.com/problems/longest-alternating-subarray-after-removing-at-most-one-element/","Longest Alternating Subarray After Removing At Most One Element","DYNAMIC PROGRAMMING","HARD",26864,,"CLEAR",,true,2026-07-21T18:50:04.000Z,2026-08-28T15:52:13.468Z
"https://leetcode.com/problems/longest-arithmetic-subsequence/","Longest Arithmetic Subsequence","DYNAMIC PROGRAMMING","MEDIUM",432394,,"CLEAR",,true,2026-07-21T18:50:04.000Z,2026-08-28T15:52:13.468Z
"https://leetcode.com/problems/longest-arithmetic-subsequence-of-given-difference/","Longest Arithmetic Subsequence of Given Difference","DYNAMIC PROGRAMMING","MEDIUM",322569,,"CLEAR",,true,2026-07-21T18:50:04.000Z,2026-08-28T15:52:13.468Z
"https://leetcode.com/problems/longest-binary-subsequence-less-than-or-equal-to-k/","Longest Binary Subsequence Less Than or Equal to K","DYNAMIC PROGRAMMING","MEDIUM",212622,,"CLEAR",,true,2026-07-21T18:50:04.000Z,2026-08-28T15:52:13.468Z
"https://leetcode.com/problems/longest-chunked-palindrome-decomposition/","Longest Chunked Palindrome Decomposition","DYNAMIC PROGRAMMING","HARD",54862,,"CLEAR",,true,2026-07-21T18:50:04.000Z,2026-08-28T15:52:13.468Z
"https://leetcode.com/problems/longest-common-subsequence/","Longest Common Subsequence","DYNAMIC PROGRAMMING","MEDIUM",3222907,,"CLEAR",,true,2026-07-21T18:50:04.000Z,2026-08-28T15:52:13.468Z
"https://leetcode.com/problems/longest-ideal-subsequence/","Longest Ideal Subsequence","DYNAMIC PROGRAMMING","MEDIUM",269871,,"CLEAR",,true,2026-07-21T18:50:04.000Z,2026-08-28T15:52:13.468Z
"https://leetcode.com/problems/longest-increasing-path-in-a-matrix/","Longest Increasing Path in a Matrix","DYNAMIC PROGRAMMING","HARD",1293465,,"CLEAR",,true,2026-07-21T18:50:04.000Z,2026-08-28T15:52:13.468Z
"https://leetcode.com/problems/longest-increasing-subsequence/","Longest Increasing Subsequence","DYNAMIC PROGRAMMING","MEDIUM",4555375,,"CLEAR",,true,2026-07-21T18:50:04.000Z,2026-08-28T15:52:13.468Z
"https://leetcode.com/problems/longest-increasing-subsequence-ii/","Longest Increasing Subsequence II","DYNAMIC PROGRAMMING","HARD",96704,,"CLEAR",,true,2026-07-21T18:50:04.000Z,2026-08-28T15:52:13.468Z
"https://leetcode.com/problems/longest-line-of-consecutive-one-in-matrix/","Longest Line of Consecutive One in Matrix","DYNAMIC PROGRAMMING","MEDIUM",161167,,"CLEAR",,true,2026-07-21T18:50:04.000Z,2026-08-28T15:52:13.468Z
"https://leetcode.com/problems/longest-mountain-in-array/","Longest Mountain in Array","DYNAMIC PROGRAMMING","MEDIUM",495249,,"CLEAR",,true,2026-07-21T18:50:04.000Z,2026-08-28T15:52:13.468Z
"https://leetcode.com/problems/longest-non-decreasing-subarray-after-replacing-at-most-one-element/","Longest Non-Decreasing Subarray After Replacing at Most One Element","DYNAMIC PROGRAMMING","MEDIUM",70355,,"CLEAR",,true,2026-07-21T18:50:04.000Z,2026-08-28T15:52:13.468Z
"https://leetcode.com/problems/longest-non-decreasing-subarray-from-two-arrays/","Longest Non-decreasing Subarray From Two Arrays","DYNAMIC PROGRAMMING","MEDIUM",120119,,"CLEAR",,true,2026-07-21T18:50:04.000Z,2026-08-28T15:52:13.468Z
"https://leetcode.com/problems/longest-palindrome-after-substring-concatenation-i/","Longest Palindrome After Substring Concatenation I","DYNAMIC PROGRAMMING","MEDIUM",51550,,"CLEAR",,true,2026-07-21T18:50:04.000Z,2026-08-28T15:52:13.468Z
"https://leetcode.com/problems/longest-palindrome-after-substring-concatenation-ii/","Longest Palindrome After Substring Concatenation II","DYNAMIC PROGRAMMING","HARD",37684,,"CLEAR",,true,2026-07-21T18:50:04.000Z,2026-08-28T15:52:13.468Z
"https://leetcode.com/problems/longest-palindromic-subsequence/","Longest Palindromic Subsequence","DYNAMIC PROGRAMMING","MEDIUM",1222565,,"CLEAR",,true,2026-07-21T18:50:04.000Z,2026-08-28T15:52:13.468Z
"https://leetcode.com/problems/longest-palindromic-subsequence-after-at-most-k-operations/","Longest Palindromic Subsequence After at Most K Operations","DYNAMIC PROGRAMMING","MEDIUM",41801,,"CLEAR",,true,2026-07-21T18:50:04.000Z,2026-08-28T15:52:13.468Z
"https://leetcode.com/problems/longest-palindromic-subsequence-ii/","Longest Palindromic Subsequence II","DYNAMIC PROGRAMMING","MEDIUM",12939,,"CLEAR",,true,2026-07-21T18:50:04.000Z,2026-08-28T15:52:13.468Z
"https://leetcode.com/problems/longest-palindromic-substring/","Longest Palindromic Substring","DYNAMIC PROGRAMMING","MEDIUM",12872931,,"CLEAR",,true,2026-07-21T18:50:04.000Z,2026-08-28T15:52:13.468Z
"https://leetcode.com/problems/longest-repeating-substring/","Longest Repeating Substring","DYNAMIC PROGRAMMING","MEDIUM",91927,,"CLEAR",,true,2026-07-21T18:50:04.000Z,2026-08-28T15:52:13.468Z
"https://leetcode.com/problems/longest-square-streak-in-an-array/","Longest Square Streak in an Array","DYNAMIC PROGRAMMING","MEDIUM",295799,,"CLEAR",,true,2026-07-21T18:50:04.000Z,2026-08-28T15:52:13.468Z
"https://leetcode.com/problems/longest-string-chain/","Longest String Chain","DYNAMIC PROGRAMMING","MEDIUM",859371,,"CLEAR",,true,2026-07-21T18:50:04.000Z,2026-08-28T15:52:13.468Z
"https://leetcode.com/problems/longest-subarray-of-1s-after-deleting-one-element/","Longest Subarray of 1's After Deleting One Element","DYNAMIC PROGRAMMING","MEDIUM",939916,,"CLEAR",,true,2026-07-21T18:50:04.000Z,2026-08-28T15:52:13.468Z
"https://leetcode.com/problems/longest-subsequence-with-decreasing-adjacent-difference/","Longest Subsequence With Decreasing Adjacent Difference","DYNAMIC PROGRAMMING","MEDIUM",44231,,"CLEAR",,true,2026-07-21T18:50:04.000Z,2026-08-28T15:52:13.468Z
"https://leetcode.com/problems/longest-turbulent-subarray/","Longest Turbulent Subarray","DYNAMIC PROGRAMMING","MEDIUM",292627,,"CLEAR",,true,2026-07-21T18:50:04.000Z,2026-08-28T15:52:13.468Z
"https://leetcode.com/problems/longest-unequal-adjacent-groups-subsequence-i/","Longest Unequal Adjacent Groups Subsequence I","DYNAMIC PROGRAMMING","EASY",227630,,"CLEAR",,true,2026-07-21T18:50:04.000Z,2026-08-28T15:52:13.468Z
"https://leetcode.com/problems/longest-unequal-adjacent-groups-subsequence-ii/","Longest Unequal Adjacent Groups Subsequence II","DYNAMIC PROGRAMMING","MEDIUM",163497,,"CLEAR",,true,2026-07-21T18:50:04.000Z,2026-08-28T15:52:13.468Z
"https://leetcode.com/problems/longest-valid-parentheses/","Longest Valid Parentheses","DYNAMIC PROGRAMMING","HARD",2929764,,"CLEAR",,true,2026-07-21T18:50:04.000Z,2026-08-28T15:52:13.468Z
"https://leetcode.com/problems/longest-zigzag-path-in-a-binary-tree/","Longest ZigZag Path in a Binary Tree","DYNAMIC PROGRAMMING","MEDIUM",440220,,"CLEAR",,true,2026-07-21T18:50:04.000Z,2026-08-28T15:52:13.468Z
"https://leetcode.com/problems/make-array-non-decreasing-or-non-increasing/","Make Array Non-decreasing or Non-increasing","DYNAMIC PROGRAMMING","HARD",7397,,"CLEAR",,true,2026-07-21T18:50:04.000Z,2026-08-28T15:52:13.468Z
"https://leetcode.com/problems/make-array-strictly-increasing/","Make Array Strictly Increasing","DYNAMIC PROGRAMMING","HARD",118982,,"CLEAR",,true,2026-07-21T18:50:04.000Z,2026-08-28T15:52:13.468Z
"https://leetcode.com/problems/make-costs-of-paths-equal-in-a-binary-tree/","Make Costs of Paths Equal in a Binary Tree","DYNAMIC PROGRAMMING","MEDIUM",42432,,"CLEAR",,true,2026-07-21T18:50:04.000Z,2026-08-28T15:52:13.468Z
"https://leetcode.com/problems/max-consecutive-ones-ii/","Max Consecutive Ones II","DYNAMIC PROGRAMMING","MEDIUM",356816,,"CLEAR",,true,2026-07-21T18:50:04.000Z,2026-08-28T15:52:13.468Z
"https://leetcode.com/problems/max-dot-product-of-two-subsequences/","Max Dot Product of Two Subsequences","DYNAMIC PROGRAMMING","HARD",271631,,"CLEAR",,true,2026-07-21T18:50:04.000Z,2026-08-28T15:52:13.468Z
"https://leetcode.com/problems/maximal-rectangle/","Maximal Rectangle","DYNAMIC PROGRAMMING","HARD",1417457,,"CLEAR",,true,2026-07-21T18:50:04.000Z,2026-08-28T15:52:13.468Z
"https://leetcode.com/problems/maximal-square/","Maximal Square","DYNAMIC PROGRAMMING","MEDIUM",1882646,,"CLEAR",,true,2026-07-21T18:50:04.000Z,2026-08-28T15:52:13.468Z
"https://leetcode.com/problems/maximize-consecutive-elements-in-an-array-after-modification/","Maximize Consecutive Elements in an Array After Modification","DYNAMIC PROGRAMMING","HARD",34418,,"CLEAR",,true,2026-07-21T18:50:04.000Z,2026-08-28T15:52:13.468Z
"https://leetcode.com/problems/maximize-cyclic-partition-score/","Maximize Cyclic Partition Score","DYNAMIC PROGRAMMING","HARD",24908,,"CLEAR",,true,2026-07-21T18:50:04.000Z,2026-08-28T15:52:13.468Z
"https://leetcode.com/problems/maximize-palindrome-length-from-subsequences/","Maximize Palindrome Length From Subsequences","DYNAMIC PROGRAMMING","HARD",39113,,"CLEAR",,true,2026-07-21T18:50:04.000Z,2026-08-28T15:52:13.468Z
"https://leetcode.com/problems/maximize-subarray-sum-after-removing-all-occurrences-of-one-element/","Maximize Subarray Sum After Removing All Occurrences of One Element","DYNAMIC PROGRAMMING","HARD",18717,,"CLEAR",,true,2026-07-21T18:50:04.000Z,2026-08-28T15:52:13.468Z
"https://leetcode.com/problems/maximize-sum-of-weights-after-edge-removals/","Maximize Sum of Weights after Edge Removals","DYNAMIC PROGRAMMING","HARD",15271,,"CLEAR",,true,2026-07-21T18:50:04.000Z,2026-08-28T15:52:13.468Z
"https://leetcode.com/problems/maximize-the-profit-as-the-salesman/","Maximize the Profit as the Salesman","DYNAMIC PROGRAMMING","MEDIUM",72146,,"CLEAR",,true,2026-07-21T18:50:04.000Z,2026-08-28T15:52:13.468Z
"https://leetcode.com/problems/maximize-total-cost-of-alternating-subarrays/","Maximize Total Cost of Alternating Subarrays","DYNAMIC PROGRAMMING","MEDIUM",87751,,"CLEAR",,true,2026-07-21T18:50:04.000Z,2026-08-28T15:52:13.468Z
"https://leetcode.com/problems/maximize-total-tastiness-of-purchased-fruits/","Maximize Total Tastiness of Purchased Fruits","DYNAMIC PROGRAMMING","MEDIUM",6353,,"CLEAR",,true,2026-07-21T18:50:04.000Z,2026-08-28T15:52:13.468Z
"https://leetcode.com/problems/maximum-absolute-sum-of-any-subarray/","Maximum Absolute Sum of Any Subarray","DYNAMIC PROGRAMMING","MEDIUM",287338,,"CLEAR",,true,2026-07-21T18:50:04.000Z,2026-08-28T15:52:13.468Z
"https://leetcode.com/problems/maximum-alternating-subarray-sum/","Maximum Alternating Subarray Sum","DYNAMIC PROGRAMMING","MEDIUM",11137,,"CLEAR",,true,2026-07-21T18:50:04.000Z,2026-08-28T15:52:13.468Z
"https://leetcode.com/problems/maximum-alternating-subsequence-sum/","Maximum Alternating Subsequence Sum","DYNAMIC PROGRAMMING","MEDIUM",118288,,"CLEAR",,true,2026-07-21T18:50:04.000Z,2026-08-28T15:52:13.468Z
"https://leetcode.com/problems/maximum-amount-of-money-robot-can-earn/","Maximum Amount of Money Robot Can Earn","DYNAMIC PROGRAMMING","MEDIUM",220265,,"CLEAR",,true,2026-07-21T18:50:04.000Z,2026-08-28T15:52:13.468Z
"https://leetcode.com/problems/maximum-and-minimum-sums-of-at-most-size-k-subsequences/","Maximum and Minimum Sums of at Most Size K Subsequences","DYNAMIC PROGRAMMING","MEDIUM",60171,,"CLEAR",,true,2026-07-21T18:50:04.000Z,2026-08-28T15:52:13.468Z
"https://leetcode.com/problems/maximum-array-hopping-score-i/","Maximum Array Hopping Score I","DYNAMIC PROGRAMMING","MEDIUM",3607,,"CLEAR",,true,2026-07-21T18:50:04.000Z,2026-08-28T15:52:13.468Z
"https://leetcode.com/problems/maximum-balanced-shipments/","Maximum Balanced Shipments","DYNAMIC PROGRAMMING","MEDIUM",87637,,"CLEAR",,true,2026-07-21T18:50:04.000Z,2026-08-28T15:52:13.468Z
"https://leetcode.com/problems/maximum-balanced-subsequence-sum/","Maximum Balanced Subsequence Sum","DYNAMIC PROGRAMMING","HARD",41121,,"CLEAR",,true,2026-07-21T18:50:04.000Z,2026-08-28T15:52:13.468Z
"https://leetcode.com/problems/maximum-coin-collection/","Maximum Coin Collection ","DYNAMIC PROGRAMMING","MEDIUM",5264,,"CLEAR",,true,2026-07-21T18:50:04.000Z,2026-08-28T15:52:13.468Z
"https://leetcode.com/problems/maximum-deletions-on-a-string/","Maximum Deletions on a String","DYNAMIC PROGRAMMING","HARD",49368,,"CLEAR",,true,2026-07-21T18:50:04.000Z,2026-08-28T15:52:13.468Z
"https://leetcode.com/problems/maximum-difference-score-in-a-grid/","Maximum Difference Score in a Grid","DYNAMIC PROGRAMMING","MEDIUM",51446,,"CLEAR",,true,2026-07-21T18:50:04.000Z,2026-08-28T15:52:13.468Z
"https://leetcode.com/problems/maximum-earnings-from-taxi/","Maximum Earnings From Taxi","DYNAMIC PROGRAMMING","MEDIUM",110026,,"CLEAR",,true,2026-07-21T18:50:04.000Z,2026-08-28T15:52:13.468Z
"https://leetcode.com/problems/maximum-employees-to-be-invited-to-a-meeting/","Maximum Employees to Be Invited to a Meeting","DYNAMIC PROGRAMMING","HARD",145908,,"CLEAR",,true,2026-07-21T18:50:04.000Z,2026-08-28T15:52:13.468Z
"https://leetcode.com/problems/maximum-energy-boost-from-two-drinks/","Maximum Energy Boost From Two Drinks","DYNAMIC PROGRAMMING","MEDIUM",72550,,"CLEAR",,true,2026-07-21T18:50:04.000Z,2026-08-28T15:52:13.468Z
"https://leetcode.com/problems/maximum-frequency-after-subarray-operation/","Maximum Frequency After Subarray Operation","DYNAMIC PROGRAMMING","MEDIUM",83680,,"CLEAR",,true,2026-07-21T18:50:04.000Z,2026-08-28T15:52:13.468Z
"https://leetcode.com/problems/maximum-height-by-stacking-cuboids/","Maximum Height by Stacking Cuboids ","DYNAMIC PROGRAMMING","HARD",75982,,"CLEAR",,true,2026-07-21T18:50:04.000Z,2026-08-28T15:52:13.468Z
"https://leetcode.com/problems/maximum-length-of-pair-chain/","Maximum Length of Pair Chain","DYNAMIC PROGRAMMING","MEDIUM",524453,,"CLEAR",,true,2026-07-21T18:50:04.000Z,2026-08-28T15:52:13.468Z
"https://leetcode.com/problems/maximum-length-of-repeated-subarray/","Maximum Length of Repeated Subarray","DYNAMIC PROGRAMMING","MEDIUM",725159,,"CLEAR",,true,2026-07-21T18:50:04.000Z,2026-08-28T15:52:13.468Z
"https://leetcode.com/problems/maximum-length-of-subarray-with-positive-product/","Maximum Length of Subarray With Positive Product","DYNAMIC PROGRAMMING","MEDIUM",252690,,"CLEAR",,true,2026-07-21T18:50:04.000Z,2026-08-28T15:52:13.468Z
"https://leetcode.com/problems/maximum-multiplication-score/","Maximum Multiplication Score","DYNAMIC PROGRAMMING","MEDIUM",89757,,"CLEAR",,true,2026-07-21T18:50:04.000Z,2026-08-28T15:52:13.468Z
"https://leetcode.com/problems/maximum-non-negative-product-in-a-matrix/","Maximum Non Negative Product in a Matrix","DYNAMIC PROGRAMMING","MEDIUM",218060,,"CLEAR",,true,2026-07-21T18:50:04.000Z,2026-08-28T15:52:13.468Z
"https://leetcode.com/problems/maximum-number-of-books-you-can-take/","Maximum Number of Books You Can Take","DYNAMIC PROGRAMMING","HARD",34241,,"CLEAR",,true,2026-07-21T18:50:04.000Z,2026-08-28T15:52:13.468Z
"https://leetcode.com/problems/maximum-number-of-events-that-can-be-attended-ii/","Maximum Number of Events That Can Be Attended II","DYNAMIC PROGRAMMING","HARD",260687,,"CLEAR",,true,2026-07-21T18:50:04.000Z,2026-08-28T15:52:13.468Z
"https://leetcode.com/problems/maximum-number-of-items-from-sale-i/","Maximum Number of Items From Sale I","DYNAMIC PROGRAMMING","MEDIUM",56492,,"CLEAR",,true,2026-07-21T18:50:04.000Z,2026-08-28T15:52:13.468Z
"https://leetcode.com/problems/maximum-number-of-jumps-to-reach-the-last-index/","Maximum Number of Jumps to Reach the Last Index","DYNAMIC PROGRAMMING","MEDIUM",218598,,"CLEAR",,true,2026-07-21T18:50:04.000Z,2026-08-28T15:52:13.468Z
"https://leetcode.com/problems/maximum-number-of-moves-in-a-grid/","Maximum Number of Moves in a Grid","DYNAMIC PROGRAMMING","MEDIUM",228408,,"CLEAR",,true,2026-07-21T18:50:04.000Z,2026-08-28T15:52:13.468Z
"https://leetcode.com/problems/maximum-number-of-non-overlapping-palindrome-substrings/","Maximum Number of Non-overlapping Palindrome Substrings","DYNAMIC PROGRAMMING","HARD",60348,,"CLEAR",,true,2026-07-21T18:50:04.000Z,2026-08-28T15:52:13.468Z
"https://leetcode.com/problems/maximum-number-of-operations-with-the-same-score-ii/","Maximum Number of Operations With the Same Score II","DYNAMIC PROGRAMMING","MEDIUM",75983,,"CLEAR",,true,2026-07-21T18:50:04.000Z,2026-08-28T15:52:13.468Z
"https://leetcode.com/problems/maximum-number-of-points-with-cost/","Maximum Number of Points with Cost","DYNAMIC PROGRAMMING","MEDIUM",384920,,"CLEAR",,true,2026-07-21T18:50:04.000Z,2026-08-28T15:52:13.468Z
"https://leetcode.com/problems/maximum-number-of-removal-queries-that-can-be-processed-i/","Maximum Number of Removal Queries That Can Be Processed I","DYNAMIC PROGRAMMING","HARD",1508,,"CLEAR",,true,2026-07-21T18:50:04.000Z,2026-08-28T15:52:13.468Z
"https://leetcode.com/problems/maximum-number-of-subsequences-after-one-inserting/","Maximum Number of Subsequences After One Inserting","DYNAMIC PROGRAMMING","MEDIUM",98311,,"CLEAR",,true,2026-07-21T18:50:04.000Z,2026-08-28T15:52:13.468Z
"https://leetcode.com/problems/maximum-path-intersection-sum-in-a-grid/","Maximum Path Intersection Sum in a Grid","DYNAMIC PROGRAMMING","MEDIUM",25397,,"CLEAR",,true,2026-07-21T18:50:04.000Z,2026-08-28T15:52:13.468Z
"https://leetcode.com/problems/maximum-path-score-in-a-grid/","Maximum Path Score in a Grid","DYNAMIC PROGRAMMING","MEDIUM",158089,,"CLEAR",,true,2026-07-21T18:50:04.000Z,2026-08-28T15:52:13.468Z
"https://leetcode.com/problems/maximum-points-tourist-can-earn/","Maximum Points Tourist Can Earn","DYNAMIC PROGRAMMING","MEDIUM",33247,,"CLEAR",,true,2026-07-21T18:50:04.000Z,2026-08-28T15:52:13.468Z
"https://leetcode.com/problems/maximum-product-of-subsequences-with-an-alternating-sum-equal-to-k/","Maximum Product of Subsequences With an Alternating Sum Equal to K","DYNAMIC PROGRAMMING","HARD",48808,,"CLEAR",,true,2026-07-21T18:50:04.000Z,2026-08-28T15:52:13.468Z
"https://leetcode.com/problems/maximum-product-subarray/","Maximum Product Subarray","DYNAMIC PROGRAMMING","MEDIUM",5788617,,"CLEAR",,true,2026-07-21T18:50:04.000Z,2026-08-28T15:52:13.468Z
"https://leetcode.com/problems/maximum-profit-from-trading-stocks/","Maximum Profit From Trading Stocks","DYNAMIC PROGRAMMING","MEDIUM",37501,,"CLEAR",,true,2026-07-21T18:50:04.000Z,2026-08-28T15:52:13.468Z
"https://leetcode.com/problems/maximum-profit-from-trading-stocks-with-discounts/","Maximum Profit from Trading Stocks with Discounts","DYNAMIC PROGRAMMING","HARD",90425,,"CLEAR",,true,2026-07-21T18:50:04.000Z,2026-08-28T15:52:13.468Z
"https://leetcode.com/problems/maximum-profit-in-job-scheduling/","Maximum Profit in Job Scheduling","DYNAMIC PROGRAMMING","HARD",786610,,"CLEAR",,true,2026-07-21T18:50:04.000Z,2026-08-28T15:52:13.468Z
"https://leetcode.com/problems/maximum-repeating-substring/","Maximum Repeating Substring","DYNAMIC PROGRAMMING","EASY",275798,,"CLEAR",,true,2026-07-21T18:50:04.000Z,2026-08-28T15:52:13.468Z
"https://leetcode.com/problems/maximum-score-after-applying-operations-on-a-tree/","Maximum Score After Applying Operations on a Tree","DYNAMIC PROGRAMMING","MEDIUM",37075,,"CLEAR",,true,2026-07-21T18:50:04.000Z,2026-08-28T15:52:13.468Z
"https://leetcode.com/problems/maximum-score-from-grid-operations/","Maximum Score From Grid Operations","DYNAMIC PROGRAMMING","HARD",77851,,"CLEAR",,true,2026-07-21T18:50:04.000Z,2026-08-28T15:52:13.468Z
"https://leetcode.com/problems/maximum-score-from-performing-multiplication-operations/","Maximum Score from Performing Multiplication Operations","DYNAMIC PROGRAMMING","HARD",315002,,"CLEAR",,true,2026-07-21T18:50:04.000Z,2026-08-28T15:52:13.468Z
"https://leetcode.com/problems/maximum-score-of-non-overlapping-intervals/","Maximum Score of Non-overlapping Intervals","DYNAMIC PROGRAMMING","HARD",14410,,"CLEAR",,true,2026-07-21T18:50:04.000Z,2026-08-28T15:52:13.468Z
"https://leetcode.com/problems/maximum-score-of-spliced-array/","Maximum Score Of Spliced Array","DYNAMIC PROGRAMMING","HARD",42173,,"CLEAR",,true,2026-07-21T18:50:04.000Z,2026-08-28T15:52:13.468Z
"https://leetcode.com/problems/maximum-score-using-exactly-k-pairs/","Maximum Score Using Exactly K Pairs","DYNAMIC PROGRAMMING","HARD",36532,,"CLEAR",,true,2026-07-21T18:50:04.000Z,2026-08-28T15:52:13.468Z
"https://leetcode.com/problems/maximum-strength-of-k-disjoint-subarrays/","Maximum Strength of K Disjoint Subarrays","DYNAMIC PROGRAMMING","HARD",32306,,"CLEAR",,true,2026-07-21T18:50:04.000Z,2026-08-28T15:52:13.468Z
"https://leetcode.com/problems/maximum-strictly-increasing-cells-in-a-matrix/","Maximum Strictly Increasing Cells in a Matrix","DYNAMIC PROGRAMMING","HARD",53545,,"CLEAR",,true,2026-07-21T18:50:04.000Z,2026-08-28T15:52:13.468Z
"https://leetcode.com/problems/maximum-subarray/","Maximum Subarray","DYNAMIC PROGRAMMING","MEDIUM",11896066,,"CLEAR",,true,2026-07-21T18:50:04.000Z,2026-08-28T15:52:13.468Z
"https://leetcode.com/problems/maximum-subarray-sum-after-multiplier/","Maximum Subarray Sum After Multiplier","DYNAMIC PROGRAMMING","MEDIUM",46453,,"CLEAR",,true,2026-07-21T18:50:04.000Z,2026-08-28T15:52:13.468Z
"https://leetcode.com/problems/maximum-subarray-sum-after-one-operation/","Maximum Subarray Sum After One Operation","DYNAMIC PROGRAMMING","MEDIUM",21569,,"CLEAR",,true,2026-07-21T18:50:04.000Z,2026-08-28T15:52:13.468Z
"https://leetcode.com/problems/maximum-subarray-sum-with-one-deletion/","Maximum Subarray Sum with One Deletion","DYNAMIC PROGRAMMING","MEDIUM",180715,,"CLEAR",,true,2026-07-21T18:50:04.000Z,2026-08-28T15:52:13.468Z
"https://leetcode.com/problems/maximum-subgraph-score-in-a-tree/","Maximum Subgraph Score in a Tree","DYNAMIC PROGRAMMING","HARD",8736,,"CLEAR",,true,2026-07-21T18:50:04.000Z,2026-08-28T15:52:13.468Z
"https://leetcode.com/problems/maximum-subtree-of-the-same-color/","Maximum Subtree of the Same Color","DYNAMIC PROGRAMMING","MEDIUM",4400,,"CLEAR",,true,2026-07-21T18:50:04.000Z,2026-08-28T15:52:13.468Z
"https://leetcode.com/problems/maximum-sum-bst-in-binary-tree/","Maximum Sum BST in Binary Tree","DYNAMIC PROGRAMMING","HARD",295509,,"CLEAR",,true,2026-07-21T18:50:04.000Z,2026-08-28T15:52:13.468Z
"https://leetcode.com/problems/maximum-sum-circular-subarray/","Maximum Sum Circular Subarray","DYNAMIC PROGRAMMING","MEDIUM",877308,,"CLEAR",,true,2026-07-21T18:50:04.000Z,2026-08-28T15:52:13.468Z
"https://leetcode.com/problems/maximum-sum-of-3-non-overlapping-subarrays/","Maximum Sum of 3 Non-Overlapping Subarrays","DYNAMIC PROGRAMMING","HARD",264525,,"CLEAR",,true,2026-07-21T18:50:04.000Z,2026-08-28T15:52:13.468Z
"https://leetcode.com/problems/maximum-sum-of-alternating-subsequence-with-distance-at-least-k/","Maximum Sum of Alternating Subsequence With Distance at Least K","DYNAMIC PROGRAMMING","HARD",14020,,"CLEAR",,true,2026-07-21T18:50:04.000Z,2026-08-28T15:52:13.468Z
"https://leetcode.com/problems/maximum-sum-of-m-non-overlapping-subarrays-i/","Maximum Sum of M Non-Overlapping Subarrays I","DYNAMIC PROGRAMMING","HARD",30930,,"CLEAR",,true,2026-07-21T18:50:04.000Z,2026-08-28T15:52:13.468Z
"https://leetcode.com/problems/maximum-sum-of-m-non-overlapping-subarrays-ii/","Maximum Sum of M Non-Overlapping Subarrays II","DYNAMIC PROGRAMMING","HARD",12891,,"CLEAR",,true,2026-07-21T18:50:04.000Z,2026-08-28T15:52:13.468Z
"https://leetcode.com/problems/maximum-sum-of-subsequence-with-non-adjacent-elements/","Maximum Sum of Subsequence With Non-adjacent Elements","DYNAMIC PROGRAMMING","HARD",58408,,"CLEAR",,true,2026-07-21T18:50:04.000Z,2026-08-28T15:52:13.468Z
"https://leetcode.com/problems/maximum-sum-of-two-non-overlapping-subarrays/","Maximum Sum of Two Non-Overlapping Subarrays","DYNAMIC PROGRAMMING","MEDIUM",142676,,"CLEAR",,true,2026-07-21T18:50:04.000Z,2026-08-28T15:52:13.468Z
"https://leetcode.com/problems/maximum-total-damage-with-spell-casting/","Maximum Total Damage With Spell Casting","DYNAMIC PROGRAMMING","MEDIUM",257562,,"CLEAR",,true,2026-07-21T18:50:04.000Z,2026-08-28T15:52:13.468Z
"https://leetcode.com/problems/maximum-total-value-of-covered-indices/","Maximum Total Value of Covered Indices","DYNAMIC PROGRAMMING","MEDIUM",63364,,"CLEAR",,true,2026-07-21T18:50:04.000Z,2026-08-28T15:52:13.468Z
"https://leetcode.com/problems/maximum-vacation-days/","Maximum Vacation Days","DYNAMIC PROGRAMMING","HARD",88735,,"CLEAR",,true,2026-07-21T18:50:04.000Z,2026-08-28T15:52:13.468Z
"https://leetcode.com/problems/maximum-value-of-k-coins-from-piles/","Maximum Value of K Coins From Piles","DYNAMIC PROGRAMMING","HARD",139236,,"CLEAR",,true,2026-07-21T18:50:04.000Z,2026-08-28T15:52:13.468Z
"https://leetcode.com/problems/maximum-value-sum-by-placing-three-rooks-i/","Maximum Value Sum by Placing Three Rooks I","DYNAMIC PROGRAMMING","HARD",60098,,"CLEAR",,true,2026-07-21T18:50:04.000Z,2026-08-28T15:52:13.468Z
"https://leetcode.com/problems/maximum-value-sum-by-placing-three-rooks-ii/","Maximum Value Sum by Placing Three Rooks II","DYNAMIC PROGRAMMING","HARD",21266,,"CLEAR",,true,2026-07-21T18:50:04.000Z,2026-08-28T15:52:13.468Z
"https://leetcode.com/problems/maximum-walls-destroyed-by-robots/","Maximum Walls Destroyed by Robots","DYNAMIC PROGRAMMING","HARD",134018,,"CLEAR",,true,2026-07-21T18:50:04.000Z,2026-08-28T15:52:13.468Z
"https://leetcode.com/problems/maximum-weight-in-two-bags/","Maximum Weight in Two Bags","DYNAMIC PROGRAMMING","MEDIUM",1333,,"CLEAR",,true,2026-07-21T18:50:04.000Z,2026-08-28T15:52:13.468Z
"https://leetcode.com/problems/maximum-weighted-k-edge-path/","Maximum Weighted K-Edge Path","DYNAMIC PROGRAMMING","MEDIUM",49926,,"CLEAR",,true,2026-07-21T18:50:04.000Z,2026-08-28T15:52:13.468Z
"https://leetcode.com/problems/maximum-xor-score-subarray-queries/","Maximum XOR Score Subarray Queries","DYNAMIC PROGRAMMING","HARD",13064,,"CLEAR",,true,2026-07-21T18:50:04.000Z,2026-08-28T15:52:13.468Z
"https://leetcode.com/problems/merge-operations-for-minimum-travel-time/","Merge Operations for Minimum Travel Time","DYNAMIC PROGRAMMING","HARD",16618,,"CLEAR",,true,2026-07-21T18:50:04.000Z,2026-08-28T15:52:13.468Z
"https://leetcode.com/problems/min-cost-climbing-stairs/","Min Cost Climbing Stairs","DYNAMIC PROGRAMMING","EASY",2654030,,"CLEAR",,true,2026-07-21T18:50:04.000Z,2026-08-28T15:52:13.468Z
"https://leetcode.com/problems/minimize-maximum-of-array/","Minimize Maximum of Array","DYNAMIC PROGRAMMING","MEDIUM",218987,,"CLEAR",,true,2026-07-21T18:50:04.000Z,2026-08-28T15:52:13.468Z
"https://leetcode.com/problems/minimize-the-difference-between-target-and-chosen-elements/","Minimize the Difference Between Target and Chosen Elements","DYNAMIC PROGRAMMING","MEDIUM",109157,,"CLEAR",,true,2026-07-21T18:50:04.000Z,2026-08-28T15:52:13.468Z
"https://leetcode.com/problems/minimize-the-maximum-difference-of-pairs/","Minimize the Maximum Difference of Pairs","DYNAMIC PROGRAMMING","MEDIUM",338317,,"CLEAR",,true,2026-07-21T18:50:04.000Z,2026-08-28T15:52:13.468Z
"https://leetcode.com/problems/minimize-the-total-price-of-the-trips/","Minimize the Total Price of the Trips","DYNAMIC PROGRAMMING","HARD",29617,,"CLEAR",,true,2026-07-21T18:50:04.000Z,2026-08-28T15:52:13.468Z
"https://leetcode.com/problems/minimizing-array-after-replacing-pairs-with-their-product/","Minimizing Array After Replacing Pairs With Their Product","DYNAMIC PROGRAMMING","MEDIUM",4723,,"CLEAR",,true,2026-07-21T18:50:04.000Z,2026-08-28T15:52:13.468Z
"https://leetcode.com/problems/minimum-additions-to-make-valid-string/","Minimum Additions to Make Valid String","DYNAMIC PROGRAMMING","MEDIUM",76851,,"CLEAR",,true,2026-07-21T18:50:04.000Z,2026-08-28T15:52:13.468Z
"https://leetcode.com/problems/minimum-array-sum/","Minimum Array Sum","DYNAMIC PROGRAMMING","MEDIUM",55656,,"CLEAR",,true,2026-07-21T18:50:04.000Z,2026-08-28T15:52:13.468Z
"https://leetcode.com/problems/minimum-ascii-delete-sum-for-two-strings/","Minimum ASCII Delete Sum for Two Strings","DYNAMIC PROGRAMMING","MEDIUM",395480,,"CLEAR",,true,2026-07-21T18:50:04.000Z,2026-08-28T15:52:13.468Z
"https://leetcode.com/problems/minimum-changes-to-make-k-semi-palindromes/","Minimum Changes to Make K Semi-palindromes","DYNAMIC PROGRAMMING","HARD",15032,,"CLEAR",,true,2026-07-21T18:50:04.000Z,2026-08-28T15:52:13.468Z
"https://leetcode.com/problems/minimum-cost-for-cutting-cake-i/","Minimum Cost for Cutting Cake I","DYNAMIC PROGRAMMING","MEDIUM",54022,,"CLEAR",,true,2026-07-21T18:50:04.000Z,2026-08-28T15:52:13.468Z
"https://leetcode.com/problems/minimum-cost-for-tickets/","Minimum Cost For Tickets","DYNAMIC PROGRAMMING","MEDIUM",714667,,"CLEAR",,true,2026-07-21T18:50:04.000Z,2026-08-28T15:52:13.468Z
"https://leetcode.com/problems/minimum-cost-good-caption/","Minimum Cost Good Caption","DYNAMIC PROGRAMMING","HARD",18868,,"CLEAR",,true,2026-07-21T18:50:04.000Z,2026-08-28T15:52:13.468Z
"https://leetcode.com/problems/minimum-cost-path-with-alternating-directions-ii/","Minimum Cost Path with Alternating Directions II","DYNAMIC PROGRAMMING","MEDIUM",43507,,"CLEAR",,true,2026-07-21T18:50:04.000Z,2026-08-28T15:52:13.468Z
"https://leetcode.com/problems/minimum-cost-path-with-teleportations/","Minimum Cost Path with Teleportations","DYNAMIC PROGRAMMING","HARD",147605,,"CLEAR",,true,2026-07-21T18:50:04.000Z,2026-08-28T15:52:13.468Z
"https://leetcode.com/problems/minimum-cost-to-change-the-final-value-of-expression/","Minimum Cost to Change the Final Value of Expression","DYNAMIC PROGRAMMING","HARD",11188,,"CLEAR",,true,2026-07-21T18:50:04.000Z,2026-08-28T15:52:13.468Z
"https://leetcode.com/problems/minimum-cost-to-convert-string-ii/","Minimum Cost to Convert String II","DYNAMIC PROGRAMMING","HARD",110429,,"CLEAR",,true,2026-07-21T18:50:04.000Z,2026-08-28T15:52:13.468Z
"https://leetcode.com/problems/minimum-cost-to-cut-a-stick/","Minimum Cost to Cut a Stick","DYNAMIC PROGRAMMING","HARD",389127,,"CLEAR",,true,2026-07-21T18:50:04.000Z,2026-08-28T15:52:13.468Z
"https://leetcode.com/problems/minimum-cost-to-divide-array-into-subarrays/","Minimum Cost to Divide Array Into Subarrays","DYNAMIC PROGRAMMING","HARD",18568,,"CLEAR",,true,2026-07-21T18:50:04.000Z,2026-08-28T15:52:13.468Z
"https://leetcode.com/problems/minimum-cost-to-make-all-characters-equal/","Minimum Cost to Make All Characters Equal","DYNAMIC PROGRAMMING","MEDIUM",43042,,"CLEAR",,true,2026-07-21T18:50:04.000Z,2026-08-28T15:52:13.468Z
"https://leetcode.com/problems/minimum-cost-to-merge-stones/","Minimum Cost to Merge Stones","DYNAMIC PROGRAMMING","HARD",116307,,"CLEAR",,true,2026-07-21T18:50:04.000Z,2026-08-28T15:52:13.468Z
"https://leetcode.com/problems/minimum-cost-to-reach-destination-in-time/","Minimum Cost to Reach Destination in Time","DYNAMIC PROGRAMMING","HARD",98797,,"CLEAR",,true,2026-07-21T18:50:04.000Z,2026-08-28T15:52:13.468Z
"https://leetcode.com/problems/minimum-cost-to-separate-sentence-into-rows/","Minimum Cost to Separate Sentence Into Rows","DYNAMIC PROGRAMMING","MEDIUM",4938,,"CLEAR",,true,2026-07-21T18:50:04.000Z,2026-08-28T15:52:13.468Z
"https://leetcode.com/problems/minimum-cost-to-split-an-array/","Minimum Cost to Split an Array","DYNAMIC PROGRAMMING","HARD",38782,,"CLEAR",,true,2026-07-21T18:50:04.000Z,2026-08-28T15:52:13.468Z
"https://leetcode.com/problems/minimum-cost-to-split-into-ones/","Minimum Cost to Split into Ones","DYNAMIC PROGRAMMING","MEDIUM",63158,,"CLEAR",,true,2026-07-21T18:50:04.000Z,2026-08-28T15:52:13.468Z
"https://leetcode.com/problems/minimum-cost-tree-from-leaf-values/","Minimum Cost Tree From Leaf Values","DYNAMIC PROGRAMMING","MEDIUM",182411,,"CLEAR",,true,2026-07-21T18:50:04.000Z,2026-08-28T15:52:13.468Z
"https://leetcode.com/problems/minimum-costs-using-the-train-line/","Minimum Costs Using the Train Line","DYNAMIC PROGRAMMING","HARD",19888,,"CLEAR",,true,2026-07-21T18:50:04.000Z,2026-08-28T15:52:13.468Z
"https://leetcode.com/problems/minimum-deletions-to-make-string-balanced/","Minimum Deletions to Make String Balanced","DYNAMIC PROGRAMMING","MEDIUM",432629,,"CLEAR",,true,2026-07-21T18:50:04.000Z,2026-08-28T15:52:13.468Z
"https://leetcode.com/problems/minimum-difference-in-sums-after-removal-of-elements/","Minimum Difference in Sums After Removal of Elements","DYNAMIC PROGRAMMING","HARD",121361,,"CLEAR",,true,2026-07-21T18:50:04.000Z,2026-08-28T15:52:13.468Z
"https://leetcode.com/problems/minimum-difficulty-of-a-job-schedule/","Minimum Difficulty of a Job Schedule","DYNAMIC PROGRAMMING","HARD",387102,,"CLEAR",,true,2026-07-21T18:50:04.000Z,2026-08-28T15:52:13.468Z
"https://leetcode.com/problems/minimum-distance-to-type-a-word-using-two-fingers/","Minimum Distance to Type a Word Using Two Fingers","DYNAMIC PROGRAMMING","HARD",141372,,"CLEAR",,true,2026-07-21T18:50:04.000Z,2026-08-28T15:52:13.468Z
"https://leetcode.com/problems/minimum-edge-reversals-so-every-node-is-reachable/","Minimum Edge Reversals So Every Node Is Reachable","DYNAMIC PROGRAMMING","HARD",43184,,"CLEAR",,true,2026-07-21T18:50:04.000Z,2026-08-28T15:52:13.468Z
"https://leetcode.com/problems/minimum-falling-path-sum/","Minimum Falling Path Sum","DYNAMIC PROGRAMMING","MEDIUM",1110542,,"CLEAR",,true,2026-07-21T18:50:04.000Z,2026-08-28T15:52:13.468Z
"https://leetcode.com/problems/minimum-falling-path-sum-ii/","Minimum Falling Path Sum II","DYNAMIC PROGRAMMING","HARD",267132,,"CLEAR",,true,2026-07-21T18:50:04.000Z,2026-08-28T15:52:13.468Z
"https://leetcode.com/problems/minimum-flips-in-binary-tree-to-get-result/","Minimum Flips in Binary Tree to Get Result","DYNAMIC PROGRAMMING","HARD",9276,,"CLEAR",,true,2026-07-21T18:50:04.000Z,2026-08-28T15:52:13.468Z
"https://leetcode.com/problems/minimum-increase-to-maximize-special-indices/","Minimum Increase to Maximize Special Indices","DYNAMIC PROGRAMMING","MEDIUM",74646,,"CLEAR",,true,2026-07-21T18:50:04.000Z,2026-08-28T15:52:13.468Z
"https://leetcode.com/problems/minimum-increment-operations-to-make-array-beautiful/","Minimum Increment Operations to Make Array Beautiful","DYNAMIC PROGRAMMING","MEDIUM",50460,,"CLEAR",,true,2026-07-21T18:50:04.000Z,2026-08-28T15:52:13.468Z
"https://leetcode.com/problems/minimum-increments-to-equalize-leaf-paths/","Minimum Increments to Equalize Leaf Paths","DYNAMIC PROGRAMMING","MEDIUM",40360,,"CLEAR",,true,2026-07-21T18:50:04.000Z,2026-08-28T15:52:13.468Z
"https://leetcode.com/problems/minimum-insertion-steps-to-make-a-string-palindrome/","Minimum Insertion Steps to Make a String Palindrome","DYNAMIC PROGRAMMING","HARD",451754,,"CLEAR",,true,2026-07-21T18:50:04.000Z,2026-08-28T15:52:13.468Z
"https://leetcode.com/problems/minimum-number-of-coins-for-fruits/","Minimum Number of Coins for Fruits","DYNAMIC PROGRAMMING","MEDIUM",50584,,"CLEAR",,true,2026-07-21T18:50:04.000Z,2026-08-28T15:52:13.468Z
"https://leetcode.com/problems/minimum-number-of-coins-for-fruits-ii/","Minimum Number of Coins for Fruits II","DYNAMIC PROGRAMMING","HARD",2163,,"CLEAR",,true,2026-07-21T18:50:04.000Z,2026-08-28T15:52:13.468Z
"https://leetcode.com/problems/minimum-number-of-days-to-eat-n-oranges/","Minimum Number of Days to Eat N Oranges","DYNAMIC PROGRAMMING","HARD",124888,,"CLEAR",,true,2026-07-21T18:50:04.000Z,2026-08-28T15:52:13.468Z
"https://leetcode.com/problems/minimum-number-of-flips-to-make-the-binary-string-alternating/","Minimum Number of Flips to Make the Binary String Alternating","DYNAMIC PROGRAMMING","MEDIUM",240114,,"CLEAR",,true,2026-07-21T18:50:04.000Z,2026-08-28T15:52:13.468Z
"https://leetcode.com/problems/minimum-number-of-food-buckets-to-feed-the-hamsters/","Minimum Number of Food Buckets to Feed the Hamsters","DYNAMIC PROGRAMMING","MEDIUM",64661,,"CLEAR",,true,2026-07-21T18:50:04.000Z,2026-08-28T15:52:13.468Z
"https://leetcode.com/problems/minimum-number-of-increments-on-subarrays-to-form-a-target-array/","Minimum Number of Increments on Subarrays to Form a Target Array","DYNAMIC PROGRAMMING","HARD",200615,,"CLEAR",,true,2026-07-21T18:50:04.000Z,2026-08-28T15:52:13.468Z
"https://leetcode.com/problems/minimum-number-of-operations-to-make-x-and-y-equal/","Minimum Number of Operations to Make X and Y Equal","DYNAMIC PROGRAMMING","MEDIUM",60466,,"CLEAR",,true,2026-07-21T18:50:04.000Z,2026-08-28T15:52:13.468Z
"https://leetcode.com/problems/minimum-number-of-operations-to-satisfy-conditions/","Minimum Number of Operations to Satisfy Conditions","DYNAMIC PROGRAMMING","MEDIUM",47693,,"CLEAR",,true,2026-07-21T18:50:04.000Z,2026-08-28T15:52:13.468Z
"https://leetcode.com/problems/minimum-number-of-primes-to-sum-to-target/","Minimum Number of Primes to Sum to Target","DYNAMIC PROGRAMMING","MEDIUM",5881,,"CLEAR",,true,2026-07-21T18:50:04.000Z,2026-08-28T15:52:13.468Z
"https://leetcode.com/problems/minimum-number-of-refueling-stops/","Minimum Number of Refueling Stops","DYNAMIC PROGRAMMING","HARD",411520,,"CLEAR",,true,2026-07-21T18:50:04.000Z,2026-08-28T15:52:13.468Z
"https://leetcode.com/problems/minimum-number-of-removals-to-make-mountain-array/","Minimum Number of Removals to Make Mountain Array","DYNAMIC PROGRAMMING","HARD",230950,,"CLEAR",,true,2026-07-21T18:50:04.000Z,2026-08-28T15:52:13.468Z
"https://leetcode.com/problems/minimum-number-of-taps-to-open-to-water-a-garden/","Minimum Number of Taps to Open to Water a Garden","DYNAMIC PROGRAMMING","HARD",320921,,"CLEAR",,true,2026-07-21T18:50:04.000Z,2026-08-28T15:52:13.468Z
"https://leetcode.com/problems/minimum-number-of-valid-strings-to-form-target-i/","Minimum Number of Valid Strings to Form Target I","DYNAMIC PROGRAMMING","MEDIUM",70669,,"CLEAR",,true,2026-07-21T18:50:04.000Z,2026-08-28T15:52:13.468Z
"https://leetcode.com/problems/minimum-number-of-valid-strings-to-form-target-ii/","Minimum Number of Valid Strings to Form Target II","DYNAMIC PROGRAMMING","HARD",27933,,"CLEAR",,true,2026-07-21T18:50:04.000Z,2026-08-28T15:52:13.468Z
"https://leetcode.com/problems/minimum-number-of-visited-cells-in-a-grid/","Minimum Number of Visited Cells in a Grid","DYNAMIC PROGRAMMING","HARD",51921,,"CLEAR",,true,2026-07-21T18:50:04.000Z,2026-08-28T15:52:13.468Z
"https://leetcode.com/problems/minimum-operations-to-achieve-at-least-k-peaks/","Minimum Operations to Achieve At Least K Peaks","DYNAMIC PROGRAMMING","HARD",24240,,"CLEAR",,true,2026-07-21T18:50:04.000Z,2026-08-28T15:52:13.468Z
"https://leetcode.com/problems/minimum-operations-to-make-array-equal-to-target/","Minimum Operations to Make Array Equal to Target","DYNAMIC PROGRAMMING","HARD",59661,,"CLEAR",,true,2026-07-21T18:50:04.000Z,2026-08-28T15:52:13.468Z
"https://leetcode.com/problems/minimum-operations-to-make-binary-array-elements-equal-to-one-ii/","Minimum Operations to Make Binary Array Elements Equal to One II","DYNAMIC PROGRAMMING","MEDIUM",68201,,"CLEAR",,true,2026-07-21T18:50:04.000Z,2026-08-28T15:52:13.468Z
"https://leetcode.com/problems/minimum-operations-to-make-character-frequencies-equal/","Minimum Operations to Make Character Frequencies Equal","DYNAMIC PROGRAMMING","HARD",18303,,"CLEAR",,true,2026-07-21T18:50:04.000Z,2026-08-28T15:52:13.468Z
"https://leetcode.com/problems/minimum-operations-to-make-elements-within-k-subarrays-equal/","Minimum Operations to Make Elements Within K Subarrays Equal","DYNAMIC PROGRAMMING","HARD",15926,,"CLEAR",,true,2026-07-21T18:50:04.000Z,2026-08-28T15:52:13.468Z
"https://leetcode.com/problems/minimum-operations-to-make-the-array-beautiful/","Minimum Operations to Make the Array Beautiful","DYNAMIC PROGRAMMING","MEDIUM",1029,,"CLEAR",,true,2026-07-21T18:50:04.000Z,2026-08-28T15:52:13.468Z
"https://leetcode.com/problems/minimum-partition-score/","Minimum Partition Score","DYNAMIC PROGRAMMING","HARD",21069,,"CLEAR",,true,2026-07-21T18:50:04.000Z,2026-08-28T15:52:13.468Z
"https://leetcode.com/problems/minimum-partition-score-ii/","Minimum Partition Score II","DYNAMIC PROGRAMMING","HARD",276,,"CLEAR",,true,2026-07-21T18:50:04.000Z,2026-08-28T15:52:13.468Z
"https://leetcode.com/problems/minimum-path-cost-in-a-grid/","Minimum Path Cost in a Grid","DYNAMIC PROGRAMMING","MEDIUM",62060,,"CLEAR",,true,2026-07-21T18:50:04.000Z,2026-08-28T15:52:13.468Z
"https://leetcode.com/problems/minimum-path-sum/","Minimum Path Sum","DYNAMIC PROGRAMMING","MEDIUM",2820221,,"CLEAR",,true,2026-07-21T18:50:04.000Z,2026-08-28T15:52:13.468Z
"https://leetcode.com/problems/minimum-score-triangulation-of-polygon/","Minimum Score Triangulation of Polygon","DYNAMIC PROGRAMMING","MEDIUM",212936,,"CLEAR",,true,2026-07-21T18:50:04.000Z,2026-08-28T15:52:13.468Z
"https://leetcode.com/problems/minimum-sideway-jumps/","Minimum Sideway Jumps","DYNAMIC PROGRAMMING","MEDIUM",117150,,"CLEAR",,true,2026-07-21T18:50:04.000Z,2026-08-28T15:52:13.468Z
"https://leetcode.com/problems/minimum-skips-to-arrive-at-meeting-on-time/","Minimum Skips to Arrive at Meeting On Time","DYNAMIC PROGRAMMING","HARD",23133,,"CLEAR",,true,2026-07-21T18:50:04.000Z,2026-08-28T15:52:13.468Z
"https://leetcode.com/problems/minimum-split-into-subarrays-with-gcd-greater-than-one/","Minimum Split Into Subarrays With GCD Greater Than One","DYNAMIC PROGRAMMING","MEDIUM",4233,,"CLEAR",,true,2026-07-21T18:50:04.000Z,2026-08-28T15:52:13.468Z
"https://leetcode.com/problems/minimum-steps-to-convert-string-with-operations/","Minimum Steps to Convert String with Operations","DYNAMIC PROGRAMMING","HARD",10371,,"CLEAR",,true,2026-07-21T18:50:04.000Z,2026-08-28T15:52:13.468Z
"https://leetcode.com/problems/minimum-subarrays-in-a-valid-split/","Minimum Subarrays in a Valid Split","DYNAMIC PROGRAMMING","MEDIUM",5562,,"CLEAR",,true,2026-07-21T18:50:04.000Z,2026-08-28T15:52:13.468Z
"https://leetcode.com/problems/minimum-substring-partition-of-equal-character-frequency/","Minimum Substring Partition of Equal Character Frequency","DYNAMIC PROGRAMMING","MEDIUM",46898,,"CLEAR",,true,2026-07-21T18:50:04.000Z,2026-08-28T15:52:13.468Z
"https://leetcode.com/problems/minimum-sum-after-divisible-sum-deletions/","Minimum Sum After Divisible Sum Deletions","DYNAMIC PROGRAMMING","MEDIUM",64185,,"CLEAR",,true,2026-07-21T18:50:04.000Z,2026-08-28T15:52:13.468Z
"https://leetcode.com/problems/minimum-swaps-to-make-sequences-increasing/","Minimum Swaps To Make Sequences Increasing","DYNAMIC PROGRAMMING","HARD",243209,,"CLEAR",,true,2026-07-21T18:50:04.000Z,2026-08-28T15:52:13.468Z
"https://leetcode.com/problems/minimum-time-to-finish-the-race/","Minimum Time to Finish the Race","DYNAMIC PROGRAMMING","HARD",37269,,"CLEAR",,true,2026-07-21T18:50:04.000Z,2026-08-28T15:52:13.468Z
"https://leetcode.com/problems/minimum-time-to-make-array-sum-at-most-x/","Minimum Time to Make Array Sum At Most x","DYNAMIC PROGRAMMING","HARD",25155,,"CLEAR",,true,2026-07-21T18:50:04.000Z,2026-08-28T15:52:13.468Z
"https://leetcode.com/problems/minimum-time-to-make-rope-colorful/","Minimum Time to Make Rope Colorful","DYNAMIC PROGRAMMING","MEDIUM",632372,,"CLEAR",,true,2026-07-21T18:50:04.000Z,2026-08-28T15:52:13.468Z
"https://leetcode.com/problems/minimum-time-to-reach-target-with-limited-power/","Minimum Time to Reach Target With Limited Power","DYNAMIC PROGRAMMING","HARD",24736,,"CLEAR",,true,2026-07-21T18:50:04.000Z,2026-08-28T15:52:13.468Z
"https://leetcode.com/problems/minimum-time-to-remove-all-cars-containing-illegal-goods/","Minimum Time to Remove All Cars Containing Illegal Goods","DYNAMIC PROGRAMMING","HARD",37332,,"CLEAR",,true,2026-07-21T18:50:04.000Z,2026-08-28T15:52:13.468Z
"https://leetcode.com/problems/minimum-total-distance-traveled/","Minimum Total Distance Traveled","DYNAMIC PROGRAMMING","HARD",215316,,"CLEAR",,true,2026-07-21T18:50:04.000Z,2026-08-28T15:52:13.468Z
"https://leetcode.com/problems/minimum-total-space-wasted-with-k-resizing-operations/","Minimum Total Space Wasted With K Resizing Operations","DYNAMIC PROGRAMMING","MEDIUM",26153,,"CLEAR",,true,2026-07-21T18:50:04.000Z,2026-08-28T15:52:13.468Z
"https://leetcode.com/problems/minimum-white-tiles-after-covering-with-carpets/","Minimum White Tiles After Covering With Carpets","DYNAMIC PROGRAMMING","HARD",42808,,"CLEAR",,true,2026-07-21T18:50:04.000Z,2026-08-28T15:52:13.468Z
"https://leetcode.com/problems/minimum-window-subsequence/","Minimum Window Subsequence","DYNAMIC PROGRAMMING","HARD",227234,,"CLEAR",,true,2026-07-21T18:50:04.000Z,2026-08-28T15:52:13.468Z
"https://leetcode.com/problems/most-expensive-item-that-can-not-be-bought/","Most Expensive Item That Can Not Be Bought","DYNAMIC PROGRAMMING","MEDIUM",8187,,"CLEAR",,true,2026-07-21T18:50:04.000Z,2026-08-28T15:52:13.468Z
"https://leetcode.com/problems/n-th-tribonacci-number/","N-th Tribonacci Number","DYNAMIC PROGRAMMING","EASY",1771611,,"CLEAR",,true,2026-07-21T18:50:04.000Z,2026-08-28T15:52:13.468Z
"https://leetcode.com/problems/network-recovery-pathways/","Network Recovery Pathways","DYNAMIC PROGRAMMING","HARD",170976,,"CLEAR",,true,2026-07-21T18:50:04.000Z,2026-08-28T15:52:13.468Z
"https://leetcode.com/problems/new-21-game/","New 21 Game","DYNAMIC PROGRAMMING","MEDIUM",313275,,"CLEAR",,true,2026-07-21T18:50:04.000Z,2026-08-28T15:52:13.468Z
"https://leetcode.com/problems/non-negative-integers-without-consecutive-ones/","Non-negative Integers without Consecutive Ones","DYNAMIC PROGRAMMING","HARD",128060,,"CLEAR",,true,2026-07-21T18:50:04.000Z,2026-08-28T15:52:13.468Z
"https://leetcode.com/problems/non-overlapping-intervals/","Non-overlapping Intervals","DYNAMIC PROGRAMMING","MEDIUM",1868222,,"CLEAR",,true,2026-07-21T18:50:04.000Z,2026-08-28T15:52:13.468Z
"https://leetcode.com/problems/number-of-balanced-integers-in-a-range/","Number of Balanced Integers in a Range","DYNAMIC PROGRAMMING","HARD",23202,,"CLEAR",,true,2026-07-21T18:50:04.000Z,2026-08-28T15:52:13.468Z
"https://leetcode.com/problems/number-of-beautiful-integers-in-the-range/","Number of Beautiful Integers in the Range","DYNAMIC PROGRAMMING","HARD",64412,,"CLEAR",,true,2026-07-21T18:50:04.000Z,2026-08-28T15:52:13.468Z
"https://leetcode.com/problems/number-of-beautiful-partitions/","Number of Beautiful Partitions","DYNAMIC PROGRAMMING","HARD",41428,,"CLEAR",,true,2026-07-21T18:50:04.000Z,2026-08-28T15:52:13.468Z
"https://leetcode.com/problems/number-of-corner-rectangles/","Number Of Corner Rectangles","DYNAMIC PROGRAMMING","MEDIUM",59537,,"CLEAR",,true,2026-07-21T18:50:04.000Z,2026-08-28T15:52:13.468Z
"https://leetcode.com/problems/number-of-dice-rolls-with-target-sum/","Number of Dice Rolls With Target Sum","DYNAMIC PROGRAMMING","MEDIUM",574120,,"CLEAR",,true,2026-07-21T18:50:04.000Z,2026-08-28T15:52:13.468Z
"https://leetcode.com/problems/number-of-digit-one/","Number of Digit One","DYNAMIC PROGRAMMING","HARD",391818,,"CLEAR",,true,2026-07-21T18:50:04.000Z,2026-08-28T15:52:13.468Z
"https://leetcode.com/problems/number-of-distinct-roll-sequences/","Number of Distinct Roll Sequences","DYNAMIC PROGRAMMING","HARD",25026,,"CLEAR",,true,2026-07-21T18:50:04.000Z,2026-08-28T15:52:13.468Z
"https://leetcode.com/problems/number-of-good-binary-strings/","Number of Good Binary Strings","DYNAMIC PROGRAMMING","MEDIUM",14808,,"CLEAR",,true,2026-07-21T18:50:04.000Z,2026-08-28T15:52:13.468Z
"https://leetcode.com/problems/number-of-great-partitions/","Number of Great Partitions","DYNAMIC PROGRAMMING","HARD",42378,,"CLEAR",,true,2026-07-21T18:50:04.000Z,2026-08-28T15:52:13.468Z
"https://leetcode.com/problems/number-of-increasing-paths-in-a-grid/","Number of Increasing Paths in a Grid","DYNAMIC PROGRAMMING","HARD",148495,,"CLEAR",,true,2026-07-21T18:50:04.000Z,2026-08-28T15:52:13.468Z
"https://leetcode.com/problems/number-of-longest-increasing-subsequence/","Number of Longest Increasing Subsequence","DYNAMIC PROGRAMMING","MEDIUM",678671,,"CLEAR",,true,2026-07-21T18:50:04.000Z,2026-08-28T15:52:13.468Z
"https://leetcode.com/problems/number-of-matching-subsequences/","Number of Matching Subsequences","DYNAMIC PROGRAMMING","MEDIUM",554890,,"CLEAR",,true,2026-07-21T18:50:04.000Z,2026-08-28T15:52:13.468Z
"https://leetcode.com/problems/number-of-music-playlists/","Number of Music Playlists","DYNAMIC PROGRAMMING","HARD",133849,,"CLEAR",,true,2026-07-21T18:50:04.000Z,2026-08-28T15:52:13.468Z
"https://leetcode.com/problems/number-of-paths-with-max-score/","Number of Paths with Max Score","DYNAMIC PROGRAMMING","HARD",140699,,"CLEAR",,true,2026-07-21T18:50:04.000Z,2026-08-28T15:52:13.468Z
"https://leetcode.com/problems/number-of-people-aware-of-a-secret/","Number of People Aware of a Secret","DYNAMIC PROGRAMMING","MEDIUM",212320,,"CLEAR",,true,2026-07-21T18:50:04.000Z,2026-08-28T15:52:13.468Z
"https://leetcode.com/problems/number-of-restricted-paths-from-first-to-last-node/","Number of Restricted Paths From First to Last Node","DYNAMIC PROGRAMMING","MEDIUM",88016,,"CLEAR",,true,2026-07-21T18:50:04.000Z,2026-08-28T15:52:13.468Z
"https://leetcode.com/problems/number-of-sets-of-k-non-overlapping-line-segments/","Number of Sets of K Non-Overlapping Line Segments","DYNAMIC PROGRAMMING","MEDIUM",29874,,"CLEAR",,true,2026-07-21T18:50:04.000Z,2026-08-28T15:52:13.468Z
"https://leetcode.com/problems/number-of-smooth-descent-periods-of-a-stock/","Number of Smooth Descent Periods of a Stock","DYNAMIC PROGRAMMING","MEDIUM",216156,,"CLEAR",,true,2026-07-21T18:50:04.000Z,2026-08-28T15:52:13.468Z
"https://leetcode.com/problems/number-of-stable-subsequences/","Number of Stable Subsequences","DYNAMIC PROGRAMMING","HARD",41653,,"CLEAR",,true,2026-07-21T18:50:04.000Z,2026-08-28T15:52:13.468Z
"https://leetcode.com/problems/number-of-strings-which-can-be-rearranged-to-contain-substring/","Number of Strings Which Can Be Rearranged to Contain Substring","DYNAMIC PROGRAMMING","MEDIUM",16246,,"CLEAR",,true,2026-07-21T18:50:04.000Z,2026-08-28T15:52:13.468Z
"https://leetcode.com/problems/number-of-sub-arrays-with-odd-sum/","Number of Sub-arrays With Odd Sum","DYNAMIC PROGRAMMING","MEDIUM",321847,,"CLEAR",,true,2026-07-21T18:50:04.000Z,2026-08-28T15:52:13.468Z
"https://leetcode.com/problems/number-of-subarrays-having-even-product/","Number of Subarrays Having Even Product","DYNAMIC PROGRAMMING","MEDIUM",4567,,"CLEAR",,true,2026-07-21T18:50:04.000Z,2026-08-28T15:52:13.468Z
"https://leetcode.com/problems/number-of-subsequences-with-odd-sum/","Number of Subsequences with Odd Sum","DYNAMIC PROGRAMMING","MEDIUM",2408,,"CLEAR",,true,2026-07-21T18:50:04.000Z,2026-08-28T15:52:13.468Z
"https://leetcode.com/problems/number-of-unique-good-subsequences/","Number of Unique Good Subsequences","DYNAMIC PROGRAMMING","HARD",33427,,"CLEAR",,true,2026-07-21T18:50:04.000Z,2026-08-28T15:52:13.468Z
"https://leetcode.com/problems/number-of-ways-of-cutting-a-pizza/","Number of Ways of Cutting a Pizza","DYNAMIC PROGRAMMING","HARD",126083,,"CLEAR",,true,2026-07-21T18:50:04.000Z,2026-08-28T15:52:13.468Z
"https://leetcode.com/problems/number-of-ways-to-arrive-at-destination/","Number of Ways to Arrive at Destination","DYNAMIC PROGRAMMING","MEDIUM",739498,,"CLEAR",,true,2026-07-21T18:50:04.000Z,2026-08-28T15:52:13.468Z
"https://leetcode.com/problems/number-of-ways-to-build-house-of-cards/","Number of Ways to Build House of Cards","DYNAMIC PROGRAMMING","MEDIUM",6347,,"CLEAR",,true,2026-07-21T18:50:04.000Z,2026-08-28T15:52:13.468Z
"https://leetcode.com/problems/number-of-ways-to-divide-a-long-corridor/","Number of Ways to Divide a Long Corridor","DYNAMIC PROGRAMMING","HARD",261534,,"CLEAR",,true,2026-07-21T18:50:04.000Z,2026-08-28T15:52:13.468Z
"https://leetcode.com/problems/number-of-ways-to-earn-points/","Number of Ways to Earn Points","DYNAMIC PROGRAMMING","HARD",41601,,"CLEAR",,true,2026-07-21T18:50:04.000Z,2026-08-28T15:52:13.468Z
"https://leetcode.com/problems/number-of-ways-to-form-a-target-string-given-a-dictionary/","Number of Ways to Form a Target String Given a Dictionary","DYNAMIC PROGRAMMING","HARD",240066,,"CLEAR",,true,2026-07-21T18:50:04.000Z,2026-08-28T15:52:13.468Z
"https://leetcode.com/problems/number-of-ways-to-paint-n-3-grid/","Number of Ways to Paint N × 3 Grid","DYNAMIC PROGRAMMING","HARD",170519,,"CLEAR",,true,2026-07-21T18:50:04.000Z,2026-08-28T15:52:13.468Z
"https://leetcode.com/problems/number-of-ways-to-reach-a-position-after-exactly-k-steps/","Number of Ways to Reach a Position After Exactly k Steps","DYNAMIC PROGRAMMING","MEDIUM",109341,,"CLEAR",,true,2026-07-21T18:50:04.000Z,2026-08-28T15:52:13.468Z
"https://leetcode.com/problems/number-of-ways-to-reach-destination-in-the-grid/","Number of Ways to Reach Destination in the Grid","DYNAMIC PROGRAMMING","HARD",2096,,"CLEAR",,true,2026-07-21T18:50:04.000Z,2026-08-28T15:52:13.468Z
"https://leetcode.com/problems/number-of-ways-to-rearrange-sticks-with-k-sticks-visible/","Number of Ways to Rearrange Sticks With K Sticks Visible","DYNAMIC PROGRAMMING","HARD",40626,,"CLEAR",,true,2026-07-21T18:50:04.000Z,2026-08-28T15:52:13.468Z
"https://leetcode.com/problems/number-of-ways-to-reorder-array-to-get-same-bst/","Number of Ways to Reorder Array to Get Same BST","DYNAMIC PROGRAMMING","HARD",118371,,"CLEAR",,true,2026-07-21T18:50:04.000Z,2026-08-28T15:52:13.468Z
"https://leetcode.com/problems/number-of-ways-to-select-buildings/","Number of Ways to Select Buildings","DYNAMIC PROGRAMMING","MEDIUM",108147,,"CLEAR",,true,2026-07-21T18:50:04.000Z,2026-08-28T15:52:13.468Z
"https://leetcode.com/problems/number-of-ways-to-separate-numbers/","Number of Ways to Separate Numbers","DYNAMIC PROGRAMMING","HARD",40872,,"CLEAR",,true,2026-07-21T18:50:04.000Z,2026-08-28T15:52:13.468Z
"https://leetcode.com/problems/number-of-ways-to-stay-in-the-same-place-after-some-steps/","Number of Ways to Stay in the Same Place After Some Steps","DYNAMIC PROGRAMMING","HARD",209803,,"CLEAR",,true,2026-07-21T18:50:04.000Z,2026-08-28T15:52:13.468Z
"https://leetcode.com/problems/number-of-zigzag-arrays-i/","Number of ZigZag Arrays I","DYNAMIC PROGRAMMING","HARD",172302,,"CLEAR",,true,2026-07-21T18:50:04.000Z,2026-08-28T15:52:13.468Z
"https://leetcode.com/problems/number-of-zigzag-arrays-ii/","Number of ZigZag Arrays II","DYNAMIC PROGRAMMING","HARD",107237,,"CLEAR",,true,2026-07-21T18:50:04.000Z,2026-08-28T15:52:13.468Z
"https://leetcode.com/problems/number-of-zigzag-arrays-iii/","Number of ZigZag Arrays III","DYNAMIC PROGRAMMING","HARD",402,,"CLEAR",,true,2026-07-21T18:50:04.000Z,2026-08-28T15:52:13.468Z
"https://leetcode.com/problems/numbers-at-most-n-given-digit-set/","Numbers At Most N Given Digit Set","DYNAMIC PROGRAMMING","HARD",126036,,"CLEAR",,true,2026-07-21T18:50:04.000Z,2026-08-28T15:52:13.468Z
"https://leetcode.com/problems/numbers-with-repeated-digits/","Numbers With Repeated Digits","DYNAMIC PROGRAMMING","HARD",58497,,"CLEAR",,true,2026-07-21T18:50:04.000Z,2026-08-28T15:52:13.468Z
"https://leetcode.com/problems/odd-even-jump/","Odd Even Jump","DYNAMIC PROGRAMMING","HARD",255946,,"CLEAR",,true,2026-07-21T18:50:04.000Z,2026-08-28T15:52:13.468Z
"https://leetcode.com/problems/ones-and-zeroes/","Ones and Zeroes","DYNAMIC PROGRAMMING","MEDIUM",671390,,"CLEAR",,true,2026-07-21T18:50:04.000Z,2026-08-28T15:52:13.468Z
"https://leetcode.com/problems/optimal-division/","Optimal Division","DYNAMIC PROGRAMMING","MEDIUM",85116,,"CLEAR",,true,2026-07-21T18:50:04.000Z,2026-08-28T15:52:13.468Z
"https://leetcode.com/problems/out-of-boundary-paths/","Out of Boundary Paths","DYNAMIC PROGRAMMING","MEDIUM",480931,,"CLEAR",,true,2026-07-21T18:50:04.000Z,2026-08-28T15:52:13.468Z
"https://leetcode.com/problems/paint-fence/","Paint Fence","DYNAMIC PROGRAMMING","MEDIUM",270105,,"CLEAR",,true,2026-07-21T18:50:04.000Z,2026-08-28T15:52:13.468Z
"https://leetcode.com/problems/paint-house/","Paint House","DYNAMIC PROGRAMMING","MEDIUM",384923,,"CLEAR",,true,2026-07-21T18:50:04.000Z,2026-08-28T15:52:13.468Z
"https://leetcode.com/problems/paint-house-ii/","Paint House II","DYNAMIC PROGRAMMING","HARD",255030,,"CLEAR",,true,2026-07-21T18:50:04.000Z,2026-08-28T15:52:13.468Z
"https://leetcode.com/problems/paint-house-iii/","Paint House III","DYNAMIC PROGRAMMING","HARD",120795,,"CLEAR",,true,2026-07-21T18:50:04.000Z,2026-08-28T15:52:13.468Z
"https://leetcode.com/problems/paint-house-iv/","Paint House IV","DYNAMIC PROGRAMMING","MEDIUM",25323,,"CLEAR",,true,2026-07-21T18:50:04.000Z,2026-08-28T15:52:13.468Z
"https://leetcode.com/problems/painting-a-grid-with-three-different-colors/","Painting a Grid With Three Different Colors","DYNAMIC PROGRAMMING","HARD",99875,,"CLEAR",,true,2026-07-21T18:50:04.000Z,2026-08-28T15:52:13.468Z
"https://leetcode.com/problems/painting-the-walls/","Painting the Walls","DYNAMIC PROGRAMMING","HARD",168487,,"CLEAR",,true,2026-07-21T18:50:04.000Z,2026-08-28T15:52:13.468Z
"https://leetcode.com/problems/palindrome-partitioning/","Palindrome Partitioning","DYNAMIC PROGRAMMING","MEDIUM",1873656,,"CLEAR",,true,2026-07-21T18:50:04.000Z,2026-08-28T15:52:13.468Z
"https://leetcode.com/problems/palindrome-partitioning-ii/","Palindrome Partitioning II","DYNAMIC PROGRAMMING","HARD",1149452,,"CLEAR",,true,2026-07-21T18:50:04.000Z,2026-08-28T15:52:13.468Z
"https://leetcode.com/problems/palindrome-partitioning-iii/","Palindrome Partitioning III","DYNAMIC PROGRAMMING","HARD",63987,,"CLEAR",,true,2026-07-21T18:50:04.000Z,2026-08-28T15:52:13.468Z
"https://leetcode.com/problems/palindrome-partitioning-iv/","Palindrome Partitioning IV","DYNAMIC PROGRAMMING","HARD",76529,,"CLEAR",,true,2026-07-21T18:50:04.000Z,2026-08-28T15:52:13.468Z
"https://leetcode.com/problems/palindrome-removal/","Palindrome Removal","DYNAMIC PROGRAMMING","HARD",26186,,"CLEAR",,true,2026-07-21T18:50:04.000Z,2026-08-28T15:52:13.468Z
"https://leetcode.com/problems/palindromic-substrings/","Palindromic Substrings","DYNAMIC PROGRAMMING","MEDIUM",1672240,,"CLEAR",,true,2026-07-21T18:50:04.000Z,2026-08-28T15:52:13.468Z
"https://leetcode.com/problems/parallel-courses-iii/","Parallel Courses III","DYNAMIC PROGRAMMING","HARD",181927,,"CLEAR",,true,2026-07-21T18:50:04.000Z,2026-08-28T15:52:13.468Z
"https://leetcode.com/problems/partition-array-for-maximum-sum/","Partition Array for Maximum Sum","DYNAMIC PROGRAMMING","MEDIUM",361155,,"CLEAR",,true,2026-07-21T18:50:04.000Z,2026-08-28T15:52:13.468Z
"https://leetcode.com/problems/partition-equal-subset-sum/","Partition Equal Subset Sum","DYNAMIC PROGRAMMING","MEDIUM",3170615,,"CLEAR",,true,2026-07-21T18:50:04.000Z,2026-08-28T15:52:13.468Z
"https://leetcode.com/problems/partition-string-into-minimum-beautiful-substrings/","Partition String Into Minimum Beautiful Substrings","DYNAMIC PROGRAMMING","MEDIUM",42409,,"CLEAR",,true,2026-07-21T18:50:04.000Z,2026-08-28T15:52:13.468Z
"https://leetcode.com/problems/partition-string-into-substrings-with-values-at-most-k/","Partition String Into Substrings With Values at Most K","DYNAMIC PROGRAMMING","MEDIUM",57643,,"CLEAR",,true,2026-07-21T18:50:04.000Z,2026-08-28T15:52:13.468Z
"https://leetcode.com/problems/pascals-triangle/","Pascal's Triangle","DYNAMIC PROGRAMMING","EASY",3503427,,"CLEAR",,true,2026-07-21T18:50:04.000Z,2026-08-28T15:52:13.468Z
"https://leetcode.com/problems/pascals-triangle-ii/","Pascal's Triangle II","DYNAMIC PROGRAMMING","EASY",1868317,,"CLEAR",,true,2026-07-21T18:50:04.000Z,2026-08-28T15:52:13.468Z
"https://leetcode.com/problems/paths-in-matrix-whose-sum-is-divisible-by-k/","Paths in Matrix Whose Sum Is Divisible by K","DYNAMIC PROGRAMMING","HARD",181930,,"CLEAR",,true,2026-07-21T18:50:04.000Z,2026-08-28T15:52:13.468Z
"https://leetcode.com/problems/perfect-squares/","Perfect Squares","DYNAMIC PROGRAMMING","MEDIUM",1907954,,"CLEAR",,true,2026-07-21T18:50:04.000Z,2026-08-28T15:52:13.468Z
"https://leetcode.com/problems/pizza-with-3n-slices/","Pizza With 3n Slices","DYNAMIC PROGRAMMING","HARD",72927,,"CLEAR",,true,2026-07-21T18:50:04.000Z,2026-08-28T15:52:13.468Z
"https://leetcode.com/problems/poor-pigs/","Poor Pigs","DYNAMIC PROGRAMMING","HARD",229313,,"CLEAR",,true,2026-07-21T18:50:04.000Z,2026-08-28T15:52:13.468Z
"https://leetcode.com/problems/power-of-heroes/","Power of Heroes","DYNAMIC PROGRAMMING","HARD",42083,,"CLEAR",,true,2026-07-21T18:50:04.000Z,2026-08-28T15:52:13.468Z
"https://leetcode.com/problems/predict-the-winner/","Predict the Winner","DYNAMIC PROGRAMMING","MEDIUM",527909,,"CLEAR",,true,2026-07-21T18:50:04.000Z,2026-08-28T15:52:13.468Z
"https://leetcode.com/problems/probability-of-a-two-boxes-having-the-same-number-of-distinct-balls/","Probability of a Two Boxes Having The Same Number of Distinct Balls","DYNAMIC PROGRAMMING","HARD",20073,,"CLEAR",,true,2026-07-21T18:50:04.000Z,2026-08-28T15:52:13.468Z
"https://leetcode.com/problems/profitable-schemes/","Profitable Schemes","DYNAMIC PROGRAMMING","HARD",169081,,"CLEAR",,true,2026-07-21T18:50:04.000Z,2026-08-28T15:52:13.468Z
"https://leetcode.com/problems/push-dominoes/","Push Dominoes","DYNAMIC PROGRAMMING","MEDIUM",367589,,"CLEAR",,true,2026-07-21T18:50:04.000Z,2026-08-28T15:52:13.468Z
"https://leetcode.com/problems/race-car/","Race Car","DYNAMIC PROGRAMMING","HARD",242003,,"CLEAR",,true,2026-07-21T18:50:04.000Z,2026-08-28T15:52:13.468Z
"https://leetcode.com/problems/reducing-dishes/","Reducing Dishes","DYNAMIC PROGRAMMING","HARD",247968,,"CLEAR",,true,2026-07-21T18:50:04.000Z,2026-08-28T15:52:13.468Z
"https://leetcode.com/problems/regular-expression-matching/","Regular Expression Matching","DYNAMIC PROGRAMMING","HARD",4612601,,"CLEAR",,true,2026-07-21T18:50:04.000Z,2026-08-28T15:52:13.468Z
"https://leetcode.com/problems/remove-adjacent-almost-equal-characters/","Remove Adjacent Almost-Equal Characters","DYNAMIC PROGRAMMING","MEDIUM",58092,,"CLEAR",,true,2026-07-21T18:50:04.000Z,2026-08-28T15:52:13.468Z
"https://leetcode.com/problems/remove-boxes/","Remove Boxes","DYNAMIC PROGRAMMING","HARD",130883,,"CLEAR",,true,2026-07-21T18:50:04.000Z,2026-08-28T15:52:13.468Z
"https://leetcode.com/problems/restore-the-array/","Restore The Array","DYNAMIC PROGRAMMING","HARD",148460,,"CLEAR",,true,2026-07-21T18:50:04.000Z,2026-08-28T15:52:13.468Z
"https://leetcode.com/problems/rotate-function/","Rotate Function","DYNAMIC PROGRAMMING","MEDIUM",380948,,"CLEAR",,true,2026-07-21T18:50:04.000Z,2026-08-28T15:52:13.468Z
"https://leetcode.com/problems/rotated-digits/","Rotated Digits","DYNAMIC PROGRAMMING","MEDIUM",350023,,"CLEAR",,true,2026-07-21T18:50:04.000Z,2026-08-28T15:52:13.468Z
"https://leetcode.com/problems/russian-doll-envelopes/","Russian Doll Envelopes","DYNAMIC PROGRAMMING","HARD",795947,,"CLEAR",,true,2026-07-21T18:50:04.000Z,2026-08-28T15:52:13.468Z
"https://leetcode.com/problems/scramble-string/","Scramble String","DYNAMIC PROGRAMMING","HARD",729480,,"CLEAR",,true,2026-07-21T18:50:04.000Z,2026-08-28T15:52:13.468Z
"https://leetcode.com/problems/select-k-disjoint-special-substrings/","Select K Disjoint Special Substrings","DYNAMIC PROGRAMMING","MEDIUM",60031,,"CLEAR",,true,2026-07-21T18:50:04.000Z,2026-08-28T15:52:13.468Z
"https://leetcode.com/problems/selling-pieces-of-wood/","Selling Pieces of Wood","DYNAMIC PROGRAMMING","HARD",30564,,"CLEAR",,true,2026-07-21T18:50:04.000Z,2026-08-28T15:52:13.468Z
"https://leetcode.com/problems/sentence-screen-fitting/","Sentence Screen Fitting","DYNAMIC PROGRAMMING","MEDIUM",294954,,"CLEAR",,true,2026-07-21T18:50:04.000Z,2026-08-28T15:52:13.468Z
"https://leetcode.com/problems/shortest-common-supersequence/","Shortest Common Supersequence ","DYNAMIC PROGRAMMING","HARD",532361,,"CLEAR",,true,2026-07-21T18:50:04.000Z,2026-08-28T15:52:13.468Z
"https://leetcode.com/problems/shortest-distance-to-target-color/","Shortest Distance to Target Color","DYNAMIC PROGRAMMING","MEDIUM",73355,,"CLEAR",,true,2026-07-21T18:50:04.000Z,2026-08-28T15:52:13.468Z
"https://leetcode.com/problems/sliding-puzzle/","Sliding Puzzle","DYNAMIC PROGRAMMING","HARD",274384,,"CLEAR",,true,2026-07-21T18:50:04.000Z,2026-08-28T15:52:13.468Z
"https://leetcode.com/problems/smallest-missing-genetic-value-in-each-subtree/","Smallest Missing Genetic Value in Each Subtree","DYNAMIC PROGRAMMING","HARD",24471,,"CLEAR",,true,2026-07-21T18:50:04.000Z,2026-08-28T15:52:13.468Z
"https://leetcode.com/problems/solving-questions-with-brainpower/","Solving Questions With Brainpower","DYNAMIC PROGRAMMING","MEDIUM",435082,,"CLEAR",,true,2026-07-21T18:50:04.000Z,2026-08-28T15:52:13.468Z
"https://leetcode.com/problems/sort-integers-by-the-power-value/","Sort Integers by The Power Value","DYNAMIC PROGRAMMING","MEDIUM",173530,,"CLEAR",,true,2026-07-21T18:50:04.000Z,2026-08-28T15:52:13.468Z
"https://leetcode.com/problems/sorting-three-groups/","Sorting Three Groups","DYNAMIC PROGRAMMING","MEDIUM",63325,,"CLEAR",,true,2026-07-21T18:50:04.000Z,2026-08-28T15:52:13.468Z
"https://leetcode.com/problems/soup-servings/","Soup Servings","DYNAMIC PROGRAMMING","MEDIUM",256062,,"CLEAR",,true,2026-07-21T18:50:04.000Z,2026-08-28T15:52:13.468Z
"https://leetcode.com/problems/split-array-largest-sum/","Split Array Largest Sum","DYNAMIC PROGRAMMING","HARD",1120308,,"CLEAR",,true,2026-07-21T18:50:04.000Z,2026-08-28T15:52:13.468Z
"https://leetcode.com/problems/steps-to-make-array-non-decreasing/","Steps to Make Array Non-decreasing","DYNAMIC PROGRAMMING","MEDIUM",130319,,"CLEAR",,true,2026-07-21T18:50:04.000Z,2026-08-28T15:52:13.468Z
"https://leetcode.com/problems/stone-game/","Stone Game","DYNAMIC PROGRAMMING","MEDIUM",474313,,"CLEAR",,true,2026-07-21T18:50:04.000Z,2026-08-28T15:52:13.468Z
"https://leetcode.com/problems/stone-game-ii/","Stone Game II","DYNAMIC PROGRAMMING","MEDIUM",276560,,"CLEAR",,true,2026-07-21T18:50:04.000Z,2026-08-28T15:52:13.468Z
"https://leetcode.com/problems/stone-game-iii/","Stone Game III","DYNAMIC PROGRAMMING","HARD",181131,,"CLEAR",,true,2026-07-21T18:50:04.000Z,2026-08-28T15:52:13.468Z
"https://leetcode.com/problems/stone-game-iv/","Stone Game IV","DYNAMIC PROGRAMMING","HARD",142084,,"CLEAR",,true,2026-07-21T18:50:04.000Z,2026-08-28T15:52:13.468Z
"https://leetcode.com/problems/stone-game-v/","Stone Game V","DYNAMIC PROGRAMMING","HARD",64837,,"CLEAR",,true,2026-07-21T18:50:04.000Z,2026-08-28T15:52:13.468Z
"https://leetcode.com/problems/stone-game-vii/","Stone Game VII","DYNAMIC PROGRAMMING","MEDIUM",76472,,"CLEAR",,true,2026-07-21T18:50:04.000Z,2026-08-28T15:52:13.468Z
"https://leetcode.com/problems/stone-game-viii/","Stone Game VIII","DYNAMIC PROGRAMMING","HARD",25178,,"CLEAR",,true,2026-07-21T18:50:04.000Z,2026-08-28T15:52:13.468Z
"https://leetcode.com/problems/strange-printer/","Strange Printer","DYNAMIC PROGRAMMING","HARD",269664,,"CLEAR",,true,2026-07-21T18:50:04.000Z,2026-08-28T15:52:13.468Z
"https://leetcode.com/problems/string-compression-ii/","String Compression II","DYNAMIC PROGRAMMING","HARD",204928,,"CLEAR",,true,2026-07-21T18:50:04.000Z,2026-08-28T15:52:13.468Z
"https://leetcode.com/problems/string-transformation/","String Transformation","DYNAMIC PROGRAMMING","HARD",26544,,"CLEAR",,true,2026-07-21T18:50:04.000Z,2026-08-28T15:52:13.468Z
"https://leetcode.com/problems/student-attendance-record-ii/","Student Attendance Record II","DYNAMIC PROGRAMMING","HARD",285257,,"CLEAR",,true,2026-07-21T18:50:04.000Z,2026-08-28T15:52:13.468Z
"https://leetcode.com/problems/subsequence-sum-after-capping-elements/","Subsequence Sum After Capping Elements","DYNAMIC PROGRAMMING","MEDIUM",81327,,"CLEAR",,true,2026-07-21T18:50:04.000Z,2026-08-28T15:52:13.468Z
"https://leetcode.com/problems/substring-with-largest-variance/","Substring With Largest Variance","DYNAMIC PROGRAMMING","HARD",166978,,"CLEAR",,true,2026-07-21T18:50:04.000Z,2026-08-28T15:52:13.468Z
"https://leetcode.com/problems/subtree-inversion-sum/","Subtree Inversion Sum","DYNAMIC PROGRAMMING","HARD",10273,,"CLEAR",,true,2026-07-21T18:50:04.000Z,2026-08-28T15:52:13.468Z
"https://leetcode.com/problems/subtree-inversion-sum-ii/","Subtree Inversion Sum II","DYNAMIC PROGRAMMING","HARD",345,,"CLEAR",,true,2026-07-21T18:50:04.000Z,2026-08-28T15:52:13.468Z
"https://leetcode.com/problems/subtree-removal-game-with-fibonacci-tree/","Subtree Removal Game with Fibonacci Tree","DYNAMIC PROGRAMMING","HARD",1646,,"CLEAR",,true,2026-07-21T18:50:04.000Z,2026-08-28T15:52:13.468Z
"https://leetcode.com/problems/sum-of-consecutive-subarrays/","Sum of Consecutive Subarrays","DYNAMIC PROGRAMMING","MEDIUM",2141,,"CLEAR",,true,2026-07-21T18:50:04.000Z,2026-08-28T15:52:13.468Z
"https://leetcode.com/problems/sum-of-consecutive-subsequences/","Sum of Consecutive Subsequences","DYNAMIC PROGRAMMING","HARD",1301,,"CLEAR",,true,2026-07-21T18:50:04.000Z,2026-08-28T15:52:13.468Z
"https://leetcode.com/problems/sum-of-distances-in-tree/","Sum of Distances in Tree","DYNAMIC PROGRAMMING","HARD",285908,,"CLEAR",,true,2026-07-21T18:50:04.000Z,2026-08-28T15:52:13.468Z
"https://leetcode.com/problems/sum-of-good-subsequences/","Sum of Good Subsequences","DYNAMIC PROGRAMMING","HARD",40534,,"CLEAR",,true,2026-07-21T18:50:04.000Z,2026-08-28T15:52:13.468Z
"https://leetcode.com/problems/sum-of-k-subarrays-with-length-at-least-m/","Sum of K Subarrays With Length at Least M","DYNAMIC PROGRAMMING","MEDIUM",31881,,"CLEAR",,true,2026-07-21T18:50:04.000Z,2026-08-28T15:52:13.468Z
"https://leetcode.com/problems/sum-of-numbers-with-units-digit-k/","Sum of Numbers With Units Digit K","DYNAMIC PROGRAMMING","MEDIUM",117258,,"CLEAR",,true,2026-07-21T18:50:04.000Z,2026-08-28T15:52:13.468Z
"https://leetcode.com/problems/sum-of-special-evenly-spaced-elements-in-array/","Sum Of Special Evenly-Spaced Elements In Array","DYNAMIC PROGRAMMING","HARD",3516,,"CLEAR",,true,2026-07-21T18:50:04.000Z,2026-08-28T15:52:13.468Z
"https://leetcode.com/problems/sum-of-subarray-minimums/","Sum of Subarray Minimums","DYNAMIC PROGRAMMING","MEDIUM",1231730,,"CLEAR",,true,2026-07-21T18:50:04.000Z,2026-08-28T15:52:13.468Z
"https://leetcode.com/problems/super-egg-drop/","Super Egg Drop","DYNAMIC PROGRAMMING","HARD",341688,,"CLEAR",,true,2026-07-21T18:50:04.000Z,2026-08-28T15:52:13.468Z
"https://leetcode.com/problems/super-ugly-number/","Super Ugly Number","DYNAMIC PROGRAMMING","MEDIUM",355326,,"CLEAR",,true,2026-07-21T18:50:04.000Z,2026-08-28T15:52:13.468Z
"https://leetcode.com/problems/taking-maximum-energy-from-the-mystic-dungeon/","Taking Maximum Energy From the Mystic Dungeon","DYNAMIC PROGRAMMING","MEDIUM",235476,,"CLEAR",,true,2026-07-21T18:50:04.000Z,2026-08-28T15:52:13.468Z
"https://leetcode.com/problems/tallest-billboard/","Tallest Billboard","DYNAMIC PROGRAMMING","HARD",140719,,"CLEAR",,true,2026-07-21T18:50:04.000Z,2026-08-28T15:52:13.468Z
"https://leetcode.com/problems/target-sum/","Target Sum","DYNAMIC PROGRAMMING","MEDIUM",2167071,,"CLEAR",,true,2026-07-21T18:50:04.000Z,2026-08-28T15:52:13.468Z
"https://leetcode.com/problems/the-earliest-and-latest-rounds-where-players-compete/","The Earliest and Latest Rounds Where Players Compete","DYNAMIC PROGRAMMING","HARD",86866,,"CLEAR",,true,2026-07-21T18:50:04.000Z,2026-08-28T15:52:13.468Z
"https://leetcode.com/problems/the-most-similar-path-in-a-graph/","The Most Similar Path in a Graph","DYNAMIC PROGRAMMING","HARD",30196,,"CLEAR",,true,2026-07-21T18:50:04.000Z,2026-08-28T15:52:13.468Z
"https://leetcode.com/problems/the-number-of-beautiful-subsets/","The Number of Beautiful Subsets","DYNAMIC PROGRAMMING","MEDIUM",262975,,"CLEAR",,true,2026-07-21T18:50:04.000Z,2026-08-28T15:52:13.468Z
"https://leetcode.com/problems/the-number-of-ways-to-make-the-sum/","The Number of Ways to Make the Sum","DYNAMIC PROGRAMMING","MEDIUM",4192,,"CLEAR",,true,2026-07-21T18:50:04.000Z,2026-08-28T15:52:13.468Z
"https://leetcode.com/problems/the-score-of-students-solving-math-expression/","The Score of Students Solving Math Expression","DYNAMIC PROGRAMMING","HARD",28144,,"CLEAR",,true,2026-07-21T18:50:04.000Z,2026-08-28T15:52:13.468Z
"https://leetcode.com/problems/time-needed-to-rearrange-a-binary-string/","Time Needed to Rearrange a Binary String","DYNAMIC PROGRAMMING","MEDIUM",86403,,"CLEAR",,true,2026-07-21T18:50:04.000Z,2026-08-28T15:52:13.468Z
"https://leetcode.com/problems/time-taken-to-mark-all-nodes/","Time Taken to Mark All Nodes","DYNAMIC PROGRAMMING","HARD",24769,,"CLEAR",,true,2026-07-21T18:50:04.000Z,2026-08-28T15:52:13.468Z
"https://leetcode.com/problems/toss-strange-coins/","Toss Strange Coins","DYNAMIC PROGRAMMING","MEDIUM",40170,,"CLEAR",,true,2026-07-21T18:50:04.000Z,2026-08-28T15:52:13.468Z
"https://leetcode.com/problems/total-appeal-of-a-string/","Total Appeal of A String","DYNAMIC PROGRAMMING","HARD",85148,,"CLEAR",,true,2026-07-21T18:50:04.000Z,2026-08-28T15:52:13.468Z
"https://leetcode.com/problems/total-characters-in-string-after-transformations-i/","Total Characters in String After Transformations I","DYNAMIC PROGRAMMING","MEDIUM",258262,,"CLEAR",,true,2026-07-21T18:50:04.000Z,2026-08-28T15:52:13.468Z
"https://leetcode.com/problems/total-characters-in-string-after-transformations-ii/","Total Characters in String After Transformations II","DYNAMIC PROGRAMMING","HARD",110216,,"CLEAR",,true,2026-07-21T18:50:04.000Z,2026-08-28T15:52:13.468Z
"https://leetcode.com/problems/total-waviness-of-numbers-in-range-i/","Total Waviness of Numbers in Range I","DYNAMIC PROGRAMMING","MEDIUM",166268,,"CLEAR",,true,2026-07-21T18:50:04.000Z,2026-08-28T15:52:13.468Z
"https://leetcode.com/problems/total-waviness-of-numbers-in-range-ii/","Total Waviness of Numbers in Range II","DYNAMIC PROGRAMMING","HARD",119852,,"CLEAR",,true,2026-07-21T18:50:04.000Z,2026-08-28T15:52:13.468Z
"https://leetcode.com/problems/trapping-rain-water/","Trapping Rain Water","DYNAMIC PROGRAMMING","HARD",5500837,,"CLEAR",,true,2026-07-21T18:50:04.000Z,2026-08-28T15:52:13.468Z
"https://leetcode.com/problems/triangle/","Triangle","DYNAMIC PROGRAMMING","MEDIUM",2251542,,"CLEAR",,true,2026-07-21T18:50:04.000Z,2026-08-28T15:52:13.468Z
"https://leetcode.com/problems/trionic-array-ii/","Trionic Array II","DYNAMIC PROGRAMMING","HARD",181706,,"CLEAR",,true,2026-07-21T18:50:04.000Z,2026-08-28T15:52:13.468Z
"https://leetcode.com/problems/twisted-mirror-path-count/","Twisted Mirror Path Count","DYNAMIC PROGRAMMING","MEDIUM",32205,,"CLEAR",,true,2026-07-21T18:50:04.000Z,2026-08-28T15:52:13.468Z
"https://leetcode.com/problems/two-best-non-overlapping-events/","Two Best Non-Overlapping Events","DYNAMIC PROGRAMMING","MEDIUM",282919,,"CLEAR",,true,2026-07-21T18:50:04.000Z,2026-08-28T15:52:13.468Z
"https://leetcode.com/problems/ugly-number-ii/","Ugly Number II","DYNAMIC PROGRAMMING","MEDIUM",1104762,,"CLEAR",,true,2026-07-21T18:50:04.000Z,2026-08-28T15:52:13.468Z
"https://leetcode.com/problems/uncrossed-lines/","Uncrossed Lines","DYNAMIC PROGRAMMING","MEDIUM",305252,,"CLEAR",,true,2026-07-21T18:50:04.000Z,2026-08-28T15:52:13.468Z
"https://leetcode.com/problems/unique-binary-search-trees/","Unique Binary Search Trees","DYNAMIC PROGRAMMING","MEDIUM",1394117,,"CLEAR",,true,2026-07-21T18:50:04.000Z,2026-08-28T15:52:13.468Z
"https://leetcode.com/problems/unique-binary-search-trees-ii/","Unique Binary Search Trees II","DYNAMIC PROGRAMMING","MEDIUM",951807,,"CLEAR",,true,2026-07-21T18:50:04.000Z,2026-08-28T15:52:13.468Z
"https://leetcode.com/problems/unique-paths/","Unique Paths","DYNAMIC PROGRAMMING","MEDIUM",4403095,,"CLEAR",,true,2026-07-21T18:50:04.000Z,2026-08-28T15:52:13.468Z
"https://leetcode.com/problems/unique-paths-ii/","Unique Paths II","DYNAMIC PROGRAMMING","MEDIUM",3468064,,"CLEAR",,true,2026-07-21T18:50:04.000Z,2026-08-28T15:52:13.468Z
"https://leetcode.com/problems/unique-substrings-in-wraparound-string/","Unique Substrings in Wraparound String","DYNAMIC PROGRAMMING","MEDIUM",134860,,"CLEAR",,true,2026-07-21T18:50:04.000Z,2026-08-28T15:52:13.468Z
"https://leetcode.com/problems/valid-palindrome-iii/","Valid Palindrome III","DYNAMIC PROGRAMMING","HARD",222553,,"CLEAR",,true,2026-07-21T18:50:04.000Z,2026-08-28T15:52:13.468Z
"https://leetcode.com/problems/valid-parenthesis-string/","Valid Parenthesis String","DYNAMIC PROGRAMMING","MEDIUM",1543208,,"CLEAR",,true,2026-07-21T18:50:04.000Z,2026-08-28T15:52:13.468Z
"https://leetcode.com/problems/valid-permutations-for-di-sequence/","Valid Permutations for DI Sequence","DYNAMIC PROGRAMMING","HARD",38072,,"CLEAR",,true,2026-07-21T18:50:04.000Z,2026-08-28T15:52:13.468Z
"https://leetcode.com/problems/video-stitching/","Video Stitching","DYNAMIC PROGRAMMING","MEDIUM",173059,,"CLEAR",,true,2026-07-21T18:50:04.000Z,2026-08-28T15:52:13.468Z
"https://leetcode.com/problems/visit-array-positions-to-maximize-score/","Visit Array Positions to Maximize Score","DYNAMIC PROGRAMMING","MEDIUM",68781,,"CLEAR",,true,2026-07-21T18:50:04.000Z,2026-08-28T15:52:13.468Z
"https://leetcode.com/problems/vowels-of-all-substrings/","Vowels of All Substrings","DYNAMIC PROGRAMMING","MEDIUM",83921,,"CLEAR",,true,2026-07-21T18:50:04.000Z,2026-08-28T15:52:13.468Z
"https://leetcode.com/problems/ways-to-express-an-integer-as-sum-of-powers/","Ways to Express an Integer as Sum of Powers","DYNAMIC PROGRAMMING","MEDIUM",241345,,"CLEAR",,true,2026-07-21T18:50:04.000Z,2026-08-28T15:52:13.468Z
"https://leetcode.com/problems/ways-to-split-array-into-good-subarrays/","Ways to Split Array Into Good Subarrays","DYNAMIC PROGRAMMING","MEDIUM",81920,,"CLEAR",,true,2026-07-21T18:50:04.000Z,2026-08-28T15:52:13.468Z
"https://leetcode.com/problems/wiggle-subsequence/","Wiggle Subsequence","DYNAMIC PROGRAMMING","MEDIUM",604351,,"CLEAR",,true,2026-07-21T18:50:04.000Z,2026-08-28T15:52:13.468Z
"https://leetcode.com/problems/wildcard-matching/","Wildcard Matching","DYNAMIC PROGRAMMING","HARD",2822481,,"CLEAR",,true,2026-07-21T18:50:04.000Z,2026-08-28T15:52:13.468Z
"https://leetcode.com/problems/word-break/","Word Break","DYNAMIC PROGRAMMING","MEDIUM",4926459,,"CLEAR",,true,2026-07-21T18:50:04.000Z,2026-08-28T15:52:13.468Z
"https://leetcode.com/problems/word-break-ii/","Word Break II","DYNAMIC PROGRAMMING","HARD",1493471,,"CLEAR",,true,2026-07-21T18:50:04.000Z,2026-08-28T15:52:13.468Z
"https://leetcode.com/problems/zero-array-transformation-iv/","Zero Array Transformation IV","DYNAMIC PROGRAMMING","MEDIUM",38772,,"CLEAR",,true,2026-07-21T18:50:04.000Z,2026-08-28T15:52:13.468Z
"https://leetcode.com/problems/zuma-game/","Zuma Game","DYNAMIC PROGRAMMING","HARD",104333,,"CLEAR",,true,2026-07-21T18:50:04.000Z,2026-08-28T15:52:13.468Z
"https://leetcode.com/problems/sequential-digits/","Sequential Digits","ENUMERATION","MEDIUM",514471,,"CLEAR",,false,2026-07-21T18:50:04.000Z,2026-07-21T18:50:04.000Z
"https://leetcode.com/problems/accounts-merge/","Accounts Merge","GRAPH THEORY","MEDIUM",1058993,,"CLEAR",,false,2026-07-21T18:50:04.000Z,2026-07-21T18:50:04.000Z
"https://leetcode.com/problems/add-edges-to-make-degrees-of-all-nodes-even/","Add Edges to Make Degrees of All Nodes Even","GRAPH THEORY","HARD",67671,,"CLEAR",,false,2026-07-21T18:50:04.000Z,2026-07-21T18:50:04.000Z
"https://leetcode.com/problems/alien-dictionary/","Alien Dictionary","GRAPH THEORY","HARD",1328215,,"CLEAR",,false,2026-07-21T18:50:04.000Z,2026-07-21T18:50:04.000Z
"https://leetcode.com/problems/all-ancestors-of-a-node-in-a-directed-acyclic-graph/","All Ancestors of a Node in a Directed Acyclic Graph","GRAPH THEORY","MEDIUM",264389,,"CLEAR",,false,2026-07-21T18:50:04.000Z,2026-07-21T18:50:04.000Z
"https://leetcode.com/problems/all-paths-from-source-lead-to-destination/","All Paths from Source Lead to Destination","GRAPH THEORY","MEDIUM",208437,,"CLEAR",,false,2026-07-21T18:50:04.000Z,2026-07-21T18:50:04.000Z
"https://leetcode.com/problems/apply-substitutions/","Apply Substitutions","GRAPH THEORY","MEDIUM",21506,,"CLEAR",,false,2026-07-21T18:50:04.000Z,2026-07-21T18:50:04.000Z
"https://leetcode.com/problems/array-nesting/","Array Nesting","GRAPH THEORY","MEDIUM",267539,,"CLEAR",,false,2026-07-21T18:50:04.000Z,2026-07-21T18:50:04.000Z
"https://leetcode.com/problems/battleships-in-a-board/","Battleships in a Board","GRAPH THEORY","MEDIUM",375055,,"CLEAR",,false,2026-07-21T18:50:04.000Z,2026-07-21T18:50:04.000Z
"https://leetcode.com/problems/build-a-matrix-with-conditions/","Build a Matrix With Conditions","GRAPH THEORY","HARD",136863,,"CLEAR",,false,2026-07-21T18:50:04.000Z,2026-07-21T18:50:04.000Z
"https://leetcode.com/problems/bus-routes/","Bus Routes","GRAPH THEORY","HARD",633406,,"CLEAR",,false,2026-07-21T18:50:04.000Z,2026-07-21T18:50:04.000Z
"https://leetcode.com/problems/check-for-contradictions-in-equations/","Check for Contradictions in Equations","GRAPH THEORY","HARD",12218,,"CLEAR",,false,2026-07-21T18:50:04.000Z,2026-07-21T18:50:04.000Z
"https://leetcode.com/problems/check-if-the-rectangle-corner-is-reachable/","Check if the Rectangle Corner Is Reachable","GRAPH THEORY","HARD",32761,,"CLEAR",,false,2026-07-21T18:50:04.000Z,2026-07-21T18:50:04.000Z
"https://leetcode.com/problems/check-if-there-is-a-valid-path-in-a-grid/","Check if There is a Valid Path in a Grid","GRAPH THEORY","MEDIUM",168298,,"CLEAR",,false,2026-07-21T18:50:04.000Z,2026-07-21T18:50:04.000Z
"https://leetcode.com/problems/check-knight-tour-configuration/","Check Knight Tour Configuration","GRAPH THEORY","MEDIUM",97362,,"CLEAR",,false,2026-07-21T18:50:04.000Z,2026-07-21T18:50:04.000Z
"https://leetcode.com/problems/checking-existence-of-edge-length-limited-paths/","Checking Existence of Edge Length Limited Paths","GRAPH THEORY","HARD",100446,,"CLEAR",,false,2026-07-21T18:50:04.000Z,2026-07-21T18:50:04.000Z
"https://leetcode.com/problems/checking-existence-of-edge-length-limited-paths-ii/","Checking Existence of Edge Length Limited Paths II","GRAPH THEORY","HARD",8370,,"CLEAR",,false,2026-07-21T18:50:04.000Z,2026-07-21T18:50:04.000Z
"https://leetcode.com/problems/clone-graph/","Clone Graph","GRAPH THEORY","MEDIUM",2990597,,"CLEAR",,false,2026-07-21T18:50:04.000Z,2026-07-21T18:50:04.000Z
"https://leetcode.com/problems/coloring-a-border/","Coloring A Border","GRAPH THEORY","MEDIUM",103159,,"CLEAR",,false,2026-07-21T18:50:04.000Z,2026-07-21T18:50:04.000Z
"https://leetcode.com/problems/connecting-cities-with-minimum-cost/","Connecting Cities With Minimum Cost","GRAPH THEORY","MEDIUM",146095,,"CLEAR",,false,2026-07-21T18:50:04.000Z,2026-07-21T18:50:04.000Z
"https://leetcode.com/problems/construct-2d-grid-matching-graph-layout/","Construct 2D Grid Matching Graph Layout","GRAPH THEORY","HARD",15715,,"CLEAR",,false,2026-07-21T18:50:04.000Z,2026-07-21T18:50:04.000Z
"https://leetcode.com/problems/contain-virus/","Contain Virus","GRAPH THEORY","HARD",35605,,"CLEAR",,false,2026-07-21T18:50:04.000Z,2026-07-21T18:50:04.000Z
"https://leetcode.com/problems/count-islands-with-total-value-divisible-by-k/","Count Islands With Total Value Divisible by K","GRAPH THEORY","MEDIUM",58561,,"CLEAR",,false,2026-07-21T18:50:04.000Z,2026-07-21T18:50:04.000Z
"https://leetcode.com/problems/count-pairs-of-nodes/","Count Pairs Of Nodes","GRAPH THEORY","HARD",24434,,"CLEAR",,false,2026-07-21T18:50:04.000Z,2026-07-21T18:50:04.000Z
"https://leetcode.com/problems/count-servers-that-communicate/","Count Servers that Communicate","GRAPH THEORY","MEDIUM",275645,,"CLEAR",,false,2026-07-21T18:50:04.000Z,2026-07-21T18:50:04.000Z
"https://leetcode.com/problems/count-sub-islands/","Count Sub Islands","GRAPH THEORY","MEDIUM",309721,,"CLEAR",,false,2026-07-21T18:50:04.000Z,2026-07-21T18:50:04.000Z
"https://leetcode.com/problems/count-the-number-of-complete-components/","Count the Number of Complete Components","GRAPH THEORY","MEDIUM",310389,,"CLEAR",,false,2026-07-21T18:50:04.000Z,2026-07-21T18:50:04.000Z
"https://leetcode.com/problems/count-the-number-of-houses-at-a-certain-distance-i/","Count the Number of Houses at a Certain Distance I","GRAPH THEORY","MEDIUM",49029,,"CLEAR",,false,2026-07-21T18:50:04.000Z,2026-07-21T18:50:04.000Z
"https://leetcode.com/problems/count-the-number-of-houses-at-a-certain-distance-ii/","Count the Number of Houses at a Certain Distance II","GRAPH THEORY","HARD",19101,,"CLEAR",,false,2026-07-21T18:50:04.000Z,2026-07-21T18:50:04.000Z
"https://leetcode.com/problems/count-unreachable-pairs-of-nodes-in-an-undirected-graph/","Count Unreachable Pairs of Nodes in an Undirected Graph","GRAPH THEORY","MEDIUM",248566,,"CLEAR",,false,2026-07-21T18:50:04.000Z,2026-07-21T18:50:04.000Z
"https://leetcode.com/problems/course-schedule/","Course Schedule","GRAPH THEORY","MEDIUM",5234519,,"CLEAR",,false,2026-07-21T18:50:04.000Z,2026-07-21T18:50:04.000Z
"https://leetcode.com/problems/course-schedule-ii/","Course Schedule II","GRAPH THEORY","MEDIUM",3196875,,"CLEAR",,false,2026-07-21T18:50:04.000Z,2026-07-21T18:50:04.000Z
"https://leetcode.com/problems/course-schedule-iv/","Course Schedule IV","GRAPH THEORY","MEDIUM",353220,,"CLEAR",,false,2026-07-21T18:50:04.000Z,2026-07-21T18:50:04.000Z
"https://leetcode.com/problems/cracking-the-safe/","Cracking the Safe","GRAPH THEORY","HARD",124971,,"CLEAR",,false,2026-07-21T18:50:04.000Z,2026-07-21T18:50:04.000Z
"https://leetcode.com/problems/critical-connections-in-a-network/","Critical Connections in a Network","GRAPH THEORY","HARD",558857,,"CLEAR",,false,2026-07-21T18:50:04.000Z,2026-07-21T18:50:04.000Z
"https://leetcode.com/problems/cut-off-trees-for-golf-event/","Cut Off Trees for Golf Event","GRAPH THEORY","HARD",236637,,"CLEAR",,false,2026-07-21T18:50:04.000Z,2026-07-21T18:50:04.000Z
"https://leetcode.com/problems/delete-duplicate-folders-in-system/","Delete Duplicate Folders in System","GRAPH THEORY","HARD",89051,,"CLEAR",,false,2026-07-21T18:50:04.000Z,2026-07-21T18:50:04.000Z
"https://leetcode.com/problems/design-add-and-search-words-data-structure/","Design Add and Search Words Data Structure","GRAPH THEORY","MEDIUM",1868562,,"CLEAR",,false,2026-07-21T18:50:04.000Z,2026-07-21T18:50:04.000Z
"https://leetcode.com/problems/design-excel-sum-formula/","Design Excel Sum Formula","GRAPH THEORY","HARD",91371,,"CLEAR",,false,2026-07-21T18:50:04.000Z,2026-07-21T18:50:04.000Z
"https://leetcode.com/problems/design-graph-with-shortest-path-calculator/","Design Graph With Shortest Path Calculator","GRAPH THEORY","HARD",125591,,"CLEAR",,false,2026-07-21T18:50:04.000Z,2026-07-21T18:50:04.000Z
"https://leetcode.com/problems/design-search-autocomplete-system/","Design Search Autocomplete System","GRAPH THEORY","HARD",341383,,"CLEAR",,false,2026-07-21T18:50:04.000Z,2026-07-21T18:50:04.000Z
"https://leetcode.com/problems/detect-cycles-in-2d-grid/","Detect Cycles in 2D Grid","GRAPH THEORY","MEDIUM",227920,,"CLEAR",,false,2026-07-21T18:50:04.000Z,2026-07-21T18:50:04.000Z
"https://leetcode.com/problems/determine-if-a-simple-graph-exists/","Determine if a Simple Graph Exists","GRAPH THEORY","MEDIUM",958,,"CLEAR",,false,2026-07-21T18:50:04.000Z,2026-07-21T18:50:04.000Z
"https://leetcode.com/problems/detonate-the-maximum-bombs/","Detonate the Maximum Bombs","GRAPH THEORY","MEDIUM",368887,,"CLEAR",,false,2026-07-21T18:50:04.000Z,2026-07-21T18:50:04.000Z
"https://leetcode.com/problems/digit-operations-to-make-two-integers-equal/","Digit Operations to Make Two Integers Equal","GRAPH THEORY","MEDIUM",34206,,"CLEAR",,false,2026-07-21T18:50:04.000Z,2026-07-21T18:50:04.000Z
"https://leetcode.com/problems/distance-to-a-cycle-in-undirected-graph/","Distance to a Cycle in Undirected Graph","GRAPH THEORY","HARD",10229,,"CLEAR",,false,2026-07-21T18:50:04.000Z,2026-07-21T18:50:04.000Z
"https://leetcode.com/problems/divide-nodes-into-the-maximum-number-of-groups/","Divide Nodes Into the Maximum Number of Groups","GRAPH THEORY","HARD",130900,,"CLEAR",,false,2026-07-21T18:50:04.000Z,2026-07-21T18:50:04.000Z
"https://leetcode.com/problems/escape-a-large-maze/","Escape a Large Maze","GRAPH THEORY","HARD",80161,,"CLEAR",,false,2026-07-21T18:50:04.000Z,2026-07-21T18:50:04.000Z
"https://leetcode.com/problems/escape-the-spreading-fire/","Escape the Spreading Fire","GRAPH THEORY","HARD",57848,,"CLEAR",,false,2026-07-21T18:50:04.000Z,2026-07-21T18:50:04.000Z
"https://leetcode.com/problems/evaluate-division/","Evaluate Division","GRAPH THEORY","MEDIUM",1137859,,"CLEAR",,false,2026-07-21T18:50:04.000Z,2026-07-21T18:50:04.000Z
"https://leetcode.com/problems/find-a-safe-walk-through-a-grid/","Find a Safe Walk Through a Grid","GRAPH THEORY","MEDIUM",242975,,"CLEAR",,false,2026-07-21T18:50:04.000Z,2026-07-21T18:50:04.000Z
"https://leetcode.com/problems/find-all-groups-of-farmland/","Find All Groups of Farmland","GRAPH THEORY","MEDIUM",190788,,"CLEAR",,false,2026-07-21T18:50:04.000Z,2026-07-21T18:50:04.000Z
"https://leetcode.com/problems/find-all-people-with-secret/","Find All People With Secret","GRAPH THEORY","HARD",351951,,"CLEAR",,false,2026-07-21T18:50:04.000Z,2026-07-21T18:50:04.000Z
"https://leetcode.com/problems/find-all-possible-recipes-from-given-supplies/","Find All Possible Recipes from Given Supplies","GRAPH THEORY","MEDIUM",422419,,"CLEAR",,false,2026-07-21T18:50:04.000Z,2026-07-21T18:50:04.000Z
"https://leetcode.com/problems/find-center-of-star-graph/","Find Center of Star Graph","GRAPH THEORY","EASY",529198,,"CLEAR",,false,2026-07-21T18:50:04.000Z,2026-07-21T18:50:04.000Z
"https://leetcode.com/problems/find-champion-ii/","Find Champion II","GRAPH THEORY","MEDIUM",195413,,"CLEAR",,false,2026-07-21T18:50:04.000Z,2026-07-21T18:50:04.000Z
"https://leetcode.com/problems/find-closest-node-to-given-two-nodes/","Find Closest Node to Given Two Nodes","GRAPH THEORY","MEDIUM",322001,,"CLEAR",,false,2026-07-21T18:50:04.000Z,2026-07-21T18:50:04.000Z
"https://leetcode.com/problems/find-critical-and-pseudo-critical-edges-in-minimum-spanning-tree/","Find Critical and Pseudo-Critical Edges in Minimum Spanning Tree","GRAPH THEORY","HARD",115953,,"CLEAR",,false,2026-07-21T18:50:04.000Z,2026-07-21T18:50:04.000Z
"https://leetcode.com/problems/find-edges-in-shortest-paths/","Find Edges in Shortest Paths","GRAPH THEORY","HARD",43650,,"CLEAR",,false,2026-07-21T18:50:04.000Z,2026-07-21T18:50:04.000Z
"https://leetcode.com/problems/find-eventual-safe-states/","Find Eventual Safe States","GRAPH THEORY","MEDIUM",851971,,"CLEAR",,false,2026-07-21T18:50:04.000Z,2026-07-21T18:50:04.000Z
"https://leetcode.com/problems/find-if-path-exists-in-graph/","Find if Path Exists in Graph","GRAPH THEORY","EASY",1310667,,"CLEAR",,false,2026-07-21T18:50:04.000Z,2026-07-21T18:50:04.000Z
"https://leetcode.com/problems/find-minimum-time-to-reach-last-room-i/","Find Minimum Time to Reach Last Room I","GRAPH THEORY","MEDIUM",212881,,"CLEAR",,false,2026-07-21T18:50:04.000Z,2026-07-21T18:50:04.000Z
"https://leetcode.com/problems/find-minimum-time-to-reach-last-room-ii/","Find Minimum Time to Reach Last Room II","GRAPH THEORY","MEDIUM",144607,,"CLEAR",,false,2026-07-21T18:50:04.000Z,2026-07-21T18:50:04.000Z
"https://leetcode.com/problems/find-shortest-path-with-k-hops/","Find Shortest Path with K Hops","GRAPH THEORY","HARD",3643,,"CLEAR",,false,2026-07-21T18:50:04.000Z,2026-07-21T18:50:04.000Z
"https://leetcode.com/problems/find-the-celebrity/","Find the Celebrity","GRAPH THEORY","MEDIUM",669554,,"CLEAR",,false,2026-07-21T18:50:04.000Z,2026-07-21T18:50:04.000Z
"https://leetcode.com/problems/find-the-closest-marked-node/","Find the Closest Marked Node","GRAPH THEORY","MEDIUM",11438,,"CLEAR",,false,2026-07-21T18:50:04.000Z,2026-07-21T18:50:04.000Z
"https://leetcode.com/problems/find-the-degree-of-each-vertex/","Find the Degree of Each Vertex","GRAPH THEORY","EASY",68351,,"CLEAR",,false,2026-07-21T18:50:04.000Z,2026-07-21T18:50:04.000Z
"https://leetcode.com/problems/find-the-safest-path-in-a-grid/","Find the Safest Path in a Grid","GRAPH THEORY","MEDIUM",354230,,"CLEAR",,false,2026-07-21T18:50:04.000Z,2026-07-21T18:50:04.000Z
"https://leetcode.com/problems/find-the-town-judge/","Find the Town Judge","GRAPH THEORY","EASY",1515721,,"CLEAR",,false,2026-07-21T18:50:04.000Z,2026-07-21T18:50:04.000Z
"https://leetcode.com/problems/flatten-a-multilevel-doubly-linked-list/","Flatten a Multilevel Doubly Linked List","GRAPH THEORY","MEDIUM",718576,,"CLEAR",,false,2026-07-21T18:50:04.000Z,2026-07-21T18:50:04.000Z
"https://leetcode.com/problems/flood-fill/","Flood Fill","GRAPH THEORY","EASY",2146364,,"CLEAR",,false,2026-07-21T18:50:04.000Z,2026-07-21T18:50:04.000Z
"https://leetcode.com/problems/flower-planting-with-no-adjacent/","Flower Planting With No Adjacent","GRAPH THEORY","MEDIUM",198548,,"CLEAR",,false,2026-07-21T18:50:04.000Z,2026-07-21T18:50:04.000Z
"https://leetcode.com/problems/get-watched-videos-by-your-friends/","Get Watched Videos by Your Friends","GRAPH THEORY","MEDIUM",83404,,"CLEAR",,false,2026-07-21T18:50:04.000Z,2026-07-21T18:50:04.000Z
"https://leetcode.com/problems/graph-valid-tree/","Graph Valid Tree","GRAPH THEORY","MEDIUM",1084463,,"CLEAR",,false,2026-07-21T18:50:04.000Z,2026-07-21T18:50:04.000Z
"https://leetcode.com/problems/grid-teleportation-traversal/","Grid Teleportation Traversal","GRAPH THEORY","MEDIUM",60090,,"CLEAR",,false,2026-07-21T18:50:04.000Z,2026-07-21T18:50:04.000Z
"https://leetcode.com/problems/implement-magic-dictionary/","Implement Magic Dictionary","GRAPH THEORY","MEDIUM",188211,,"CLEAR",,false,2026-07-21T18:50:04.000Z,2026-07-21T18:50:04.000Z
"https://leetcode.com/problems/incremental-even-weighted-cycle-queries/","Incremental Even-Weighted Cycle Queries","GRAPH THEORY","HARD",15679,,"CLEAR",,false,2026-07-21T18:50:04.000Z,2026-07-21T18:50:04.000Z
"https://leetcode.com/problems/is-graph-bipartite/","Is Graph Bipartite?","GRAPH THEORY","MEDIUM",1539760,,"CLEAR",,false,2026-07-21T18:50:04.000Z,2026-07-21T18:50:04.000Z
"https://leetcode.com/problems/island-perimeter/","Island Perimeter","GRAPH THEORY","EASY",1142943,,"CLEAR",,false,2026-07-21T18:50:04.000Z,2026-07-21T18:50:04.000Z
"https://leetcode.com/problems/jump-game-iii/","Jump Game III","GRAPH THEORY","MEDIUM",568280,,"CLEAR",,false,2026-07-21T18:50:04.000Z,2026-07-21T18:50:04.000Z
"https://leetcode.com/problems/jump-game-iv/","Jump Game IV","GRAPH THEORY","HARD",475658,,"CLEAR",,false,2026-07-21T18:50:04.000Z,2026-07-21T18:50:04.000Z
"https://leetcode.com/problems/k-highest-ranked-items-within-a-price-range/","K Highest Ranked Items Within a Price Range","GRAPH THEORY","MEDIUM",47959,,"CLEAR",,false,2026-07-21T18:50:04.000Z,2026-07-21T18:50:04.000Z
"https://leetcode.com/problems/k-similar-strings/","K-Similar Strings","GRAPH THEORY","HARD",136635,,"CLEAR",,false,2026-07-21T18:50:04.000Z,2026-07-21T18:50:04.000Z
"https://leetcode.com/problems/keys-and-rooms/","Keys and Rooms","GRAPH THEORY","MEDIUM",944920,,"CLEAR",,false,2026-07-21T18:50:04.000Z,2026-07-21T18:50:04.000Z
"https://leetcode.com/problems/last-day-where-you-can-still-cross/","Last Day Where You Can Still Cross","GRAPH THEORY","HARD",194215,,"CLEAR",,false,2026-07-21T18:50:04.000Z,2026-07-21T18:50:04.000Z
"https://leetcode.com/problems/lexicographical-numbers/","Lexicographical Numbers","GRAPH THEORY","MEDIUM",512588,,"CLEAR",,false,2026-07-21T18:50:04.000Z,2026-07-21T18:50:04.000Z
"https://leetcode.com/problems/lexicographically-smallest-string-after-applying-operations/","Lexicographically Smallest String After Applying Operations","GRAPH THEORY","MEDIUM",109902,,"CLEAR",,false,2026-07-21T18:50:04.000Z,2026-07-21T18:50:04.000Z
"https://leetcode.com/problems/longest-absolute-file-path/","Longest Absolute File Path","GRAPH THEORY","MEDIUM",376520,,"CLEAR",,false,2026-07-21T18:50:04.000Z,2026-07-21T18:50:04.000Z
"https://leetcode.com/problems/longest-cycle-in-a-graph/","Longest Cycle in a Graph","GRAPH THEORY","HARD",219424,,"CLEAR",,false,2026-07-21T18:50:04.000Z,2026-07-21T18:50:04.000Z
"https://leetcode.com/problems/longest-word-with-all-prefixes/","Longest Word With All Prefixes","GRAPH THEORY","MEDIUM",20368,,"CLEAR",,false,2026-07-21T18:50:04.000Z,2026-07-21T18:50:04.000Z
"https://leetcode.com/problems/loud-and-rich/","Loud and Rich","GRAPH THEORY","MEDIUM",127664,,"CLEAR",,false,2026-07-21T18:50:04.000Z,2026-07-21T18:50:04.000Z
"https://leetcode.com/problems/making-a-large-island/","Making A Large Island","GRAPH THEORY","HARD",772214,,"CLEAR",,false,2026-07-21T18:50:04.000Z,2026-07-21T18:50:04.000Z
"https://leetcode.com/problems/map-of-highest-peak/","Map of Highest Peak","GRAPH THEORY","MEDIUM",220643,,"CLEAR",,false,2026-07-21T18:50:04.000Z,2026-07-21T18:50:04.000Z
"https://leetcode.com/problems/max-area-of-island/","Max Area of Island","GRAPH THEORY","MEDIUM",1732774,,"CLEAR",,false,2026-07-21T18:50:04.000Z,2026-07-21T18:50:04.000Z
"https://leetcode.com/problems/maximal-network-rank/","Maximal Network Rank","GRAPH THEORY","MEDIUM",261960,,"CLEAR",,false,2026-07-21T18:50:04.000Z,2026-07-21T18:50:04.000Z
"https://leetcode.com/problems/maximize-amount-after-two-days-of-conversions/","Maximize Amount After Two Days of Conversions","GRAPH THEORY","MEDIUM",32989,,"CLEAR",,false,2026-07-21T18:50:04.000Z,2026-07-21T18:50:04.000Z
"https://leetcode.com/problems/maximum-candies-you-can-get-from-boxes/","Maximum Candies You Can Get from Boxes","GRAPH THEORY","HARD",162300,,"CLEAR",,false,2026-07-21T18:50:04.000Z,2026-07-21T18:50:04.000Z
"https://leetcode.com/problems/maximum-number-of-accepted-invitations/","Maximum Number of Accepted Invitations","GRAPH THEORY","MEDIUM",21405,,"CLEAR",,false,2026-07-21T18:50:04.000Z,2026-07-21T18:50:04.000Z
"https://leetcode.com/problems/maximum-number-of-fish-in-a-grid/","Maximum Number of Fish in a Grid","GRAPH THEORY","MEDIUM",236882,,"CLEAR",,false,2026-07-21T18:50:04.000Z,2026-07-21T18:50:04.000Z
"https://leetcode.com/problems/maximum-number-of-points-from-grid-queries/","Maximum Number of Points From Grid Queries","GRAPH THEORY","HARD",167788,,"CLEAR",,false,2026-07-21T18:50:04.000Z,2026-07-21T18:50:04.000Z
"https://leetcode.com/problems/maximum-partition-factor/","Maximum Partition Factor","GRAPH THEORY","HARD",22557,,"CLEAR",,false,2026-07-21T18:50:04.000Z,2026-07-21T18:50:04.000Z
"https://leetcode.com/problems/maximum-score-of-a-node-sequence/","Maximum Score of a Node Sequence","GRAPH THEORY","HARD",45290,,"CLEAR",,false,2026-07-21T18:50:04.000Z,2026-07-21T18:50:04.000Z
"https://leetcode.com/problems/min-cost-to-connect-all-points/","Min Cost to Connect All Points","GRAPH THEORY","MEDIUM",695259,,"CLEAR",,false,2026-07-21T18:50:04.000Z,2026-07-21T18:50:04.000Z
"https://leetcode.com/problems/minesweeper/","Minesweeper","GRAPH THEORY","MEDIUM",303292,,"CLEAR",,false,2026-07-21T18:50:04.000Z,2026-07-21T18:50:04.000Z
"https://leetcode.com/problems/mini-parser/","Mini Parser","GRAPH THEORY","MEDIUM",178656,,"CLEAR",,false,2026-07-21T18:50:04.000Z,2026-07-21T18:50:04.000Z
"https://leetcode.com/problems/minimize-hamming-distance-after-swap-operations/","Minimize Hamming Distance After Swap Operations","GRAPH THEORY","MEDIUM",135354,,"CLEAR",,false,2026-07-21T18:50:04.000Z,2026-07-21T18:50:04.000Z
"https://leetcode.com/problems/minimize-malware-spread/","Minimize Malware Spread","GRAPH THEORY","HARD",178924,,"CLEAR",,false,2026-07-21T18:50:04.000Z,2026-07-21T18:50:04.000Z
"https://leetcode.com/problems/minimize-malware-spread-ii/","Minimize Malware Spread II","GRAPH THEORY","HARD",68521,,"CLEAR",,false,2026-07-21T18:50:04.000Z,2026-07-21T18:50:04.000Z
"https://leetcode.com/problems/minimize-maximum-component-cost/","Minimize Maximum Component Cost","GRAPH THEORY","MEDIUM",57653,,"CLEAR",,false,2026-07-21T18:50:04.000Z,2026-07-21T18:50:04.000Z
"https://leetcode.com/problems/minimize-maximum-value-in-a-grid/","Minimize Maximum Value in a Grid","GRAPH THEORY","HARD",10869,,"CLEAR",,false,2026-07-21T18:50:04.000Z,2026-07-21T18:50:04.000Z
"https://leetcode.com/problems/minimize-the-maximum-edge-weight-of-graph/","Minimize the Maximum Edge Weight of Graph","GRAPH THEORY","MEDIUM",37090,,"CLEAR",,false,2026-07-21T18:50:04.000Z,2026-07-21T18:50:04.000Z
"https://leetcode.com/problems/minimum-cost-of-a-path-with-special-roads/","Minimum Cost of a Path With Special Roads","GRAPH THEORY","MEDIUM",47713,,"CLEAR",,false,2026-07-21T18:50:04.000Z,2026-07-21T18:50:04.000Z
"https://leetcode.com/problems/minimum-cost-path-with-edge-reversals/","Minimum Cost Path with Edge Reversals","GRAPH THEORY","MEDIUM",172566,,"CLEAR",,false,2026-07-21T18:50:04.000Z,2026-07-21T18:50:04.000Z
"https://leetcode.com/problems/minimum-cost-to-buy-apples/","Minimum Cost to Buy Apples","GRAPH THEORY","MEDIUM",11187,,"CLEAR",,false,2026-07-21T18:50:04.000Z,2026-07-21T18:50:04.000Z
"https://leetcode.com/problems/minimum-cost-to-buy-apples-ii/","Minimum Cost to Buy Apples II","GRAPH THEORY","HARD",24748,,"CLEAR",,false,2026-07-21T18:50:04.000Z,2026-07-21T18:50:04.000Z
"https://leetcode.com/problems/minimum-cost-to-convert-string-i/","Minimum Cost to Convert String I","GRAPH THEORY","MEDIUM",312751,,"CLEAR",,false,2026-07-21T18:50:04.000Z,2026-07-21T18:50:04.000Z
"https://leetcode.com/problems/minimum-cost-to-make-at-least-one-valid-path-in-a-grid/","Minimum Cost to Make at Least One Valid Path in a Grid","GRAPH THEORY","HARD",241800,,"CLEAR",,false,2026-07-21T18:50:04.000Z,2026-07-21T18:50:04.000Z
"https://leetcode.com/problems/minimum-cost-to-reach-city-with-discounts/","Minimum Cost to Reach City With Discounts","GRAPH THEORY","MEDIUM",21776,,"CLEAR",,false,2026-07-21T18:50:04.000Z,2026-07-21T18:50:04.000Z
"https://leetcode.com/problems/minimum-cost-to-repair-edges-to-traverse-a-graph/","Minimum Cost to Repair Edges to Traverse a Graph","GRAPH THEORY","MEDIUM",1110,,"CLEAR",,false,2026-07-21T18:50:04.000Z,2026-07-21T18:50:04.000Z
"https://leetcode.com/problems/minimum-degree-of-a-connected-trio-in-a-graph/","Minimum Degree of a Connected Trio in a Graph","GRAPH THEORY","HARD",68430,,"CLEAR",,false,2026-07-21T18:50:04.000Z,2026-07-21T18:50:04.000Z
"https://leetcode.com/problems/minimum-genetic-mutation/","Minimum Genetic Mutation","GRAPH THEORY","MEDIUM",512638,,"CLEAR",,false,2026-07-21T18:50:04.000Z,2026-07-21T18:50:04.000Z
"https://leetcode.com/problems/minimum-height-trees/","Minimum Height Trees","GRAPH THEORY","MEDIUM",1166211,,"CLEAR",,false,2026-07-21T18:50:04.000Z,2026-07-21T18:50:04.000Z
"https://leetcode.com/problems/minimum-jumps-to-reach-end-via-prime-teleportation/","Minimum Jumps to Reach End via Prime Teleportation","GRAPH THEORY","MEDIUM",202057,,"CLEAR",,false,2026-07-21T18:50:04.000Z,2026-07-21T18:50:04.000Z
"https://leetcode.com/problems/minimum-jumps-to-reach-home/","Minimum Jumps to Reach Home","GRAPH THEORY","MEDIUM",174785,,"CLEAR",,false,2026-07-21T18:50:04.000Z,2026-07-21T18:50:04.000Z
"https://leetcode.com/problems/minimum-knight-moves/","Minimum Knight Moves","GRAPH THEORY","MEDIUM",464540,,"CLEAR",,false,2026-07-21T18:50:04.000Z,2026-07-21T18:50:04.000Z
"https://leetcode.com/problems/minimum-moves-to-move-a-box-to-their-target-location/","Minimum Moves to Move a Box to Their Target Location","GRAPH THEORY","HARD",65830,,"CLEAR",,false,2026-07-21T18:50:04.000Z,2026-07-21T18:50:04.000Z
"https://leetcode.com/problems/minimum-moves-to-reach-target-with-rotations/","Minimum Moves to Reach Target with Rotations","GRAPH THEORY","HARD",25075,,"CLEAR",,false,2026-07-21T18:50:04.000Z,2026-07-21T18:50:04.000Z
"https://leetcode.com/problems/minimum-number-of-days-to-disconnect-island/","Minimum Number of Days to Disconnect Island","GRAPH THEORY","HARD",171687,,"CLEAR",,false,2026-07-21T18:50:04.000Z,2026-07-21T18:50:04.000Z
"https://leetcode.com/problems/minimum-number-of-vertices-to-reach-all-nodes/","Minimum Number of Vertices to Reach All Nodes","GRAPH THEORY","MEDIUM",295001,,"CLEAR",,false,2026-07-21T18:50:04.000Z,2026-07-21T18:50:04.000Z
"https://leetcode.com/problems/minimum-obstacle-removal-to-reach-corner/","Minimum Obstacle Removal to Reach Corner","GRAPH THEORY","HARD",180358,,"CLEAR",,false,2026-07-21T18:50:04.000Z,2026-07-21T18:50:04.000Z
"https://leetcode.com/problems/minimum-operations-to-convert-number/","Minimum Operations to Convert Number","GRAPH THEORY","MEDIUM",43859,,"CLEAR",,false,2026-07-21T18:50:04.000Z,2026-07-21T18:50:04.000Z
"https://leetcode.com/problems/minimum-operations-to-equalize-binary-string/","Minimum Operations to Equalize Binary String","GRAPH THEORY","HARD",137459,,"CLEAR",,false,2026-07-21T18:50:04.000Z,2026-07-21T18:50:04.000Z
"https://leetcode.com/problems/minimum-operations-to-remove-adjacent-ones-in-matrix/","Minimum Operations to Remove Adjacent Ones in Matrix","GRAPH THEORY","HARD",3140,,"CLEAR",,false,2026-07-21T18:50:04.000Z,2026-07-21T18:50:04.000Z
"https://leetcode.com/problems/minimum-path-cost-in-a-hidden-grid/","Minimum Path Cost in a Hidden Grid","GRAPH THEORY","MEDIUM",9651,,"CLEAR",,false,2026-07-21T18:50:04.000Z,2026-07-21T18:50:04.000Z
"https://leetcode.com/problems/minimum-reverse-operations/","Minimum Reverse Operations","GRAPH THEORY","HARD",43181,,"CLEAR",,false,2026-07-21T18:50:04.000Z,2026-07-21T18:50:04.000Z
"https://leetcode.com/problems/minimum-runes-to-add-to-cast-spell/","Minimum Runes to Add to Cast Spell","GRAPH THEORY","HARD",1895,,"CLEAR",,false,2026-07-21T18:50:04.000Z,2026-07-21T18:50:04.000Z
"https://leetcode.com/problems/minimum-score-of-a-path-between-two-cities/","Minimum Score of a Path Between Two Cities","GRAPH THEORY","MEDIUM",309157,,"CLEAR",,false,2026-07-21T18:50:04.000Z,2026-07-21T18:50:04.000Z
"https://leetcode.com/problems/minimum-threshold-path-with-limited-heavy-edges/","Minimum Threshold Path With Limited Heavy Edges","GRAPH THEORY","HARD",20912,,"CLEAR",,false,2026-07-21T18:50:04.000Z,2026-07-21T18:50:04.000Z
"https://leetcode.com/problems/minimum-time-for-k-connected-components/","Minimum Time for K Connected Components","GRAPH THEORY","MEDIUM",40476,,"CLEAR",,false,2026-07-21T18:50:04.000Z,2026-07-21T18:50:04.000Z
"https://leetcode.com/problems/minimum-time-takes-to-reach-destination-without-drowning/","Minimum Time Takes to Reach Destination Without Drowning","GRAPH THEORY","HARD",3026,,"CLEAR",,false,2026-07-21T18:50:04.000Z,2026-07-21T18:50:04.000Z
"https://leetcode.com/problems/minimum-time-to-break-locks-ii/","Minimum Time to Break Locks II","GRAPH THEORY","HARD",813,,"CLEAR",,false,2026-07-21T18:50:04.000Z,2026-07-21T18:50:04.000Z
"https://leetcode.com/problems/minimum-time-to-reach-destination-in-directed-graph/","Minimum Time to Reach Destination in Directed Graph","GRAPH THEORY","MEDIUM",40771,,"CLEAR",,false,2026-07-21T18:50:04.000Z,2026-07-21T18:50:04.000Z
"https://leetcode.com/problems/minimum-time-to-visit-a-cell-in-a-grid/","Minimum Time to Visit a Cell In a Grid","GRAPH THEORY","HARD",160758,,"CLEAR",,false,2026-07-21T18:50:04.000Z,2026-07-21T18:50:04.000Z
"https://leetcode.com/problems/minimum-time-to-visit-disappearing-nodes/","Minimum Time to Visit Disappearing Nodes","GRAPH THEORY","MEDIUM",76270,,"CLEAR",,false,2026-07-21T18:50:04.000Z,2026-07-21T18:50:04.000Z
"https://leetcode.com/problems/minimum-weighted-subgraph-with-the-required-paths/","Minimum Weighted Subgraph With the Required Paths","GRAPH THEORY","HARD",56625,,"CLEAR",,false,2026-07-21T18:50:04.000Z,2026-07-21T18:50:04.000Z
"https://leetcode.com/problems/modify-graph-edge-weights/","Modify Graph Edge Weights","GRAPH THEORY","HARD",123376,,"CLEAR",,false,2026-07-21T18:50:04.000Z,2026-07-21T18:50:04.000Z
"https://leetcode.com/problems/most-stones-removed-with-same-row-or-column/","Most Stones Removed with Same Row or Column","GRAPH THEORY","MEDIUM",668702,,"CLEAR",,false,2026-07-21T18:50:04.000Z,2026-07-21T18:50:04.000Z
"https://leetcode.com/problems/multi-source-flood-fill/","Multi Source Flood Fill","GRAPH THEORY","MEDIUM",46049,,"CLEAR",,false,2026-07-21T18:50:04.000Z,2026-07-21T18:50:04.000Z
"https://leetcode.com/problems/nearest-exit-from-entrance-in-maze/","Nearest Exit from Entrance in Maze","GRAPH THEORY","MEDIUM",599756,,"CLEAR",,false,2026-07-21T18:50:04.000Z,2026-07-21T18:50:04.000Z
"https://leetcode.com/problems/nested-list-weight-sum/","Nested List Weight Sum","GRAPH THEORY","MEDIUM",486443,,"CLEAR",,false,2026-07-21T18:50:04.000Z,2026-07-21T18:50:04.000Z
"https://leetcode.com/problems/nested-list-weight-sum-ii/","Nested List Weight Sum II","GRAPH THEORY","MEDIUM",251532,,"CLEAR",,false,2026-07-21T18:50:04.000Z,2026-07-21T18:50:04.000Z
"https://leetcode.com/problems/network-delay-time/","Network Delay Time","GRAPH THEORY","MEDIUM",1537132,,"CLEAR",,false,2026-07-21T18:50:04.000Z,2026-07-21T18:50:04.000Z
"https://leetcode.com/problems/node-with-highest-edge-score/","Node With Highest Edge Score","GRAPH THEORY","MEDIUM",94766,,"CLEAR",,false,2026-07-21T18:50:04.000Z,2026-07-21T18:50:04.000Z
"https://leetcode.com/problems/number-of-closed-islands/","Number of Closed Islands","GRAPH THEORY","MEDIUM",428432,,"CLEAR",,false,2026-07-21T18:50:04.000Z,2026-07-21T18:50:04.000Z
"https://leetcode.com/problems/number-of-connected-components-in-an-undirected-graph/","Number of Connected Components in an Undirected Graph","GRAPH THEORY","MEDIUM",843465,,"CLEAR",,false,2026-07-21T18:50:04.000Z,2026-07-21T18:50:04.000Z
"https://leetcode.com/problems/number-of-distinct-islands/","Number of Distinct Islands","GRAPH THEORY","MEDIUM",334029,,"CLEAR",,false,2026-07-21T18:50:04.000Z,2026-07-21T18:50:04.000Z
"https://leetcode.com/problems/number-of-distinct-islands-ii/","Number of Distinct Islands II","GRAPH THEORY","HARD",26065,,"CLEAR",,false,2026-07-21T18:50:04.000Z,2026-07-21T18:50:04.000Z
"https://leetcode.com/problems/number-of-enclaves/","Number of Enclaves","GRAPH THEORY","MEDIUM",618787,,"CLEAR",,false,2026-07-21T18:50:04.000Z,2026-07-21T18:50:04.000Z
"https://leetcode.com/problems/number-of-islands/","Number of Islands","GRAPH THEORY","MEDIUM",6688842,,"CLEAR",,false,2026-07-21T18:50:04.000Z,2026-07-21T18:50:04.000Z
"https://leetcode.com/problems/number-of-operations-to-make-network-connected/","Number of Operations to Make Network Connected","GRAPH THEORY","MEDIUM",576902,,"CLEAR",,false,2026-07-21T18:50:04.000Z,2026-07-21T18:50:04.000Z
"https://leetcode.com/problems/number-of-provinces/","Number of Provinces","GRAPH THEORY","MEDIUM",2287954,,"CLEAR",,false,2026-07-21T18:50:04.000Z,2026-07-21T18:50:04.000Z
"https://leetcode.com/problems/open-the-lock/","Open the Lock","GRAPH THEORY","MEDIUM",679636,,"CLEAR",,false,2026-07-21T18:50:04.000Z,2026-07-21T18:50:04.000Z
"https://leetcode.com/problems/optimize-water-distribution-in-a-village/","Optimize Water Distribution in a Village","GRAPH THEORY","HARD",92398,,"CLEAR",,false,2026-07-21T18:50:04.000Z,2026-07-21T18:50:04.000Z
"https://leetcode.com/problems/pacific-atlantic-water-flow/","Pacific Atlantic Water Flow","GRAPH THEORY","MEDIUM",1369414,,"CLEAR",,false,2026-07-21T18:50:04.000Z,2026-07-21T18:50:04.000Z
"https://leetcode.com/problems/parallel-courses/","Parallel Courses","GRAPH THEORY","MEDIUM",181954,,"CLEAR",,false,2026-07-21T18:50:04.000Z,2026-07-21T18:50:04.000Z
"https://leetcode.com/problems/path-existence-queries-in-a-graph-i/","Path Existence Queries in a Graph I","GRAPH THEORY","MEDIUM",164975,,"CLEAR",,false,2026-07-21T18:50:04.000Z,2026-07-21T18:50:04.000Z
"https://leetcode.com/problems/path-with-maximum-minimum-value/","Path With Maximum Minimum Value","GRAPH THEORY","MEDIUM",133817,,"CLEAR",,false,2026-07-21T18:50:04.000Z,2026-07-21T18:50:04.000Z
"https://leetcode.com/problems/path-with-maximum-probability/","Path with Maximum Probability","GRAPH THEORY","MEDIUM",583984,,"CLEAR",,false,2026-07-21T18:50:04.000Z,2026-07-21T18:50:04.000Z
"https://leetcode.com/problems/path-with-minimum-effort/","Path With Minimum Effort","GRAPH THEORY","MEDIUM",780997,,"CLEAR",,false,2026-07-21T18:50:04.000Z,2026-07-21T18:50:04.000Z
"https://leetcode.com/problems/paths-in-maze-that-lead-to-same-room/","Paths in Maze That Lead to Same Room","GRAPH THEORY","MEDIUM",11775,,"CLEAR",,false,2026-07-21T18:50:04.000Z,2026-07-21T18:50:04.000Z
"https://leetcode.com/problems/possible-bipartition/","Possible Bipartition","GRAPH THEORY","MEDIUM",517424,,"CLEAR",,false,2026-07-21T18:50:04.000Z,2026-07-21T18:50:04.000Z
"https://leetcode.com/problems/power-grid-maintenance/","Power Grid Maintenance","GRAPH THEORY","MEDIUM",168449,,"CLEAR",,false,2026-07-21T18:50:04.000Z,2026-07-21T18:50:04.000Z
"https://leetcode.com/problems/process-restricted-friend-requests/","Process Restricted Friend Requests","GRAPH THEORY","HARD",44935,,"CLEAR",,false,2026-07-21T18:50:04.000Z,2026-07-21T18:50:04.000Z
"https://leetcode.com/problems/properties-graph/","Properties Graph","GRAPH THEORY","MEDIUM",54372,,"CLEAR",,false,2026-07-21T18:50:04.000Z,2026-07-21T18:50:04.000Z
"https://leetcode.com/problems/rank-transform-of-a-matrix/","Rank Transform of a Matrix","GRAPH THEORY","HARD",66610,,"CLEAR",,false,2026-07-21T18:50:04.000Z,2026-07-21T18:50:04.000Z
"https://leetcode.com/problems/reachable-nodes-in-subdivided-graph/","Reachable Nodes In Subdivided Graph","GRAPH THEORY","HARD",74629,,"CLEAR",,false,2026-07-21T18:50:04.000Z,2026-07-21T18:50:04.000Z
"https://leetcode.com/problems/reconstruct-itinerary/","Reconstruct Itinerary","GRAPH THEORY","HARD",1264512,,"CLEAR",,false,2026-07-21T18:50:04.000Z,2026-07-21T18:50:04.000Z
"https://leetcode.com/problems/redundant-connection/","Redundant Connection","GRAPH THEORY","MEDIUM",995540,,"CLEAR",,false,2026-07-21T18:50:04.000Z,2026-07-21T18:50:04.000Z
"https://leetcode.com/problems/redundant-connection-ii/","Redundant Connection II","GRAPH THEORY","HARD",259919,,"CLEAR",,false,2026-07-21T18:50:04.000Z,2026-07-21T18:50:04.000Z
"https://leetcode.com/problems/regions-cut-by-slashes/","Regions Cut By Slashes","GRAPH THEORY","MEDIUM",196628,,"CLEAR",,false,2026-07-21T18:50:04.000Z,2026-07-21T18:50:04.000Z
"https://leetcode.com/problems/remove-max-number-of-edges-to-keep-graph-fully-traversable/","Remove Max Number of Edges to Keep Graph Fully Traversable","GRAPH THEORY","HARD",209708,,"CLEAR",,false,2026-07-21T18:50:04.000Z,2026-07-21T18:50:04.000Z
"https://leetcode.com/problems/remove-methods-from-project/","Remove Methods From Project","GRAPH THEORY","MEDIUM",54901,,"CLEAR",,false,2026-07-21T18:50:04.000Z,2026-07-21T18:50:04.000Z
"https://leetcode.com/problems/remove-sub-folders-from-the-filesystem/","Remove Sub-Folders from the Filesystem","GRAPH THEORY","MEDIUM",341069,,"CLEAR",,false,2026-07-21T18:50:04.000Z,2026-07-21T18:50:04.000Z
"https://leetcode.com/problems/reorder-routes-to-make-all-paths-lead-to-the-city-zero/","Reorder Routes to Make All Paths Lead to the City Zero","GRAPH THEORY","MEDIUM",500786,,"CLEAR",,false,2026-07-21T18:50:04.000Z,2026-07-21T18:50:04.000Z
"https://leetcode.com/problems/restore-the-array-from-adjacent-pairs/","Restore the Array From Adjacent Pairs","GRAPH THEORY","MEDIUM",173558,,"CLEAR",,false,2026-07-21T18:50:04.000Z,2026-07-21T18:50:04.000Z
"https://leetcode.com/problems/rotting-oranges/","Rotting Oranges","GRAPH THEORY","MEDIUM",2972260,,"CLEAR",,false,2026-07-21T18:50:04.000Z,2026-07-21T18:50:04.000Z
"https://leetcode.com/problems/satisfiability-of-equality-equations/","Satisfiability of Equality Equations","GRAPH THEORY","MEDIUM",334684,,"CLEAR",,false,2026-07-21T18:50:04.000Z,2026-07-21T18:50:04.000Z
"https://leetcode.com/problems/second-minimum-time-to-reach-destination/","Second Minimum Time to Reach Destination","GRAPH THEORY","HARD",150049,,"CLEAR",,false,2026-07-21T18:50:04.000Z,2026-07-21T18:50:04.000Z
"https://leetcode.com/problems/sentence-similarity-ii/","Sentence Similarity II","GRAPH THEORY","MEDIUM",155716,,"CLEAR",,false,2026-07-21T18:50:04.000Z,2026-07-21T18:50:04.000Z
"https://leetcode.com/problems/sequence-reconstruction/","Sequence Reconstruction","GRAPH THEORY","MEDIUM",214405,,"CLEAR",,false,2026-07-21T18:50:04.000Z,2026-07-21T18:50:04.000Z
"https://leetcode.com/problems/shortest-bridge/","Shortest Bridge","GRAPH THEORY","MEDIUM",475228,,"CLEAR",,false,2026-07-21T18:50:04.000Z,2026-07-21T18:50:04.000Z
"https://leetcode.com/problems/shortest-cycle-in-a-graph/","Shortest Cycle in a Graph","GRAPH THEORY","HARD",81871,,"CLEAR",,false,2026-07-21T18:50:04.000Z,2026-07-21T18:50:04.000Z
"https://leetcode.com/problems/shortest-distance-after-road-addition-queries-i/","Shortest Distance After Road Addition Queries I","GRAPH THEORY","MEDIUM",190706,,"CLEAR",,false,2026-07-21T18:50:04.000Z,2026-07-21T18:50:04.000Z
"https://leetcode.com/problems/shortest-distance-from-all-buildings/","Shortest Distance from All Buildings","GRAPH THEORY","HARD",492312,,"CLEAR",,false,2026-07-21T18:50:04.000Z,2026-07-21T18:50:04.000Z
"https://leetcode.com/problems/shortest-path-in-a-grid-with-obstacles-elimination/","Shortest Path in a Grid with Obstacles Elimination","GRAPH THEORY","HARD",611714,,"CLEAR",,false,2026-07-21T18:50:04.000Z,2026-07-21T18:50:04.000Z
"https://leetcode.com/problems/shortest-path-in-a-hidden-grid/","Shortest Path in a Hidden Grid","GRAPH THEORY","MEDIUM",39441,,"CLEAR",,false,2026-07-21T18:50:04.000Z,2026-07-21T18:50:04.000Z
"https://leetcode.com/problems/shortest-path-in-binary-matrix/","Shortest Path in Binary Matrix","GRAPH THEORY","MEDIUM",1705852,,"CLEAR",,false,2026-07-21T18:50:04.000Z,2026-07-21T18:50:04.000Z
"https://leetcode.com/problems/shortest-path-to-get-food/","Shortest Path to Get Food","GRAPH THEORY","MEDIUM",146376,,"CLEAR",,false,2026-07-21T18:50:04.000Z,2026-07-21T18:50:04.000Z
"https://leetcode.com/problems/shortest-path-with-alternating-colors/","Shortest Path with Alternating Colors","GRAPH THEORY","MEDIUM",329709,,"CLEAR",,false,2026-07-21T18:50:04.000Z,2026-07-21T18:50:04.000Z
"https://leetcode.com/problems/shortest-path-with-at-most-k-consecutive-identical-characters/","Shortest Path With At Most K Consecutive Identical Characters","GRAPH THEORY","MEDIUM",39193,,"CLEAR",,false,2026-07-21T18:50:04.000Z,2026-07-21T18:50:04.000Z
"https://leetcode.com/problems/similar-string-groups/","Similar String Groups","GRAPH THEORY","HARD",258357,,"CLEAR",,false,2026-07-21T18:50:04.000Z,2026-07-21T18:50:04.000Z
"https://leetcode.com/problems/smallest-rectangle-enclosing-black-pixels/","Smallest Rectangle Enclosing Black Pixels","GRAPH THEORY","HARD",94553,,"CLEAR",,false,2026-07-21T18:50:04.000Z,2026-07-21T18:50:04.000Z
"https://leetcode.com/problems/smallest-string-with-swaps/","Smallest String With Swaps","GRAPH THEORY","MEDIUM",250654,,"CLEAR",,false,2026-07-21T18:50:04.000Z,2026-07-21T18:50:04.000Z
"https://leetcode.com/problems/snakes-and-ladders/","Snakes and Ladders","GRAPH THEORY","MEDIUM",777135,,"CLEAR",,false,2026-07-21T18:50:04.000Z,2026-07-21T18:50:04.000Z
"https://leetcode.com/problems/sort-items-by-groups-respecting-dependencies/","Sort Items by Groups Respecting Dependencies","GRAPH THEORY","HARD",104639,,"CLEAR",,false,2026-07-21T18:50:04.000Z,2026-07-21T18:50:04.000Z
"https://leetcode.com/problems/split-and-merge-array-transformation/","Split and Merge Array Transformation","GRAPH THEORY","MEDIUM",43516,,"CLEAR",,false,2026-07-21T18:50:04.000Z,2026-07-21T18:50:04.000Z
"https://leetcode.com/problems/strange-printer-ii/","Strange Printer II","GRAPH THEORY","HARD",28372,,"CLEAR",,false,2026-07-21T18:50:04.000Z,2026-07-21T18:50:04.000Z
"https://leetcode.com/problems/string-transforms-into-another-string/","String Transforms Into Another String","GRAPH THEORY","HARD",157787,,"CLEAR",,false,2026-07-21T18:50:04.000Z,2026-07-21T18:50:04.000Z
"https://leetcode.com/problems/sum-of-remoteness-of-all-cells/","Sum of Remoteness of All Cells","GRAPH THEORY","MEDIUM",9364,,"CLEAR",,false,2026-07-21T18:50:04.000Z,2026-07-21T18:50:04.000Z
"https://leetcode.com/problems/surrounded-regions/","Surrounded Regions","GRAPH THEORY","MEDIUM",2734808,,"CLEAR",,false,2026-07-21T18:50:04.000Z,2026-07-21T18:50:04.000Z
"https://leetcode.com/problems/swim-in-rising-water/","Swim in Rising Water","GRAPH THEORY","HARD",589125,,"CLEAR",,false,2026-07-21T18:50:04.000Z,2026-07-21T18:50:04.000Z
"https://leetcode.com/problems/the-maze/","The Maze","GRAPH THEORY","MEDIUM",349814,,"CLEAR",,false,2026-07-21T18:50:04.000Z,2026-07-21T18:50:04.000Z
"https://leetcode.com/problems/the-maze-ii/","The Maze II","GRAPH THEORY","MEDIUM",236218,,"CLEAR",,false,2026-07-21T18:50:04.000Z,2026-07-21T18:50:04.000Z
"https://leetcode.com/problems/the-maze-iii/","The Maze III","GRAPH THEORY","HARD",78139,,"CLEAR",,false,2026-07-21T18:50:04.000Z,2026-07-21T18:50:04.000Z
"https://leetcode.com/problems/the-time-when-the-network-becomes-idle/","The Time When the Network Becomes Idle","GRAPH THEORY","MEDIUM",44061,,"CLEAR",,false,2026-07-21T18:50:04.000Z,2026-07-21T18:50:04.000Z
"https://leetcode.com/problems/trapping-rain-water-ii/","Trapping Rain Water II","GRAPH THEORY","HARD",422096,,"CLEAR",,false,2026-07-21T18:50:04.000Z,2026-07-21T18:50:04.000Z
"https://leetcode.com/problems/unit-conversion-i/","Unit Conversion I","GRAPH THEORY","MEDIUM",38220,,"CLEAR",,false,2026-07-21T18:50:04.000Z,2026-07-21T18:50:04.000Z
"https://leetcode.com/problems/unit-conversion-ii/","Unit Conversion II","GRAPH THEORY","MEDIUM",1010,,"CLEAR",,false,2026-07-21T18:50:04.000Z,2026-07-21T18:50:04.000Z
"https://leetcode.com/problems/valid-arrangement-of-pairs/","Valid Arrangement of Pairs","GRAPH THEORY","HARD",127244,,"CLEAR",,false,2026-07-21T18:50:04.000Z,2026-07-21T18:50:04.000Z
"https://leetcode.com/problems/walls-and-gates/","Walls and Gates","GRAPH THEORY","MEDIUM",676144,,"CLEAR",,false,2026-07-21T18:50:04.000Z,2026-07-21T18:50:04.000Z
"https://leetcode.com/problems/water-and-jug-problem/","Water and Jug Problem","GRAPH THEORY","MEDIUM",336532,,"CLEAR",,false,2026-07-21T18:50:04.000Z,2026-07-21T18:50:04.000Z
"https://leetcode.com/problems/web-crawler/","Web Crawler","GRAPH THEORY","MEDIUM",84122,,"CLEAR",,false,2026-07-21T18:50:04.000Z,2026-07-21T18:50:04.000Z
"https://leetcode.com/problems/web-crawler-multithreaded/","Web Crawler Multithreaded","GRAPH THEORY","MEDIUM",213175,,"CLEAR",,false,2026-07-21T18:50:04.000Z,2026-07-21T18:50:04.000Z
"https://leetcode.com/problems/word-ladder/","Word Ladder","GRAPH THEORY","HARD",3655175,,"CLEAR",,false,2026-07-21T18:50:04.000Z,2026-07-21T18:50:04.000Z
"https://leetcode.com/problems/add-minimum-number-of-rungs/","Add Minimum Number of Rungs","GREEDY","MEDIUM",82305,,"CLEAR",,false,2026-07-21T18:50:04.000Z,2026-07-21T18:50:04.000Z
"https://leetcode.com/problems/advantage-shuffle/","Advantage Shuffle","GREEDY","MEDIUM",154227,,"CLEAR",,false,2026-07-21T18:50:04.000Z,2026-07-21T18:50:04.000Z
"https://leetcode.com/problems/append-characters-to-string-to-make-subsequence/","Append Characters to String to Make Subsequence","GREEDY","MEDIUM",314555,,"CLEAR",,false,2026-07-21T18:50:04.000Z,2026-07-21T18:50:04.000Z
"https://leetcode.com/problems/append-k-integers-with-minimal-sum/","Append K Integers With Minimal Sum","GREEDY","MEDIUM",160206,,"CLEAR",,false,2026-07-21T18:50:04.000Z,2026-07-21T18:50:04.000Z
"https://leetcode.com/problems/apple-redistribution-into-boxes/","Apple Redistribution into Boxes","GREEDY","EASY",219372,,"CLEAR",,false,2026-07-21T18:50:04.000Z,2026-07-21T18:50:04.000Z
"https://leetcode.com/problems/apply-operations-to-make-sum-of-array-greater-than-or-equal-to-k/","Apply Operations to Make Sum of Array Greater Than or Equal to k","GREEDY","MEDIUM",74848,,"CLEAR",,false,2026-07-21T18:50:04.000Z,2026-07-21T18:50:04.000Z
"https://leetcode.com/problems/apply-operations-to-maximize-score/","Apply Operations to Maximize Score","GREEDY","HARD",142826,,"CLEAR",,false,2026-07-21T18:50:04.000Z,2026-07-21T18:50:04.000Z
"https://leetcode.com/problems/array-of-doubled-pairs/","Array of Doubled Pairs","GREEDY","MEDIUM",267598,,"CLEAR",,false,2026-07-21T18:50:04.000Z,2026-07-21T18:50:04.000Z
"https://leetcode.com/problems/array-partition/","Array Partition","GREEDY","EASY",853033,,"CLEAR",,false,2026-07-21T18:50:04.000Z,2026-07-21T18:50:04.000Z
"https://leetcode.com/problems/array-with-elements-not-equal-to-average-of-neighbors/","Array With Elements Not Equal to Average of Neighbors","GREEDY","MEDIUM",100758,,"CLEAR",,false,2026-07-21T18:50:04.000Z,2026-07-21T18:50:04.000Z
"https://leetcode.com/problems/assign-cookies/","Assign Cookies","GREEDY","EASY",1850159,,"CLEAR",,false,2026-07-21T18:50:04.000Z,2026-07-21T18:50:04.000Z
"https://leetcode.com/problems/avoid-flood-in-the-city/","Avoid Flood in The City","GREEDY","MEDIUM",347028,,"CLEAR",,false,2026-07-21T18:50:04.000Z,2026-07-21T18:50:04.000Z
"https://leetcode.com/problems/bag-of-tokens/","Bag of Tokens","GREEDY","MEDIUM",458000,,"CLEAR",,false,2026-07-21T18:50:04.000Z,2026-07-21T18:50:04.000Z
"https://leetcode.com/problems/balance-a-binary-search-tree/","Balance a Binary Search Tree","GREEDY","MEDIUM",477926,,"CLEAR",,false,2026-07-21T18:50:04.000Z,2026-07-21T18:50:04.000Z
"https://leetcode.com/problems/boats-to-save-people/","Boats to Save People","GREEDY","MEDIUM",962233,,"CLEAR",,false,2026-07-21T18:50:04.000Z,2026-07-21T18:50:04.000Z
"https://leetcode.com/problems/break-a-palindrome/","Break a Palindrome","GREEDY","MEDIUM",389811,,"CLEAR",,false,2026-07-21T18:50:04.000Z,2026-07-21T18:50:04.000Z
"https://leetcode.com/problems/broken-calculator/","Broken Calculator","GREEDY","MEDIUM",223708,,"CLEAR",,false,2026-07-21T18:50:04.000Z,2026-07-21T18:50:04.000Z
"https://leetcode.com/problems/building-boxes/","Building Boxes","GREEDY","HARD",19076,,"CLEAR",,false,2026-07-21T18:50:04.000Z,2026-07-21T18:50:04.000Z
"https://leetcode.com/problems/buy-two-chocolates/","Buy Two Chocolates","GREEDY","EASY",336113,,"CLEAR",,false,2026-07-21T18:50:04.000Z,2026-07-21T18:50:04.000Z
"https://leetcode.com/problems/can-place-flowers/","Can Place Flowers","GREEDY","EASY",4941698,,"CLEAR",,false,2026-07-21T18:50:04.000Z,2026-07-21T18:50:04.000Z
"https://leetcode.com/problems/candy/","Candy","GREEDY","HARD",2240359,,"CLEAR",,false,2026-07-21T18:50:04.000Z,2026-07-21T18:50:04.000Z
"https://leetcode.com/problems/check-if-a-parentheses-string-can-be-valid/","Check if a Parentheses String Can Be Valid","GREEDY","MEDIUM",349969,,"CLEAR",,false,2026-07-21T18:50:04.000Z,2026-07-21T18:50:04.000Z
"https://leetcode.com/problems/check-if-a-string-can-break-another-string/","Check If a String Can Break Another String","GREEDY","MEDIUM",77819,,"CLEAR",,false,2026-07-21T18:50:04.000Z,2026-07-21T18:50:04.000Z
"https://leetcode.com/problems/check-if-string-is-transformable-with-substring-sort-operations/","Check If String Is Transformable With Substring Sort Operations","GREEDY","HARD",25729,,"CLEAR",,false,2026-07-21T18:50:04.000Z,2026-07-21T18:50:04.000Z
"https://leetcode.com/problems/construct-k-palindrome-strings/","Construct K Palindrome Strings","GREEDY","MEDIUM",310333,,"CLEAR",,false,2026-07-21T18:50:04.000Z,2026-07-21T18:50:04.000Z
"https://leetcode.com/problems/construct-smallest-number-from-di-string/","Construct Smallest Number From DI String","GREEDY","MEDIUM",199894,,"CLEAR",,false,2026-07-21T18:50:04.000Z,2026-07-21T18:50:04.000Z
"https://leetcode.com/problems/construct-string-with-repeat-limit/","Construct String With Repeat Limit","GREEDY","MEDIUM",187138,,"CLEAR",,false,2026-07-21T18:50:04.000Z,2026-07-21T18:50:04.000Z
"https://leetcode.com/problems/container-with-most-water/","Container With Most Water","GREEDY","MEDIUM",9326705,,"CLEAR",,false,2026-07-21T18:50:04.000Z,2026-07-21T18:50:04.000Z
"https://leetcode.com/problems/count-k-subsequences-of-a-string-with-maximum-beauty/","Count K-Subsequences of a String With Maximum Beauty","GREEDY","HARD",49858,,"CLEAR",,false,2026-07-21T18:50:04.000Z,2026-07-21T18:50:04.000Z
"https://leetcode.com/problems/count-pairs-of-equal-substrings-with-minimum-difference/","Count Pairs of Equal Substrings With Minimum Difference","GREEDY","MEDIUM",3952,,"CLEAR",,false,2026-07-21T18:50:04.000Z,2026-07-21T18:50:04.000Z
"https://leetcode.com/problems/couples-holding-hands/","Couples Holding Hands","GREEDY","HARD",144296,,"CLEAR",,false,2026-07-21T18:50:04.000Z,2026-07-21T18:50:04.000Z
"https://leetcode.com/problems/course-schedule-iii/","Course Schedule III","GREEDY","HARD",348029,,"CLEAR",,false,2026-07-21T18:50:04.000Z,2026-07-21T18:50:04.000Z
"https://leetcode.com/problems/create-maximum-number/","Create Maximum Number","GREEDY","HARD",250041,,"CLEAR",,false,2026-07-21T18:50:04.000Z,2026-07-21T18:50:04.000Z
"https://leetcode.com/problems/decrease-elements-to-make-array-zigzag/","Decrease Elements To Make Array Zigzag","GREEDY","MEDIUM",53790,,"CLEAR",,false,2026-07-21T18:50:04.000Z,2026-07-21T18:50:04.000Z
"https://leetcode.com/problems/delete-columns-to-make-sorted-ii/","Delete Columns to Make Sorted II","GREEDY","MEDIUM",183516,,"CLEAR",,false,2026-07-21T18:50:04.000Z,2026-07-21T18:50:04.000Z
"https://leetcode.com/problems/design-an-atm-machine/","Design an ATM Machine","GREEDY","MEDIUM",83301,,"CLEAR",,false,2026-07-21T18:50:04.000Z,2026-07-21T18:50:04.000Z
"https://leetcode.com/problems/destroying-asteroids/","Destroying Asteroids","GREEDY","MEDIUM",304952,,"CLEAR",,false,2026-07-21T18:50:04.000Z,2026-07-21T18:50:04.000Z
"https://leetcode.com/problems/determine-the-minimum-sum-of-a-k-avoiding-array/","Determine the Minimum Sum of a k-avoiding Array","GREEDY","MEDIUM",68484,,"CLEAR",,false,2026-07-21T18:50:04.000Z,2026-07-21T18:50:04.000Z
"https://leetcode.com/problems/di-string-match/","DI String Match","GREEDY","EASY",264570,,"CLEAR",,false,2026-07-21T18:50:04.000Z,2026-07-21T18:50:04.000Z
"https://leetcode.com/problems/distant-barcodes/","Distant Barcodes","GREEDY","MEDIUM",121258,,"CLEAR",,false,2026-07-21T18:50:04.000Z,2026-07-21T18:50:04.000Z
"https://leetcode.com/problems/distribute-money-to-maximum-children/","Distribute Money to Maximum Children","GREEDY","EASY",245025,,"CLEAR",,false,2026-07-21T18:50:04.000Z,2026-07-21T18:50:04.000Z
"https://leetcode.com/problems/divide-array-in-sets-of-k-consecutive-numbers/","Divide Array in Sets of K Consecutive Numbers","GREEDY","MEDIUM",225274,,"CLEAR",,false,2026-07-21T18:50:04.000Z,2026-07-21T18:50:04.000Z
"https://leetcode.com/problems/divide-array-into-arrays-with-max-difference/","Divide Array Into Arrays With Max Difference","GREEDY","MEDIUM",359917,,"CLEAR",,false,2026-07-21T18:50:04.000Z,2026-07-21T18:50:04.000Z
"https://leetcode.com/problems/divide-intervals-into-minimum-number-of-groups/","Divide Intervals Into Minimum Number of Groups","GREEDY","MEDIUM",229780,,"CLEAR",,false,2026-07-21T18:50:04.000Z,2026-07-21T18:50:04.000Z
"https://leetcode.com/problems/dota2-senate/","Dota2 Senate","GREEDY","MEDIUM",599777,,"CLEAR",,false,2026-07-21T18:50:04.000Z,2026-07-21T18:50:04.000Z
"https://leetcode.com/problems/earliest-finish-time-for-land-and-water-rides-i/","Earliest Finish Time for Land and Water Rides I","GREEDY","EASY",206381,,"CLEAR",,false,2026-07-21T18:50:04.000Z,2026-07-21T18:50:04.000Z
"https://leetcode.com/problems/earliest-finish-time-for-land-and-water-rides-ii/","Earliest Finish Time for Land and Water Rides II","GREEDY","MEDIUM",169696,,"CLEAR",,false,2026-07-21T18:50:04.000Z,2026-07-21T18:50:04.000Z
"https://leetcode.com/problems/earliest-possible-day-of-full-bloom/","Earliest Possible Day of Full Bloom","GREEDY","HARD",92242,,"CLEAR",,false,2026-07-21T18:50:04.000Z,2026-07-21T18:50:04.000Z
"https://leetcode.com/problems/earliest-second-to-mark-indices-ii/","Earliest Second to Mark Indices II","GREEDY","HARD",18145,,"CLEAR",,false,2026-07-21T18:50:04.000Z,2026-07-21T18:50:04.000Z
"https://leetcode.com/problems/eat-pizzas/","Eat Pizzas!","GREEDY","MEDIUM",77325,,"CLEAR",,false,2026-07-21T18:50:04.000Z,2026-07-21T18:50:04.000Z
"https://leetcode.com/problems/eliminate-maximum-number-of-monsters/","Eliminate Maximum Number of Monsters","GREEDY","MEDIUM",245706,,"CLEAR",,false,2026-07-21T18:50:04.000Z,2026-07-21T18:50:04.000Z
"https://leetcode.com/problems/equal-sum-arrays-with-minimum-number-of-operations/","Equal Sum Arrays With Minimum Number of Operations","GREEDY","MEDIUM",66711,,"CLEAR",,false,2026-07-21T18:50:04.000Z,2026-07-21T18:50:04.000Z
"https://leetcode.com/problems/find-maximum-area-of-a-triangle/","Find Maximum Area of a Triangle","GREEDY","MEDIUM",42026,,"CLEAR",,false,2026-07-21T18:50:04.000Z,2026-07-21T18:50:04.000Z
"https://leetcode.com/problems/find-maximum-value-in-a-constrained-sequence/","Find Maximum Value in a Constrained Sequence","GREEDY","MEDIUM",22925,,"CLEAR",,false,2026-07-21T18:50:04.000Z,2026-07-21T18:50:04.000Z
"https://leetcode.com/problems/find-minimum-time-to-finish-all-jobs-ii/","Find Minimum Time to Finish All Jobs II","GREEDY","MEDIUM",19444,,"CLEAR",,false,2026-07-21T18:50:04.000Z,2026-07-21T18:50:04.000Z
"https://leetcode.com/problems/find-original-array-from-doubled-array/","Find Original Array From Doubled Array","GREEDY","MEDIUM",386817,,"CLEAR",,false,2026-07-21T18:50:04.000Z,2026-07-21T18:50:04.000Z
"https://leetcode.com/problems/find-permutation/","Find Permutation","GREEDY","MEDIUM",65441,,"CLEAR",,false,2026-07-21T18:50:04.000Z,2026-07-21T18:50:04.000Z
"https://leetcode.com/problems/find-polygon-with-the-largest-perimeter/","Find Polygon With the Largest Perimeter","GREEDY","MEDIUM",224450,,"CLEAR",,false,2026-07-21T18:50:04.000Z,2026-07-21T18:50:04.000Z
"https://leetcode.com/problems/find-the-maximum-number-of-marked-indices/","Find the Maximum Number of Marked Indices","GREEDY","MEDIUM",68162,,"CLEAR",,false,2026-07-21T18:50:04.000Z,2026-07-21T18:50:04.000Z
"https://leetcode.com/problems/find-the-minimum-number-of-fibonacci-numbers-whose-sum-is-k/","Find the Minimum Number of Fibonacci Numbers Whose Sum Is K","GREEDY","MEDIUM",82501,,"CLEAR",,false,2026-07-21T18:50:04.000Z,2026-07-21T18:50:04.000Z
"https://leetcode.com/problems/find-the-minimum-possible-sum-of-a-beautiful-array/","Find the Minimum Possible Sum of a Beautiful Array","GREEDY","MEDIUM",95984,,"CLEAR",,false,2026-07-21T18:50:04.000Z,2026-07-21T18:50:04.000Z
"https://leetcode.com/problems/find-the-most-competitive-subsequence/","Find the Most Competitive Subsequence","GREEDY","MEDIUM",165372,,"CLEAR",,false,2026-07-21T18:50:04.000Z,2026-07-21T18:50:04.000Z
"https://leetcode.com/problems/find-time-required-to-eliminate-bacterial-strains/","Find Time Required to Eliminate Bacterial Strains","GREEDY","HARD",903,,"CLEAR",,false,2026-07-21T18:50:04.000Z,2026-07-21T18:50:04.000Z
"https://leetcode.com/problems/find-valid-matrix-given-row-and-column-sums/","Find Valid Matrix Given Row and Column Sums","GREEDY","MEDIUM",197825,,"CLEAR",,false,2026-07-21T18:50:04.000Z,2026-07-21T18:50:04.000Z
"https://leetcode.com/problems/form-array-by-concatenating-subarrays-of-another-array/","Form Array by Concatenating Subarrays of Another Array","GREEDY","MEDIUM",39153,,"CLEAR",,false,2026-07-21T18:50:04.000Z,2026-07-21T18:50:04.000Z
"https://leetcode.com/problems/frequency-of-the-most-frequent-element/","Frequency of the Most Frequent Element","GREEDY","MEDIUM",641938,,"CLEAR",,false,2026-07-21T18:50:04.000Z,2026-07-21T18:50:04.000Z
"https://leetcode.com/problems/frog-jump-ii/","Frog Jump II","GREEDY","MEDIUM",67712,,"CLEAR",,false,2026-07-21T18:50:04.000Z,2026-07-21T18:50:04.000Z
"https://leetcode.com/problems/furthest-building-you-can-reach/","Furthest Building You Can Reach","GREEDY","MEDIUM",542725,,"CLEAR",,false,2026-07-21T18:50:04.000Z,2026-07-21T18:50:04.000Z
"https://leetcode.com/problems/gas-station/","Gas Station","GREEDY","MEDIUM",2919133,,"CLEAR",,false,2026-07-21T18:50:04.000Z,2026-07-21T18:50:04.000Z
"https://leetcode.com/problems/generate-schedule/","Generate Schedule","GREEDY","MEDIUM",19884,,"CLEAR",,false,2026-07-21T18:50:04.000Z,2026-07-21T18:50:04.000Z
"https://leetcode.com/problems/group-the-people-given-the-group-size-they-belong-to/","Group the People Given the Group Size They Belong To","GREEDY","MEDIUM",291839,,"CLEAR",,false,2026-07-21T18:50:04.000Z,2026-07-21T18:50:04.000Z
"https://leetcode.com/problems/hand-of-straights/","Hand of Straights","GREEDY","MEDIUM",812842,,"CLEAR",,false,2026-07-21T18:50:04.000Z,2026-07-21T18:50:04.000Z
"https://leetcode.com/problems/how-many-apples-can-you-put-into-the-basket/","How Many Apples Can You Put into the Basket","GREEDY","EASY",79235,,"CLEAR",,false,2026-07-21T18:50:04.000Z,2026-07-21T18:50:04.000Z
"https://leetcode.com/problems/increasing-triplet-subsequence/","Increasing Triplet Subsequence","GREEDY","MEDIUM",2419987,,"CLEAR",,false,2026-07-21T18:50:04.000Z,2026-07-21T18:50:04.000Z
"https://leetcode.com/problems/ipo/","IPO","GREEDY","HARD",613306,,"CLEAR",,false,2026-07-21T18:50:04.000Z,2026-07-21T18:50:04.000Z
"https://leetcode.com/problems/k-items-with-the-maximum-sum/","K Items With the Maximum Sum","GREEDY","EASY",111148,,"CLEAR",,false,2026-07-21T18:50:04.000Z,2026-07-21T18:50:04.000Z
"https://leetcode.com/problems/largest-element-in-an-array-after-merge-operations/","Largest Element in an Array after Merge Operations","GREEDY","MEDIUM",80623,,"CLEAR",,false,2026-07-21T18:50:04.000Z,2026-07-21T18:50:04.000Z
"https://leetcode.com/problems/largest-merge-of-two-strings/","Largest Merge Of Two Strings","GREEDY","MEDIUM",67655,,"CLEAR",,false,2026-07-21T18:50:04.000Z,2026-07-21T18:50:04.000Z
"https://leetcode.com/problems/largest-number/","Largest Number","GREEDY","MEDIUM",1968288,,"CLEAR",,false,2026-07-21T18:50:04.000Z,2026-07-21T18:50:04.000Z
"https://leetcode.com/problems/largest-number-after-mutating-substring/","Largest Number After Mutating Substring","GREEDY","MEDIUM",71621,,"CLEAR",,false,2026-07-21T18:50:04.000Z,2026-07-21T18:50:04.000Z
"https://leetcode.com/problems/largest-odd-number-in-string/","Largest Odd Number in String","GREEDY","EASY",905163,,"CLEAR",,false,2026-07-21T18:50:04.000Z,2026-07-21T18:50:04.000Z
"https://leetcode.com/problems/largest-palindromic-number/","Largest Palindromic Number","GREEDY","MEDIUM",148950,,"CLEAR",,false,2026-07-21T18:50:04.000Z,2026-07-21T18:50:04.000Z
"https://leetcode.com/problems/largest-perimeter-triangle/","Largest Perimeter Triangle","GREEDY","EASY",701222,,"CLEAR",,false,2026-07-21T18:50:04.000Z,2026-07-21T18:50:04.000Z
"https://leetcode.com/problems/largest-subarray-length-k/","Largest Subarray Length K","GREEDY","EASY",16467,,"CLEAR",,false,2026-07-21T18:50:04.000Z,2026-07-21T18:50:04.000Z
"https://leetcode.com/problems/largest-submatrix-with-rearrangements/","Largest Submatrix With Rearrangements","GREEDY","MEDIUM",199168,,"CLEAR",,false,2026-07-21T18:50:04.000Z,2026-07-21T18:50:04.000Z
"https://leetcode.com/problems/largest-values-from-labels/","Largest Values From Labels","GREEDY","MEDIUM",80588,,"CLEAR",,false,2026-07-21T18:50:04.000Z,2026-07-21T18:50:04.000Z
"https://leetcode.com/problems/latest-time-by-replacing-hidden-digits/","Latest Time by Replacing Hidden Digits","GREEDY","EASY",113222,,"CLEAR",,false,2026-07-21T18:50:04.000Z,2026-07-21T18:50:04.000Z
"https://leetcode.com/problems/least-number-of-unique-integers-after-k-removals/","Least Number of Unique Integers after K Removals","GREEDY","MEDIUM",447336,,"CLEAR",,false,2026-07-21T18:50:04.000Z,2026-07-21T18:50:04.000Z
"https://leetcode.com/problems/lemonade-change/","Lemonade Change","GREEDY","EASY",1061649,,"CLEAR",,false,2026-07-21T18:50:04.000Z,2026-07-21T18:50:04.000Z
"https://leetcode.com/problems/lexicographically-maximum-mex-array/","Lexicographically Maximum MEX Array","GREEDY","HARD",13628,,"CLEAR",,false,2026-07-21T18:50:04.000Z,2026-07-21T18:50:04.000Z
"https://leetcode.com/problems/lexicographically-minimum-string-after-removing-stars/","Lexicographically Minimum String After Removing Stars","GREEDY","MEDIUM",237137,,"CLEAR",,false,2026-07-21T18:50:04.000Z,2026-07-21T18:50:04.000Z
"https://leetcode.com/problems/lexicographically-smallest-beautiful-string/","Lexicographically Smallest Beautiful String","GREEDY","HARD",29375,,"CLEAR",,false,2026-07-21T18:50:04.000Z,2026-07-21T18:50:04.000Z
"https://leetcode.com/problems/lexicographically-smallest-generated-string/","Lexicographically Smallest Generated String","GREEDY","HARD",121597,,"CLEAR",,false,2026-07-21T18:50:04.000Z,2026-07-21T18:50:04.000Z
"https://leetcode.com/problems/lexicographically-smallest-negated-permutation-that-sums-to-target/","Lexicographically Smallest Negated Permutation that Sums to Target","GREEDY","MEDIUM",44684,,"CLEAR",,false,2026-07-21T18:50:04.000Z,2026-07-21T18:50:04.000Z
"https://leetcode.com/problems/lexicographically-smallest-palindrome/","Lexicographically Smallest Palindrome","GREEDY","EASY",108895,,"CLEAR",,false,2026-07-21T18:50:04.000Z,2026-07-21T18:50:04.000Z
"https://leetcode.com/problems/lexicographically-smallest-permutation-greater-than-target/","Lexicographically Smallest Permutation Greater Than Target","GREEDY","MEDIUM",49293,,"CLEAR",,false,2026-07-21T18:50:04.000Z,2026-07-21T18:50:04.000Z
"https://leetcode.com/problems/lexicographically-smallest-string-after-a-swap/","Lexicographically Smallest String After a Swap","GREEDY","EASY",103269,,"CLEAR",,false,2026-07-21T18:50:04.000Z,2026-07-21T18:50:04.000Z
"https://leetcode.com/problems/lexicographically-smallest-string-after-deleting-duplicate-characters/","Lexicographically Smallest String After Deleting Duplicate Characters","GREEDY","HARD",28810,,"CLEAR",,false,2026-07-21T18:50:04.000Z,2026-07-21T18:50:04.000Z
"https://leetcode.com/problems/lexicographically-smallest-string-after-operations-with-constraint/","Lexicographically Smallest String After Operations With Constraint","GREEDY","MEDIUM",47487,,"CLEAR",,false,2026-07-21T18:50:04.000Z,2026-07-21T18:50:04.000Z
"https://leetcode.com/problems/lexicographically-smallest-string-after-substring-operation/","Lexicographically Smallest String After Substring Operation","GREEDY","MEDIUM",104858,,"CLEAR",,false,2026-07-21T18:50:04.000Z,2026-07-21T18:50:04.000Z
"https://leetcode.com/problems/longest-happy-string/","Longest Happy String","GREEDY","MEDIUM",341365,,"CLEAR",,false,2026-07-21T18:50:04.000Z,2026-07-21T18:50:04.000Z
"https://leetcode.com/problems/longest-palindrome/","Longest Palindrome","GREEDY","EASY",1938534,,"CLEAR",,false,2026-07-21T18:50:04.000Z,2026-07-21T18:50:04.000Z
"https://leetcode.com/problems/longest-palindrome-by-concatenating-two-letter-words/","Longest Palindrome by Concatenating Two Letter Words","GREEDY","MEDIUM",462444,,"CLEAR",,false,2026-07-21T18:50:04.000Z,2026-07-21T18:50:04.000Z
"https://leetcode.com/problems/longest-subsequence-with-limited-sum/","Longest Subsequence With Limited Sum","GREEDY","EASY",233302,,"CLEAR",,false,2026-07-21T18:50:04.000Z,2026-07-21T18:50:04.000Z
"https://leetcode.com/problems/make-a-positive-array/","Make a Positive Array","GREEDY","MEDIUM",2298,,"CLEAR",,false,2026-07-21T18:50:04.000Z,2026-07-21T18:50:04.000Z
"https://leetcode.com/problems/make-array-empty/","Make Array Empty","GREEDY","HARD",55877,,"CLEAR",,false,2026-07-21T18:50:04.000Z,2026-07-21T18:50:04.000Z
"https://leetcode.com/problems/make-array-non-decreasing/","Make Array Non-decreasing","GREEDY","MEDIUM",59596,,"CLEAR",,false,2026-07-21T18:50:04.000Z,2026-07-21T18:50:04.000Z
"https://leetcode.com/problems/make-array-zero-by-subtracting-equal-amounts/","Make Array Zero by Subtracting Equal Amounts","GREEDY","EASY",252578,,"CLEAR",,false,2026-07-21T18:50:04.000Z,2026-07-21T18:50:04.000Z
"https://leetcode.com/problems/make-k-subarray-sums-equal/","Make K-Subarray Sums Equal","GREEDY","MEDIUM",38267,,"CLEAR",,false,2026-07-21T18:50:04.000Z,2026-07-21T18:50:04.000Z
"https://leetcode.com/problems/make-string-anti-palindrome/","Make String Anti-palindrome","GREEDY","HARD",2209,,"CLEAR",,false,2026-07-21T18:50:04.000Z,2026-07-21T18:50:04.000Z
"https://leetcode.com/problems/make-the-prefix-sum-non-negative/","Make the Prefix Sum Non-negative","GREEDY","MEDIUM",16440,,"CLEAR",,false,2026-07-21T18:50:04.000Z,2026-07-21T18:50:04.000Z
"https://leetcode.com/problems/max-chunks-to-make-sorted/","Max Chunks To Make Sorted","GREEDY","MEDIUM",377191,,"CLEAR",,false,2026-07-21T18:50:04.000Z,2026-07-21T18:50:04.000Z
"https://leetcode.com/problems/max-chunks-to-make-sorted-ii/","Max Chunks To Make Sorted II","GREEDY","HARD",162287,,"CLEAR",,false,2026-07-21T18:50:04.000Z,2026-07-21T18:50:04.000Z
"https://leetcode.com/problems/max-difference-you-can-get-from-changing-an-integer/","Max Difference You Can Get From Changing an Integer","GREEDY","MEDIUM",235127,,"CLEAR",,false,2026-07-21T18:50:04.000Z,2026-07-21T18:50:04.000Z
"https://leetcode.com/problems/max-increase-to-keep-city-skyline/","Max Increase to Keep City Skyline","GREEDY","MEDIUM",222103,,"CLEAR",,false,2026-07-21T18:50:04.000Z,2026-07-21T18:50:04.000Z
"https://leetcode.com/problems/maximal-score-after-applying-k-operations/","Maximal Score After Applying K Operations","GREEDY","MEDIUM",259688,,"CLEAR",,false,2026-07-21T18:50:04.000Z,2026-07-21T18:50:04.000Z
"https://leetcode.com/problems/maximize-alternating-sum-using-swaps/","Maximize Alternating Sum Using Swaps","GREEDY","HARD",14905,,"CLEAR",,false,2026-07-21T18:50:04.000Z,2026-07-21T18:50:04.000Z
"https://leetcode.com/problems/maximize-expression-of-three-elements/","Maximize Expression of Three Elements","GREEDY","EASY",66752,,"CLEAR",,false,2026-07-21T18:50:04.000Z,2026-07-21T18:50:04.000Z
"https://leetcode.com/problems/maximize-greatness-of-an-array/","Maximize Greatness of an Array","GREEDY","MEDIUM",70955,,"CLEAR",,false,2026-07-21T18:50:04.000Z,2026-07-21T18:50:04.000Z
"https://leetcode.com/problems/maximize-happiness-of-selected-children/","Maximize Happiness of Selected Children","GREEDY","MEDIUM",494756,,"CLEAR",,false,2026-07-21T18:50:04.000Z,2026-07-21T18:50:04.000Z
"https://leetcode.com/problems/maximize-number-of-subsequences-in-a-string/","Maximize Number of Subsequences in a String","GREEDY","MEDIUM",70414,,"CLEAR",,false,2026-07-21T18:50:04.000Z,2026-07-21T18:50:04.000Z
"https://leetcode.com/problems/maximize-points-after-choosing-k-tasks/","Maximize Points After Choosing K Tasks","GREEDY","MEDIUM",28876,,"CLEAR",,false,2026-07-21T18:50:04.000Z,2026-07-21T18:50:04.000Z
"https://leetcode.com/problems/maximize-profit-from-task-assignment/","Maximize Profit from Task Assignment","GREEDY","MEDIUM",1725,,"CLEAR",,false,2026-07-21T18:50:04.000Z,2026-07-21T18:50:04.000Z
"https://leetcode.com/problems/maximize-score-after-pair-deletions/","Maximize Score After Pair Deletions","GREEDY","MEDIUM",2556,,"CLEAR",,false,2026-07-21T18:50:04.000Z,2026-07-21T18:50:04.000Z
"https://leetcode.com/problems/maximize-score-of-numbers-in-ranges/","Maximize Score of Numbers in Ranges","GREEDY","MEDIUM",67933,,"CLEAR",,false,2026-07-21T18:50:04.000Z,2026-07-21T18:50:04.000Z
"https://leetcode.com/problems/maximize-spanning-tree-stability-with-upgrades/","Maximize Spanning Tree Stability with Upgrades","GREEDY","HARD",107374,,"CLEAR",,false,2026-07-21T18:50:04.000Z,2026-07-21T18:50:04.000Z
"https://leetcode.com/problems/maximize-sum-of-array-after-k-negations/","Maximize Sum Of Array After K Negations","GREEDY","EASY",269532,,"CLEAR",,false,2026-07-21T18:50:04.000Z,2026-07-21T18:50:04.000Z
"https://leetcode.com/problems/maximize-sum-of-at-most-k-distinct-elements/","Maximize Sum of At Most K Distinct Elements","GREEDY","EASY",86384,,"CLEAR",,false,2026-07-21T18:50:04.000Z,2026-07-21T18:50:04.000Z
"https://leetcode.com/problems/maximize-sum-of-squares-of-digits/","Maximize Sum of Squares of Digits","GREEDY","MEDIUM",40613,,"CLEAR",,false,2026-07-21T18:50:04.000Z,2026-07-21T18:50:04.000Z
"https://leetcode.com/problems/maximize-the-beauty-of-the-garden/","Maximize the Beauty of the Garden","GREEDY","HARD",4356,,"CLEAR",,false,2026-07-21T18:50:04.000Z,2026-07-21T18:50:04.000Z
"https://leetcode.com/problems/maximize-the-minimum-game-score/","Maximize the Minimum Game Score","GREEDY","HARD",17152,,"CLEAR",,false,2026-07-21T18:50:04.000Z,2026-07-21T18:50:04.000Z
"https://leetcode.com/problems/maximize-the-minimum-powered-city/","Maximize the Minimum Powered City","GREEDY","HARD",112084,,"CLEAR",,false,2026-07-21T18:50:04.000Z,2026-07-21T18:50:04.000Z
"https://leetcode.com/problems/maximize-the-topmost-element-after-k-moves/","Maximize the Topmost Element After K Moves","GREEDY","MEDIUM",163876,,"CLEAR",,false,2026-07-21T18:50:04.000Z,2026-07-21T18:50:04.000Z
"https://leetcode.com/problems/maximize-the-total-height-of-unique-towers/","Maximize the Total Height of Unique Towers","GREEDY","MEDIUM",94514,,"CLEAR",,false,2026-07-21T18:50:04.000Z,2026-07-21T18:50:04.000Z
"https://leetcode.com/problems/maximize-ysum-by-picking-a-triplet-of-distinct-xvalues/","Maximize Y‑Sum by Picking a Triplet of Distinct X‑Values","GREEDY","MEDIUM",50150,,"CLEAR",,false,2026-07-21T18:50:04.000Z,2026-07-21T18:50:04.000Z
"https://leetcode.com/problems/maximum-69-number/","Maximum 69 Number","GREEDY","EASY",593239,,"CLEAR",,false,2026-07-21T18:50:04.000Z,2026-07-21T18:50:04.000Z
"https://leetcode.com/problems/maximum-alternating-sum-of-squares/","Maximum Alternating Sum of Squares","GREEDY","MEDIUM",56441,,"CLEAR",,false,2026-07-21T18:50:04.000Z,2026-07-21T18:50:04.000Z
"https://leetcode.com/problems/maximum-area-of-a-piece-of-cake-after-horizontal-and-vertical-cuts/","Maximum Area of a Piece of Cake After Horizontal and Vertical Cuts","GREEDY","MEDIUM",427995,,"CLEAR",,false,2026-07-21T18:50:04.000Z,2026-07-21T18:50:04.000Z
"https://leetcode.com/problems/maximum-array-hopping-score-ii/","Maximum Array Hopping Score II","GREEDY","MEDIUM",2033,,"CLEAR",,false,2026-07-21T18:50:04.000Z,2026-07-21T18:50:04.000Z
"https://leetcode.com/problems/maximum-average-pass-ratio/","Maximum Average Pass Ratio","GREEDY","MEDIUM",284848,,"CLEAR",,false,2026-07-21T18:50:04.000Z,2026-07-21T18:50:04.000Z
"https://leetcode.com/problems/maximum-bags-with-full-capacity-of-rocks/","Maximum Bags With Full Capacity of Rocks","GREEDY","MEDIUM",170076,,"CLEAR",,false,2026-07-21T18:50:04.000Z,2026-07-21T18:50:04.000Z
"https://leetcode.com/problems/maximum-binary-string-after-change/","Maximum Binary String After Change","GREEDY","MEDIUM",39938,,"CLEAR",,false,2026-07-21T18:50:04.000Z,2026-07-21T18:50:04.000Z
"https://leetcode.com/problems/maximum-calories-burnt-from-jumps/","Maximum Calories Burnt from Jumps","GREEDY","MEDIUM",1182,,"CLEAR",,false,2026-07-21T18:50:04.000Z,2026-07-21T18:50:04.000Z
"https://leetcode.com/problems/maximum-coins-from-k-consecutive-bags/","Maximum Coins From K Consecutive Bags","GREEDY","MEDIUM",39851,,"CLEAR",,false,2026-07-21T18:50:04.000Z,2026-07-21T18:50:04.000Z
"https://leetcode.com/problems/maximum-difference-by-remapping-a-digit/","Maximum Difference by Remapping a Digit","GREEDY","EASY",179357,,"CLEAR",,false,2026-07-21T18:50:04.000Z,2026-07-21T18:50:04.000Z
"https://leetcode.com/problems/maximum-distance-in-arrays/","Maximum Distance in Arrays","GREEDY","MEDIUM",462109,,"CLEAR",,false,2026-07-21T18:50:04.000Z,2026-07-21T18:50:04.000Z
"https://leetcode.com/problems/maximum-elegance-of-a-k-length-subsequence/","Maximum Elegance of a K-Length Subsequence","GREEDY","HARD",30698,,"CLEAR",,false,2026-07-21T18:50:04.000Z,2026-07-21T18:50:04.000Z
"https://leetcode.com/problems/maximum-element-after-decreasing-and-rearranging/","Maximum Element After Decreasing and Rearranging","GREEDY","MEDIUM",325054,,"CLEAR",,false,2026-07-21T18:50:04.000Z,2026-07-21T18:50:04.000Z
"https://leetcode.com/problems/maximum-ice-cream-bars/","Maximum Ice Cream Bars","GREEDY","MEDIUM",438431,,"CLEAR",,false,2026-07-21T18:50:04.000Z,2026-07-21T18:50:04.000Z
"https://leetcode.com/problems/maximum-matching-of-players-with-trainers/","Maximum Matching of Players With Trainers","GREEDY","MEDIUM",253172,,"CLEAR",,false,2026-07-21T18:50:04.000Z,2026-07-21T18:50:04.000Z
"https://leetcode.com/problems/maximum-matrix-sum/","Maximum Matrix Sum","GREEDY","MEDIUM",354567,,"CLEAR",,false,2026-07-21T18:50:04.000Z,2026-07-21T18:50:04.000Z
"https://leetcode.com/problems/maximum-median-sum-of-subsequences-of-size-3/","Maximum Median Sum of Subsequences of Size 3","GREEDY","MEDIUM",98411,,"CLEAR",,false,2026-07-21T18:50:04.000Z,2026-07-21T18:50:04.000Z
"https://leetcode.com/problems/maximum-number-of-coins-you-can-get/","Maximum Number of Coins You Can Get","GREEDY","MEDIUM",241608,,"CLEAR",,false,2026-07-21T18:50:04.000Z,2026-07-21T18:50:04.000Z
"https://leetcode.com/problems/maximum-number-of-consecutive-values-you-can-make/","Maximum Number of Consecutive Values You Can Make","GREEDY","MEDIUM",42834,,"CLEAR",,false,2026-07-21T18:50:04.000Z,2026-07-21T18:50:04.000Z
"https://leetcode.com/problems/maximum-number-of-distinct-elements-after-operations/","Maximum Number of Distinct Elements After Operations","GREEDY","MEDIUM",199829,,"CLEAR",,false,2026-07-21T18:50:04.000Z,2026-07-21T18:50:04.000Z
"https://leetcode.com/problems/maximum-number-of-eaten-apples/","Maximum Number of Eaten Apples","GREEDY","MEDIUM",80322,,"CLEAR",,false,2026-07-21T18:50:04.000Z,2026-07-21T18:50:04.000Z
"https://leetcode.com/problems/maximum-number-of-events-that-can-be-attended/","Maximum Number of Events That Can Be Attended","GREEDY","MEDIUM",595577,,"CLEAR",,false,2026-07-21T18:50:04.000Z,2026-07-21T18:50:04.000Z
"https://leetcode.com/problems/maximum-number-of-groups-entering-a-competition/","Maximum Number of Groups Entering a Competition","GREEDY","MEDIUM",67028,,"CLEAR",,false,2026-07-21T18:50:04.000Z,2026-07-21T18:50:04.000Z
"https://leetcode.com/problems/maximum-number-of-groups-with-increasing-length/","Maximum Number of Groups With Increasing Length","GREEDY","HARD",60303,,"CLEAR",,false,2026-07-21T18:50:04.000Z,2026-07-21T18:50:04.000Z
"https://leetcode.com/problems/maximum-number-of-integers-to-choose-from-a-range-i/","Maximum Number of Integers to Choose From a Range I","GREEDY","MEDIUM",251984,,"CLEAR",,false,2026-07-21T18:50:04.000Z,2026-07-21T18:50:04.000Z
"https://leetcode.com/problems/maximum-number-of-integers-to-choose-from-a-range-ii/","Maximum Number of Integers to Choose From a Range II","GREEDY","MEDIUM",8505,,"CLEAR",,false,2026-07-21T18:50:04.000Z,2026-07-21T18:50:04.000Z
"https://leetcode.com/problems/maximum-number-of-items-from-sale-ii/","Maximum Number of Items From Sale II","GREEDY","MEDIUM",21328,,"CLEAR",,false,2026-07-21T18:50:04.000Z,2026-07-21T18:50:04.000Z
"https://leetcode.com/problems/maximum-number-of-non-overlapping-subarrays-with-sum-equals-target/","Maximum Number of Non-Overlapping Subarrays With Sum Equals Target","GREEDY","MEDIUM",74906,,"CLEAR",,false,2026-07-21T18:50:04.000Z,2026-07-21T18:50:04.000Z
"https://leetcode.com/problems/maximum-number-of-non-overlapping-substrings/","Maximum Number of Non-Overlapping Substrings","GREEDY","HARD",63474,,"CLEAR",,false,2026-07-21T18:50:04.000Z,2026-07-21T18:50:04.000Z
"https://leetcode.com/problems/maximum-number-of-ones/","Maximum Number of Ones","GREEDY","HARD",11075,,"CLEAR",,false,2026-07-21T18:50:04.000Z,2026-07-21T18:50:04.000Z
"https://leetcode.com/problems/maximum-number-of-operations-to-move-ones-to-the-end/","Maximum Number of Operations to Move Ones to the End","GREEDY","MEDIUM",187803,,"CLEAR",,false,2026-07-21T18:50:04.000Z,2026-07-21T18:50:04.000Z
"https://leetcode.com/problems/maximum-number-of-people-that-can-be-caught-in-tag/","Maximum Number of People That Can Be Caught in Tag","GREEDY","MEDIUM",5768,,"CLEAR",,false,2026-07-21T18:50:04.000Z,2026-07-21T18:50:04.000Z
"https://leetcode.com/problems/maximum-number-of-potholes-that-can-be-fixed/","Maximum Number of Potholes That Can Be Fixed","GREEDY","MEDIUM",7902,,"CLEAR",,false,2026-07-21T18:50:04.000Z,2026-07-21T18:50:04.000Z
"https://leetcode.com/problems/maximum-number-of-tasks-you-can-assign/","Maximum Number of Tasks You Can Assign","GREEDY","HARD",173505,,"CLEAR",,false,2026-07-21T18:50:04.000Z,2026-07-21T18:50:04.000Z
"https://leetcode.com/problems/maximum-number-of-weeks-for-which-you-can-work/","Maximum Number of Weeks for Which You Can Work","GREEDY","MEDIUM",74134,,"CLEAR",,false,2026-07-21T18:50:04.000Z,2026-07-21T18:50:04.000Z
"https://leetcode.com/problems/maximum-number-that-makes-result-of-bitwise-and-zero/","Maximum Number That Makes Result of Bitwise AND Zero","GREEDY","MEDIUM",2008,,"CLEAR",,false,2026-07-21T18:50:04.000Z,2026-07-21T18:50:04.000Z
"https://leetcode.com/problems/maximum-odd-binary-number/","Maximum Odd Binary Number","GREEDY","EASY",285971,,"CLEAR",,false,2026-07-21T18:50:04.000Z,2026-07-21T18:50:04.000Z
"https://leetcode.com/problems/maximum-palindromes-after-operations/","Maximum Palindromes After Operations","GREEDY","MEDIUM",49474,,"CLEAR",,false,2026-07-21T18:50:04.000Z,2026-07-21T18:50:04.000Z
"https://leetcode.com/problems/maximum-performance-of-a-team/","Maximum Performance of a Team","GREEDY","HARD",236163,,"CLEAR",,false,2026-07-21T18:50:04.000Z,2026-07-21T18:50:04.000Z
"https://leetcode.com/problems/maximum-points-after-enemy-battles/","Maximum Points After Enemy Battles","GREEDY","MEDIUM",93177,,"CLEAR",,false,2026-07-21T18:50:04.000Z,2026-07-21T18:50:04.000Z
"https://leetcode.com/problems/maximum-price-to-fill-a-bag/","Maximum Price to Fill a Bag","GREEDY","MEDIUM",3125,,"CLEAR",,false,2026-07-21T18:50:04.000Z,2026-07-21T18:50:04.000Z
"https://leetcode.com/problems/maximum-product-after-k-increments/","Maximum Product After K Increments","GREEDY","MEDIUM",107980,,"CLEAR",,false,2026-07-21T18:50:04.000Z,2026-07-21T18:50:04.000Z
"https://leetcode.com/problems/maximum-product-of-three-elements-after-one-replacement/","Maximum Product of Three Elements After One Replacement","GREEDY","MEDIUM",68577,,"CLEAR",,false,2026-07-21T18:50:04.000Z,2026-07-21T18:50:04.000Z
"https://leetcode.com/problems/maximum-requests-without-violating-the-limit/","Maximum Requests Without Violating the Limit","GREEDY","MEDIUM",755,,"CLEAR",,false,2026-07-21T18:50:04.000Z,2026-07-21T18:50:04.000Z
"https://leetcode.com/problems/maximum-running-time-of-n-computers/","Maximum Running Time of N Computers","GREEDY","HARD",252686,,"CLEAR",,false,2026-07-21T18:50:04.000Z,2026-07-21T18:50:04.000Z
"https://leetcode.com/problems/maximum-score-after-binary-swaps/","Maximum Score After Binary Swaps","GREEDY","MEDIUM",42548,,"CLEAR",,false,2026-07-21T18:50:04.000Z,2026-07-21T18:50:04.000Z
"https://leetcode.com/problems/maximum-score-from-removing-stones/","Maximum Score From Removing Stones","GREEDY","MEDIUM",80604,,"CLEAR",,false,2026-07-21T18:50:04.000Z,2026-07-21T18:50:04.000Z
"https://leetcode.com/problems/maximum-score-from-removing-substrings/","Maximum Score From Removing Substrings","GREEDY","MEDIUM",368681,,"CLEAR",,false,2026-07-21T18:50:04.000Z,2026-07-21T18:50:04.000Z
"https://leetcode.com/problems/maximum-size-of-a-set-after-removals/","Maximum Size of a Set After Removals","GREEDY","MEDIUM",45393,,"CLEAR",,false,2026-07-21T18:50:04.000Z,2026-07-21T18:50:04.000Z
"https://leetcode.com/problems/maximum-spending-after-buying-items/","Maximum Spending After Buying Items","GREEDY","HARD",26832,,"CLEAR",,false,2026-07-21T18:50:04.000Z,2026-07-21T18:50:04.000Z
"https://leetcode.com/problems/maximum-split-of-positive-even-integers/","Maximum Split of Positive Even Integers","GREEDY","MEDIUM",96914,,"CLEAR",,false,2026-07-21T18:50:04.000Z,2026-07-21T18:50:04.000Z
"https://leetcode.com/problems/maximum-star-sum-of-a-graph/","Maximum Star Sum of a Graph","GREEDY","MEDIUM",76713,,"CLEAR",,false,2026-07-21T18:50:04.000Z,2026-07-21T18:50:04.000Z
"https://leetcode.com/problems/maximum-subsequence-score/","Maximum Subsequence Score","GREEDY","MEDIUM",291049,,"CLEAR",,false,2026-07-21T18:50:04.000Z,2026-07-21T18:50:04.000Z
"https://leetcode.com/problems/maximum-sum-obtained-of-any-permutation/","Maximum Sum Obtained of Any Permutation","GREEDY","MEDIUM",75227,,"CLEAR",,false,2026-07-21T18:50:04.000Z,2026-07-21T18:50:04.000Z
"https://leetcode.com/problems/maximum-sum-of-edge-values-in-a-graph/","Maximum Sum of Edge Values in a Graph","GREEDY","HARD",19390,,"CLEAR",,false,2026-07-21T18:50:04.000Z,2026-07-21T18:50:04.000Z
"https://leetcode.com/problems/maximum-sum-of-three-numbers-divisible-by-three/","Maximum Sum of Three Numbers Divisible by Three","GREEDY","MEDIUM",49631,,"CLEAR",,false,2026-07-21T18:50:04.000Z,2026-07-21T18:50:04.000Z
"https://leetcode.com/problems/maximum-sum-with-at-most-k-elements/","Maximum Sum With at Most K Elements","GREEDY","MEDIUM",67521,,"CLEAR",,false,2026-07-21T18:50:04.000Z,2026-07-21T18:50:04.000Z
"https://leetcode.com/problems/maximum-sum-with-exactly-k-elements/","Maximum Sum With Exactly K Elements ","GREEDY","EASY",136486,,"CLEAR",,false,2026-07-21T18:50:04.000Z,2026-07-21T18:50:04.000Z
"https://leetcode.com/problems/maximum-swap/","Maximum Swap","GREEDY","MEDIUM",997185,,"CLEAR",,false,2026-07-21T18:50:04.000Z,2026-07-21T18:50:04.000Z
"https://leetcode.com/problems/maximum-tastiness-of-candy-basket/","Maximum Tastiness of Candy Basket","GREEDY","MEDIUM",62490,,"CLEAR",,false,2026-07-21T18:50:04.000Z,2026-07-21T18:50:04.000Z
"https://leetcode.com/problems/maximum-total-beauty-of-the-gardens/","Maximum Total Beauty of the Gardens","GREEDY","HARD",32829,,"CLEAR",,false,2026-07-21T18:50:04.000Z,2026-07-21T18:50:04.000Z
"https://leetcode.com/problems/maximum-total-from-optimal-activation-order/","Maximum Total from Optimal Activation Order","GREEDY","MEDIUM",54113,,"CLEAR",,false,2026-07-21T18:50:04.000Z,2026-07-21T18:50:04.000Z
"https://leetcode.com/problems/maximum-total-importance-of-roads/","Maximum Total Importance of Roads","GREEDY","MEDIUM",238410,,"CLEAR",,false,2026-07-21T18:50:04.000Z,2026-07-21T18:50:04.000Z
"https://leetcode.com/problems/maximum-total-subarray-value-i/","Maximum Total Subarray Value I","GREEDY","MEDIUM",250315,,"CLEAR",,false,2026-07-21T18:50:04.000Z,2026-07-21T18:50:04.000Z
"https://leetcode.com/problems/maximum-total-subarray-value-ii/","Maximum Total Subarray Value II","GREEDY","HARD",177894,,"CLEAR",,false,2026-07-21T18:50:04.000Z,2026-07-21T18:50:04.000Z
"https://leetcode.com/problems/maximum-total-sum-of-k-selected-elements/","Maximum Total Sum of K Selected Elements","GREEDY","MEDIUM",97103,,"CLEAR",,false,2026-07-21T18:50:04.000Z,2026-07-21T18:50:04.000Z
"https://leetcode.com/problems/maximum-total-sum-with-threshold-constraints/","Maximum Total Sum with Threshold Constraints","GREEDY","MEDIUM",935,,"CLEAR",,false,2026-07-21T18:50:04.000Z,2026-07-21T18:50:04.000Z
"https://leetcode.com/problems/maximum-total-value/","Maximum Total Value","GREEDY","HARD",22968,,"CLEAR",,false,2026-07-21T18:50:04.000Z,2026-07-21T18:50:04.000Z
"https://leetcode.com/problems/maximum-transactions-without-negative-balance/","Maximum Transactions Without Negative Balance","GREEDY","MEDIUM",1733,,"CLEAR",,false,2026-07-21T18:50:04.000Z,2026-07-21T18:50:04.000Z
"https://leetcode.com/problems/maximum-unique-subarray-sum-after-deletion/","Maximum Unique Subarray Sum After Deletion","GREEDY","EASY",392973,,"CLEAR",,false,2026-07-21T18:50:04.000Z,2026-07-21T18:50:04.000Z
"https://leetcode.com/problems/maximum-units-on-a-truck/","Maximum Units on a Truck","GREEDY","EASY",535891,,"CLEAR",,false,2026-07-21T18:50:04.000Z,2026-07-21T18:50:04.000Z
"https://leetcode.com/problems/maximum-value-after-insertion/","Maximum Value after Insertion","GREEDY","MEDIUM",87901,,"CLEAR",,false,2026-07-21T18:50:04.000Z,2026-07-21T18:50:04.000Z
"https://leetcode.com/problems/maximum-value-at-a-given-index-in-a-bounded-array/","Maximum Value at a Given Index in a Bounded Array","GREEDY","MEDIUM",232451,,"CLEAR",,false,2026-07-21T18:50:04.000Z,2026-07-21T18:50:04.000Z
"https://leetcode.com/problems/maximum-value-of-concatenated-binary-segments/","Maximum Value of Concatenated Binary Segments","GREEDY","HARD",50295,,"CLEAR",,false,2026-07-21T18:50:04.000Z,2026-07-21T18:50:04.000Z
"https://leetcode.com/problems/maximum-white-tiles-covered-by-a-carpet/","Maximum White Tiles Covered by a Carpet","GREEDY","MEDIUM",62831,,"CLEAR",,false,2026-07-21T18:50:04.000Z,2026-07-21T18:50:04.000Z
"https://leetcode.com/problems/meeting-rooms-ii/","Meeting Rooms II","GREEDY","MEDIUM",2260387,,"CLEAR",,false,2026-07-21T18:50:04.000Z,2026-07-21T18:50:04.000Z
"https://leetcode.com/problems/merge-operations-to-turn-array-into-a-palindrome/","Merge Operations to Turn Array Into a Palindrome","GREEDY","MEDIUM",27904,,"CLEAR",,false,2026-07-21T18:50:04.000Z,2026-07-21T18:50:04.000Z
"https://leetcode.com/problems/merge-triplets-to-form-target-triplet/","Merge Triplets to Form Target Triplet","GREEDY","MEDIUM",182132,,"CLEAR",,false,2026-07-21T18:50:04.000Z,2026-07-21T18:50:04.000Z
"https://leetcode.com/problems/mice-and-cheese/","Mice and Cheese","GREEDY","MEDIUM",82375,,"CLEAR",,false,2026-07-21T18:50:04.000Z,2026-07-21T18:50:04.000Z
"https://leetcode.com/problems/minimize-array-sum-using-divisible-replacements/","Minimize Array Sum Using Divisible Replacements","GREEDY","MEDIUM",71943,,"CLEAR",,false,2026-07-21T18:50:04.000Z,2026-07-21T18:50:04.000Z
"https://leetcode.com/problems/minimize-deviation-in-array/","Minimize Deviation in Array","GREEDY","HARD",188363,,"CLEAR",,false,2026-07-21T18:50:04.000Z,2026-07-21T18:50:04.000Z
"https://leetcode.com/problems/minimize-length-of-array-using-operations/","Minimize Length of Array Using Operations","GREEDY","MEDIUM",50083,,"CLEAR",,false,2026-07-21T18:50:04.000Z,2026-07-21T18:50:04.000Z
"https://leetcode.com/problems/minimize-maximum-pair-sum-in-array/","Minimize Maximum Pair Sum in Array","GREEDY","MEDIUM",410334,,"CLEAR",,false,2026-07-21T18:50:04.000Z,2026-07-21T18:50:04.000Z
"https://leetcode.com/problems/minimize-product-sum-of-two-arrays/","Minimize Product Sum of Two Arrays","GREEDY","MEDIUM",28549,,"CLEAR",,false,2026-07-21T18:50:04.000Z,2026-07-21T18:50:04.000Z
"https://leetcode.com/problems/minimize-rounding-error-to-meet-target/","Minimize Rounding Error to Meet Target","GREEDY","MEDIUM",25392,,"CLEAR",,false,2026-07-21T18:50:04.000Z,2026-07-21T18:50:04.000Z
"https://leetcode.com/problems/minimize-the-maximum-adjacent-element-difference/","Minimize the Maximum Adjacent Element Difference","GREEDY","HARD",18997,,"CLEAR",,false,2026-07-21T18:50:04.000Z,2026-07-21T18:50:04.000Z
"https://leetcode.com/problems/minimized-maximum-of-products-distributed-to-any-store/","Minimized Maximum of Products Distributed to Any Store","GREEDY","MEDIUM",248687,,"CLEAR",,false,2026-07-21T18:50:04.000Z,2026-07-21T18:50:04.000Z
"https://leetcode.com/problems/minimum-add-to-make-parentheses-valid/","Minimum Add to Make Parentheses Valid","GREEDY","MEDIUM",973670,,"CLEAR",,false,2026-07-21T18:50:04.000Z,2026-07-21T18:50:04.000Z
"https://leetcode.com/problems/minimum-addition-to-make-integer-beautiful/","Minimum Addition to Make Integer Beautiful","GREEDY","MEDIUM",67021,,"CLEAR",,false,2026-07-21T18:50:04.000Z,2026-07-21T18:50:04.000Z
"https://leetcode.com/problems/minimum-adjacent-swaps-for-k-consecutive-ones/","Minimum Adjacent Swaps for K Consecutive Ones","GREEDY","HARD",35089,,"CLEAR",,false,2026-07-21T18:50:04.000Z,2026-07-21T18:50:04.000Z
"https://leetcode.com/problems/minimum-adjacent-swaps-to-alternate-parity/","Minimum Adjacent Swaps to Alternate Parity","GREEDY","MEDIUM",49888,,"CLEAR",,false,2026-07-21T18:50:04.000Z,2026-07-21T18:50:04.000Z
"https://leetcode.com/problems/minimum-adjacent-swaps-to-make-a-valid-array/","Minimum Adjacent Swaps to Make a Valid Array","GREEDY","MEDIUM",56568,,"CLEAR",,false,2026-07-21T18:50:04.000Z,2026-07-21T18:50:04.000Z
"https://leetcode.com/problems/minimum-adjacent-swaps-to-reach-the-kth-smallest-number/","Minimum Adjacent Swaps to Reach the Kth Smallest Number","GREEDY","MEDIUM",40240,,"CLEAR",,false,2026-07-21T18:50:04.000Z,2026-07-21T18:50:04.000Z
"https://leetcode.com/problems/minimum-amount-of-damage-dealt-to-bob/","Minimum Amount of Damage Dealt to Bob","GREEDY","HARD",37014,,"CLEAR",,false,2026-07-21T18:50:04.000Z,2026-07-21T18:50:04.000Z
"https://leetcode.com/problems/minimum-amount-of-time-to-fill-cups/","Minimum Amount of Time to Fill Cups","GREEDY","EASY",116695,,"CLEAR",,false,2026-07-21T18:50:04.000Z,2026-07-21T18:50:04.000Z
"https://leetcode.com/problems/minimum-array-length-after-pair-removals/","Minimum Array Length After Pair Removals","GREEDY","MEDIUM",120429,,"CLEAR",,false,2026-07-21T18:50:04.000Z,2026-07-21T18:50:04.000Z
"https://leetcode.com/problems/minimum-cost-for-cutting-cake-ii/","Minimum Cost for Cutting Cake II","GREEDY","HARD",44833,,"CLEAR",,false,2026-07-21T18:50:04.000Z,2026-07-21T18:50:04.000Z
"https://leetcode.com/problems/minimum-cost-homecoming-of-a-robot-in-a-grid/","Minimum Cost Homecoming of a Robot in a Grid","GREEDY","MEDIUM",54427,,"CLEAR",,false,2026-07-21T18:50:04.000Z,2026-07-21T18:50:04.000Z
"https://leetcode.com/problems/minimum-cost-of-buying-candies-with-discount/","Minimum Cost of Buying Candies With Discount","GREEDY","EASY",316176,,"CLEAR",,false,2026-07-21T18:50:04.000Z,2026-07-21T18:50:04.000Z
"https://leetcode.com/problems/minimum-cost-to-acquire-required-items/","Minimum Cost to Acquire Required Items","GREEDY","MEDIUM",70519,,"CLEAR",,false,2026-07-21T18:50:04.000Z,2026-07-21T18:50:04.000Z
"https://leetcode.com/problems/minimum-cost-to-connect-sticks/","Minimum Cost to Connect Sticks","GREEDY","MEDIUM",210322,,"CLEAR",,false,2026-07-21T18:50:04.000Z,2026-07-21T18:50:04.000Z
"https://leetcode.com/problems/minimum-cost-to-equalize-array/","Minimum Cost to Equalize Array","GREEDY","HARD",34939,,"CLEAR",,false,2026-07-21T18:50:04.000Z,2026-07-21T18:50:04.000Z
"https://leetcode.com/problems/minimum-cost-to-equalize-arrays-using-swaps/","Minimum Cost to Equalize Arrays Using Swaps","GREEDY","MEDIUM",52770,,"CLEAR",,false,2026-07-21T18:50:04.000Z,2026-07-21T18:50:04.000Z
"https://leetcode.com/problems/minimum-cost-to-hire-k-workers/","Minimum Cost to Hire K Workers","GREEDY","HARD",255551,,"CLEAR",,false,2026-07-21T18:50:04.000Z,2026-07-21T18:50:04.000Z
"https://leetcode.com/problems/minimum-cost-to-make-array-equal/","Minimum Cost to Make Array Equal","GREEDY","HARD",170034,,"CLEAR",,false,2026-07-21T18:50:04.000Z,2026-07-21T18:50:04.000Z
"https://leetcode.com/problems/minimum-cost-to-make-array-equalindromic/","Minimum Cost to Make Array Equalindromic","GREEDY","MEDIUM",70890,,"CLEAR",,false,2026-07-21T18:50:04.000Z,2026-07-21T18:50:04.000Z
"https://leetcode.com/problems/minimum-cost-to-make-arrays-identical/","Minimum Cost to Make Arrays Identical","GREEDY","MEDIUM",67716,,"CLEAR",,false,2026-07-21T18:50:04.000Z,2026-07-21T18:50:04.000Z
"https://leetcode.com/problems/minimum-cost-to-make-two-binary-strings-equal/","Minimum Cost to Make Two Binary Strings Equal","GREEDY","MEDIUM",24599,,"CLEAR",,false,2026-07-21T18:50:04.000Z,2026-07-21T18:50:04.000Z
"https://leetcode.com/problems/minimum-cost-to-move-between-indices/","Minimum Cost to Move Between Indices","GREEDY","MEDIUM",31494,,"CLEAR",,false,2026-07-21T18:50:04.000Z,2026-07-21T18:50:04.000Z
"https://leetcode.com/problems/minimum-cost-to-move-chips-to-the-same-position/","Minimum Cost to Move Chips to The Same Position","GREEDY","EASY",240331,,"CLEAR",,false,2026-07-21T18:50:04.000Z,2026-07-21T18:50:04.000Z
"https://leetcode.com/problems/minimum-deletions-for-at-most-k-distinct-characters/","Minimum Deletions for At Most K Distinct Characters","GREEDY","EASY",60463,,"CLEAR",,false,2026-07-21T18:50:04.000Z,2026-07-21T18:50:04.000Z
"https://leetcode.com/problems/minimum-deletions-to-make-array-beautiful/","Minimum Deletions to Make Array Beautiful","GREEDY","MEDIUM",82904,,"CLEAR",,false,2026-07-21T18:50:04.000Z,2026-07-21T18:50:04.000Z
"https://leetcode.com/problems/minimum-deletions-to-make-character-frequencies-unique/","Minimum Deletions to Make Character Frequencies Unique","GREEDY","MEDIUM",494374,,"CLEAR",,false,2026-07-21T18:50:04.000Z,2026-07-21T18:50:04.000Z
"https://leetcode.com/problems/minimum-deletions-to-make-string-k-special/","Minimum Deletions to Make String K-Special","GREEDY","MEDIUM",166142,,"CLEAR",,false,2026-07-21T18:50:04.000Z,2026-07-21T18:50:04.000Z
"https://leetcode.com/problems/minimum-difference-between-largest-and-smallest-value-in-three-moves/","Minimum Difference Between Largest and Smallest Value in Three Moves","GREEDY","MEDIUM",426785,,"CLEAR",,false,2026-07-21T18:50:04.000Z,2026-07-21T18:50:04.000Z
"https://leetcode.com/problems/minimum-division-operations-to-make-array-non-decreasing/","Minimum Division Operations to Make Array Non Decreasing","GREEDY","MEDIUM",83901,,"CLEAR",,false,2026-07-21T18:50:04.000Z,2026-07-21T18:50:04.000Z
"https://leetcode.com/problems/minimum-domino-rotations-for-equal-row/","Minimum Domino Rotations For Equal Row","GREEDY","MEDIUM",568836,,"CLEAR",,false,2026-07-21T18:50:04.000Z,2026-07-21T18:50:04.000Z
"https://leetcode.com/problems/minimum-elements-to-add-to-form-a-given-sum/","Minimum Elements to Add to Form a Given Sum","GREEDY","MEDIUM",62583,,"CLEAR",,false,2026-07-21T18:50:04.000Z,2026-07-21T18:50:04.000Z
"https://leetcode.com/problems/minimum-equal-sum-of-two-arrays-after-replacing-zeros/","Minimum Equal Sum of Two Arrays After Replacing Zeros","GREEDY","MEDIUM",290005,,"CLEAR",,false,2026-07-21T18:50:04.000Z,2026-07-21T18:50:04.000Z
"https://leetcode.com/problems/minimum-factorization/","Minimum Factorization","GREEDY","MEDIUM",36282,,"CLEAR",,false,2026-07-21T18:50:04.000Z,2026-07-21T18:50:04.000Z
"https://leetcode.com/problems/minimum-health-to-beat-game/","Minimum Health to Beat Game","GREEDY","MEDIUM",69476,,"CLEAR",,false,2026-07-21T18:50:04.000Z,2026-07-21T18:50:04.000Z
"https://leetcode.com/problems/minimum-hours-of-training-to-win-a-competition/","Minimum Hours of Training to Win a Competition","GREEDY","EASY",95995,,"CLEAR",,false,2026-07-21T18:50:04.000Z,2026-07-21T18:50:04.000Z
"https://leetcode.com/problems/minimum-increment-to-make-array-unique/","Minimum Increment to Make Array Unique","GREEDY","MEDIUM",450828,,"CLEAR",,false,2026-07-21T18:50:04.000Z,2026-07-21T18:50:04.000Z
"https://leetcode.com/problems/minimum-initial-energy-to-finish-tasks/","Minimum Initial Energy to Finish Tasks","GREEDY","HARD",134906,,"CLEAR",,false,2026-07-21T18:50:04.000Z,2026-07-21T18:50:04.000Z
"https://leetcode.com/problems/minimum-insertions-to-balance-a-parentheses-string/","Minimum Insertions to Balance a Parentheses String","GREEDY","MEDIUM",158513,,"CLEAR",,false,2026-07-21T18:50:04.000Z,2026-07-21T18:50:04.000Z
"https://leetcode.com/problems/minimum-money-required-before-transactions/","Minimum Money Required Before Transactions","GREEDY","HARD",33319,,"CLEAR",,false,2026-07-21T18:50:04.000Z,2026-07-21T18:50:04.000Z
"https://leetcode.com/problems/minimum-moves-to-balance-circular-array/","Minimum Moves to Balance Circular Array","GREEDY","MEDIUM",54108,,"CLEAR",,false,2026-07-21T18:50:04.000Z,2026-07-21T18:50:04.000Z
"https://leetcode.com/problems/minimum-moves-to-convert-string/","Minimum Moves to Convert String","GREEDY","EASY",107040,,"CLEAR",,false,2026-07-21T18:50:04.000Z,2026-07-21T18:50:04.000Z
"https://leetcode.com/problems/minimum-moves-to-get-a-peaceful-board/","Minimum Moves to Get a Peaceful Board","GREEDY","MEDIUM",6423,,"CLEAR",,false,2026-07-21T18:50:04.000Z,2026-07-21T18:50:04.000Z
"https://leetcode.com/problems/minimum-moves-to-pick-k-ones/","Minimum Moves to Pick K Ones","GREEDY","HARD",20539,,"CLEAR",,false,2026-07-21T18:50:04.000Z,2026-07-21T18:50:04.000Z
"https://leetcode.com/problems/minimum-moves-to-reach-target-score/","Minimum Moves to Reach Target Score","GREEDY","MEDIUM",121352,,"CLEAR",,false,2026-07-21T18:50:04.000Z,2026-07-21T18:50:04.000Z
"https://leetcode.com/problems/minimum-non-zero-product-of-the-array-elements/","Minimum Non-Zero Product of the Array Elements","GREEDY","MEDIUM",45411,,"CLEAR",,false,2026-07-21T18:50:04.000Z,2026-07-21T18:50:04.000Z
"https://leetcode.com/problems/minimum-number-of-arrows-to-burst-balloons/","Minimum Number of Arrows to Burst Balloons","GREEDY","MEDIUM",1320011,,"CLEAR",,false,2026-07-21T18:50:04.000Z,2026-07-21T18:50:04.000Z
"https://leetcode.com/problems/minimum-number-of-coins-to-be-added/","Minimum Number of Coins to be Added","GREEDY","MEDIUM",48012,,"CLEAR",,false,2026-07-21T18:50:04.000Z,2026-07-21T18:50:04.000Z
"https://leetcode.com/problems/minimum-number-of-groups-to-create-a-valid-assignment/","Minimum Number of Groups to Create a Valid Assignment","GREEDY","MEDIUM",67332,,"CLEAR",,false,2026-07-21T18:50:04.000Z,2026-07-21T18:50:04.000Z
"https://leetcode.com/problems/minimum-number-of-keypresses/","Minimum Number of Keypresses","GREEDY","MEDIUM",52282,,"CLEAR",,false,2026-07-21T18:50:04.000Z,2026-07-21T18:50:04.000Z
"https://leetcode.com/problems/minimum-number-of-moves-to-make-palindrome/","Minimum Number of Moves to Make Palindrome","GREEDY","HARD",69220,,"CLEAR",,false,2026-07-21T18:50:04.000Z,2026-07-21T18:50:04.000Z
"https://leetcode.com/problems/minimum-number-of-moves-to-seat-everyone/","Minimum Number of Moves to Seat Everyone","GREEDY","EASY",333382,,"CLEAR",,false,2026-07-21T18:50:04.000Z,2026-07-21T18:50:04.000Z
"https://leetcode.com/problems/minimum-number-of-operations-to-convert-time/","Minimum Number of Operations to Convert Time","GREEDY","EASY",85469,,"CLEAR",,false,2026-07-21T18:50:04.000Z,2026-07-21T18:50:04.000Z
"https://leetcode.com/problems/minimum-number-of-operations-to-make-array-empty/","Minimum Number of Operations to Make Array Empty","GREEDY","MEDIUM",322748,,"CLEAR",,false,2026-07-21T18:50:04.000Z,2026-07-21T18:50:04.000Z
"https://leetcode.com/problems/minimum-number-of-operations-to-make-arrays-similar/","Minimum Number of Operations to Make Arrays Similar","GREEDY","HARD",29228,,"CLEAR",,false,2026-07-21T18:50:04.000Z,2026-07-21T18:50:04.000Z
"https://leetcode.com/problems/minimum-number-of-people-to-teach/","Minimum Number of People to Teach","GREEDY","MEDIUM",149545,,"CLEAR",,false,2026-07-21T18:50:04.000Z,2026-07-21T18:50:04.000Z
"https://leetcode.com/problems/minimum-number-of-pushes-to-type-word-i/","Minimum Number of Pushes to Type Word I","GREEDY","EASY",79088,,"CLEAR",,false,2026-07-21T18:50:04.000Z,2026-07-21T18:50:04.000Z
"https://leetcode.com/problems/minimum-number-of-pushes-to-type-word-ii/","Minimum Number of Pushes to Type Word II","GREEDY","MEDIUM",236173,,"CLEAR",,false,2026-07-21T18:50:04.000Z,2026-07-21T18:50:04.000Z
"https://leetcode.com/problems/minimum-number-of-seconds-to-make-mountain-height-zero/","Minimum Number of Seconds to Make Mountain Height Zero","GREEDY","MEDIUM",181210,,"CLEAR",,false,2026-07-21T18:50:04.000Z,2026-07-21T18:50:04.000Z
"https://leetcode.com/problems/minimum-number-of-swaps-to-make-the-binary-string-alternating/","Minimum Number of Swaps to Make the Binary String Alternating","GREEDY","MEDIUM",83878,,"CLEAR",,false,2026-07-21T18:50:04.000Z,2026-07-21T18:50:04.000Z
"https://leetcode.com/problems/minimum-number-of-swaps-to-make-the-string-balanced/","Minimum Number of Swaps to Make the String Balanced","GREEDY","MEDIUM",321374,,"CLEAR",,false,2026-07-21T18:50:04.000Z,2026-07-21T18:50:04.000Z
"https://leetcode.com/problems/minimum-operations-to-convert-all-elements-to-zero/","Minimum Operations to Convert All Elements to Zero","GREEDY","MEDIUM",167896,,"CLEAR",,false,2026-07-21T18:50:04.000Z,2026-07-21T18:50:04.000Z
"https://leetcode.com/problems/minimum-operations-to-halve-array-sum/","Minimum Operations to Halve Array Sum","GREEDY","MEDIUM",111166,,"CLEAR",,false,2026-07-21T18:50:04.000Z,2026-07-21T18:50:04.000Z
"https://leetcode.com/problems/minimum-operations-to-make-a-special-number/","Minimum Operations to Make a Special Number","GREEDY","MEDIUM",78613,,"CLEAR",,false,2026-07-21T18:50:04.000Z,2026-07-21T18:50:04.000Z
"https://leetcode.com/problems/minimum-operations-to-make-a-subsequence/","Minimum Operations to Make a Subsequence","GREEDY","HARD",33880,,"CLEAR",,false,2026-07-21T18:50:04.000Z,2026-07-21T18:50:04.000Z
"https://leetcode.com/problems/minimum-operations-to-make-array-equal-ii/","Minimum Operations to Make Array Equal II","GREEDY","MEDIUM",87532,,"CLEAR",,false,2026-07-21T18:50:04.000Z,2026-07-21T18:50:04.000Z
"https://leetcode.com/problems/minimum-operations-to-make-array-non-decreasing/","Minimum Operations to Make Array Non Decreasing","GREEDY","MEDIUM",44369,,"CLEAR",,false,2026-07-21T18:50:04.000Z,2026-07-21T18:50:04.000Z
"https://leetcode.com/problems/minimum-operations-to-make-array-parity-alternating/","Minimum Operations to Make Array Parity Alternating","GREEDY","MEDIUM",49707,,"CLEAR",,false,2026-07-21T18:50:04.000Z,2026-07-21T18:50:04.000Z
"https://leetcode.com/problems/minimum-operations-to-make-columns-strictly-increasing/","Minimum Operations to Make Columns Strictly Increasing","GREEDY","EASY",53757,,"CLEAR",,false,2026-07-21T18:50:04.000Z,2026-07-21T18:50:04.000Z
"https://leetcode.com/problems/minimum-operations-to-make-median-of-array-equal-to-k/","Minimum Operations to Make Median of Array Equal to K","GREEDY","MEDIUM",66250,,"CLEAR",,false,2026-07-21T18:50:04.000Z,2026-07-21T18:50:04.000Z
"https://leetcode.com/problems/minimum-operations-to-make-the-array-alternating/","Minimum Operations to Make the Array Alternating","GREEDY","MEDIUM",86686,,"CLEAR",,false,2026-07-21T18:50:04.000Z,2026-07-21T18:50:04.000Z
"https://leetcode.com/problems/minimum-operations-to-make-the-array-increasing/","Minimum Operations to Make the Array Increasing","GREEDY","EASY",171243,,"CLEAR",,false,2026-07-21T18:50:04.000Z,2026-07-21T18:50:04.000Z
"https://leetcode.com/problems/minimum-operations-to-reach-target-array/","Minimum Operations to Reach Target Array","GREEDY","MEDIUM",40729,,"CLEAR",,false,2026-07-21T18:50:04.000Z,2026-07-21T18:50:04.000Z
"https://leetcode.com/problems/minimum-operations-to-transform-array/","Minimum Operations to Transform Array","GREEDY","MEDIUM",36901,,"CLEAR",,false,2026-07-21T18:50:04.000Z,2026-07-21T18:50:04.000Z
"https://leetcode.com/problems/minimum-operations-to-transform-string/","Minimum Operations to Transform String","GREEDY","MEDIUM",83949,,"CLEAR",,false,2026-07-21T18:50:04.000Z,2026-07-21T18:50:04.000Z
"https://leetcode.com/problems/minimum-possible-integer-after-at-most-k-adjacent-swaps-on-digits/","Minimum Possible Integer After at Most K Adjacent Swaps On Digits","GREEDY","HARD",31945,,"CLEAR",,false,2026-07-21T18:50:04.000Z,2026-07-21T18:50:04.000Z
"https://leetcode.com/problems/minimum-processing-time/","Minimum Processing Time","GREEDY","MEDIUM",66502,,"CLEAR",,false,2026-07-21T18:50:04.000Z,2026-07-21T18:50:04.000Z
"https://leetcode.com/problems/minimum-rectangles-to-cover-points/","Minimum Rectangles to Cover Points","GREEDY","MEDIUM",52626,,"CLEAR",,false,2026-07-21T18:50:04.000Z,2026-07-21T18:50:04.000Z
"https://leetcode.com/problems/minimum-replacements-to-sort-the-array/","Minimum Replacements to Sort the Array","GREEDY","HARD",143794,,"CLEAR",,false,2026-07-21T18:50:04.000Z,2026-07-21T18:50:04.000Z
"https://leetcode.com/problems/minimum-rounds-to-complete-all-tasks/","Minimum Rounds to Complete All Tasks","GREEDY","MEDIUM",278239,,"CLEAR",,false,2026-07-21T18:50:04.000Z,2026-07-21T18:50:04.000Z
"https://leetcode.com/problems/minimum-score-by-changing-two-elements/","Minimum Score by Changing Two Elements","GREEDY","MEDIUM",46610,,"CLEAR",,false,2026-07-21T18:50:04.000Z,2026-07-21T18:50:04.000Z
"https://leetcode.com/problems/minimum-stability-factor-of-array/","Minimum Stability Factor of Array","GREEDY","HARD",20328,,"CLEAR",,false,2026-07-21T18:50:04.000Z,2026-07-21T18:50:04.000Z
"https://leetcode.com/problems/minimum-subsequence-in-non-increasing-order/","Minimum Subsequence in Non-Increasing Order","GREEDY","EASY",128524,,"CLEAR",,false,2026-07-21T18:50:04.000Z,2026-07-21T18:50:04.000Z
"https://leetcode.com/problems/minimum-suffix-flips/","Minimum Suffix Flips","GREEDY","MEDIUM",92747,,"CLEAR",,false,2026-07-21T18:50:04.000Z,2026-07-21T18:50:04.000Z
"https://leetcode.com/problems/minimum-sum-of-four-digit-number-after-splitting-digits/","Minimum Sum of Four Digit Number After Splitting Digits","GREEDY","EASY",202705,,"CLEAR",,false,2026-07-21T18:50:04.000Z,2026-07-21T18:50:04.000Z
"https://leetcode.com/problems/minimum-sum-of-squared-difference/","Minimum Sum of Squared Difference","GREEDY","MEDIUM",72800,,"CLEAR",,false,2026-07-21T18:50:04.000Z,2026-07-21T18:50:04.000Z
"https://leetcode.com/problems/minimum-swaps-to-arrange-a-binary-grid/","Minimum Swaps to Arrange a Binary Grid","GREEDY","MEDIUM",151197,,"CLEAR",,false,2026-07-21T18:50:04.000Z,2026-07-21T18:50:04.000Z
"https://leetcode.com/problems/minimum-swaps-to-avoid-forbidden-values/","Minimum Swaps to Avoid Forbidden Values","GREEDY","HARD",38520,,"CLEAR",,false,2026-07-21T18:50:04.000Z,2026-07-21T18:50:04.000Z
"https://leetcode.com/problems/minimum-swaps-to-make-strings-equal/","Minimum Swaps to Make Strings Equal","GREEDY","MEDIUM",81594,,"CLEAR",,false,2026-07-21T18:50:04.000Z,2026-07-21T18:50:04.000Z
"https://leetcode.com/problems/minimum-time-to-build-blocks/","Minimum Time to Build Blocks","GREEDY","HARD",15541,,"CLEAR",,false,2026-07-21T18:50:04.000Z,2026-07-21T18:50:04.000Z
"https://leetcode.com/problems/minimum-time-to-complete-all-tasks/","Minimum Time to Complete All Tasks","GREEDY","HARD",38895,,"CLEAR",,false,2026-07-21T18:50:04.000Z,2026-07-21T18:50:04.000Z
"https://leetcode.com/problems/minimum-time-to-type-word-using-special-typewriter/","Minimum Time to Type Word Using Special Typewriter","GREEDY","EASY",88048,,"CLEAR",,false,2026-07-21T18:50:04.000Z,2026-07-21T18:50:04.000Z
"https://leetcode.com/problems/minimum-total-cost-to-make-arrays-unequal/","Minimum Total Cost to Make Arrays Unequal","GREEDY","HARD",16005,,"CLEAR",,false,2026-07-21T18:50:04.000Z,2026-07-21T18:50:04.000Z
"https://leetcode.com/problems/monotone-increasing-digits/","Monotone Increasing Digits","GREEDY","MEDIUM",143244,,"CLEAR",,false,2026-07-21T18:50:04.000Z,2026-07-21T18:50:04.000Z
"https://leetcode.com/problems/most-profit-assigning-work/","Most Profit Assigning Work","GREEDY","MEDIUM",440684,,"CLEAR",,false,2026-07-21T18:50:04.000Z,2026-07-21T18:50:04.000Z
"https://leetcode.com/problems/optimal-partition-of-string/","Optimal Partition of String","GREEDY","MEDIUM",358857,,"CLEAR",,false,2026-07-21T18:50:04.000Z,2026-07-21T18:50:04.000Z
"https://leetcode.com/problems/pancake-sorting/","Pancake Sorting","GREEDY","MEDIUM",162112,,"CLEAR",,false,2026-07-21T18:50:04.000Z,2026-07-21T18:50:04.000Z
"https://leetcode.com/problems/partition-array-into-three-parts-with-equal-sum/","Partition Array Into Three Parts With Equal Sum","GREEDY","EASY",301223,,"CLEAR",,false,2026-07-21T18:50:04.000Z,2026-07-21T18:50:04.000Z
"https://leetcode.com/problems/partition-array-such-that-maximum-difference-is-k/","Partition Array Such That Maximum Difference Is K","GREEDY","MEDIUM",210824,,"CLEAR",,false,2026-07-21T18:50:04.000Z,2026-07-21T18:50:04.000Z
"https://leetcode.com/problems/partition-labels/","Partition Labels","GREEDY","MEDIUM",998386,,"CLEAR",,false,2026-07-21T18:50:04.000Z,2026-07-21T18:50:04.000Z
"https://leetcode.com/problems/partitioning-into-minimum-number-of-deci-binary-numbers/","Partitioning Into Minimum Number Of Deci-Binary Numbers","GREEDY","MEDIUM",420042,,"CLEAR",,false,2026-07-21T18:50:04.000Z,2026-07-21T18:50:04.000Z
"https://leetcode.com/problems/patching-array/","Patching Array","GREEDY","HARD",344940,,"CLEAR",,false,2026-07-21T18:50:04.000Z,2026-07-21T18:50:04.000Z
"https://leetcode.com/problems/previous-permutation-with-one-swap/","Previous Permutation With One Swap","GREEDY","MEDIUM",100918,,"CLEAR",,false,2026-07-21T18:50:04.000Z,2026-07-21T18:50:04.000Z
"https://leetcode.com/problems/prime-subtraction-operation/","Prime Subtraction Operation","GREEDY","MEDIUM",217415,,"CLEAR",,false,2026-07-21T18:50:04.000Z,2026-07-21T18:50:04.000Z
"https://leetcode.com/problems/put-boxes-into-the-warehouse-i/","Put Boxes Into the Warehouse I","GREEDY","MEDIUM",30497,,"CLEAR",,false,2026-07-21T18:50:04.000Z,2026-07-21T18:50:04.000Z
"https://leetcode.com/problems/put-boxes-into-the-warehouse-ii/","Put Boxes Into the Warehouse II","GREEDY","MEDIUM",17670,,"CLEAR",,false,2026-07-21T18:50:04.000Z,2026-07-21T18:50:04.000Z
"https://leetcode.com/problems/put-marbles-in-bags/","Put Marbles in Bags","GREEDY","HARD",215034,,"CLEAR",,false,2026-07-21T18:50:04.000Z,2026-07-21T18:50:04.000Z
"https://leetcode.com/problems/rabbits-in-forest/","Rabbits in Forest","GREEDY","MEDIUM",330864,,"CLEAR",,false,2026-07-21T18:50:04.000Z,2026-07-21T18:50:04.000Z
"https://leetcode.com/problems/reach-end-of-array-with-max-score/","Reach End of Array With Max Score","GREEDY","MEDIUM",88375,,"CLEAR",,false,2026-07-21T18:50:04.000Z,2026-07-21T18:50:04.000Z
"https://leetcode.com/problems/rearrange-array-to-maximize-prefix-score/","Rearrange Array to Maximize Prefix Score","GREEDY","MEDIUM",96189,,"CLEAR",,false,2026-07-21T18:50:04.000Z,2026-07-21T18:50:04.000Z
"https://leetcode.com/problems/rearrange-string-k-distance-apart/","Rearrange String k Distance Apart","GREEDY","HARD",186188,,"CLEAR",,false,2026-07-21T18:50:04.000Z,2026-07-21T18:50:04.000Z
"https://leetcode.com/problems/rearranging-fruits/","Rearranging Fruits","GREEDY","HARD",173096,,"CLEAR",,false,2026-07-21T18:50:04.000Z,2026-07-21T18:50:04.000Z
"https://leetcode.com/problems/reconstruct-a-2-row-binary-matrix/","Reconstruct a 2-Row Binary Matrix","GREEDY","MEDIUM",71945,,"CLEAR",,false,2026-07-21T18:50:04.000Z,2026-07-21T18:50:04.000Z
"https://leetcode.com/problems/reduce-array-size-to-the-half/","Reduce Array Size to The Half","GREEDY","MEDIUM",342803,,"CLEAR",,false,2026-07-21T18:50:04.000Z,2026-07-21T18:50:04.000Z
"https://leetcode.com/problems/remove-colored-pieces-if-both-neighbors-are-the-same-color/","Remove Colored Pieces if Both Neighbors are the Same Color","GREEDY","MEDIUM",259601,,"CLEAR",,false,2026-07-21T18:50:04.000Z,2026-07-21T18:50:04.000Z
"https://leetcode.com/problems/remove-digit-from-number-to-maximize-result/","Remove Digit From Number to Maximize Result","GREEDY","EASY",272276,,"CLEAR",,false,2026-07-21T18:50:04.000Z,2026-07-21T18:50:04.000Z
"https://leetcode.com/problems/remove-duplicate-letters/","Remove Duplicate Letters","GREEDY","MEDIUM",879383,,"CLEAR",,false,2026-07-21T18:50:04.000Z,2026-07-21T18:50:04.000Z
"https://leetcode.com/problems/remove-k-digits/","Remove K Digits","GREEDY","MEDIUM",2075572,,"CLEAR",,false,2026-07-21T18:50:04.000Z,2026-07-21T18:50:04.000Z
"https://leetcode.com/problems/remove-stones-to-minimize-the-total/","Remove Stones to Minimize the Total","GREEDY","MEDIUM",236482,,"CLEAR",,false,2026-07-21T18:50:04.000Z,2026-07-21T18:50:04.000Z
"https://leetcode.com/problems/removing-minimum-and-maximum-from-array/","Removing Minimum and Maximum From Array","GREEDY","MEDIUM",111585,,"CLEAR",,false,2026-07-21T18:50:04.000Z,2026-07-21T18:50:04.000Z
"https://leetcode.com/problems/removing-minimum-number-of-magic-beans/","Removing Minimum Number of Magic Beans","GREEDY","MEDIUM",82854,,"CLEAR",,false,2026-07-21T18:50:04.000Z,2026-07-21T18:50:04.000Z
"https://leetcode.com/problems/reorganize-string/","Reorganize String","GREEDY","MEDIUM",1081029,,"CLEAR",,false,2026-07-21T18:50:04.000Z,2026-07-21T18:50:04.000Z
"https://leetcode.com/problems/replace-question-marks-in-string-to-minimize-its-value/","Replace Question Marks in String to Minimize Its Value","GREEDY","MEDIUM",62470,,"CLEAR",,false,2026-07-21T18:50:04.000Z,2026-07-21T18:50:04.000Z
"https://leetcode.com/problems/reschedule-meetings-for-maximum-free-time-i/","Reschedule Meetings for Maximum Free Time I","GREEDY","MEDIUM",204077,,"CLEAR",,false,2026-07-21T18:50:04.000Z,2026-07-21T18:50:04.000Z
"https://leetcode.com/problems/reschedule-meetings-for-maximum-free-time-ii/","Reschedule Meetings for Maximum Free Time II","GREEDY","MEDIUM",140772,,"CLEAR",,false,2026-07-21T18:50:04.000Z,2026-07-21T18:50:04.000Z
"https://leetcode.com/problems/reverse-subarray-to-maximize-array-value/","Reverse Subarray To Maximize Array Value","GREEDY","HARD",20674,,"CLEAR",,false,2026-07-21T18:50:04.000Z,2026-07-21T18:50:04.000Z
"https://leetcode.com/problems/sell-diminishing-valued-colored-balls/","Sell Diminishing-Valued Colored Balls","GREEDY","MEDIUM",154755,,"CLEAR",,false,2026-07-21T18:50:04.000Z,2026-07-21T18:50:04.000Z
"https://leetcode.com/problems/separate-black-and-white-balls/","Separate Black and White Balls","GREEDY","MEDIUM",289874,,"CLEAR",,false,2026-07-21T18:50:04.000Z,2026-07-21T18:50:04.000Z
"https://leetcode.com/problems/set-intersection-size-at-least-two/","Set Intersection Size At Least Two","GREEDY","HARD",170298,,"CLEAR",,false,2026-07-21T18:50:04.000Z,2026-07-21T18:50:04.000Z
"https://leetcode.com/problems/shortest-distance-after-road-addition-queries-ii/","Shortest Distance After Road Addition Queries II","GREEDY","HARD",59005,,"CLEAR",,false,2026-07-21T18:50:04.000Z,2026-07-21T18:50:04.000Z
"https://leetcode.com/problems/shortest-impossible-sequence-of-rolls/","Shortest Impossible Sequence of Rolls","GREEDY","HARD",28115,,"CLEAR",,false,2026-07-21T18:50:04.000Z,2026-07-21T18:50:04.000Z
"https://leetcode.com/problems/shortest-string-that-contains-three-strings/","Shortest String That Contains Three Strings","GREEDY","MEDIUM",62728,,"CLEAR",,false,2026-07-21T18:50:04.000Z,2026-07-21T18:50:04.000Z
"https://leetcode.com/problems/shortest-unsorted-continuous-subarray/","Shortest Unsorted Continuous Subarray","GREEDY","MEDIUM",1053349,,"CLEAR",,false,2026-07-21T18:50:04.000Z,2026-07-21T18:50:04.000Z
"https://leetcode.com/problems/shortest-way-to-form-string/","Shortest Way to Form String","GREEDY","MEDIUM",183762,,"CLEAR",,false,2026-07-21T18:50:04.000Z,2026-07-21T18:50:04.000Z
"https://leetcode.com/problems/smallest-divisible-digit-product-ii/","Smallest Divisible Digit Product II","GREEDY","HARD",33940,,"CLEAR",,false,2026-07-21T18:50:04.000Z,2026-07-21T18:50:04.000Z
"https://leetcode.com/problems/smallest-k-length-subsequence-with-occurrences-of-a-letter/","Smallest K-Length Subsequence With Occurrences of a Letter","GREEDY","HARD",29707,,"CLEAR",,false,2026-07-21T18:50:04.000Z,2026-07-21T18:50:04.000Z
"https://leetcode.com/problems/smallest-missing-non-negative-integer-after-operations/","Smallest Missing Non-negative Integer After Operations","GREEDY","MEDIUM",206832,,"CLEAR",,false,2026-07-21T18:50:04.000Z,2026-07-21T18:50:04.000Z
"https://leetcode.com/problems/smallest-number-with-given-digit-product/","Smallest Number With Given Digit Product","GREEDY","MEDIUM",3355,,"CLEAR",,false,2026-07-21T18:50:04.000Z,2026-07-21T18:50:04.000Z
"https://leetcode.com/problems/smallest-range-covering-elements-from-k-lists/","Smallest Range Covering Elements from K Lists","GREEDY","HARD",356699,,"CLEAR",,false,2026-07-21T18:50:04.000Z,2026-07-21T18:50:04.000Z
"https://leetcode.com/problems/smallest-range-ii/","Smallest Range II","GREEDY","MEDIUM",177383,,"CLEAR",,false,2026-07-21T18:50:04.000Z,2026-07-21T18:50:04.000Z
"https://leetcode.com/problems/smallest-string-with-a-given-numeric-value/","Smallest String With A Given Numeric Value","GREEDY","MEDIUM",158011,,"CLEAR",,false,2026-07-21T18:50:04.000Z,2026-07-21T18:50:04.000Z
"https://leetcode.com/problems/smallest-subarray-to-sort-in-every-sliding-window/","Smallest Subarray to Sort in Every Sliding Window","GREEDY","MEDIUM",1426,,"CLEAR",,false,2026-07-21T18:50:04.000Z,2026-07-21T18:50:04.000Z
"https://leetcode.com/problems/smallest-subsequence-of-distinct-characters/","Smallest Subsequence of Distinct Characters","GREEDY","MEDIUM",264786,,"CLEAR",,false,2026-07-21T18:50:04.000Z,2026-07-21T18:50:04.000Z
"https://leetcode.com/problems/split-a-string-in-balanced-strings/","Split a String in Balanced Strings","GREEDY","EASY",455585,,"CLEAR",,false,2026-07-21T18:50:04.000Z,2026-07-21T18:50:04.000Z
"https://leetcode.com/problems/split-array-into-consecutive-subsequences/","Split Array into Consecutive Subsequences","GREEDY","MEDIUM",289652,,"CLEAR",,false,2026-07-21T18:50:04.000Z,2026-07-21T18:50:04.000Z
"https://leetcode.com/problems/split-concatenated-strings/","Split Concatenated Strings","GREEDY","MEDIUM",17485,,"CLEAR",,false,2026-07-21T18:50:04.000Z,2026-07-21T18:50:04.000Z
"https://leetcode.com/problems/split-with-minimum-sum/","Split With Minimum Sum","GREEDY","EASY",73798,,"CLEAR",,false,2026-07-21T18:50:04.000Z,2026-07-21T18:50:04.000Z
"https://leetcode.com/problems/stamping-the-grid/","Stamping the Grid","GREEDY","HARD",29806,,"CLEAR",,false,2026-07-21T18:50:04.000Z,2026-07-21T18:50:04.000Z
"https://leetcode.com/problems/stamping-the-sequence/","Stamping The Sequence","GREEDY","HARD",104960,,"CLEAR",,false,2026-07-21T18:50:04.000Z,2026-07-21T18:50:04.000Z
"https://leetcode.com/problems/stone-game-ix/","Stone Game IX","GREEDY","MEDIUM",39959,,"CLEAR",,false,2026-07-21T18:50:04.000Z,2026-07-21T18:50:04.000Z
"https://leetcode.com/problems/stone-game-vi/","Stone Game VI","GREEDY","MEDIUM",48676,,"CLEAR",,false,2026-07-21T18:50:04.000Z,2026-07-21T18:50:04.000Z
"https://leetcode.com/problems/string-without-aaa-or-bbb/","String Without AAA or BBB","GREEDY","MEDIUM",138655,,"CLEAR",,false,2026-07-21T18:50:04.000Z,2026-07-21T18:50:04.000Z
"https://leetcode.com/problems/strong-password-checker/","Strong Password Checker","GREEDY","HARD",361339,,"CLEAR",,false,2026-07-21T18:50:04.000Z,2026-07-21T18:50:04.000Z
"https://leetcode.com/problems/subsequence-of-size-k-with-the-largest-even-sum/","Subsequence of Size K With the Largest Even Sum","GREEDY","MEDIUM",13937,,"CLEAR",,false,2026-07-21T18:50:04.000Z,2026-07-21T18:50:04.000Z
"https://leetcode.com/problems/sum-game/","Sum Game","GREEDY","MEDIUM",35792,,"CLEAR",,false,2026-07-21T18:50:04.000Z,2026-07-21T18:50:04.000Z
"https://leetcode.com/problems/super-washing-machines/","Super Washing Machines","GREEDY","HARD",93423,,"CLEAR",,false,2026-07-21T18:50:04.000Z,2026-07-21T18:50:04.000Z
"https://leetcode.com/problems/task-scheduler/","Task Scheduler","GREEDY","MEDIUM",1591638,,"CLEAR",,false,2026-07-21T18:50:04.000Z,2026-07-21T18:50:04.000Z
"https://leetcode.com/problems/the-number-of-weak-characters-in-the-game/","The Number of Weak Characters in the Game","GREEDY","MEDIUM",269311,,"CLEAR",,false,2026-07-21T18:50:04.000Z,2026-07-21T18:50:04.000Z
"https://leetcode.com/problems/the-wording-game/","The Wording Game","GREEDY","HARD",1448,,"CLEAR",,false,2026-07-21T18:50:04.000Z,2026-07-21T18:50:04.000Z
"https://leetcode.com/problems/transform-array-to-all-equal-elements/","Transform Array to All Equal Elements","GREEDY","MEDIUM",94002,,"CLEAR",,false,2026-07-21T18:50:04.000Z,2026-07-21T18:50:04.000Z
"https://leetcode.com/problems/two-city-scheduling/","Two City Scheduling","GREEDY","MEDIUM",425784,,"CLEAR",,false,2026-07-21T18:50:04.000Z,2026-07-21T18:50:04.000Z
"https://leetcode.com/problems/two-furthest-houses-with-different-colors/","Two Furthest Houses With Different Colors","GREEDY","EASY",311770,,"CLEAR",,false,2026-07-21T18:50:04.000Z,2026-07-21T18:50:04.000Z
"https://leetcode.com/problems/using-a-robot-to-print-the-lexicographically-smallest-string/","Using a Robot to Print the Lexicographically Smallest String","GREEDY","MEDIUM",177124,,"CLEAR",,false,2026-07-21T18:50:04.000Z,2026-07-21T18:50:04.000Z
"https://leetcode.com/problems/valid-palindrome-ii/","Valid Palindrome II","GREEDY","EASY",2659109,,"CLEAR",,false,2026-07-21T18:50:04.000Z,2026-07-21T18:50:04.000Z
"https://leetcode.com/problems/valid-triangle-number/","Valid Triangle Number","GREEDY","MEDIUM",657913,,"CLEAR",,false,2026-07-21T18:50:04.000Z,2026-07-21T18:50:04.000Z
"https://leetcode.com/problems/wiggle-sort/","Wiggle Sort","GREEDY","MEDIUM",233257,,"CLEAR",,false,2026-07-21T18:50:04.000Z,2026-07-21T18:50:04.000Z
"https://leetcode.com/problems/wiggle-sort-ii/","Wiggle Sort II","GREEDY","MEDIUM",560052,,"CLEAR",,false,2026-07-21T18:50:04.000Z,2026-07-21T18:50:04.000Z
"https://leetcode.com/problems/word-abbreviation/","Word Abbreviation","GREEDY","HARD",54409,,"CLEAR",,false,2026-07-21T18:50:04.000Z,2026-07-21T18:50:04.000Z
"https://leetcode.com/problems/zero-array-transformation-iii/","Zero Array Transformation III","GREEDY","MEDIUM",141540,,"CLEAR",,false,2026-07-21T18:50:04.000Z,2026-07-21T18:50:04.000Z
"https://leetcode.com/problems/minimum-discards-to-balance-inventory/"," Minimum Discards to Balance Inventory","HASH TABLE","MEDIUM",58542,,"CLEAR",,true,2026-07-21T18:50:04.000Z,2026-08-23T20:28:18.563Z
"https://leetcode.com/problems/4sum-ii/","4Sum II","HASH TABLE","MEDIUM",680038,,"CLEAR",,true,2026-07-21T18:50:04.000Z,2026-08-23T20:28:18.563Z
"https://leetcode.com/problems/alert-using-same-key-card-three-or-more-times-in-a-one-hour-period/","Alert Using Same Key-Card Three or More Times in a One Hour Period","HASH TABLE","MEDIUM",109944,,"CLEAR",,true,2026-07-21T18:50:04.000Z,2026-08-23T20:28:18.563Z
"https://leetcode.com/problems/alphabet-board-path/","Alphabet Board Path","HASH TABLE","MEDIUM",116378,,"CLEAR",,true,2026-07-21T18:50:04.000Z,2026-08-23T20:28:18.563Z
"https://leetcode.com/problems/alt-and-tab-simulation/","Alt and Tab Simulation","HASH TABLE","MEDIUM",2432,,"CLEAR",,true,2026-07-21T18:50:04.000Z,2026-08-23T20:28:18.563Z
"https://leetcode.com/problems/analyze-user-website-visit-pattern/","Analyze User Website Visit Pattern","HASH TABLE","MEDIUM",299095,,"CLEAR",,true,2026-07-21T18:50:04.000Z,2026-08-23T20:28:18.563Z
"https://leetcode.com/problems/apply-discount-every-n-orders/","Apply Discount Every n Orders","HASH TABLE","MEDIUM",46543,,"CLEAR",,true,2026-07-21T18:50:04.000Z,2026-08-23T20:28:18.563Z
"https://leetcode.com/problems/apply-operations-to-make-string-empty/","Apply Operations to Make String Empty","HASH TABLE","MEDIUM",57703,,"CLEAR",,true,2026-07-21T18:50:04.000Z,2026-08-23T20:28:18.563Z
"https://leetcode.com/problems/arithmetic-subarrays/","Arithmetic Subarrays","HASH TABLE","MEDIUM",190587,,"CLEAR",,true,2026-07-21T18:50:04.000Z,2026-08-23T20:28:18.563Z
"https://leetcode.com/problems/assign-elements-to-groups-with-constraints/","Assign Elements to Groups with Constraints","HASH TABLE","MEDIUM",77586,,"CLEAR",,true,2026-07-21T18:50:04.000Z,2026-08-23T20:28:18.563Z
"https://leetcode.com/problems/before-and-after-puzzle/","Before and After Puzzle","HASH TABLE","MEDIUM",25310,,"CLEAR",,true,2026-07-21T18:50:04.000Z,2026-08-23T20:28:18.563Z
"https://leetcode.com/problems/best-poker-hand/","Best Poker Hand","HASH TABLE","EASY",90096,,"CLEAR",,true,2026-07-21T18:50:04.000Z,2026-08-23T20:28:18.563Z
"https://leetcode.com/problems/better-compression-of-string/","Better Compression of String","HASH TABLE","MEDIUM",8100,,"CLEAR",,true,2026-07-21T18:50:04.000Z,2026-08-23T20:28:18.563Z
"https://leetcode.com/problems/binary-subarrays-with-sum/","Binary Subarrays With Sum","HASH TABLE","MEDIUM",812888,,"CLEAR",,true,2026-07-21T18:50:04.000Z,2026-08-23T20:28:18.563Z
"https://leetcode.com/problems/brick-wall/","Brick Wall","HASH TABLE","MEDIUM",311479,,"CLEAR",,true,2026-07-21T18:50:04.000Z,2026-08-23T20:28:18.563Z
"https://leetcode.com/problems/brightest-position-on-street/","Brightest Position on Street","HASH TABLE","MEDIUM",28931,,"CLEAR",,true,2026-07-21T18:50:04.000Z,2026-08-23T20:28:18.563Z
"https://leetcode.com/problems/buddy-strings/","Buddy Strings","HASH TABLE","EASY",878761,,"SUCCESS","class Solution {
public:
    bool buddyStrings(string s, string goal) {
        int n = s.size();

        vector<int> freq(26, 0);
        bool flag = false;

        if (goal.size() != n) {
            return false;
        }
        vector<int> diff;
        int i = 0;
        while (i < n) {
            if (s[i] != goal[i]) {
                diff.push_back(i);
            }
            freq[s[i] - 'a']++;
            if (freq[s[i] - 'a'] > 1) {
                flag = true;
            }
            i++;
        }
        if (diff.size() == 0) {
            return flag;
        }
        if (diff.size() == 2) {
            int j = diff[0], k = diff[1];
            return s[j] == goal[k] && goal[j] == s[k];
        }
        return false;
    }
};",true,2026-07-21T18:50:04.000Z,2026-08-23T20:28:18.563Z
"https://leetcode.com/problems/bulls-and-cows/","Bulls and Cows","HASH TABLE","MEDIUM",869080,,"CLEAR",,true,2026-07-21T18:50:04.000Z,2026-08-23T20:28:18.563Z
"https://leetcode.com/problems/calculate-score-after-performing-instructions/","Calculate Score After Performing Instructions","HASH TABLE","MEDIUM",72250,,"CLEAR",,true,2026-07-21T18:50:04.000Z,2026-08-23T20:28:18.563Z
"https://leetcode.com/problems/can-convert-string-in-k-moves/","Can Convert String in K Moves","HASH TABLE","MEDIUM",71987,,"CLEAR",,true,2026-07-21T18:50:04.000Z,2026-08-23T20:28:18.563Z
"https://leetcode.com/problems/card-flipping-game/","Card Flipping Game","HASH TABLE","MEDIUM",54270,,"CLEAR",,true,2026-07-21T18:50:04.000Z,2026-08-23T20:28:18.563Z
"https://leetcode.com/problems/change-minimum-characters-to-satisfy-one-of-three-conditions/","Change Minimum Characters to Satisfy One of Three Conditions","HASH TABLE","MEDIUM",44561,,"CLEAR",,true,2026-07-21T18:50:04.000Z,2026-08-23T20:28:18.563Z
"https://leetcode.com/problems/check-array-formation-through-concatenation/","Check Array Formation Through Concatenation","HASH TABLE","EASY",163391,,"CLEAR",,true,2026-07-21T18:50:04.000Z,2026-08-23T20:28:18.563Z
"https://leetcode.com/problems/check-distances-between-same-letters/","Check Distances Between Same Letters","HASH TABLE","EASY",91716,,"CLEAR",,true,2026-07-21T18:50:04.000Z,2026-08-23T20:28:18.563Z
"https://leetcode.com/problems/check-if-all-characters-have-equal-number-of-occurrences/","Check if All Characters Have Equal Number of Occurrences","HASH TABLE","EASY",230404,,"CLEAR",,true,2026-07-21T18:50:04.000Z,2026-08-23T20:28:18.563Z
"https://leetcode.com/problems/check-if-all-the-integers-in-a-range-are-covered/","Check if All the Integers in a Range Are Covered","HASH TABLE","EASY",139065,,"CLEAR",,true,2026-07-21T18:50:04.000Z,2026-08-23T20:28:18.563Z
"https://leetcode.com/problems/check-if-an-array-is-consecutive/","Check if an Array Is Consecutive","HASH TABLE","EASY",13018,,"CLEAR",,true,2026-07-21T18:50:04.000Z,2026-08-23T20:28:18.563Z
"https://leetcode.com/problems/check-if-any-element-has-prime-frequency/","Check if Any Element Has Prime Frequency","HASH TABLE","EASY",91826,,"CLEAR",,true,2026-07-21T18:50:04.000Z,2026-08-23T20:28:18.563Z
"https://leetcode.com/problems/check-if-array-is-good/","Check if Array is Good","HASH TABLE","EASY",315888,,"CLEAR",,true,2026-07-21T18:50:04.000Z,2026-08-23T20:28:18.563Z
"https://leetcode.com/problems/check-if-array-pairs-are-divisible-by-k/","Check If Array Pairs Are Divisible by k","HASH TABLE","MEDIUM",457676,,"CLEAR",,true,2026-07-21T18:50:04.000Z,2026-08-23T20:28:18.563Z
"https://leetcode.com/problems/check-if-every-row-and-column-contains-all-numbers/","Check if Every Row and Column Contains All Numbers","HASH TABLE","EASY",221550,,"CLEAR",,true,2026-07-21T18:50:04.000Z,2026-08-23T20:28:18.563Z
"https://leetcode.com/problems/check-if-number-has-equal-digit-count-and-digit-value/","Check if Number Has Equal Digit Count and Digit Value","HASH TABLE","EASY",120342,,"CLEAR",,true,2026-07-21T18:50:04.000Z,2026-08-23T20:28:18.563Z
"https://leetcode.com/problems/check-if-one-string-swap-can-make-strings-equal/","Check if One String Swap Can Make Strings Equal","HASH TABLE","EASY",634773,,"CLEAR",,true,2026-07-21T18:50:04.000Z,2026-08-23T20:28:18.563Z
"https://leetcode.com/problems/check-if-strings-can-be-made-equal-with-operations-ii/","Check if Strings Can be Made Equal With Operations II","HASH TABLE","MEDIUM",191597,,"CLEAR",,true,2026-07-21T18:50:04.000Z,2026-08-23T20:28:18.563Z
"https://leetcode.com/problems/check-if-the-number-is-fascinating/","Check if The Number is Fascinating","HASH TABLE","EASY",121397,,"CLEAR",,true,2026-07-21T18:50:04.000Z,2026-08-23T20:28:18.563Z
"https://leetcode.com/problems/check-if-the-sentence-is-pangram/","Check if the Sentence Is Pangram","HASH TABLE","EASY",679879,,"CLEAR",,true,2026-07-21T18:50:04.000Z,2026-08-23T20:28:18.563Z
"https://leetcode.com/problems/check-whether-two-strings-are-almost-equivalent/","Check Whether Two Strings are Almost Equivalent","HASH TABLE","EASY",131676,,"CLEAR",,true,2026-07-21T18:50:04.000Z,2026-08-23T20:28:18.563Z
"https://leetcode.com/problems/closest-equal-element-queries/","Closest Equal Element Queries","HASH TABLE","MEDIUM",202333,,"CLEAR",,true,2026-07-21T18:50:04.000Z,2026-08-23T20:28:18.563Z
"https://leetcode.com/problems/closest-room/","Closest Room","HASH TABLE","HARD",30905,,"CLEAR",,true,2026-07-21T18:50:04.000Z,2026-08-23T20:28:18.563Z
"https://leetcode.com/problems/compare-strings-by-frequency-of-the-smallest-character/","Compare Strings by Frequency of the Smallest Character","HASH TABLE","MEDIUM",149096,,"CLEAR",,true,2026-07-21T18:50:04.000Z,2026-08-23T20:28:18.563Z
"https://leetcode.com/problems/contains-duplicate/","Contains Duplicate","HASH TABLE","EASY",10382512,,"SUCCESS","class Solution {
public:
    bool containsDuplicate(vector<int>& nums) {  
        unordered_map<int,int> mp;
        for(auto it:nums){
            if(mp.contains(it)){
                return true;
            }
            mp[it]++;
        }
        return false;
    }
};",true,2026-07-21T18:50:04.000Z,2026-08-23T20:28:18.563Z
"https://leetcode.com/problems/contains-duplicate-ii/","Contains Duplicate II","HASH TABLE","EASY",3617126,,"SUCCESS","class Solution {
public:
    bool containsNearbyDuplicate(vector<int>& nums, int k) {
        unordered_map<int, int> mp;
        int n = nums.size();
        for (int i = 0; i < n; i++) {
            if (mp.contains(nums[i]) && i - mp[nums[i]] <= k) {
                return true;
            }
            mp[nums[i]] = i;
        }
        return false;
        ;
    }
};",true,2026-07-21T18:50:04.000Z,2026-08-23T20:28:18.563Z
"https://leetcode.com/problems/contains-duplicate-iii/","Contains Duplicate III","HASH TABLE","HARD",1305879,,"CLEAR",,true,2026-07-21T18:50:04.000Z,2026-08-23T20:28:18.563Z
"https://leetcode.com/problems/contiguous-array/","Contiguous Array","HASH TABLE","MEDIUM",1369094,,"CLEAR",,true,2026-07-21T18:50:04.000Z,2026-08-23T20:28:18.563Z
"https://leetcode.com/problems/continuous-subarray-sum/","Continuous Subarray Sum","HASH TABLE","MEDIUM",2548950,,"CLEAR",,true,2026-07-21T18:50:04.000Z,2026-08-23T20:28:18.563Z
"https://leetcode.com/problems/convert-an-array-into-a-2d-array-with-conditions/","Convert an Array Into a 2D Array With Conditions","HASH TABLE","MEDIUM",266249,,"CLEAR",,true,2026-07-21T18:50:04.000Z,2026-08-23T20:28:18.563Z
"https://leetcode.com/problems/count-almost-equal-pairs-i/","Count Almost Equal Pairs I","HASH TABLE","MEDIUM",77360,,"CLEAR",,true,2026-07-21T18:50:04.000Z,2026-08-23T20:28:18.563Z
"https://leetcode.com/problems/count-almost-equal-pairs-ii/","Count Almost Equal Pairs II","HASH TABLE","HARD",34480,,"CLEAR",,true,2026-07-21T18:50:04.000Z,2026-08-23T20:28:18.563Z
"https://leetcode.com/problems/count-anagrams/","Count Anagrams","HASH TABLE","HARD",57131,,"CLEAR",,true,2026-07-21T18:50:04.000Z,2026-08-23T20:28:18.563Z
"https://leetcode.com/problems/count-array-pairs-divisible-by-k/","Count Array Pairs Divisible by K","HASH TABLE","HARD",79116,,"CLEAR",,true,2026-07-21T18:50:04.000Z,2026-08-23T20:28:18.563Z
"https://leetcode.com/problems/count-artifacts-that-can-be-extracted/","Count Artifacts That Can Be Extracted","HASH TABLE","MEDIUM",41593,,"CLEAR",,true,2026-07-21T18:50:04.000Z,2026-08-23T20:28:18.563Z
"https://leetcode.com/problems/count-beautiful-substrings-i/","Count Beautiful Substrings I","HASH TABLE","MEDIUM",48215,,"CLEAR",,true,2026-07-21T18:50:04.000Z,2026-08-23T20:28:18.563Z
"https://leetcode.com/problems/count-beautiful-substrings-ii/","Count Beautiful Substrings II","HASH TABLE","HARD",30646,,"CLEAR",,true,2026-07-21T18:50:04.000Z,2026-08-23T20:28:18.563Z
"https://leetcode.com/problems/count-caesar-cipher-pairs/","Count Caesar Cipher Pairs","HASH TABLE","MEDIUM",53186,,"CLEAR",,true,2026-07-21T18:50:04.000Z,2026-08-23T20:28:18.563Z
"https://leetcode.com/problems/count-cells-in-overlapping-horizontal-and-vertical-substrings/","Count Cells in Overlapping Horizontal and Vertical Substrings","HASH TABLE","MEDIUM",28311,,"CLEAR",,true,2026-07-21T18:50:04.000Z,2026-08-23T20:28:18.563Z
"https://leetcode.com/problems/count-common-words-with-one-occurrence/","Count Common Words With One Occurrence","HASH TABLE","EASY",156897,,"CLEAR",,true,2026-07-21T18:50:04.000Z,2026-08-23T20:28:18.563Z
"https://leetcode.com/problems/count-complete-subarrays-in-an-array/","Count Complete Subarrays in an Array","HASH TABLE","MEDIUM",230693,,"CLEAR",,true,2026-07-21T18:50:04.000Z,2026-08-23T20:28:18.563Z
"https://leetcode.com/problems/count-complete-substrings/","Count Complete Substrings","HASH TABLE","HARD",38330,,"CLEAR",,true,2026-07-21T18:50:04.000Z,2026-08-23T20:28:18.563Z
"https://leetcode.com/problems/count-connected-components-in-lcm-graph/","Count Connected Components in LCM Graph","HASH TABLE","HARD",18490,,"CLEAR",,true,2026-07-21T18:50:04.000Z,2026-08-23T20:28:18.563Z
"https://leetcode.com/problems/count-covered-buildings/","Count Covered Buildings","HASH TABLE","MEDIUM",179779,,"CLEAR",,true,2026-07-21T18:50:04.000Z,2026-08-23T20:28:18.563Z
"https://leetcode.com/problems/count-distinct-numbers-on-board/","Count Distinct Numbers on Board","HASH TABLE","EASY",108376,,"CLEAR",,true,2026-07-21T18:50:04.000Z,2026-08-23T20:28:18.563Z
"https://leetcode.com/problems/count-distinct-subarrays-divisible-by-k-in-sorted-array/","Count Distinct Subarrays Divisible by K in Sorted Array","HASH TABLE","HARD",22278,,"CLEAR",,true,2026-07-21T18:50:04.000Z,2026-08-23T20:28:18.563Z
"https://leetcode.com/problems/count-elements-with-maximum-frequency/","Count Elements With Maximum Frequency","HASH TABLE","EASY",542056,,"CLEAR",,true,2026-07-21T18:50:04.000Z,2026-08-23T20:28:18.563Z
"https://leetcode.com/problems/count-good-meals/","Count Good Meals","HASH TABLE","MEDIUM",169146,,"CLEAR",,true,2026-07-21T18:50:04.000Z,2026-08-23T20:28:18.563Z
"https://leetcode.com/problems/count-largest-group/","Count Largest Group","HASH TABLE","EASY",253632,,"CLEAR",,true,2026-07-21T18:50:04.000Z,2026-08-23T20:28:18.563Z
"https://leetcode.com/problems/count-lattice-points-inside-a-circle/","Count Lattice Points Inside a Circle","HASH TABLE","MEDIUM",58880,,"CLEAR",,true,2026-07-21T18:50:04.000Z,2026-08-23T20:28:18.563Z
"https://leetcode.com/problems/count-nice-pairs-in-an-array/","Count Nice Pairs in an Array","HASH TABLE","MEDIUM",285282,,"CLEAR",,true,2026-07-21T18:50:04.000Z,2026-08-23T20:28:18.563Z
"https://leetcode.com/problems/count-number-of-bad-pairs/","Count Number of Bad Pairs","HASH TABLE","MEDIUM",348854,,"CLEAR",,true,2026-07-21T18:50:04.000Z,2026-08-23T20:28:18.563Z
"https://leetcode.com/problems/count-number-of-distinct-integers-after-reverse-operations/","Count Number of Distinct Integers After Reverse Operations","HASH TABLE","MEDIUM",130185,,"CLEAR",,true,2026-07-21T18:50:04.000Z,2026-08-23T20:28:18.563Z
"https://leetcode.com/problems/count-number-of-nice-subarrays/","Count Number of Nice Subarrays","HASH TABLE","MEDIUM",702456,,"CLEAR",,true,2026-07-21T18:50:04.000Z,2026-08-23T20:28:18.563Z
"https://leetcode.com/problems/count-number-of-pairs-with-absolute-difference-k/","Count Number of Pairs With Absolute Difference K","HASH TABLE","EASY",286318,,"CLEAR",,true,2026-07-21T18:50:04.000Z,2026-08-23T20:28:18.563Z
"https://leetcode.com/problems/count-number-of-trapezoids-i/","Count Number of Trapezoids I","HASH TABLE","MEDIUM",247444,,"CLEAR",,true,2026-07-21T18:50:04.000Z,2026-08-23T20:28:18.563Z
"https://leetcode.com/problems/count-number-of-trapezoids-ii/","Count Number of Trapezoids II","HASH TABLE","HARD",146270,,"CLEAR",,true,2026-07-21T18:50:04.000Z,2026-08-23T20:28:18.563Z
"https://leetcode.com/problems/count-odd-letters-from-number/","Count Odd Letters from Number","HASH TABLE","EASY",1830,,"CLEAR",,true,2026-07-21T18:50:04.000Z,2026-08-23T20:28:18.563Z
"https://leetcode.com/problems/count-of-interesting-subarrays/","Count of Interesting Subarrays","HASH TABLE","MEDIUM",160673,,"CLEAR",,true,2026-07-21T18:50:04.000Z,2026-08-23T20:28:18.563Z
"https://leetcode.com/problems/count-of-substrings-containing-every-vowel-and-k-consonants-i/","Count of Substrings Containing Every Vowel and K Consonants I","HASH TABLE","MEDIUM",80256,,"CLEAR",,true,2026-07-21T18:50:04.000Z,2026-08-23T20:28:18.563Z
"https://leetcode.com/problems/count-of-substrings-containing-every-vowel-and-k-consonants-ii/","Count of Substrings Containing Every Vowel and K Consonants II","HASH TABLE","MEDIUM",284911,,"CLEAR",,true,2026-07-21T18:50:04.000Z,2026-08-23T20:28:18.563Z
"https://leetcode.com/problems/count-pairs-that-form-a-complete-day-i/","Count Pairs That Form a Complete Day I","HASH TABLE","EASY",100364,,"CLEAR",,true,2026-07-21T18:50:04.000Z,2026-08-23T20:28:18.563Z
"https://leetcode.com/problems/count-pairs-that-form-a-complete-day-ii/","Count Pairs That Form a Complete Day II","HASH TABLE","MEDIUM",113073,,"CLEAR",,true,2026-07-21T18:50:04.000Z,2026-08-23T20:28:18.563Z
"https://leetcode.com/problems/count-residue-prefixes/","Count Residue Prefixes","HASH TABLE","EASY",73079,,"CLEAR",,true,2026-07-21T18:50:04.000Z,2026-08-23T20:28:18.563Z
"https://leetcode.com/problems/count-special-quadruplets/","Count Special Quadruplets","HASH TABLE","EASY",100406,,"CLEAR",,true,2026-07-21T18:50:04.000Z,2026-08-23T20:28:18.563Z
"https://leetcode.com/problems/count-special-subsequences/","Count Special Subsequences","HASH TABLE","MEDIUM",38905,,"CLEAR",,true,2026-07-21T18:50:04.000Z,2026-08-23T20:28:18.563Z
"https://leetcode.com/problems/count-special-triplets/","Count Special Triplets","HASH TABLE","MEDIUM",254393,,"CLEAR",,true,2026-07-21T18:50:04.000Z,2026-08-23T20:28:18.563Z
"https://leetcode.com/problems/count-subarrays-with-k-distinct-integers/","Count Subarrays With K Distinct Integers","HASH TABLE","HARD",36995,,"CLEAR",,true,2026-07-21T18:50:04.000Z,2026-08-23T20:28:18.563Z
"https://leetcode.com/problems/count-subarrays-with-median-k/","Count Subarrays With Median K","HASH TABLE","HARD",44315,,"CLEAR",,true,2026-07-21T18:50:04.000Z,2026-08-23T20:28:18.563Z
"https://leetcode.com/problems/count-substrings-that-can-be-rearranged-to-contain-a-string-i/","Count Substrings That Can Be Rearranged to Contain a String I","HASH TABLE","MEDIUM",47371,,"CLEAR",,true,2026-07-21T18:50:04.000Z,2026-08-23T20:28:18.563Z
"https://leetcode.com/problems/count-substrings-that-can-be-rearranged-to-contain-a-string-ii/","Count Substrings That Can Be Rearranged to Contain a String II","HASH TABLE","HARD",31752,,"CLEAR",,true,2026-07-21T18:50:04.000Z,2026-08-23T20:28:18.563Z
"https://leetcode.com/problems/count-substrings-with-k-frequency-characters-i/","Count Substrings With K-Frequency Characters I","HASH TABLE","MEDIUM",69193,,"CLEAR",,true,2026-07-21T18:50:04.000Z,2026-08-23T20:28:18.563Z
"https://leetcode.com/problems/count-substrings-with-k-frequency-characters-ii/","Count Substrings With K-Frequency Characters II","HASH TABLE","HARD",1519,,"CLEAR",,true,2026-07-21T18:50:04.000Z,2026-08-23T20:28:18.563Z
"https://leetcode.com/problems/count-substrings-without-repeating-character/","Count Substrings Without Repeating Character","HASH TABLE","MEDIUM",12535,,"CLEAR",,true,2026-07-21T18:50:04.000Z,2026-08-23T20:28:18.563Z
"https://leetcode.com/problems/count-the-number-of-good-partitions/","Count the Number of Good Partitions","HASH TABLE","HARD",33411,,"CLEAR",,true,2026-07-21T18:50:04.000Z,2026-08-23T20:28:18.563Z
"https://leetcode.com/problems/count-the-number-of-good-subarrays/","Count the Number of Good Subarrays","HASH TABLE","MEDIUM",203665,,"CLEAR",,true,2026-07-21T18:50:04.000Z,2026-08-23T20:28:18.563Z
"https://leetcode.com/problems/count-the-number-of-good-subsequences/","Count the Number of Good Subsequences","HASH TABLE","MEDIUM",8667,,"CLEAR",,true,2026-07-21T18:50:04.000Z,2026-08-23T20:28:18.563Z
"https://leetcode.com/problems/count-the-number-of-special-characters-i/","Count the Number of Special Characters I","HASH TABLE","EASY",257390,,"CLEAR",,true,2026-07-21T18:50:04.000Z,2026-08-23T20:28:18.563Z
"https://leetcode.com/problems/count-the-number-of-special-characters-ii/","Count the Number of Special Characters II","HASH TABLE","MEDIUM",280791,,"CLEAR",,true,2026-07-21T18:50:04.000Z,2026-08-23T20:28:18.563Z
"https://leetcode.com/problems/count-valid-word-occurrences/","Count Valid Word Occurrences","HASH TABLE","MEDIUM",47528,,"CLEAR",,true,2026-07-21T18:50:04.000Z,2026-08-23T20:28:18.563Z
"https://leetcode.com/problems/count-vowel-substrings-of-a-string/","Count Vowel Substrings of a String","HASH TABLE","EASY",110802,,"CLEAR",,true,2026-07-21T18:50:04.000Z,2026-08-23T20:28:18.563Z
"https://leetcode.com/problems/count-zero-request-servers/","Count Zero Request Servers","HASH TABLE","MEDIUM",36969,,"CLEAR",,true,2026-07-21T18:50:04.000Z,2026-08-23T20:28:18.563Z
"https://leetcode.com/problems/counting-elements/","Counting Elements","HASH TABLE","EASY",280648,,"CLEAR",,true,2026-07-21T18:50:04.000Z,2026-08-23T20:28:18.563Z
"https://leetcode.com/problems/coupon-code-validator/","Coupon Code Validator","HASH TABLE","EASY",197604,,"CLEAR",,true,2026-07-21T18:50:04.000Z,2026-08-23T20:28:18.563Z
"https://leetcode.com/problems/custom-sort-string/","Custom Sort String","HASH TABLE","MEDIUM",810325,,"CLEAR",,true,2026-07-21T18:50:04.000Z,2026-08-23T20:28:18.563Z
"https://leetcode.com/problems/data-stream-as-disjoint-intervals/","Data Stream as Disjoint Intervals","HASH TABLE","HARD",231032,,"CLEAR",,true,2026-07-21T18:50:04.000Z,2026-08-23T20:28:18.563Z
"https://leetcode.com/problems/decode-the-message/","Decode the Message","HASH TABLE","EASY",184680,,"CLEAR",,true,2026-07-21T18:50:04.000Z,2026-08-23T20:28:18.563Z
"https://leetcode.com/problems/degree-of-an-array/","Degree of an Array","HASH TABLE","EASY",489426,,"CLEAR",,true,2026-07-21T18:50:04.000Z,2026-08-23T20:28:18.563Z
"https://leetcode.com/problems/delayed-count-of-equal-elements/","Delayed Count of Equal Elements","HASH TABLE","MEDIUM",685,,"CLEAR",,true,2026-07-21T18:50:04.000Z,2026-08-23T20:28:18.563Z
"https://leetcode.com/problems/describe-the-painting/","Describe the Painting","HASH TABLE","MEDIUM",41255,,"CLEAR",,true,2026-07-21T18:50:04.000Z,2026-08-23T20:28:18.563Z
"https://leetcode.com/problems/design-a-leaderboard/","Design A Leaderboard","HASH TABLE","MEDIUM",148789,,"CLEAR",,true,2026-07-21T18:50:04.000Z,2026-08-23T20:28:18.563Z
"https://leetcode.com/problems/design-a-todo-list/","Design a Todo List","HASH TABLE","MEDIUM",7563,,"CLEAR",,true,2026-07-21T18:50:04.000Z,2026-08-23T20:28:18.563Z
"https://leetcode.com/problems/design-an-ordered-stream/","Design an Ordered Stream","HASH TABLE","EASY",136284,,"CLEAR",,true,2026-07-21T18:50:04.000Z,2026-08-23T20:28:18.563Z
"https://leetcode.com/problems/design-bitset/","Design Bitset","HASH TABLE","MEDIUM",88491,,"CLEAR",,true,2026-07-21T18:50:04.000Z,2026-08-23T20:28:18.563Z
"https://leetcode.com/problems/design-log-storage-system/","Design Log Storage System","HASH TABLE","MEDIUM",75928,,"CLEAR",,true,2026-07-21T18:50:04.000Z,2026-08-23T20:28:18.563Z
"https://leetcode.com/problems/design-memory-allocator/","Design Memory Allocator","HASH TABLE","MEDIUM",102392,,"CLEAR",,true,2026-07-21T18:50:04.000Z,2026-08-23T20:28:18.563Z
"https://leetcode.com/problems/design-neighbor-sum-service/","Design Neighbor Sum Service","HASH TABLE","EASY",63242,,"CLEAR",,true,2026-07-21T18:50:04.000Z,2026-08-23T20:28:18.563Z
"https://leetcode.com/problems/design-order-management-system/","Design Order Management System","HASH TABLE","MEDIUM",2006,,"CLEAR",,true,2026-07-21T18:50:04.000Z,2026-08-23T20:28:18.563Z
"https://leetcode.com/problems/design-spreadsheet/","Design Spreadsheet","HASH TABLE","MEDIUM",166404,,"CLEAR",,true,2026-07-21T18:50:04.000Z,2026-08-23T20:28:18.563Z
"https://leetcode.com/problems/design-sql/","Design SQL","HASH TABLE","MEDIUM",33827,,"CLEAR",,true,2026-07-21T18:50:04.000Z,2026-08-23T20:28:18.563Z
"https://leetcode.com/problems/design-tic-tac-toe/","Design Tic-Tac-Toe","HASH TABLE","MEDIUM",543426,,"CLEAR",,true,2026-07-21T18:50:04.000Z,2026-08-23T20:28:18.563Z
"https://leetcode.com/problems/design-underground-system/","Design Underground System","HASH TABLE","MEDIUM",371975,,"SUCCESS","class UndergroundSystem {
    // unordered_map<pair<string, string>, pair<double, int>> mean; 
    // RCA: unordered_map requires a hash function for its key;
    // std::hash<pair<string,string>> isn't provided by default, 
    // so a custom hash is required for a pair key.
    unordered_map<string, pair<double, int>> mean;
    unordered_map<int, pair<string, int>> transit;

public:
    void checkIn(int id, string stationName, int t) {
        transit[id] = {stationName, t};
    }

    void checkOut(int id, string stationName, int t) {
        string old_station = transit[id].first;
        if (!mean.contains(old_station + ""-"" + stationName)) {
            mean[old_station + ""-"" + stationName] = {0, 0};
        }

        double average = mean[old_station + ""-"" + stationName].first;
        int count = mean[old_station + ""-"" + stationName].second;

        int old_time = transit[id].second;

        average = (average * count + t - old_time) / (count + 1);
        count++;

        mean[old_station + ""-"" + stationName] = {average, count};
    }

    double getAverageTime(string startStation, string endStation) {
        return mean[startStation + ""-"" + endStation].first;
    }
};

/**
 * Your UndergroundSystem object will be instantiated and called as such:
 * UndergroundSystem* obj = new UndergroundSystem();
 * obj->checkIn(id,stationName,t);
 * obj->checkOut(id,stationName,t);
 * double param_3 = obj->getAverageTime(startStation,endStation);
 */",true,2026-07-21T18:50:04.000Z,2026-08-29T13:57:18.903Z
"https://leetcode.com/problems/destination-city/","Destination City","HASH TABLE","EASY",417975,,"CLEAR",,true,2026-07-21T18:50:04.000Z,2026-08-23T20:28:18.563Z
"https://leetcode.com/problems/destroy-sequential-targets/","Destroy Sequential Targets","HASH TABLE","MEDIUM",57563,,"CLEAR",,true,2026-07-21T18:50:04.000Z,2026-08-23T20:28:18.563Z
"https://leetcode.com/problems/detect-squares/","Detect Squares","HASH TABLE","MEDIUM",214106,,"CLEAR",,true,2026-07-21T18:50:04.000Z,2026-08-23T20:28:18.563Z
"https://leetcode.com/problems/determine-if-two-strings-are-close/","Determine if Two Strings Are Close","HASH TABLE","MEDIUM",1080398,,"CLEAR",,true,2026-07-21T18:50:04.000Z,2026-08-23T20:28:18.563Z
"https://leetcode.com/problems/difference-of-number-of-distinct-values-on-diagonals/","Difference of Number of Distinct Values on Diagonals","HASH TABLE","MEDIUM",33838,,"CLEAR",,true,2026-07-21T18:50:04.000Z,2026-08-23T20:28:18.563Z
"https://leetcode.com/problems/digit-frequency-score/","Digit Frequency Score","HASH TABLE","EASY",68746,,"CLEAR",,true,2026-07-21T18:50:04.000Z,2026-08-23T20:28:18.563Z
"https://leetcode.com/problems/display-table-of-food-orders-in-a-restaurant/","Display Table of Food Orders in a Restaurant","HASH TABLE","MEDIUM",50359,,"CLEAR",,true,2026-07-21T18:50:04.000Z,2026-08-23T20:28:18.563Z
"https://leetcode.com/problems/distinct-numbers-in-each-subarray/","Distinct Numbers in Each Subarray","HASH TABLE","MEDIUM",22079,,"CLEAR",,true,2026-07-21T18:50:04.000Z,2026-08-23T20:28:18.563Z
"https://leetcode.com/problems/distinct-points-reachable-after-substring-removal/","Distinct Points Reachable After Substring Removal","HASH TABLE","MEDIUM",31628,,"CLEAR",,true,2026-07-21T18:50:04.000Z,2026-08-23T20:28:18.563Z
"https://leetcode.com/problems/distinct-prime-factors-of-product-of-array/","Distinct Prime Factors of Product of Array","HASH TABLE","MEDIUM",92503,,"CLEAR",,true,2026-07-21T18:50:04.000Z,2026-08-23T20:28:18.563Z
"https://leetcode.com/problems/distribute-candies/","Distribute Candies","HASH TABLE","EASY",584579,,"CLEAR",,true,2026-07-21T18:50:04.000Z,2026-08-23T20:28:18.563Z
"https://leetcode.com/problems/encode-and-decode-tinyurl/","Encode and Decode TinyURL","HASH TABLE","MEDIUM",364526,,"CLEAR",,true,2026-07-21T18:50:04.000Z,2026-08-23T20:28:18.563Z
"https://leetcode.com/problems/equal-row-and-column-pairs/","Equal Row and Column Pairs","HASH TABLE","MEDIUM",590302,,"CLEAR",,true,2026-07-21T18:50:04.000Z,2026-08-23T20:28:18.563Z
"https://leetcode.com/problems/equal-sum-grid-partition-ii/","Equal Sum Grid Partition II","HASH TABLE","HARD",174507,,"CLEAR",,true,2026-07-21T18:50:04.000Z,2026-08-23T20:28:18.563Z
"https://leetcode.com/problems/evaluate-the-bracket-pairs-of-a-string/","Evaluate the Bracket Pairs of a String","HASH TABLE","MEDIUM",62304,,"CLEAR",,true,2026-07-21T18:50:04.000Z,2026-08-23T20:28:18.563Z
"https://leetcode.com/problems/existence-of-a-substring-in-a-string-and-its-reverse/","Existence of a Substring in a String and Its Reverse","HASH TABLE","EASY",87292,,"CLEAR",,true,2026-07-21T18:50:04.000Z,2026-08-23T20:28:18.563Z
"https://leetcode.com/problems/fair-candy-swap/","Fair Candy Swap","HASH TABLE","EASY",273034,,"CLEAR",,true,2026-07-21T18:50:04.000Z,2026-08-23T20:28:18.563Z
"https://leetcode.com/problems/filter-characters-by-frequency/","Filter Characters by Frequency","HASH TABLE","EASY",1874,,"CLEAR",,true,2026-07-21T18:50:04.000Z,2026-08-23T20:28:18.563Z
"https://leetcode.com/problems/find-all-anagrams-in-a-string/","Find All Anagrams in a String","HASH TABLE","MEDIUM",2320169,,"CLEAR",,true,2026-07-21T18:50:04.000Z,2026-08-23T20:28:18.563Z
"https://leetcode.com/problems/find-all-duplicates-in-an-array/","Find All Duplicates in an Array","HASH TABLE","MEDIUM",1390935,,"CLEAR",,true,2026-07-21T18:50:04.000Z,2026-08-23T20:28:18.563Z
"https://leetcode.com/problems/find-all-lonely-numbers-in-the-array/","Find All Lonely Numbers in the Array","HASH TABLE","MEDIUM",120458,,"CLEAR",,true,2026-07-21T18:50:04.000Z,2026-08-23T20:28:18.563Z
"https://leetcode.com/problems/find-all-numbers-disappeared-in-an-array/","Find All Numbers Disappeared in an Array","HASH TABLE","EASY",2263057,,"SUCCESS","class Solution {
public:
    vector<int> findDisappearedNumbers(vector<int>& nums) {
        int n = nums.size();
        for(int i = 0; i < n; i++){
            nums[abs(nums[i])-1] = -1*abs(nums[abs(nums[i])-1]);
        }
        vector<int> ans;
        for(int i = 0; i < n; i++){
            if(nums[i] > 0){
                ans.push_back(i + 1);
            }
        }
        return ans;
    }
};",true,2026-07-21T18:50:04.000Z,2026-08-23T20:28:18.563Z
"https://leetcode.com/problems/find-anagram-mappings/","Find Anagram Mappings","HASH TABLE","EASY",134923,,"CLEAR",,true,2026-07-21T18:50:04.000Z,2026-08-23T20:28:18.563Z
"https://leetcode.com/problems/find-and-replace-in-string/","Find And Replace in String","HASH TABLE","MEDIUM",338555,,"CLEAR",,true,2026-07-21T18:50:04.000Z,2026-08-23T20:28:18.563Z
"https://leetcode.com/problems/find-and-replace-pattern/","Find and Replace Pattern","HASH TABLE","MEDIUM",283017,,"CLEAR",,true,2026-07-21T18:50:04.000Z,2026-08-23T20:28:18.563Z
"https://leetcode.com/problems/find-array-given-subset-sums/","Find Array Given Subset Sums","HASH TABLE","HARD",16867,,"CLEAR",,true,2026-07-21T18:50:04.000Z,2026-08-23T20:28:18.563Z
"https://leetcode.com/problems/find-common-characters/","Find Common Characters","HASH TABLE","EASY",589048,,"CLEAR",,true,2026-07-21T18:50:04.000Z,2026-08-23T20:28:18.563Z
"https://leetcode.com/problems/find-common-elements-between-two-arrays/","Find Common Elements Between Two Arrays","HASH TABLE","EASY",132366,,"CLEAR",,true,2026-07-21T18:50:04.000Z,2026-08-23T20:28:18.563Z
"https://leetcode.com/problems/find-duplicate-file-in-system/","Find Duplicate File in System","HASH TABLE","MEDIUM",266934,,"CLEAR",,true,2026-07-21T18:50:04.000Z,2026-08-23T20:28:18.563Z
"https://leetcode.com/problems/find-k-length-substrings-with-no-repeated-characters/","Find K-Length Substrings With No Repeated Characters","HASH TABLE","MEDIUM",74878,,"CLEAR",,true,2026-07-21T18:50:04.000Z,2026-08-23T20:28:18.563Z
"https://leetcode.com/problems/find-latest-group-of-size-m/","Find Latest Group of Size M","HASH TABLE","MEDIUM",52151,,"CLEAR",,true,2026-07-21T18:50:04.000Z,2026-08-23T20:28:18.563Z
"https://leetcode.com/problems/find-longest-self-contained-substring/","Find Longest Self-Contained Substring","HASH TABLE","HARD",5244,,"CLEAR",,true,2026-07-21T18:50:04.000Z,2026-08-23T20:28:18.563Z
"https://leetcode.com/problems/find-longest-special-substring-that-occurs-thrice-i/","Find Longest Special Substring That Occurs Thrice I","HASH TABLE","MEDIUM",215482,,"CLEAR",,true,2026-07-21T18:50:04.000Z,2026-08-23T20:28:18.563Z
"https://leetcode.com/problems/find-longest-special-substring-that-occurs-thrice-ii/","Find Longest Special Substring That Occurs Thrice II","HASH TABLE","MEDIUM",83310,,"CLEAR",,true,2026-07-21T18:50:04.000Z,2026-08-23T20:28:18.563Z
"https://leetcode.com/problems/find-lucky-integer-in-an-array/","Find Lucky Integer in an Array","HASH TABLE","EASY",465083,,"CLEAR",,true,2026-07-21T18:50:04.000Z,2026-08-23T20:28:18.563Z
"https://leetcode.com/problems/find-maximum-number-of-string-pairs/","Find Maximum Number of String Pairs","HASH TABLE","EASY",147196,,"CLEAR",,true,2026-07-21T18:50:04.000Z,2026-08-23T20:28:18.563Z
"https://leetcode.com/problems/find-missing-and-repeated-values/","Find Missing and Repeated Values","HASH TABLE","EASY",436191,,"CLEAR",,true,2026-07-21T18:50:04.000Z,2026-08-23T20:28:18.563Z
"https://leetcode.com/problems/find-missing-elements/","Find Missing Elements","HASH TABLE","EASY",86490,,"CLEAR",,true,2026-07-21T18:50:04.000Z,2026-08-23T20:28:18.563Z
"https://leetcode.com/problems/find-most-frequent-vowel-and-consonant/","Find Most Frequent Vowel and Consonant","HASH TABLE","EASY",244820,,"CLEAR",,true,2026-07-21T18:50:04.000Z,2026-08-23T20:28:18.563Z
"https://leetcode.com/problems/find-occurrences-of-an-element-in-an-array/","Find Occurrences of an Element in an Array","HASH TABLE","MEDIUM",84597,,"CLEAR",,true,2026-07-21T18:50:04.000Z,2026-08-23T20:28:18.563Z
"https://leetcode.com/problems/find-pattern-in-infinite-stream-i/","Find Pattern in Infinite Stream I","HASH TABLE","MEDIUM",3620,,"CLEAR",,true,2026-07-21T18:50:04.000Z,2026-08-23T20:28:18.563Z
"https://leetcode.com/problems/find-pattern-in-infinite-stream-ii/","Find Pattern in Infinite Stream II","HASH TABLE","HARD",2160,,"CLEAR",,true,2026-07-21T18:50:04.000Z,2026-08-23T20:28:18.563Z
"https://leetcode.com/problems/find-players-with-zero-or-one-losses/","Find Players With Zero or One Losses","HASH TABLE","MEDIUM",445860,,"CLEAR",,true,2026-07-21T18:50:04.000Z,2026-08-23T20:28:18.563Z
"https://leetcode.com/problems/find-resultant-array-after-removing-anagrams/","Find Resultant Array After Removing Anagrams","HASH TABLE","EASY",303923,,"CLEAR",,true,2026-07-21T18:50:04.000Z,2026-08-23T20:28:18.563Z
"https://leetcode.com/problems/find-smallest-common-element-in-all-rows/","Find Smallest Common Element in All Rows","HASH TABLE","MEDIUM",73218,,"CLEAR",,true,2026-07-21T18:50:04.000Z,2026-08-23T20:28:18.563Z
"https://leetcode.com/problems/find-subarrays-with-equal-sum/","Find Subarrays With Equal Sum","HASH TABLE","EASY",114297,,"CLEAR",,true,2026-07-21T18:50:04.000Z,2026-08-23T20:28:18.563Z
"https://leetcode.com/problems/find-substring-with-given-hash-value/","Find Substring With Given Hash Value","HASH TABLE","HARD",65639,,"CLEAR",,true,2026-07-21T18:50:04.000Z,2026-08-23T20:28:18.563Z
"https://leetcode.com/problems/find-the-count-of-good-integers/","Find the Count of Good Integers","HASH TABLE","HARD",105888,,"CLEAR",,true,2026-07-21T18:50:04.000Z,2026-08-23T20:28:18.563Z
"https://leetcode.com/problems/find-the-difference-of-two-arrays/","Find the Difference of Two Arrays","HASH TABLE","EASY",822745,,"CLEAR",,true,2026-07-21T18:50:04.000Z,2026-08-23T20:28:18.563Z
"https://leetcode.com/problems/find-the-distinct-difference-array/","Find the Distinct Difference Array","HASH TABLE","EASY",71169,,"CLEAR",,true,2026-07-21T18:50:04.000Z,2026-08-23T20:28:18.563Z
"https://leetcode.com/problems/find-the-largest-almost-missing-integer/","Find the Largest Almost Missing Integer","HASH TABLE","EASY",100301,,"CLEAR",,true,2026-07-21T18:50:04.000Z,2026-08-23T20:28:18.563Z
"https://leetcode.com/problems/find-the-least-frequent-digit/","Find The Least Frequent Digit","HASH TABLE","EASY",66817,,"CLEAR",,true,2026-07-21T18:50:04.000Z,2026-08-23T20:28:18.563Z
"https://leetcode.com/problems/find-the-longest-equal-subarray/","Find the Longest Equal Subarray","HASH TABLE","MEDIUM",83517,,"CLEAR",,true,2026-07-21T18:50:04.000Z,2026-08-23T20:28:18.563Z
"https://leetcode.com/problems/find-the-losers-of-the-circular-game/","Find the Losers of the Circular Game","HASH TABLE","EASY",70125,,"CLEAR",,true,2026-07-21T18:50:04.000Z,2026-08-23T20:28:18.563Z
"https://leetcode.com/problems/find-the-maximum-number-of-elements-in-subset/","Find the Maximum Number of Elements in Subset","HASH TABLE","MEDIUM",269912,,"CLEAR",,true,2026-07-21T18:50:04.000Z,2026-08-23T20:28:18.563Z
"https://leetcode.com/problems/find-the-median-of-the-uniqueness-array/","Find the Median of the Uniqueness Array","HASH TABLE","HARD",30689,,"CLEAR",,true,2026-07-21T18:50:04.000Z,2026-08-23T20:28:18.563Z
"https://leetcode.com/problems/find-the-most-common-response/","Find the Most Common Response","HASH TABLE","MEDIUM",52508,,"CLEAR",,true,2026-07-21T18:50:04.000Z,2026-08-23T20:28:18.563Z
"https://leetcode.com/problems/find-the-number-of-distinct-colors-among-the-balls/","Find the Number of Distinct Colors Among the Balls","HASH TABLE","MEDIUM",317420,,"CLEAR",,true,2026-07-21T18:50:04.000Z,2026-08-23T20:28:18.563Z
"https://leetcode.com/problems/find-the-number-of-good-pairs-i/","Find the Number of Good Pairs I","HASH TABLE","EASY",116499,,"CLEAR",,true,2026-07-21T18:50:04.000Z,2026-08-23T20:28:18.563Z
"https://leetcode.com/problems/find-the-number-of-good-pairs-ii/","Find the Number of Good Pairs II","HASH TABLE","MEDIUM",112705,,"CLEAR",,true,2026-07-21T18:50:04.000Z,2026-08-23T20:28:18.563Z
"https://leetcode.com/problems/find-the-number-of-winning-players/","Find the Number of Winning Players","HASH TABLE","EASY",80764,,"CLEAR",,true,2026-07-21T18:50:04.000Z,2026-08-23T20:28:18.563Z
"https://leetcode.com/problems/find-valid-pair-of-adjacent-digits-in-string/","Find Valid Pair of Adjacent Digits in String","HASH TABLE","EASY",80768,,"CLEAR",,true,2026-07-21T18:50:04.000Z,2026-08-23T20:28:18.563Z
"https://leetcode.com/problems/find-winner-on-a-tic-tac-toe-game/","Find Winner on a Tic Tac Toe Game","HASH TABLE","EASY",316320,,"CLEAR",,true,2026-07-21T18:50:04.000Z,2026-08-23T20:28:18.563Z
"https://leetcode.com/problems/find-words-that-can-be-formed-by-characters/","Find Words That Can Be Formed by Characters","HASH TABLE","EASY",473728,,"CLEAR",,true,2026-07-21T18:50:04.000Z,2026-08-23T20:28:18.563Z
"https://leetcode.com/problems/finding-pairs-with-a-certain-sum/","Finding Pairs With a Certain Sum","HASH TABLE","MEDIUM",238381,,"CLEAR",,true,2026-07-21T18:50:04.000Z,2026-08-23T20:28:18.563Z
"https://leetcode.com/problems/finding-the-users-active-minutes/","Finding the Users Active Minutes","HASH TABLE","MEDIUM",89134,,"CLEAR",,true,2026-07-21T18:50:04.000Z,2026-08-23T20:28:18.563Z
"https://leetcode.com/problems/first-completely-painted-row-or-column/","First Completely Painted Row or Column","HASH TABLE","MEDIUM",252195,,"CLEAR",,true,2026-07-21T18:50:04.000Z,2026-08-23T20:28:18.563Z
"https://leetcode.com/problems/first-element-with-unique-frequency/","First Element with Unique Frequency","HASH TABLE","MEDIUM",73109,,"CLEAR",,true,2026-07-21T18:50:04.000Z,2026-08-23T20:28:18.563Z
"https://leetcode.com/problems/first-missing-positive/","First Missing Positive","HASH TABLE","HARD",4214828,,"CLEAR",,true,2026-07-21T18:50:04.000Z,2026-08-23T20:28:18.563Z
"https://leetcode.com/problems/first-unique-even-element/","First Unique Even Element","HASH TABLE","EASY",77586,,"CLEAR",,true,2026-07-21T18:50:04.000Z,2026-08-23T20:28:18.563Z
"https://leetcode.com/problems/flip-columns-for-maximum-number-of-equal-rows/","Flip Columns For Maximum Number of Equal Rows","HASH TABLE","MEDIUM",152672,,"CLEAR",,true,2026-07-21T18:50:04.000Z,2026-08-23T20:28:18.563Z
"https://leetcode.com/problems/form-smallest-number-from-two-digit-arrays/","Form Smallest Number From Two Digit Arrays","HASH TABLE","EASY",96036,,"CLEAR",,true,2026-07-21T18:50:04.000Z,2026-08-23T20:28:18.563Z
"https://leetcode.com/problems/fraction-to-recurring-decimal/","Fraction to Recurring Decimal","HASH TABLE","MEDIUM",1192228,,"CLEAR",,true,2026-07-21T18:50:04.000Z,2026-08-23T20:28:18.563Z
"https://leetcode.com/problems/frequency-tracker/","Frequency Tracker","HASH TABLE","MEDIUM",95838,,"CLEAR",,true,2026-07-21T18:50:04.000Z,2026-08-23T20:28:18.563Z
"https://leetcode.com/problems/fruit-into-baskets/","Fruit Into Baskets","HASH TABLE","MEDIUM",1736664,,"CLEAR",,true,2026-07-21T18:50:04.000Z,2026-08-23T20:28:18.563Z
"https://leetcode.com/problems/greatest-english-letter-in-upper-and-lower-case/","Greatest English Letter in Upper and Lower Case","HASH TABLE","EASY",107232,,"CLEAR",,true,2026-07-21T18:50:04.000Z,2026-08-23T20:28:18.563Z
"https://leetcode.com/problems/grid-illumination/","Grid Illumination","HASH TABLE","HARD",70912,,"CLEAR",,true,2026-07-21T18:50:04.000Z,2026-08-23T20:28:18.563Z
"https://leetcode.com/problems/group-anagrams/","Group Anagrams","HASH TABLE","MEDIUM",6806617,,"SUCCESS","class Solution {
public:
    vector<vector<string>> groupAnagrams(vector<string>& strs) {
        unordered_map<string, vector<string>> mp;
        for (auto str : strs) {
            string sorted(str);
            sort(sorted.begin(), sorted.end());
            if (mp.contains(sorted)) {
                mp[sorted].push_back(str);
            } else {
                mp[sorted] = {str};
            }
        }
        vector<vector<string>> ans;
        for (auto p : mp) {
            ans.push_back(p.second);
        }
        return ans;
    }
};",true,2026-07-21T18:50:04.000Z,2026-08-23T20:28:18.563Z
"https://leetcode.com/problems/group-shifted-strings/","Group Shifted Strings","HASH TABLE","MEDIUM",469464,,"CLEAR",,true,2026-07-21T18:50:04.000Z,2026-08-23T20:28:18.563Z
"https://leetcode.com/problems/groups-of-special-equivalent-strings/","Groups of Special-Equivalent Strings","HASH TABLE","MEDIUM",81885,,"CLEAR",,true,2026-07-21T18:50:04.000Z,2026-08-23T20:28:18.563Z
"https://leetcode.com/problems/high-access-employees/","High-Access Employees","HASH TABLE","MEDIUM",71402,,"CLEAR",,true,2026-07-21T18:50:04.000Z,2026-08-23T20:28:18.563Z
"https://leetcode.com/problems/how-many-numbers-are-smaller-than-the-current-number/","How Many Numbers Are Smaller Than the Current Number","HASH TABLE","EASY",1079000,,"CLEAR",,true,2026-07-21T18:50:04.000Z,2026-08-23T20:28:18.563Z
"https://leetcode.com/problems/html-entity-parser/","HTML Entity Parser","HASH TABLE","MEDIUM",65057,,"CLEAR",,true,2026-07-21T18:50:04.000Z,2026-08-23T20:28:18.563Z
"https://leetcode.com/problems/identify-the-largest-outlier-in-an-array/","Identify the Largest Outlier in an Array","HASH TABLE","MEDIUM",146974,,"CLEAR",,true,2026-07-21T18:50:04.000Z,2026-08-23T20:28:18.563Z
"https://leetcode.com/problems/increasing-decreasing-string/","Increasing Decreasing String","HASH TABLE","EASY",131346,,"CLEAR",,true,2026-07-21T18:50:04.000Z,2026-08-23T20:28:18.563Z
"https://leetcode.com/problems/insert-delete-getrandom-o1/","Insert Delete GetRandom O(1)","HASH TABLE","MEDIUM",2524720,,"SUCCESS","class RandomizedSet {
    unordered_set<int> st;

public:
    RandomizedSet() {}

    bool insert(int val) {
        if (st.contains(val)) {
            return false;
        }
        st.insert(val);
        return true;
    }

    bool remove(int val) {
        if (st.contains(val)) {
            st.erase(val);
            return true;
        }
        return false;
    }

    int getRandom() {
        int i = rand() % (st.size());
        auto it = st.begin();
        advance(it, i);
        return *it;
    }
};

/**
 * Your RandomizedSet object will be instantiated and called as such:
 * RandomizedSet* obj = new RandomizedSet();
 * bool param_1 = obj->insert(val);
 * bool param_2 = obj->remove(val);
 * int param_3 = obj->getRandom();
 */",true,2026-07-21T18:50:04.000Z,2026-08-28T23:21:14.192Z
"https://leetcode.com/problems/insert-delete-getrandom-o1-duplicates-allowed/","Insert Delete GetRandom O(1) - Duplicates allowed","HASH TABLE","HARD",528808,,"CLEAR",,true,2026-07-21T18:50:04.000Z,2026-08-23T20:28:18.563Z
"https://leetcode.com/problems/integer-to-roman/","Integer to Roman","HASH TABLE","MEDIUM",3124703,,"CLEAR",,true,2026-07-21T18:50:04.000Z,2026-08-23T20:28:18.563Z
"https://leetcode.com/problems/integers-with-multiple-sum-of-two-cubes/","Integers With Multiple Sum of Two Cubes","HASH TABLE","MEDIUM",59164,,"CLEAR",,true,2026-07-21T18:50:04.000Z,2026-08-23T20:28:18.563Z
"https://leetcode.com/problems/intersection-of-multiple-arrays/","Intersection of Multiple Arrays","HASH TABLE","EASY",194711,,"CLEAR",,true,2026-07-21T18:50:04.000Z,2026-08-23T20:28:18.563Z
"https://leetcode.com/problems/intersection-of-three-sorted-arrays/","Intersection of Three Sorted Arrays","HASH TABLE","EASY",129444,,"CLEAR",,true,2026-07-21T18:50:04.000Z,2026-08-23T20:28:18.563Z
"https://leetcode.com/problems/intervals-between-identical-elements/","Intervals Between Identical Elements","HASH TABLE","MEDIUM",66105,,"CLEAR",,true,2026-07-21T18:50:04.000Z,2026-08-23T20:28:18.563Z
"https://leetcode.com/problems/invalid-transactions/","Invalid Transactions","HASH TABLE","MEDIUM",363545,,"CLEAR",,true,2026-07-21T18:50:04.000Z,2026-08-23T20:28:18.563Z
"https://leetcode.com/problems/isomorphic-strings/","Isomorphic Strings","HASH TABLE","EASY",4633068,,"SUCCESS","class Solution {
public:
    bool isIsomorphic(string s, string t) {
        int n = s.size();
        if(n < 2){
            return true;
        }

        unordered_map<char,char> mp1;
        unordered_map<char,char> mp2;

        for(int i = 0; i < n; i++){
            char chs = s[i];
            char cht = t[i];

            if(mp1.contains(chs) && mp1[chs] != cht){
                return false;
            }
            if(mp2.contains(cht) && mp2[cht] != chs){
                return false;
            }

            mp1[chs] = cht;
            mp2[cht] = chs;
        }

        return true;
    }
};",true,2026-07-21T18:50:04.000Z,2026-08-23T20:28:18.563Z
"https://leetcode.com/problems/jewels-and-stones/","Jewels and Stones","HASH TABLE","EASY",1573184,,"SUCCESS","class Solution {
public:
    int numJewelsInStones(string jewels, string stones) {
        unordered_map<char,bool> mp;
        for(auto ch:jewels){
            mp[ch] = true;
        }
        int ans = 0;
        for(auto ch:stones){
            if(mp.contains(ch)){
                ans++;
            }
        }
        return ans;
    }
};",true,2026-07-21T18:50:04.000Z,2026-08-23T20:28:18.563Z
"https://leetcode.com/problems/keep-multiplying-found-values-by-two/","Keep Multiplying Found Values by Two","HASH TABLE","EASY",384176,,"CLEAR",,true,2026-07-21T18:50:04.000Z,2026-08-23T20:28:18.563Z
"https://leetcode.com/problems/keyboard-row/","Keyboard Row","HASH TABLE","EASY",460743,,"CLEAR",,true,2026-07-21T18:50:04.000Z,2026-08-23T20:28:18.563Z
"https://leetcode.com/problems/kth-distinct-string-in-an-array/","Kth Distinct String in an Array","HASH TABLE","EASY",337673,,"CLEAR",,true,2026-07-21T18:50:04.000Z,2026-08-23T20:28:18.563Z
"https://leetcode.com/problems/largest-component-size-by-common-factor/","Largest Component Size by Common Factor","HASH TABLE","HARD",161598,,"CLEAR",,true,2026-07-21T18:50:04.000Z,2026-08-23T20:28:18.563Z
"https://leetcode.com/problems/largest-substring-between-two-equal-characters/","Largest Substring Between Two Equal Characters","HASH TABLE","EASY",270341,,"CLEAR",,true,2026-07-21T18:50:04.000Z,2026-08-23T20:28:18.563Z
"https://leetcode.com/problems/largest-unique-number/","Largest Unique Number","HASH TABLE","EASY",159765,,"CLEAR",,true,2026-07-21T18:50:04.000Z,2026-08-23T20:28:18.563Z
"https://leetcode.com/problems/length-of-longest-subarray-with-at-most-k-frequency/","Length of Longest Subarray With at Most K Frequency","HASH TABLE","MEDIUM",348636,,"CLEAR",,true,2026-07-21T18:50:04.000Z,2026-08-23T20:28:18.563Z
"https://leetcode.com/problems/length-of-the-longest-valid-substring/","Length of the Longest Valid Substring","HASH TABLE","HARD",102441,,"CLEAR",,true,2026-07-21T18:50:04.000Z,2026-08-23T20:28:18.563Z
"https://leetcode.com/problems/lexicographically-smallest-string-after-reverse-ii/","Lexicographically Smallest String After Reverse II","HASH TABLE","HARD",718,,"CLEAR",,true,2026-07-21T18:50:04.000Z,2026-08-23T20:28:18.563Z
"https://leetcode.com/problems/line-reflection/","Line Reflection","HASH TABLE","MEDIUM",128605,,"CLEAR",,true,2026-07-21T18:50:04.000Z,2026-08-23T20:28:18.563Z
"https://leetcode.com/problems/logger-rate-limiter/","Logger Rate Limiter","HASH TABLE","EASY",520106,,"CLEAR",,true,2026-07-21T18:50:04.000Z,2026-08-23T20:28:18.563Z
"https://leetcode.com/problems/lonely-pixel-i/","Lonely Pixel I","HASH TABLE","MEDIUM",77573,,"CLEAR",,true,2026-07-21T18:50:04.000Z,2026-08-23T20:28:18.563Z
"https://leetcode.com/problems/lonely-pixel-ii/","Lonely Pixel II","HASH TABLE","MEDIUM",29588,,"CLEAR",,true,2026-07-21T18:50:04.000Z,2026-08-23T20:28:18.563Z
"https://leetcode.com/problems/longest-balanced-substring-after-one-swap/","Longest Balanced Substring After One Swap","HASH TABLE","MEDIUM",74929,,"CLEAR",,true,2026-07-21T18:50:04.000Z,2026-08-23T20:28:18.563Z
"https://leetcode.com/problems/longest-balanced-substring-i/","Longest Balanced Substring I","HASH TABLE","MEDIUM",199115,,"CLEAR",,true,2026-07-21T18:50:04.000Z,2026-08-23T20:28:18.563Z
"https://leetcode.com/problems/longest-balanced-substring-ii/","Longest Balanced Substring II","HASH TABLE","MEDIUM",181864,,"CLEAR",,true,2026-07-21T18:50:04.000Z,2026-08-23T20:28:18.563Z
"https://leetcode.com/problems/longest-common-subpath/","Longest Common Subpath","HASH TABLE","HARD",36122,,"CLEAR",,true,2026-07-21T18:50:04.000Z,2026-08-23T20:28:18.563Z
"https://leetcode.com/problems/longest-common-subsequence-between-sorted-arrays/","Longest Common Subsequence Between Sorted Arrays","HASH TABLE","MEDIUM",18545,,"CLEAR",,true,2026-07-21T18:50:04.000Z,2026-08-23T20:28:18.563Z
"https://leetcode.com/problems/longest-consecutive-sequence/","Longest Consecutive Sequence","HASH TABLE","MEDIUM",7396176,,"CLEAR",,true,2026-07-21T18:50:04.000Z,2026-08-23T20:28:18.563Z
"https://leetcode.com/problems/longest-duplicate-substring/","Longest Duplicate Substring","HASH TABLE","HARD",279525,,"CLEAR",,true,2026-07-21T18:50:04.000Z,2026-08-23T20:28:18.563Z
"https://leetcode.com/problems/longest-happy-prefix/","Longest Happy Prefix","HASH TABLE","HARD",206145,,"CLEAR",,true,2026-07-21T18:50:04.000Z,2026-08-23T20:28:18.563Z
"https://leetcode.com/problems/longest-harmonious-subsequence/","Longest Harmonious Subsequence","HASH TABLE","EASY",617415,,"SUCCESS","class Solution {
public:
    int findLHS(vector<int>& nums) {
        map<int, int> mp;
        for (auto num : nums) {
            mp[num]++;
        }
        int lastVal = mp.begin()->first;
        int ans = 0;
        for (auto it : mp) {
            if (it.first - lastVal == 1) {
                ans = max(ans, it.second + mp[lastVal]);
            }
            lastVal = it.first;
        }
        return ans;
    }
};",true,2026-07-21T18:50:04.000Z,2026-08-23T20:28:18.563Z
"https://leetcode.com/problems/longest-repeating-character-replacement/","Longest Repeating Character Replacement","HASH TABLE","MEDIUM",2786097,,"CLEAR",,true,2026-07-21T18:50:04.000Z,2026-08-23T20:28:18.563Z
"https://leetcode.com/problems/longest-semi-repeating-subarray/","Longest Semi-Repeating Subarray","HASH TABLE","MEDIUM",1772,,"CLEAR",,true,2026-07-21T18:50:04.000Z,2026-08-23T20:28:18.563Z
"https://leetcode.com/problems/longest-substring-with-at-most-k-distinct-characters/","Longest Substring with At Most K Distinct Characters","HASH TABLE","MEDIUM",804981,,"CLEAR",,true,2026-07-21T18:50:04.000Z,2026-08-23T20:28:18.563Z
"https://leetcode.com/problems/longest-substring-with-at-most-two-distinct-characters/","Longest Substring with At Most Two Distinct Characters","HASH TABLE","MEDIUM",533978,,"CLEAR",,true,2026-07-21T18:50:04.000Z,2026-08-23T20:28:18.563Z
"https://leetcode.com/problems/longest-substring-without-repeating-characters/","Longest Substring Without Repeating Characters","HASH TABLE","MEDIUM",25043770,,"CLEAR",,true,2026-07-21T18:50:04.000Z,2026-08-23T20:28:18.563Z
"https://leetcode.com/problems/magic-squares-in-grid/","Magic Squares In Grid","HASH TABLE","MEDIUM",418139,,"CLEAR",,true,2026-07-21T18:50:04.000Z,2026-08-23T20:28:18.563Z
"https://leetcode.com/problems/majority-element-ii/","Majority Element II","HASH TABLE","MEDIUM",2377219,,"CLEAR",,true,2026-07-21T18:50:04.000Z,2026-08-23T20:28:18.563Z
"https://leetcode.com/problems/majority-frequency-characters/","Majority Frequency Characters","HASH TABLE","EASY",47637,,"CLEAR",,true,2026-07-21T18:50:04.000Z,2026-08-23T20:28:18.563Z
"https://leetcode.com/problems/make-number-of-distinct-characters-equal/","Make Number of Distinct Characters Equal","HASH TABLE","MEDIUM",89124,,"CLEAR",,true,2026-07-21T18:50:04.000Z,2026-08-23T20:28:18.563Z
"https://leetcode.com/problems/make-sum-divisible-by-p/","Make Sum Divisible by P","HASH TABLE","MEDIUM",547200,,"CLEAR",,true,2026-07-21T18:50:04.000Z,2026-08-23T20:28:18.563Z
"https://leetcode.com/problems/make-two-arrays-equal-by-reversing-subarrays/","Make Two Arrays Equal by Reversing Subarrays","HASH TABLE","EASY",445449,,"CLEAR",,true,2026-07-21T18:50:04.000Z,2026-08-23T20:28:18.563Z
"https://leetcode.com/problems/making-file-names-unique/","Making File Names Unique","HASH TABLE","MEDIUM",104675,,"CLEAR",,true,2026-07-21T18:50:04.000Z,2026-08-23T20:28:18.563Z
"https://leetcode.com/problems/match-alphanumerical-pattern-in-matrix-i/","Match Alphanumerical Pattern in Matrix I","HASH TABLE","MEDIUM",2120,,"CLEAR",,true,2026-07-21T18:50:04.000Z,2026-08-23T20:28:18.563Z
"https://leetcode.com/problems/match-substring-after-replacement/","Match Substring After Replacement","HASH TABLE","HARD",42513,,"CLEAR",,true,2026-07-21T18:50:04.000Z,2026-08-23T20:28:18.563Z
"https://leetcode.com/problems/max-pair-sum-in-an-array/","Max Pair Sum in an Array","HASH TABLE","EASY",102847,,"CLEAR",,true,2026-07-21T18:50:04.000Z,2026-08-23T20:28:18.563Z
"https://leetcode.com/problems/max-points-on-a-line/","Max Points on a Line","HASH TABLE","HARD",1743152,"// O(n^3) // less optimal

// using hashmap can be solved in O(n^2)

class Solution {
public:
    bool line(vector<int>& A, vector<int>& B, vector<int>& C) {
        return (B[1] - A[1]) * (C[0] - B[0]) == (C[1] - B[1]) * (B[0] - A[0]);
    }
    int maxPoints(vector<vector<int>>& points) {
        int n = points.size();
        if (n < 3) {
            return n;
        }
        int ans = 2;
        for (int i = 0; i < n - 2; i++) {
            for (int j = i + 1; j < n - 1; j++) {
                int temp = 2;
                for (int k = j + 1; k < n; k++) {
                    if (line(points[i], points[j], points[k])) {
                        temp++;
                    }
                }
                ans = max(ans, temp);
            }
        }
        return ans;
    }
};","TLE","// O(n^3) // less optimal

// using hashmap can be solved in O(n^2)

class Solution {
public:
    bool line(vector<int>& A, vector<int>& B, vector<int>& C) {
        return (B[1] - A[1]) * (C[0] - B[0]) == (C[1] - B[1]) * (B[0] - A[0]);
    }
    int maxPoints(vector<vector<int>>& points) {
        int n = points.size();
        if (n < 3) {
            return n;
        }
        int ans = 2;
        for (int i = 0; i < n - 2; i++) {
            for (int j = i + 1; j < n - 1; j++) {
                int temp = 2;
                for (int k = j + 1; k < n; k++) {
                    if (line(points[i], points[j], points[k])) {
                        temp++;
                    }
                }
                ans = max(ans, temp);
            }
        }
        return ans;
    }
};",true,2026-07-21T18:50:04.000Z,2026-08-30T11:18:23.951Z
"https://leetcode.com/problems/max-sum-of-rectangle-no-larger-than-k/","Max Sum of Rectangle No Larger Than K","HASH TABLE","HARD",320337,,"CLEAR",,true,2026-07-21T18:50:04.000Z,2026-08-23T20:28:18.563Z
"https://leetcode.com/problems/maximum-difference-between-even-and-odd-frequency-i/","Maximum Difference Between Even and Odd Frequency I","HASH TABLE","EASY",303667,,"CLEAR",,true,2026-07-21T18:50:04.000Z,2026-08-23T20:28:18.563Z
"https://leetcode.com/problems/maximum-equal-frequency/","Maximum Equal Frequency","HASH TABLE","HARD",52082,,"CLEAR",,true,2026-07-21T18:50:04.000Z,2026-08-23T20:28:18.563Z
"https://leetcode.com/problems/maximum-erasure-value/","Maximum Erasure Value","HASH TABLE","MEDIUM",472485,,"CLEAR",,true,2026-07-21T18:50:04.000Z,2026-08-23T20:28:18.563Z
"https://leetcode.com/problems/maximum-good-subarray-sum/","Maximum Good Subarray Sum","HASH TABLE","MEDIUM",154129,,"CLEAR",,true,2026-07-21T18:50:04.000Z,2026-08-23T20:28:18.563Z
"https://leetcode.com/problems/maximum-increasing-triplet-value/","Maximum Increasing Triplet Value","HASH TABLE","MEDIUM",4015,,"CLEAR",,true,2026-07-21T18:50:04.000Z,2026-08-23T20:28:18.563Z
"https://leetcode.com/problems/maximum-length-substring-with-two-occurrences/","Maximum Length Substring With Two Occurrences","HASH TABLE","EASY",102564,,"CLEAR",,true,2026-07-21T18:50:04.000Z,2026-08-23T20:28:18.563Z
"https://leetcode.com/problems/maximum-linear-stock-score/","Maximum Linear Stock Score","HASH TABLE","MEDIUM",2310,,"CLEAR",,true,2026-07-21T18:50:04.000Z,2026-08-23T20:28:18.563Z
"https://leetcode.com/problems/maximum-manhattan-distance-after-k-changes/","Maximum Manhattan Distance After K Changes","HASH TABLE","MEDIUM",187986,,"CLEAR",,true,2026-07-21T18:50:04.000Z,2026-08-23T20:28:18.563Z
"https://leetcode.com/problems/maximum-number-of-balloons/","Maximum Number of Balloons","HASH TABLE","EASY",775302,,"CLEAR",,true,2026-07-21T18:50:04.000Z,2026-08-23T20:28:18.563Z
"https://leetcode.com/problems/maximum-number-of-balls-in-a-box/","Maximum Number of Balls in a Box","HASH TABLE","EASY",117089,,"CLEAR",,true,2026-07-21T18:50:04.000Z,2026-08-23T20:28:18.563Z
"https://leetcode.com/problems/maximum-number-of-equal-length-runs/","Maximum Number of Equal Length Runs","HASH TABLE","MEDIUM",1041,,"CLEAR",,true,2026-07-21T18:50:04.000Z,2026-08-23T20:28:18.563Z
"https://leetcode.com/problems/maximum-number-of-occurrences-of-a-substring/","Maximum Number of Occurrences of a Substring","HASH TABLE","MEDIUM",160002,,"CLEAR",,true,2026-07-21T18:50:04.000Z,2026-08-23T20:28:18.563Z
"https://leetcode.com/problems/maximum-number-of-pairs-in-array/","Maximum Number of Pairs in Array","HASH TABLE","EASY",124405,,"CLEAR",,true,2026-07-21T18:50:04.000Z,2026-08-23T20:28:18.563Z
"https://leetcode.com/problems/maximum-number-of-ways-to-partition-an-array/","Maximum Number of Ways to Partition an Array","HASH TABLE","HARD",39843,,"CLEAR",,true,2026-07-21T18:50:04.000Z,2026-08-23T20:28:18.563Z
"https://leetcode.com/problems/maximum-number-of-words-you-can-type/","Maximum Number of Words You Can Type","HASH TABLE","EASY",284499,,"CLEAR",,true,2026-07-21T18:50:04.000Z,2026-08-23T20:28:18.563Z
"https://leetcode.com/problems/maximum-points-activated-with-one-addition/","Maximum Points Activated with One Addition","HASH TABLE","HARD",18568,,"CLEAR",,true,2026-07-21T18:50:04.000Z,2026-08-23T20:28:18.563Z
"https://leetcode.com/problems/maximum-points-inside-the-square/","Maximum Points Inside the Square","HASH TABLE","MEDIUM",55498,,"CLEAR",,true,2026-07-21T18:50:04.000Z,2026-08-23T20:28:18.563Z
"https://leetcode.com/problems/maximum-score-with-co-prime-element/","Maximum Score with Co-Prime Element","HASH TABLE","HARD",12821,,"CLEAR",,true,2026-07-21T18:50:04.000Z,2026-08-23T20:28:18.563Z
"https://leetcode.com/problems/maximum-segment-sum-after-removals/","Maximum Segment Sum After Removals","HASH TABLE","HARD",26026,,"CLEAR",,true,2026-07-21T18:50:04.000Z,2026-08-23T20:28:18.563Z
"https://leetcode.com/problems/maximum-size-subarray-sum-equals-k/","Maximum Size Subarray Sum Equals k","HASH TABLE","MEDIUM",438060,,"CLEAR",,true,2026-07-21T18:50:04.000Z,2026-08-23T20:28:18.563Z
"https://leetcode.com/problems/maximum-square-area-by-removing-fences-from-a-field/","Maximum Square Area by Removing Fences From a Field","HASH TABLE","MEDIUM",200202,,"CLEAR",,true,2026-07-21T18:50:04.000Z,2026-08-23T20:28:18.563Z
"https://leetcode.com/problems/maximum-students-on-a-single-bench/","Maximum Students on a Single Bench","HASH TABLE","EASY",2737,,"CLEAR",,true,2026-07-21T18:50:04.000Z,2026-08-23T20:28:18.563Z
"https://leetcode.com/problems/maximum-subarray-sum-with-length-divisible-by-k/","Maximum Subarray Sum With Length Divisible by K","HASH TABLE","MEDIUM",178312,,"CLEAR",,true,2026-07-21T18:50:04.000Z,2026-08-23T20:28:18.563Z
"https://leetcode.com/problems/maximum-substrings-with-distinct-start/","Maximum Substrings With Distinct Start","HASH TABLE","MEDIUM",71789,,"CLEAR",,true,2026-07-21T18:50:04.000Z,2026-08-23T20:28:18.563Z
"https://leetcode.com/problems/maximum-sum-of-almost-unique-subarray/","Maximum Sum of Almost Unique Subarray","HASH TABLE","MEDIUM",90050,,"CLEAR",,true,2026-07-21T18:50:04.000Z,2026-08-23T20:28:18.563Z
"https://leetcode.com/problems/maximum-sum-of-distinct-subarrays-with-length-k/","Maximum Sum of Distinct Subarrays With Length K","HASH TABLE","MEDIUM",679313,,"CLEAR",,true,2026-07-21T18:50:04.000Z,2026-08-23T20:28:18.563Z
"https://leetcode.com/problems/maximum-total-area-occupied-by-pistons/","Maximum Total Area Occupied by Pistons","HASH TABLE","HARD",1326,,"CLEAR",,true,2026-07-21T18:50:04.000Z,2026-08-23T20:28:18.563Z
"https://leetcode.com/problems/merge-close-characters/","Merge Close Characters","HASH TABLE","MEDIUM",53789,,"CLEAR",,true,2026-07-21T18:50:04.000Z,2026-08-23T20:28:18.563Z
"https://leetcode.com/problems/merge-similar-items/","Merge Similar Items","HASH TABLE","EASY",107763,,"CLEAR",,true,2026-07-21T18:50:04.000Z,2026-08-23T20:28:18.563Z
"https://leetcode.com/problems/minimize-manhattan-distances/","Minimize Manhattan Distances","HASH TABLE","HARD",33644,,"CLEAR",,true,2026-07-21T18:50:04.000Z,2026-08-23T20:28:18.563Z
"https://leetcode.com/problems/minimize-string-length/","Minimize String Length","HASH TABLE","EASY",104964,,"CLEAR",,true,2026-07-21T18:50:04.000Z,2026-08-23T20:28:18.563Z
"https://leetcode.com/problems/minimum-absolute-difference-between-elements-with-constraint/","Minimum Absolute Difference Between Elements With Constraint","HASH TABLE","MEDIUM",113570,,"CLEAR",,true,2026-07-21T18:50:04.000Z,2026-08-23T20:28:18.563Z
"https://leetcode.com/problems/minimum-absolute-distance-between-mirror-pairs/","Minimum Absolute Distance Between Mirror Pairs","HASH TABLE","MEDIUM",197249,,"CLEAR",,true,2026-07-21T18:50:04.000Z,2026-08-23T20:28:18.563Z
"https://leetcode.com/problems/minimum-absolute-sum-difference/","Minimum Absolute Sum Difference","HASH TABLE","MEDIUM",103352,,"CLEAR",,true,2026-07-21T18:50:04.000Z,2026-08-23T20:28:18.563Z
"https://leetcode.com/problems/minimum-area-rectangle/","Minimum Area Rectangle","HASH TABLE","MEDIUM",329124,,"CLEAR",,true,2026-07-21T18:50:04.000Z,2026-08-23T20:28:18.563Z
"https://leetcode.com/problems/minimum-area-rectangle-ii/","Minimum Area Rectangle II","HASH TABLE","MEDIUM",66209,,"CLEAR",,true,2026-07-21T18:50:04.000Z,2026-08-23T20:28:18.563Z
"https://leetcode.com/problems/minimum-array-changes-to-make-differences-equal/","Minimum Array Changes to Make Differences Equal","HASH TABLE","MEDIUM",64047,,"CLEAR",,true,2026-07-21T18:50:04.000Z,2026-08-23T20:28:18.563Z
"https://leetcode.com/problems/minimum-consecutive-cards-to-pick-up/","Minimum Consecutive Cards to Pick Up","HASH TABLE","MEDIUM",230654,,"CLEAR",,true,2026-07-21T18:50:04.000Z,2026-08-23T20:28:18.563Z
"https://leetcode.com/problems/minimum-deletion-cost-to-make-all-characters-equal/","Minimum Deletion Cost to Make All Characters Equal","HASH TABLE","MEDIUM",67641,,"CLEAR",,true,2026-07-21T18:50:04.000Z,2026-08-23T20:28:18.563Z
"https://leetcode.com/problems/minimum-distance-between-three-equal-elements-i/","Minimum Distance Between Three Equal Elements I","HASH TABLE","EASY",199914,,"CLEAR",,true,2026-07-21T18:50:04.000Z,2026-08-23T20:28:18.563Z
"https://leetcode.com/problems/minimum-distance-between-three-equal-elements-ii/","Minimum Distance Between Three Equal Elements II","HASH TABLE","MEDIUM",175383,,"CLEAR",,true,2026-07-21T18:50:04.000Z,2026-08-23T20:28:18.563Z
"https://leetcode.com/problems/minimum-generations-to-target-point/","Minimum Generations to Target Point","HASH TABLE","MEDIUM",26772,,"CLEAR",,true,2026-07-21T18:50:04.000Z,2026-08-23T20:28:18.563Z
"https://leetcode.com/problems/minimum-index-of-a-valid-split/","Minimum Index of a Valid Split","HASH TABLE","MEDIUM",199488,,"CLEAR",,true,2026-07-21T18:50:04.000Z,2026-08-23T20:28:18.563Z
"https://leetcode.com/problems/minimum-index-sum-of-common-elements/","Minimum Index Sum of Common Elements","HASH TABLE","MEDIUM",1048,,"CLEAR",,true,2026-07-21T18:50:04.000Z,2026-08-23T20:28:18.563Z
"https://leetcode.com/problems/minimum-index-sum-of-two-lists/","Minimum Index Sum of Two Lists","HASH TABLE","EASY",539602,,"CLEAR",,true,2026-07-21T18:50:04.000Z,2026-08-23T20:28:18.563Z
"https://leetcode.com/problems/minimum-length-of-anagram-concatenation/","Minimum Length of Anagram Concatenation","HASH TABLE","MEDIUM",86327,,"CLEAR",,true,2026-07-21T18:50:04.000Z,2026-08-23T20:28:18.563Z
"https://leetcode.com/problems/minimum-length-of-string-after-operations/","Minimum Length of String After Operations","HASH TABLE","MEDIUM",261543,,"CLEAR",,true,2026-07-21T18:50:04.000Z,2026-08-23T20:28:18.563Z
"https://leetcode.com/problems/minimum-moves-to-make-array-complementary/","Minimum Moves to Make Array Complementary","HASH TABLE","MEDIUM",117940,,"CLEAR",,true,2026-07-21T18:50:04.000Z,2026-08-23T20:28:18.563Z
"https://leetcode.com/problems/minimum-number-of-operations-to-have-distinct-elements/","Minimum Number of Operations to Have Distinct Elements","HASH TABLE","MEDIUM",68176,,"CLEAR",,true,2026-07-21T18:50:04.000Z,2026-08-23T20:28:18.563Z
"https://leetcode.com/problems/minimum-number-of-operations-to-make-array-continuous/","Minimum Number of Operations to Make Array Continuous","HASH TABLE","HARD",172379,,"CLEAR",,true,2026-07-21T18:50:04.000Z,2026-08-23T20:28:18.563Z
"https://leetcode.com/problems/minimum-number-of-operations-to-make-elements-in-array-distinct/","Minimum Number of Operations to Make Elements in Array Distinct","HASH TABLE","EASY",257690,,"CLEAR",,true,2026-07-21T18:50:04.000Z,2026-08-23T20:28:18.563Z
"https://leetcode.com/problems/minimum-number-of-operations-to-make-string-sorted/","Minimum Number of Operations to Make String Sorted","HASH TABLE","HARD",11559,,"CLEAR",,true,2026-07-21T18:50:04.000Z,2026-08-23T20:28:18.563Z
"https://leetcode.com/problems/minimum-number-of-operations-to-make-word-k-periodic/","Minimum Number of Operations to Make Word K-Periodic","HASH TABLE","MEDIUM",47508,,"CLEAR",,true,2026-07-21T18:50:04.000Z,2026-08-23T20:28:18.563Z
"https://leetcode.com/problems/minimum-number-of-steps-to-make-two-strings-anagram/","Minimum Number of Steps to Make Two Strings Anagram","HASH TABLE","MEDIUM",413743,,"CLEAR",,true,2026-07-21T18:50:04.000Z,2026-08-23T20:28:18.563Z
"https://leetcode.com/problems/minimum-number-of-steps-to-make-two-strings-anagram-ii/","Minimum Number of Steps to Make Two Strings Anagram II","HASH TABLE","MEDIUM",76381,,"CLEAR",,true,2026-07-21T18:50:04.000Z,2026-08-23T20:28:18.563Z
"https://leetcode.com/problems/minimum-operations-to-make-array-values-equal-to-k/","Minimum Operations to Make Array Values Equal to K","HASH TABLE","EASY",231165,,"CLEAR",,true,2026-07-21T18:50:04.000Z,2026-08-23T20:28:18.563Z
"https://leetcode.com/problems/minimum-operations-to-reduce-x-to-zero/","Minimum Operations to Reduce X to Zero","HASH TABLE","MEDIUM",589409,,"CLEAR",,true,2026-07-21T18:50:04.000Z,2026-08-23T20:28:18.563Z
"https://leetcode.com/problems/minimum-operations-to-write-the-letter-y-on-a-grid/","Minimum Operations to Write the Letter Y on a Grid","HASH TABLE","MEDIUM",58086,,"CLEAR",,true,2026-07-21T18:50:04.000Z,2026-08-23T20:28:18.563Z
"https://leetcode.com/problems/minimum-seconds-to-equalize-a-circular-array/","Minimum Seconds to Equalize a Circular Array","HASH TABLE","MEDIUM",66231,,"CLEAR",,true,2026-07-21T18:50:04.000Z,2026-08-23T20:28:18.563Z
"https://leetcode.com/problems/minimum-size-subarray-in-infinite-array/","Minimum Size Subarray in Infinite Array","HASH TABLE","MEDIUM",82846,,"CLEAR",,true,2026-07-21T18:50:04.000Z,2026-08-23T20:28:18.563Z
"https://leetcode.com/problems/minimum-subarray-length-with-distinct-sum-at-least-k/","Minimum Subarray Length With Distinct Sum At Least K","HASH TABLE","MEDIUM",97406,,"CLEAR",,true,2026-07-21T18:50:04.000Z,2026-08-23T20:28:18.563Z
"https://leetcode.com/problems/minimum-swaps-to-sort-by-digit-sum/","Minimum Swaps to Sort by Digit Sum","HASH TABLE","MEDIUM",52589,,"CLEAR",,true,2026-07-21T18:50:04.000Z,2026-08-23T20:28:18.563Z
"https://leetcode.com/problems/minimum-time-for-k-virus-variants-to-spread/","Minimum Time For K Virus Variants to Spread","HASH TABLE","HARD",2758,,"CLEAR",,true,2026-07-21T18:50:04.000Z,2026-08-23T20:28:18.563Z
"https://leetcode.com/problems/minimum-time-to-revert-word-to-initial-state-i/","Minimum Time to Revert Word to Initial State I","HASH TABLE","MEDIUM",57571,,"CLEAR",,true,2026-07-21T18:50:04.000Z,2026-08-23T20:28:18.563Z
"https://leetcode.com/problems/minimum-time-to-revert-word-to-initial-state-ii/","Minimum Time to Revert Word to Initial State II","HASH TABLE","HARD",39419,,"CLEAR",,true,2026-07-21T18:50:04.000Z,2026-08-23T20:28:18.563Z
"https://leetcode.com/problems/minimum-unlocked-indices-to-sort-nums/","Minimum Unlocked Indices to Sort Nums","HASH TABLE","MEDIUM",1019,,"CLEAR",,true,2026-07-21T18:50:04.000Z,2026-08-23T20:28:18.563Z
"https://leetcode.com/problems/minimum-window-substring/","Minimum Window Substring","HASH TABLE","HARD",4719929,,"CLEAR",,true,2026-07-21T18:50:04.000Z,2026-08-23T20:28:18.563Z
"https://leetcode.com/problems/mirror-frequency-distance/","Mirror Frequency Distance","HASH TABLE","MEDIUM",71381,,"CLEAR",,true,2026-07-21T18:50:04.000Z,2026-08-23T20:28:18.563Z
"https://leetcode.com/problems/most-common-word/","Most Common Word","HASH TABLE","EASY",1020651,,"SUCCESS","class Solution {
public:
    string mostCommonWord(string paragraph, vector<string>& banned) {
        unordered_map<string, int> mp;
        string str = """";
        for (auto ch : paragraph) {
            if (isalpha(ch)) {
                str.push_back(tolower(ch));
            } else {
                if (str.size() > 0) {
                    mp[str]++;
                    str = """";
                }
            }
        }
        if (str.size() > 0) {
            mp[str]++;
            str = """";
        }

        for (auto word : banned) {
            for (auto& ch : word) {
                tolower(ch);
            }
            mp[word] = -1;
        }
        string ans = """";
        mp[""""] = -1;

        for (auto it : mp) {
            if (it.second > mp[ans]) {
                ans = it.first;
            }
        }

        return ans;
    }
};",true,2026-07-21T18:50:04.000Z,2026-08-23T20:28:18.563Z
"https://leetcode.com/problems/most-frequent-even-element/","Most Frequent Even Element","HASH TABLE","EASY",268767,,"CLEAR",,true,2026-07-21T18:50:04.000Z,2026-08-23T20:28:18.563Z
"https://leetcode.com/problems/most-frequent-number-following-key-in-an-array/","Most Frequent Number Following Key In an Array","HASH TABLE","EASY",88835,,"CLEAR",,true,2026-07-21T18:50:04.000Z,2026-08-23T20:28:18.563Z
"https://leetcode.com/problems/most-frequent-prime/","Most Frequent Prime","HASH TABLE","MEDIUM",42125,,"CLEAR",,true,2026-07-21T18:50:04.000Z,2026-08-23T20:28:18.563Z
"https://leetcode.com/problems/n-repeated-element-in-size-2n-array/","N-Repeated Element in Size 2N Array","HASH TABLE","EASY",600761,,"CLEAR",,true,2026-07-21T18:50:04.000Z,2026-08-23T20:28:18.563Z
"https://leetcode.com/problems/number-of-beautiful-pairs/","Number of Beautiful Pairs","HASH TABLE","EASY",93945,,"CLEAR",,true,2026-07-21T18:50:04.000Z,2026-08-23T20:28:18.563Z
"https://leetcode.com/problems/number-of-black-blocks/","Number of Black Blocks","HASH TABLE","MEDIUM",53816,,"CLEAR",,true,2026-07-21T18:50:04.000Z,2026-08-23T20:28:18.563Z
"https://leetcode.com/problems/number-of-boomerangs/","Number of Boomerangs","HASH TABLE","MEDIUM",209890,,"CLEAR",,true,2026-07-21T18:50:04.000Z,2026-08-23T20:28:18.563Z
"https://leetcode.com/problems/number-of-centered-subarrays/","Number of Centered Subarrays","HASH TABLE","MEDIUM",58327,,"CLEAR",,true,2026-07-21T18:50:04.000Z,2026-08-23T20:28:18.563Z
"https://leetcode.com/problems/number-of-different-integers-in-a-string/","Number of Different Integers in a String","HASH TABLE","EASY",163038,,"CLEAR",,true,2026-07-21T18:50:04.000Z,2026-08-23T20:28:18.563Z
"https://leetcode.com/problems/number-of-divisible-substrings/","Number of Divisible Substrings","HASH TABLE","MEDIUM",5113,,"CLEAR",,true,2026-07-21T18:50:04.000Z,2026-08-23T20:28:18.563Z
"https://leetcode.com/problems/number-of-divisible-triplet-sums/","Number of Divisible Triplet Sums","HASH TABLE","MEDIUM",14994,,"CLEAR",,true,2026-07-21T18:50:04.000Z,2026-08-23T20:28:18.563Z
"https://leetcode.com/problems/number-of-equal-count-substrings/","Number of Equal Count Substrings","HASH TABLE","MEDIUM",9213,,"CLEAR",,true,2026-07-21T18:50:04.000Z,2026-08-23T20:28:18.563Z
"https://leetcode.com/problems/number-of-equivalent-domino-pairs/","Number of Equivalent Domino Pairs","HASH TABLE","EASY",339267,,"CLEAR",,true,2026-07-21T18:50:04.000Z,2026-08-23T20:28:18.563Z
"https://leetcode.com/problems/number-of-flowers-in-full-bloom/","Number of Flowers in Full Bloom","HASH TABLE","HARD",192934,,"CLEAR",,true,2026-07-21T18:50:04.000Z,2026-08-23T20:28:18.563Z
"https://leetcode.com/problems/number-of-good-pairs/","Number of Good Pairs","HASH TABLE","EASY",1204363,,"SUCCESS","class Solution {
public:
    int numIdenticalPairs(vector<int>& nums) {
        unordered_map<int, int> mp;
        for (auto it : nums) {
            mp[it]++;
        }
        int ans = 0;
        for (auto it : mp) {
            int n = it.second;
            ans += (n * (n - 1)) / 2;
        }
        return ans;
    }
};",true,2026-07-21T18:50:04.000Z,2026-08-23T20:28:18.563Z
"https://leetcode.com/problems/number-of-islands-ii/","Number of Islands II","HASH TABLE","HARD",456393,,"CLEAR",,true,2026-07-21T18:50:04.000Z,2026-08-23T20:28:18.563Z
"https://leetcode.com/problems/number-of-pairs-of-interchangeable-rectangles/","Number of Pairs of Interchangeable Rectangles","HASH TABLE","MEDIUM",117360,,"CLEAR",,true,2026-07-21T18:50:04.000Z,2026-08-23T20:28:18.563Z
"https://leetcode.com/problems/number-of-pairs-of-strings-with-concatenation-equal-to-target/","Number of Pairs of Strings With Concatenation Equal to Target","HASH TABLE","MEDIUM",86702,,"CLEAR",,true,2026-07-21T18:50:04.000Z,2026-08-23T20:28:18.563Z
"https://leetcode.com/problems/number-of-prefix-connected-groups/","Number of Prefix Connected Groups","HASH TABLE","MEDIUM",66017,,"CLEAR",,true,2026-07-21T18:50:04.000Z,2026-08-23T20:28:18.563Z
"https://leetcode.com/problems/number-of-same-end-substrings/","Number of Same-End Substrings","HASH TABLE","MEDIUM",14659,,"CLEAR",,true,2026-07-21T18:50:04.000Z,2026-08-23T20:28:18.563Z
"https://leetcode.com/problems/number-of-subarrays-that-match-a-pattern-i/","Number of Subarrays That Match a Pattern I","HASH TABLE","MEDIUM",53974,,"CLEAR",,true,2026-07-21T18:50:04.000Z,2026-08-23T20:28:18.563Z
"https://leetcode.com/problems/number-of-subarrays-that-match-a-pattern-ii/","Number of Subarrays That Match a Pattern II","HASH TABLE","HARD",43033,,"CLEAR",,true,2026-07-21T18:50:04.000Z,2026-08-23T20:28:18.563Z
"https://leetcode.com/problems/number-of-submatrices-that-sum-to-target/","Number of Submatrices That Sum to Target","HASH TABLE","HARD",233847,,"CLEAR",,true,2026-07-21T18:50:04.000Z,2026-08-23T20:28:18.563Z
"https://leetcode.com/problems/number-of-substrings-containing-all-three-characters/","Number of Substrings Containing All Three Characters","HASH TABLE","MEDIUM",808749,,"CLEAR",,true,2026-07-21T18:50:04.000Z,2026-08-23T20:28:18.563Z
"https://leetcode.com/problems/number-of-substrings-with-fixed-ratio/","Number of Substrings With Fixed Ratio","HASH TABLE","MEDIUM",3099,,"CLEAR",,true,2026-07-21T18:50:04.000Z,2026-08-23T20:28:18.563Z
"https://leetcode.com/problems/number-of-unequal-triplets-in-array/","Number of Unequal Triplets in Array","HASH TABLE","EASY",88196,,"CLEAR",,true,2026-07-21T18:50:04.000Z,2026-08-23T20:28:18.563Z
"https://leetcode.com/problems/number-of-unique-flavors-after-sharing-k-candies/","Number of Unique Flavors After Sharing K Candies","HASH TABLE","MEDIUM",19528,,"CLEAR",,true,2026-07-21T18:50:04.000Z,2026-08-23T20:28:18.563Z
"https://leetcode.com/problems/odd-string-difference/","Odd String Difference","HASH TABLE","EASY",73747,,"CLEAR",,true,2026-07-21T18:50:04.000Z,2026-08-23T20:28:18.563Z
"https://leetcode.com/problems/online-election/","Online Election","HASH TABLE","MEDIUM",151646,,"CLEAR",,true,2026-07-21T18:50:04.000Z,2026-08-23T20:28:18.563Z
"https://leetcode.com/problems/pairs-of-songs-with-total-durations-divisible-by-60/","Pairs of Songs With Total Durations Divisible by 60","HASH TABLE","MEDIUM",617707,,"CLEAR",,true,2026-07-21T18:50:04.000Z,2026-08-23T20:28:18.563Z
"https://leetcode.com/problems/palindrome-rearrangement-queries/","Palindrome Rearrangement Queries","HASH TABLE","HARD",17951,,"CLEAR",,true,2026-07-21T18:50:04.000Z,2026-08-23T20:28:18.563Z
"https://leetcode.com/problems/partition-array-into-k-distinct-groups/","Partition Array Into K-Distinct Groups","HASH TABLE","MEDIUM",117756,,"CLEAR",,true,2026-07-21T18:50:04.000Z,2026-08-23T20:28:18.563Z
"https://leetcode.com/problems/password-strength/","Password Strength","HASH TABLE","MEDIUM",61871,,"CLEAR",,true,2026-07-21T18:50:04.000Z,2026-08-23T20:28:18.563Z
"https://leetcode.com/problems/path-crossing/","Path Crossing","HASH TABLE","EASY",318637,,"CLEAR",,true,2026-07-21T18:50:04.000Z,2026-08-23T20:28:18.563Z
"https://leetcode.com/problems/people-whose-list-of-favorite-companies-is-not-a-subset-of-another-list/","People Whose List of Favorite Companies Is Not a Subset of Another List","HASH TABLE","MEDIUM",59557,,"CLEAR",,true,2026-07-21T18:50:04.000Z,2026-08-23T20:28:18.563Z
"https://leetcode.com/problems/perfect-rectangle/","Perfect Rectangle","HASH TABLE","HARD",166075,,"CLEAR",,true,2026-07-21T18:50:04.000Z,2026-08-23T20:28:18.563Z
"https://leetcode.com/problems/permutation-difference-between-two-strings/","Permutation Difference between Two Strings","HASH TABLE","EASY",131747,,"CLEAR",,true,2026-07-21T18:50:04.000Z,2026-08-23T20:28:18.563Z
"https://leetcode.com/problems/points-that-intersect-with-cars/","Points That Intersect With Cars","HASH TABLE","EASY",107801,,"CLEAR",,true,2026-07-21T18:50:04.000Z,2026-08-23T20:28:18.563Z
"https://leetcode.com/problems/powerful-integers/","Powerful Integers","HASH TABLE","MEDIUM",146097,,"CLEAR",,true,2026-07-21T18:50:04.000Z,2026-08-23T20:28:18.563Z
"https://leetcode.com/problems/random-flip-matrix/","Random Flip Matrix","HASH TABLE","MEDIUM",69769,,"CLEAR",,true,2026-07-21T18:50:04.000Z,2026-08-23T20:28:18.563Z
"https://leetcode.com/problems/random-pick-index/","Random Pick Index","HASH TABLE","MEDIUM",477660,,"CLEAR",,true,2026-07-21T18:50:04.000Z,2026-08-23T20:28:18.563Z
"https://leetcode.com/problems/random-pick-with-blacklist/","Random Pick with Blacklist","HASH TABLE","HARD",154432,,"CLEAR",,true,2026-07-21T18:50:04.000Z,2026-08-23T20:28:18.563Z
"https://leetcode.com/problems/random-point-in-non-overlapping-rectangles/","Random Point in Non-overlapping Rectangles","HASH TABLE","MEDIUM",136862,,"CLEAR",,true,2026-07-21T18:50:04.000Z,2026-08-23T20:28:18.563Z
"https://leetcode.com/problems/rank-teams-by-votes/","Rank Teams by Votes","HASH TABLE","MEDIUM",174488,,"CLEAR",,true,2026-07-21T18:50:04.000Z,2026-08-23T20:28:18.563Z
"https://leetcode.com/problems/rank-transform-of-an-array/","Rank Transform of an Array","HASH TABLE","EASY",615574,,"SUCCESS","class Solution {
public:
    vector<int> arrayRankTransform(vector<int>& arr) {
        map<int, int> mp;
        int i = 0;
        for (auto it : arr) {
            mp[it] = 0;
        }
        i = 1;
        for (auto& it : mp) {
            it.second = i++;
        }
        for (auto& it : arr) {
            it = mp[it];
        }
        return arr;
    }
};",true,2026-07-21T18:50:04.000Z,2026-08-23T20:28:18.563Z
"https://leetcode.com/problems/ransom-note/","Ransom Note","HASH TABLE","EASY",3070779,,"SUCCESS","class Solution {
public:
    bool canConstruct(string ransomNote, string magazine) {
        vector<int> letters(26,0);
        for(auto ch:magazine){
            letters[ch - 'a']++;
        }
        for(auto ch:ransomNote){
            letters[ch - 'a']--;
        }
        for(auto it:letters){
            if(it < 0){
                return false;
            }
        }
        return true;
    }
};",true,2026-07-21T18:50:04.000Z,2026-08-23T20:28:18.563Z
"https://leetcode.com/problems/rearrange-characters-to-make-target-string/","Rearrange Characters to Make Target String","HASH TABLE","EASY",102186,,"CLEAR",,true,2026-07-21T18:50:04.000Z,2026-08-23T20:28:18.563Z
"https://leetcode.com/problems/rearrange-k-substrings-to-form-target-string/","Rearrange K Substrings to Form Target String","HASH TABLE","MEDIUM",50159,,"CLEAR",,true,2026-07-21T18:50:04.000Z,2026-08-23T20:28:18.563Z
"https://leetcode.com/problems/reconstruct-original-digits-from-english/","Reconstruct Original Digits from English","HASH TABLE","MEDIUM",192606,,"CLEAR",,true,2026-07-21T18:50:04.000Z,2026-08-23T20:28:18.563Z
"https://leetcode.com/problems/redistribute-characters-to-make-all-strings-equal/","Redistribute Characters to Make All Strings Equal","HASH TABLE","EASY",241555,,"CLEAR",,true,2026-07-21T18:50:04.000Z,2026-08-23T20:28:18.563Z
"https://leetcode.com/problems/relative-sort-array/","Relative Sort Array","HASH TABLE","EASY",552614,,"CLEAR",,true,2026-07-21T18:50:04.000Z,2026-08-23T20:28:18.563Z
"https://leetcode.com/problems/relocate-marbles/","Relocate Marbles","HASH TABLE","MEDIUM",50494,,"CLEAR",,true,2026-07-21T18:50:04.000Z,2026-08-23T20:28:18.563Z
"https://leetcode.com/problems/remove-letter-to-equalize-frequency/","Remove Letter To Equalize Frequency","HASH TABLE","EASY",405303,,"CLEAR",,true,2026-07-21T18:50:04.000Z,2026-08-23T20:28:18.563Z
"https://leetcode.com/problems/reordered-power-of-2/","Reordered Power of 2","HASH TABLE","MEDIUM",350968,,"CLEAR",,true,2026-07-21T18:50:04.000Z,2026-08-23T20:28:18.563Z
"https://leetcode.com/problems/replace-elements-in-an-array/","Replace Elements in an Array","HASH TABLE","MEDIUM",82495,,"CLEAR",,true,2026-07-21T18:50:04.000Z,2026-08-23T20:28:18.563Z
"https://leetcode.com/problems/report-spam-message/","Report Spam Message","HASH TABLE","MEDIUM",121022,,"CLEAR",,true,2026-07-21T18:50:04.000Z,2026-08-23T20:28:18.563Z
"https://leetcode.com/problems/restore-finishing-order/","Restore Finishing Order","HASH TABLE","EASY",122285,,"CLEAR",,true,2026-07-21T18:50:04.000Z,2026-08-23T20:28:18.563Z
"https://leetcode.com/problems/right-triangles/","Right Triangles","HASH TABLE","MEDIUM",50060,,"CLEAR",,true,2026-07-21T18:50:04.000Z,2026-08-23T20:28:18.563Z
"https://leetcode.com/problems/rings-and-rods/","Rings and Rods","HASH TABLE","EASY",119248,,"CLEAR",,true,2026-07-21T18:50:04.000Z,2026-08-23T20:28:18.563Z
"https://leetcode.com/problems/roman-to-integer/","Roman to Integer","HASH TABLE","EASY",9097621,,"CLEAR",,true,2026-07-21T18:50:04.000Z,2026-08-23T20:28:18.563Z
"https://leetcode.com/problems/second-largest-digit-in-a-string/","Second Largest Digit in a String","HASH TABLE","EASY",203723,,"CLEAR",,true,2026-07-21T18:50:04.000Z,2026-08-23T20:28:18.563Z
"https://leetcode.com/problems/sender-with-largest-word-count/","Sender With Largest Word Count","HASH TABLE","MEDIUM",77739,,"CLEAR",,true,2026-07-21T18:50:04.000Z,2026-08-23T20:28:18.563Z
"https://leetcode.com/problems/sentence-similarity/","Sentence Similarity","HASH TABLE","EASY",170661,,"CLEAR",,true,2026-07-21T18:50:04.000Z,2026-08-23T20:28:18.563Z
"https://leetcode.com/problems/set-matrix-zeroes/","Set Matrix Zeroes","HASH TABLE","MEDIUM",4281385,,"SUCCESS","class Solution {
public:
    void setZeroes(vector<vector<int>>& matrix) {
        unordered_map<int, bool> iz;
        unordered_map<int, bool> jz;

        int m = matrix.size();
        int n = matrix[0].size();

        for (int i = 0; i < m; i++) {
            for (int j = 0; j < n; j++) {
                if (matrix[i][j] == 0) {
                    iz[i] = true;
                    jz[j] = true;
                }
            }
        }

        for (int i = 0; i < m; i++) {
            for (int j = 0; j < n; j++) {
                if (iz[i] || jz[j]) {
                    matrix[i][j] = 0;
                }
            }
        }
    }
};",true,2026-07-21T18:50:04.000Z,2026-08-23T20:28:18.563Z
"https://leetcode.com/problems/shortest-completing-word/","Shortest Completing Word","HASH TABLE","EASY",179730,,"CLEAR",,true,2026-07-21T18:50:04.000Z,2026-08-23T20:28:18.563Z
"https://leetcode.com/problems/shortest-palindrome/","Shortest Palindrome","HASH TABLE","HARD",860765,,"CLEAR",,true,2026-07-21T18:50:04.000Z,2026-08-23T20:28:18.563Z
"https://leetcode.com/problems/simple-bank-system/","Simple Bank System","HASH TABLE","MEDIUM",269215,,"CLEAR",,true,2026-07-21T18:50:04.000Z,2026-08-23T20:28:18.563Z
"https://leetcode.com/problems/single-row-keyboard/","Single-Row Keyboard","HASH TABLE","EASY",107900,,"CLEAR",,true,2026-07-21T18:50:04.000Z,2026-08-23T20:28:18.563Z
"https://leetcode.com/problems/sliding-subarray-beauty/","Sliding Subarray Beauty","HASH TABLE","MEDIUM",98392,,"CLEAR",,true,2026-07-21T18:50:04.000Z,2026-08-23T20:28:18.563Z
"https://leetcode.com/problems/smallest-absent-positive-greater-than-average/","Smallest Absent Positive Greater Than Average","HASH TABLE","EASY",112785,,"CLEAR",,true,2026-07-21T18:50:04.000Z,2026-08-23T20:28:18.563Z
"https://leetcode.com/problems/smallest-all-ones-multiple/","Smallest All-Ones Multiple","HASH TABLE","MEDIUM",59786,,"CLEAR",,true,2026-07-21T18:50:04.000Z,2026-08-23T20:28:18.563Z
"https://leetcode.com/problems/smallest-integer-divisible-by-k/","Smallest Integer Divisible by K","HASH TABLE","MEDIUM",360393,,"CLEAR",,true,2026-07-21T18:50:04.000Z,2026-08-23T20:28:18.563Z
"https://leetcode.com/problems/smallest-missing-integer-greater-than-sequential-prefix-sum/","Smallest Missing Integer Greater Than Sequential Prefix Sum","HASH TABLE","EASY",149447,,"CLEAR",,true,2026-07-21T18:50:04.000Z,2026-08-23T20:28:18.563Z
"https://leetcode.com/problems/smallest-missing-multiple-of-k/","Smallest Missing Multiple of K","HASH TABLE","EASY",79217,,"CLEAR",,true,2026-07-21T18:50:04.000Z,2026-08-23T20:28:18.563Z
"https://leetcode.com/problems/smallest-pair-with-different-frequencies/","Smallest Pair With Different Frequencies","HASH TABLE","EASY",56888,,"CLEAR",,true,2026-07-21T18:50:04.000Z,2026-08-23T20:28:18.563Z
"https://leetcode.com/problems/smallest-palindromic-rearrangement-ii/","Smallest Palindromic Rearrangement II","HASH TABLE","HARD",42743,,"CLEAR",,true,2026-07-21T18:50:04.000Z,2026-08-23T20:28:18.563Z
"https://leetcode.com/problems/smallest-unique-subarray/","Smallest Unique Subarray","HASH TABLE","HARD",19800,,"CLEAR",,true,2026-07-21T18:50:04.000Z,2026-08-23T20:28:18.563Z
"https://leetcode.com/problems/snapshot-array/","Snapshot Array","HASH TABLE","MEDIUM",780921,,"CLEAR",,true,2026-07-21T18:50:04.000Z,2026-08-23T20:28:18.563Z
"https://leetcode.com/problems/sort-array-by-increasing-frequency/","Sort Array by Increasing Frequency","HASH TABLE","EASY",444561,,"CLEAR",,true,2026-07-21T18:50:04.000Z,2026-08-23T20:28:18.563Z
"https://leetcode.com/problems/sort-array-by-moving-items-to-empty-space/","Sort Array by Moving Items to Empty Space","HASH TABLE","HARD",6720,,"CLEAR",,true,2026-07-21T18:50:04.000Z,2026-08-23T20:28:18.563Z
"https://leetcode.com/problems/sort-features-by-popularity/","Sort Features by Popularity","HASH TABLE","MEDIUM",11377,,"CLEAR",,true,2026-07-21T18:50:04.000Z,2026-08-23T20:28:18.563Z
"https://leetcode.com/problems/sort-the-people/","Sort the People","HASH TABLE","EASY",463155,,"CLEAR",,true,2026-07-21T18:50:04.000Z,2026-08-23T20:28:18.563Z
"https://leetcode.com/problems/sorted-gcd-pair-queries/","Sorted GCD Pair Queries","HASH TABLE","HARD",124768,,"CLEAR",,true,2026-07-21T18:50:04.000Z,2026-08-23T20:28:18.563Z
"https://leetcode.com/problems/sparse-matrix-multiplication/","Sparse Matrix Multiplication","HASH TABLE","MEDIUM",323878,,"CLEAR",,true,2026-07-21T18:50:04.000Z,2026-08-23T20:28:18.563Z
"https://leetcode.com/problems/split-array-with-equal-sum/","Split Array with Equal Sum","HASH TABLE","HARD",50185,,"CLEAR",,true,2026-07-21T18:50:04.000Z,2026-08-23T20:28:18.563Z
"https://leetcode.com/problems/split-the-array/","Split the Array","HASH TABLE","EASY",141483,,"CLEAR",,true,2026-07-21T18:50:04.000Z,2026-08-23T20:28:18.563Z
"https://leetcode.com/problems/split-the-array-to-make-coprime-products/","Split the Array to Make Coprime Products","HASH TABLE","HARD",67401,,"CLEAR",,true,2026-07-21T18:50:04.000Z,2026-08-23T20:28:18.563Z
"https://leetcode.com/problems/stable-subarrays-with-equal-boundary-and-interior-sum/","Stable Subarrays With Equal Boundary and Interior Sum","HASH TABLE","MEDIUM",63153,,"CLEAR",,true,2026-07-21T18:50:04.000Z,2026-08-23T20:28:18.563Z
"https://leetcode.com/problems/strings-differ-by-one-character/","Strings Differ by One Character","HASH TABLE","MEDIUM",70528,,"CLEAR",,true,2026-07-21T18:50:04.000Z,2026-08-23T20:28:18.563Z
"https://leetcode.com/problems/subarray-sum-equals-k/","Subarray Sum Equals K","HASH TABLE","MEDIUM",5449888,,"CLEAR",,true,2026-07-21T18:50:04.000Z,2026-08-23T20:28:18.563Z
"https://leetcode.com/problems/subarray-sums-divisible-by-k/","Subarray Sums Divisible by K","HASH TABLE","MEDIUM",915387,,"CLEAR",,true,2026-07-21T18:50:04.000Z,2026-08-23T20:28:18.563Z
"https://leetcode.com/problems/subarrays-with-k-different-integers/","Subarrays with K Different Integers","HASH TABLE","HARD",628185,,"CLEAR",,true,2026-07-21T18:50:04.000Z,2026-08-23T20:28:18.563Z
"https://leetcode.com/problems/subdomain-visit-count/","Subdomain Visit Count","HASH TABLE","MEDIUM",344773,,"CLEAR",,true,2026-07-21T18:50:04.000Z,2026-08-23T20:28:18.563Z
"https://leetcode.com/problems/subsequences-with-a-unique-middle-mode-i/","Subsequences with a Unique Middle Mode I","HASH TABLE","HARD",13202,,"CLEAR",,true,2026-07-21T18:50:04.000Z,2026-08-23T20:28:18.563Z
"https://leetcode.com/problems/subsequences-with-a-unique-middle-mode-ii/","Subsequences with a Unique Middle Mode II","HASH TABLE","HARD",1737,,"CLEAR",,true,2026-07-21T18:50:04.000Z,2026-08-23T20:28:18.563Z
"https://leetcode.com/problems/substring-with-concatenation-of-all-words/","Substring with Concatenation of All Words","HASH TABLE","HARD",2141341,,"CLEAR",,true,2026-07-21T18:50:04.000Z,2026-08-23T20:28:18.563Z
"https://leetcode.com/problems/substrings-of-size-three-with-distinct-characters/","Substrings of Size Three with Distinct Characters","HASH TABLE","EASY",298049,,"CLEAR",,true,2026-07-21T18:50:04.000Z,2026-08-23T20:28:18.563Z
"https://leetcode.com/problems/substrings-that-begin-and-end-with-the-same-letter/","Substrings That Begin and End With the Same Letter","HASH TABLE","MEDIUM",18934,,"CLEAR",,true,2026-07-21T18:50:04.000Z,2026-08-23T20:28:18.563Z
"https://leetcode.com/problems/sum-of-beauty-of-all-substrings/","Sum of Beauty of All Substrings","HASH TABLE","MEDIUM",279702,,"CLEAR",,true,2026-07-21T18:50:04.000Z,2026-08-23T20:28:18.563Z
"https://leetcode.com/problems/sum-of-digit-differences-of-all-pairs/","Sum of Digit Differences of All Pairs","HASH TABLE","MEDIUM",69961,,"CLEAR",,true,2026-07-21T18:50:04.000Z,2026-08-23T20:28:18.563Z
"https://leetcode.com/problems/sum-of-distances/","Sum of Distances","HASH TABLE","MEDIUM",227530,,"CLEAR",,true,2026-07-21T18:50:04.000Z,2026-08-23T20:28:18.563Z
"https://leetcode.com/problems/sum-of-elements-with-frequency-divisible-by-k/","Sum of Elements With Frequency Divisible by K","HASH TABLE","EASY",70461,,"CLEAR",,true,2026-07-21T18:50:04.000Z,2026-08-23T20:28:18.563Z
"https://leetcode.com/problems/sum-of-imbalance-numbers-of-all-subarrays/","Sum of Imbalance Numbers of All Subarrays","HASH TABLE","HARD",23234,,"CLEAR",,true,2026-07-21T18:50:04.000Z,2026-08-23T20:28:18.563Z
"https://leetcode.com/problems/sum-of-largest-prime-substrings/","Sum of Largest Prime Substrings","HASH TABLE","MEDIUM",66950,,"CLEAR",,true,2026-07-21T18:50:04.000Z,2026-08-23T20:28:18.563Z
"https://leetcode.com/problems/sum-of-matrix-after-queries/","Sum of Matrix After Queries","HASH TABLE","MEDIUM",79003,,"CLEAR",,true,2026-07-21T18:50:04.000Z,2026-08-23T20:28:18.563Z
"https://leetcode.com/problems/sum-of-scores-of-built-strings/","Sum of Scores of Built Strings","HASH TABLE","HARD",34737,,"CLEAR",,true,2026-07-21T18:50:04.000Z,2026-08-23T20:28:18.563Z
"https://leetcode.com/problems/sum-of-unique-elements/","Sum of Unique Elements","HASH TABLE","EASY",341187,,"CLEAR",,true,2026-07-21T18:50:04.000Z,2026-08-23T20:28:18.563Z
"https://leetcode.com/problems/sum-of-weighted-modes-in-subarrays/","Sum of Weighted Modes in Subarrays","HASH TABLE","MEDIUM",1046,,"CLEAR",,true,2026-07-21T18:50:04.000Z,2026-08-23T20:28:18.563Z
"https://leetcode.com/problems/swap-for-longest-repeated-character-substring/","Swap For Longest Repeated Character Substring","HASH TABLE","MEDIUM",96714,,"CLEAR",,true,2026-07-21T18:50:04.000Z,2026-08-23T20:28:18.563Z
"https://leetcode.com/problems/take-k-of-each-character-from-left-and-right/","Take K of Each Character From Left and Right","HASH TABLE","MEDIUM",228023,,"CLEAR",,true,2026-07-21T18:50:04.000Z,2026-08-23T20:28:18.563Z
"https://leetcode.com/problems/task-scheduler-ii/","Task Scheduler II","HASH TABLE","MEDIUM",109678,,"CLEAR",,true,2026-07-21T18:50:04.000Z,2026-08-23T20:28:18.563Z
"https://leetcode.com/problems/the-two-sneaky-numbers-of-digitville/","The Two Sneaky Numbers of Digitville","HASH TABLE","EASY",291585,,"CLEAR",,true,2026-07-21T18:50:04.000Z,2026-08-23T20:28:18.563Z
"https://leetcode.com/problems/time-based-key-value-store/","Time Based Key-Value Store","HASH TABLE","MEDIUM",1531673,"The accepted solution can be optimized further, and the key insight is recognizing that the timestamps are already inserted in sorted order, making a map unnecessary.","TLE","class TimeMap {
    unordered_map<string, map<int, string>> mp;

public:
    TimeMap() {}

    void set(string key, string value, int timestamp) {
        if (!mp.contains(key)) {
            map<int, string> me;
            mp[key] = me;
        }
        mp[key][timestamp] = value;
    }

    string get(string key, int timestamp) {
        if (mp.contains(key)) {

            auto it = mp[key].end();
            it--; // RCA: map.end() points past the last element, so it cannot
                  // be dereferenced (it->first); decrement it first to access
                  // the last element.

            while (it->first > timestamp) {
                if (it == mp[key].begin()) {
                    return """";
                }
                it--;
            }

            return it->second;
        }
        return """";
    }
};

/**
 * Your TimeMap object will be instantiated and called as such:
 * TimeMap* obj = new TimeMap();
 * obj->set(key,value,timestamp);
 * string param_2 = obj->get(key,timestamp);
 */",true,2026-07-21T18:50:04.000Z,2026-08-29T08:26:23.482Z
"https://leetcode.com/problems/toggle-light-bulbs/","Toggle Light Bulbs","HASH TABLE","EASY",88039,,"CLEAR",,true,2026-07-21T18:50:04.000Z,2026-08-23T20:28:18.563Z
"https://leetcode.com/problems/total-distance-to-type-a-string-using-one-finger/","Total Distance to Type a String Using One Finger","HASH TABLE","MEDIUM",968,,"CLEAR",,true,2026-07-21T18:50:04.000Z,2026-08-23T20:28:18.563Z
"https://leetcode.com/problems/tuple-with-same-product/","Tuple with Same Product","HASH TABLE","MEDIUM",286090,,"CLEAR",,true,2026-07-21T18:50:04.000Z,2026-08-23T20:28:18.563Z
"https://leetcode.com/problems/tweet-counts-per-frequency/","Tweet Counts Per Frequency","HASH TABLE","MEDIUM",87864,,"CLEAR",,true,2026-07-21T18:50:04.000Z,2026-08-23T20:28:18.563Z
"https://leetcode.com/problems/two-sum/","Two Sum","HASH TABLE","EASY",39182159,,"SUCCESS","class Solution {
public:
    vector<int> twoSum(vector<int>& nums, int target) {
        unordered_map<int,int> mp;
        int i = 0;
        for(auto it:nums){
            if(mp.contains(target - it)){
                return {mp[target-it],i};
            }
            mp[it] = i++;
        }
        return {};
    }
};",true,2026-07-21T18:50:04.000Z,2026-08-23T20:28:18.563Z
"https://leetcode.com/problems/two-letter-card-game/","Two-Letter Card Game","HASH TABLE","MEDIUM",89420,,"CLEAR",,true,2026-07-21T18:50:04.000Z,2026-08-23T20:28:18.563Z
"https://leetcode.com/problems/uncommon-words-from-two-sentences/","Uncommon Words from Two Sentences","HASH TABLE","EASY",456425,,"CLEAR",,true,2026-07-21T18:50:04.000Z,2026-08-23T20:28:18.563Z
"https://leetcode.com/problems/unique-email-addresses/","Unique Email Addresses","HASH TABLE","EASY",864182,,"SUCCESS","class Solution {
public:
    int numUniqueEmails(vector<string>& emails) {
        unordered_set<string> st;
        for (auto email : emails) {

            bool plus = false;
            bool atrate = false;

            string str = """";
            for (auto ch : email) {
                if (ch == '+') {
                    plus = true;
                }
                if (ch == '@') {
                    atrate = true;
                }
                if ((!plus && !atrate && ch != '.') || atrate) {
                    str.push_back(ch);
                }
            }

            st.insert(str);
        }
        return st.size();
    }
};",true,2026-07-21T18:50:04.000Z,2026-08-23T20:28:18.563Z
"https://leetcode.com/problems/unique-email-groups/","Unique Email Groups","HASH TABLE","MEDIUM",830,,"CLEAR",,true,2026-07-21T18:50:04.000Z,2026-08-23T20:28:18.563Z
"https://leetcode.com/problems/unique-morse-code-words/","Unique Morse Code Words","HASH TABLE","EASY",495771,,"CLEAR",,true,2026-07-21T18:50:04.000Z,2026-08-23T20:28:18.563Z
"https://leetcode.com/problems/unique-number-of-occurrences/","Unique Number of Occurrences","HASH TABLE","EASY",1286210,,"CLEAR",,true,2026-07-21T18:50:04.000Z,2026-08-23T20:28:18.563Z
"https://leetcode.com/problems/unique-substrings-with-equal-digit-frequency/","Unique Substrings With Equal Digit Frequency","HASH TABLE","MEDIUM",15605,,"CLEAR",,true,2026-07-21T18:50:04.000Z,2026-08-23T20:28:18.563Z
"https://leetcode.com/problems/unique-word-abbreviation/","Unique Word Abbreviation","HASH TABLE","MEDIUM",296620,,"CLEAR",,true,2026-07-21T18:50:04.000Z,2026-08-23T20:28:18.563Z
"https://leetcode.com/problems/valid-anagram/","Valid Anagram","HASH TABLE","EASY",9463302,,"SUCCESS","class Solution {
public:
    bool isAnagram(string s, string t) {
        unordered_map<char,int> mp;
        for(auto ch:s){
            mp[ch]++;
        }
        for(auto ch:t){
            mp[ch]--;
        }
        for(auto pr: mp){
            if(pr.second != 0){
                return false;
            }
        }
        return true;
    }
};",true,2026-07-21T18:50:04.000Z,2026-08-23T20:28:18.563Z
"https://leetcode.com/problems/valid-subarrays-with-matching-sum-digits-i/","Valid Subarrays With Matching Sum Digits I","HASH TABLE","MEDIUM",84241,,"CLEAR",,true,2026-07-21T18:50:04.000Z,2026-08-23T20:28:18.563Z
"https://leetcode.com/problems/valid-subarrays-with-matching-sum-digits-ii/","Valid Subarrays With Matching Sum Digits II","HASH TABLE","HARD",654,,"CLEAR",,true,2026-07-21T18:50:04.000Z,2026-08-23T20:28:18.563Z
"https://leetcode.com/problems/valid-sudoku/","Valid Sudoku","HASH TABLE","MEDIUM",3974034,,"CLEAR",,true,2026-07-21T18:50:04.000Z,2026-08-23T20:28:18.563Z
"https://leetcode.com/problems/verifying-an-alien-dictionary/","Verifying an Alien Dictionary","HASH TABLE","EASY",1053541,,"SUCCESS","class Solution {
public:
    bool isAlienSorted(vector<string>& words, string order) {
        unordered_map<char, char> alien_to_human;
        vector<string> human_words;
        int i = 0, n = words.size();
        for (auto ch : order) {
            alien_to_human[ch] = 'a' + i++;
        }
        for (auto& word : words) {
            int j = 0, m = word.size();
            while (j < m) {
                word[j] = alien_to_human[word[j]];
                j++;
            }
            human_words.push_back(word);
        }
        sort(human_words.begin(), human_words.end());
        i = 0;

        while (i < n) {
            if (words[i] != human_words[i]) {
                return false;
            }
            i++;
        }

        return true;
    }
};",true,2026-07-21T18:50:04.000Z,2026-08-23T20:28:18.563Z
"https://leetcode.com/problems/vowel-spellchecker/","Vowel Spellchecker","HASH TABLE","MEDIUM",231174,,"CLEAR",,true,2026-07-21T18:50:04.000Z,2026-08-23T20:28:18.563Z
"https://leetcode.com/problems/walking-robot-simulation/","Walking Robot Simulation","HASH TABLE","MEDIUM",401015,,"CLEAR",,true,2026-07-21T18:50:04.000Z,2026-08-23T20:28:18.563Z
"https://leetcode.com/problems/widest-pair-of-indices-with-equal-range-sum/","Widest Pair of Indices With Equal Range Sum","HASH TABLE","MEDIUM",6744,,"CLEAR",,true,2026-07-21T18:50:04.000Z,2026-08-23T20:28:18.563Z
"https://leetcode.com/problems/word-pattern/","Word Pattern","HASH TABLE","EASY",2596272,,"SUCCESS","class Solution {
public:
    bool wordPattern(string pattern, string s) {
        int i = -1, j = -1, n = s.size(), m = pattern.size();
        vector<string> words;
        for(int k = 0; k < n; k++){
            if(s[k] != ' '){
                if(i == -1){
                    if(k == 0){
                        i = k;
                    }
                    if(k > 0 && s[k-1] == ' '){
                        i = k;
                    }
                }
                if(j == -1){
                    if(k == n-1){
                        j = k;
                    }
                    if(k < n-1 && s[k+1] == ' '){
                        j = k;
                    }
                }
            }
            if(i >= 0 && j >= 0){
                words.push_back(s.substr(i, j - i + 1));
                i = -1; j = -1;
            }
        }
        if(words.size() != m){
            return false;
        }

        unordered_map<string,char> mpsc;
        unordered_map<char,string> mpcs;

        for(int i = 0; i < m; i++){
            char ch = pattern[i];
            string word = words[i];
            if(mpcs.contains(ch) && mpcs[ch] != word){
                return false;
            }
            mpcs[ch] = word;
            if(mpsc.contains(word) && mpsc[word] != ch){
                return false;
            }
            mpsc[word] = ch;
        }

        return true;
    }
};",true,2026-07-21T18:50:04.000Z,2026-08-23T20:28:18.563Z
"https://leetcode.com/problems/word-subsets/","Word Subsets","HASH TABLE","MEDIUM",477834,,"CLEAR",,true,2026-07-21T18:50:04.000Z,2026-08-23T20:28:18.563Z
"https://leetcode.com/problems/x-of-a-kind-in-a-deck-of-cards/","X of a Kind in a Deck of Cards","HASH TABLE","EASY",534720,,"CLEAR",,true,2026-07-21T18:50:04.000Z,2026-08-23T20:28:18.563Z
"https://leetcode.com/problems/average-height-of-buildings-in-each-segment/","Average Height of Buildings in Each Segment","HEAP (PRIORITY QUEUE)","MEDIUM",4747,,"CLEAR",,false,2026-07-21T18:50:04.000Z,2026-07-21T18:50:04.000Z
"https://leetcode.com/problems/campus-bikes/","Campus Bikes","HEAP (PRIORITY QUEUE)","MEDIUM",133372,,"CLEAR",,false,2026-07-21T18:50:04.000Z,2026-07-21T18:50:04.000Z
"https://leetcode.com/problems/car-fleet-ii/","Car Fleet II","HEAP (PRIORITY QUEUE)","HARD",59150,,"CLEAR",,false,2026-07-21T18:50:04.000Z,2026-07-21T18:50:04.000Z
"https://leetcode.com/problems/car-pooling/","Car Pooling","HEAP (PRIORITY QUEUE)","MEDIUM",605145,,"CLEAR",,false,2026-07-21T18:50:04.000Z,2026-07-21T18:50:04.000Z
"https://leetcode.com/problems/choose-k-elements-with-maximum-sum/","Choose K Elements With Maximum Sum","HEAP (PRIORITY QUEUE)","MEDIUM",61992,,"CLEAR",,false,2026-07-21T18:50:04.000Z,2026-07-21T18:50:04.000Z
"https://leetcode.com/problems/construct-target-array-with-multiple-sums/","Construct Target Array With Multiple Sums","HEAP (PRIORITY QUEUE)","HARD",241081,,"CLEAR",,false,2026-07-21T18:50:04.000Z,2026-07-21T18:50:04.000Z
"https://leetcode.com/problems/continuous-subarrays/","Continuous Subarrays","HEAP (PRIORITY QUEUE)","MEDIUM",209747,,"CLEAR",,false,2026-07-21T18:50:04.000Z,2026-07-21T18:50:04.000Z
"https://leetcode.com/problems/delete-greatest-value-in-each-row/","Delete Greatest Value in Each Row","HEAP (PRIORITY QUEUE)","EASY",118849,,"CLEAR",,false,2026-07-21T18:50:04.000Z,2026-07-21T18:50:04.000Z
"https://leetcode.com/problems/design-a-3d-binary-matrix-with-efficient-layer-tracking/","Design a 3D Binary Matrix with Efficient Layer Tracking","HEAP (PRIORITY QUEUE)","MEDIUM",1848,,"CLEAR",,false,2026-07-21T18:50:04.000Z,2026-07-21T18:50:04.000Z
"https://leetcode.com/problems/design-a-file-sharing-system/","Design a File Sharing System","HEAP (PRIORITY QUEUE)","MEDIUM",16832,,"CLEAR",,false,2026-07-21T18:50:04.000Z,2026-07-21T18:50:04.000Z
"https://leetcode.com/problems/design-a-food-rating-system/","Design a Food Rating System","HEAP (PRIORITY QUEUE)","MEDIUM",346925,,"CLEAR",,false,2026-07-21T18:50:04.000Z,2026-07-21T18:50:04.000Z
"https://leetcode.com/problems/design-a-number-container-system/","Design a Number Container System","HEAP (PRIORITY QUEUE)","MEDIUM",263323,,"CLEAR",,false,2026-07-21T18:50:04.000Z,2026-07-21T18:50:04.000Z
"https://leetcode.com/problems/design-an-array-statistics-tracker/","Design an Array Statistics Tracker ","HEAP (PRIORITY QUEUE)","HARD",4237,,"CLEAR",,false,2026-07-21T18:50:04.000Z,2026-07-21T18:50:04.000Z
"https://leetcode.com/problems/design-auction-system/","Design Auction System","HEAP (PRIORITY QUEUE)","MEDIUM",40582,,"CLEAR",,false,2026-07-21T18:50:04.000Z,2026-07-21T18:50:04.000Z
"https://leetcode.com/problems/design-event-manager/","Design Event Manager","HEAP (PRIORITY QUEUE)","MEDIUM",59299,,"CLEAR",,false,2026-07-21T18:50:04.000Z,2026-07-21T18:50:04.000Z
"https://leetcode.com/problems/design-movie-rental-system/","Design Movie Rental System","HEAP (PRIORITY QUEUE)","HARD",119187,,"CLEAR",,false,2026-07-21T18:50:04.000Z,2026-07-21T18:50:04.000Z
"https://leetcode.com/problems/design-task-manager/","Design Task Manager","HEAP (PRIORITY QUEUE)","MEDIUM",211862,,"CLEAR",,false,2026-07-21T18:50:04.000Z,2026-07-21T18:50:04.000Z
"https://leetcode.com/problems/design-video-sharing-platform/","Design Video Sharing Platform","HEAP (PRIORITY QUEUE)","HARD",9036,,"CLEAR",,false,2026-07-21T18:50:04.000Z,2026-07-21T18:50:04.000Z
"https://leetcode.com/problems/diagonal-traverse-ii/","Diagonal Traverse II","HEAP (PRIORITY QUEUE)","MEDIUM",309553,,"CLEAR",,false,2026-07-21T18:50:04.000Z,2026-07-21T18:50:04.000Z
"https://leetcode.com/problems/dinner-plate-stacks/","Dinner Plate Stacks","HEAP (PRIORITY QUEUE)","HARD",73451,,"CLEAR",,false,2026-07-21T18:50:04.000Z,2026-07-21T18:50:04.000Z
"https://leetcode.com/problems/divide-an-array-into-subarrays-with-minimum-cost-ii/","Divide an Array Into Subarrays With Minimum Cost II","HEAP (PRIORITY QUEUE)","HARD",136718,,"CLEAR",,false,2026-07-21T18:50:04.000Z,2026-07-21T18:50:04.000Z
"https://leetcode.com/problems/employee-free-time/","Employee Free Time","HEAP (PRIORITY QUEUE)","HARD",251171,,"CLEAR",,false,2026-07-21T18:50:04.000Z,2026-07-21T18:50:04.000Z
"https://leetcode.com/problems/exam-room/","Exam Room","HEAP (PRIORITY QUEUE)","MEDIUM",177313,,"CLEAR",,false,2026-07-21T18:50:04.000Z,2026-07-21T18:50:04.000Z
"https://leetcode.com/problems/final-array-state-after-k-multiplication-operations-i/","Final Array State After K Multiplication Operations I","HEAP (PRIORITY QUEUE)","EASY",242577,,"CLEAR",,false,2026-07-21T18:50:04.000Z,2026-07-21T18:50:04.000Z
"https://leetcode.com/problems/final-array-state-after-k-multiplication-operations-ii/","Final Array State After K Multiplication Operations II","HEAP (PRIORITY QUEUE)","HARD",87965,,"CLEAR",,false,2026-07-21T18:50:04.000Z,2026-07-21T18:50:04.000Z
"https://leetcode.com/problems/find-k-pairs-with-smallest-sums/","Find K Pairs with Smallest Sums","HEAP (PRIORITY QUEUE)","MEDIUM",1139347,,"CLEAR",,false,2026-07-21T18:50:04.000Z,2026-07-21T18:50:04.000Z
"https://leetcode.com/problems/find-score-of-an-array-after-marking-all-elements/","Find Score of an Array After Marking All Elements","HEAP (PRIORITY QUEUE)","MEDIUM",212627,,"CLEAR",,false,2026-07-21T18:50:04.000Z,2026-07-21T18:50:04.000Z
"https://leetcode.com/problems/find-servers-that-handled-most-number-of-requests/","Find Servers That Handled Most Number of Requests","HEAP (PRIORITY QUEUE)","HARD",66201,,"CLEAR",,false,2026-07-21T18:50:04.000Z,2026-07-21T18:50:04.000Z
"https://leetcode.com/problems/find-subsequence-of-length-k-with-the-largest-sum/","Find Subsequence of Length K With the Largest Sum","HEAP (PRIORITY QUEUE)","EASY",321390,,"CLEAR",,false,2026-07-21T18:50:04.000Z,2026-07-21T18:50:04.000Z
"https://leetcode.com/problems/find-the-k-sum-of-an-array/","Find the K-Sum of an Array","HEAP (PRIORITY QUEUE)","HARD",34993,,"CLEAR",,false,2026-07-21T18:50:04.000Z,2026-07-21T18:50:04.000Z
"https://leetcode.com/problems/find-the-kth-smallest-sum-of-a-matrix-with-sorted-rows/","Find the Kth Smallest Sum of a Matrix With Sorted Rows","HEAP (PRIORITY QUEUE)","HARD",71605,,"CLEAR",,false,2026-07-21T18:50:04.000Z,2026-07-21T18:50:04.000Z
"https://leetcode.com/problems/find-x-sum-of-all-k-long-subarrays-i/","Find X-Sum of All K-Long Subarrays I","HEAP (PRIORITY QUEUE)","EASY",190930,,"CLEAR",,false,2026-07-21T18:50:04.000Z,2026-07-21T18:50:04.000Z
"https://leetcode.com/problems/find-x-sum-of-all-k-long-subarrays-ii/","Find X-Sum of All K-Long Subarrays II","HEAP (PRIORITY QUEUE)","HARD",160273,,"CLEAR",,false,2026-07-21T18:50:04.000Z,2026-07-21T18:50:04.000Z
"https://leetcode.com/problems/finding-mk-average/","Finding MK Average","HEAP (PRIORITY QUEUE)","HARD",76258,,"CLEAR",,false,2026-07-21T18:50:04.000Z,2026-07-21T18:50:04.000Z
"https://leetcode.com/problems/get-biggest-three-rhombus-sums-in-a-grid/","Get Biggest Three Rhombus Sums in a Grid","HEAP (PRIORITY QUEUE)","MEDIUM",125459,,"CLEAR",,false,2026-07-21T18:50:04.000Z,2026-07-21T18:50:04.000Z
"https://leetcode.com/problems/high-five/","High Five","HEAP (PRIORITY QUEUE)","EASY",168395,,"CLEAR",,false,2026-07-21T18:50:04.000Z,2026-07-21T18:50:04.000Z
"https://leetcode.com/problems/k-th-nearest-obstacle-queries/","K-th Nearest Obstacle Queries","HEAP (PRIORITY QUEUE)","MEDIUM",75146,,"CLEAR",,false,2026-07-21T18:50:04.000Z,2026-07-21T18:50:04.000Z
"https://leetcode.com/problems/kth-smallest-element-in-a-sorted-matrix/","Kth Smallest Element in a Sorted Matrix","HEAP (PRIORITY QUEUE)","MEDIUM",1278665,,"CLEAR",,false,2026-07-21T18:50:04.000Z,2026-07-21T18:50:04.000Z
"https://leetcode.com/problems/largest-number-after-digit-swaps-by-parity/","Largest Number After Digit Swaps by Parity","HEAP (PRIORITY QUEUE)","EASY",106204,,"CLEAR",,false,2026-07-21T18:50:04.000Z,2026-07-21T18:50:04.000Z
"https://leetcode.com/problems/last-stone-weight/","Last Stone Weight","HEAP (PRIORITY QUEUE)","EASY",1464813,,"CLEAR",,false,2026-07-21T18:50:04.000Z,2026-07-21T18:50:04.000Z
"https://leetcode.com/problems/longest-continuous-subarray-with-absolute-diff-less-than-or-equal-to-limit/","Longest Continuous Subarray With Absolute Diff Less Than or Equal to Limit","HEAP (PRIORITY QUEUE)","MEDIUM",561330,,"CLEAR",,false,2026-07-21T18:50:04.000Z,2026-07-21T18:50:04.000Z
"https://leetcode.com/problems/mark-elements-on-array-by-performing-queries/","Mark Elements on Array by Performing Queries","HEAP (PRIORITY QUEUE)","MEDIUM",46476,,"CLEAR",,false,2026-07-21T18:50:04.000Z,2026-07-21T18:50:04.000Z
"https://leetcode.com/problems/max-sum-of-a-pair-with-equal-sum-of-digits/","Max Sum of a Pair With Equal Sum of Digits","HEAP (PRIORITY QUEUE)","MEDIUM",383555,,"CLEAR",,false,2026-07-21T18:50:04.000Z,2026-07-21T18:50:04.000Z
"https://leetcode.com/problems/max-value-of-equation/","Max Value of Equation","HEAP (PRIORITY QUEUE)","HARD",126439,,"CLEAR",,false,2026-07-21T18:50:04.000Z,2026-07-21T18:50:04.000Z
"https://leetcode.com/problems/maximum-number-of-robots-within-budget/","Maximum Number of Robots Within Budget","HEAP (PRIORITY QUEUE)","HARD",95814,,"CLEAR",,false,2026-07-21T18:50:04.000Z,2026-07-21T18:50:04.000Z
"https://leetcode.com/problems/maximum-product-of-two-elements-in-an-array/","Maximum Product of Two Elements in an Array","HEAP (PRIORITY QUEUE)","EASY",609356,,"CLEAR",,false,2026-07-21T18:50:04.000Z,2026-07-21T18:50:04.000Z
"https://leetcode.com/problems/meeting-rooms-iii/","Meeting Rooms III","HEAP (PRIORITY QUEUE)","HARD",591072,,"CLEAR",,false,2026-07-21T18:50:04.000Z,2026-07-21T18:50:04.000Z
"https://leetcode.com/problems/minimum-deletions-to-make-array-divisible/","Minimum Deletions to Make Array Divisible","HEAP (PRIORITY QUEUE)","HARD",81762,,"CLEAR",,false,2026-07-21T18:50:04.000Z,2026-07-21T18:50:04.000Z
"https://leetcode.com/problems/minimum-interval-to-include-each-query/","Minimum Interval to Include Each Query","HEAP (PRIORITY QUEUE)","HARD",139498,,"CLEAR",,false,2026-07-21T18:50:04.000Z,2026-07-21T18:50:04.000Z
"https://leetcode.com/problems/minimum-number-game/","Minimum Number Game","HEAP (PRIORITY QUEUE)","EASY",189847,,"CLEAR",,false,2026-07-21T18:50:04.000Z,2026-07-21T18:50:04.000Z
"https://leetcode.com/problems/minimum-operations-to-exceed-threshold-value-ii/","Minimum Operations to Exceed Threshold Value II","HEAP (PRIORITY QUEUE)","MEDIUM",418103,,"CLEAR",,false,2026-07-21T18:50:04.000Z,2026-07-21T18:50:04.000Z
"https://leetcode.com/problems/minimum-operations-to-make-subarray-elements-equal/","Minimum Operations to Make Subarray Elements Equal","HEAP (PRIORITY QUEUE)","MEDIUM",1644,,"CLEAR",,false,2026-07-21T18:50:04.000Z,2026-07-21T18:50:04.000Z
"https://leetcode.com/problems/most-frequent-ids/","Most Frequent IDs","HEAP (PRIORITY QUEUE)","MEDIUM",60928,,"CLEAR",,false,2026-07-21T18:50:04.000Z,2026-07-21T18:50:04.000Z
"https://leetcode.com/problems/most-popular-video-creator/","Most Popular Video Creator","HEAP (PRIORITY QUEUE)","MEDIUM",63982,,"CLEAR",,false,2026-07-21T18:50:04.000Z,2026-07-21T18:50:04.000Z
"https://leetcode.com/problems/next-greater-element-iv/","Next Greater Element IV","HEAP (PRIORITY QUEUE)","HARD",47341,,"CLEAR",,false,2026-07-21T18:50:04.000Z,2026-07-21T18:50:04.000Z
"https://leetcode.com/problems/number-of-orders-in-the-backlog/","Number of Orders in the Backlog","HEAP (PRIORITY QUEUE)","MEDIUM",72149,,"CLEAR",,false,2026-07-21T18:50:04.000Z,2026-07-21T18:50:04.000Z
"https://leetcode.com/problems/process-tasks-using-servers/","Process Tasks Using Servers","HEAP (PRIORITY QUEUE)","MEDIUM",116286,,"CLEAR",,false,2026-07-21T18:50:04.000Z,2026-07-21T18:50:04.000Z
"https://leetcode.com/problems/relative-ranks/","Relative Ranks","HEAP (PRIORITY QUEUE)","EASY",575115,,"CLEAR",,false,2026-07-21T18:50:04.000Z,2026-07-21T18:50:04.000Z
"https://leetcode.com/problems/reward-top-k-students/","Reward Top K Students","HEAP (PRIORITY QUEUE)","MEDIUM",67292,,"CLEAR",,false,2026-07-21T18:50:04.000Z,2026-07-21T18:50:04.000Z
"https://leetcode.com/problems/seat-reservation-manager/","Seat Reservation Manager","HEAP (PRIORITY QUEUE)","MEDIUM",225854,,"CLEAR",,false,2026-07-21T18:50:04.000Z,2026-07-21T18:50:04.000Z
"https://leetcode.com/problems/sequentially-ordinal-rank-tracker/","Sequentially Ordinal Rank Tracker","HEAP (PRIORITY QUEUE)","HARD",34009,,"CLEAR",,false,2026-07-21T18:50:04.000Z,2026-07-21T18:50:04.000Z
"https://leetcode.com/problems/shortest-subarray-with-sum-at-least-k/","Shortest Subarray with Sum at Least K","HEAP (PRIORITY QUEUE)","HARD",662579,,"CLEAR",,false,2026-07-21T18:50:04.000Z,2026-07-21T18:50:04.000Z
"https://leetcode.com/problems/single-threaded-cpu/","Single-Threaded CPU","HEAP (PRIORITY QUEUE)","MEDIUM",339732,,"CLEAR",,false,2026-07-21T18:50:04.000Z,2026-07-21T18:50:04.000Z
"https://leetcode.com/problems/sliding-window-maximum/","Sliding Window Maximum","HEAP (PRIORITY QUEUE)","HARD",3597217,,"CLEAR",,false,2026-07-21T18:50:04.000Z,2026-07-21T18:50:04.000Z
"https://leetcode.com/problems/sliding-window-median/","Sliding Window Median","HEAP (PRIORITY QUEUE)","HARD",579118,,"CLEAR",,false,2026-07-21T18:50:04.000Z,2026-07-21T18:50:04.000Z
"https://leetcode.com/problems/smallest-number-in-infinite-set/","Smallest Number in Infinite Set","HEAP (PRIORITY QUEUE)","MEDIUM",340371,,"CLEAR",,false,2026-07-21T18:50:04.000Z,2026-07-21T18:50:04.000Z
"https://leetcode.com/problems/sort-characters-by-frequency/","Sort Characters By Frequency","HEAP (PRIORITY QUEUE)","MEDIUM",1543793,,"CLEAR",,false,2026-07-21T18:50:04.000Z,2026-07-21T18:50:04.000Z
"https://leetcode.com/problems/stock-price-fluctuation/","Stock Price Fluctuation ","HEAP (PRIORITY QUEUE)","MEDIUM",206604,,"CLEAR",,false,2026-07-21T18:50:04.000Z,2026-07-21T18:50:04.000Z
"https://leetcode.com/problems/sum-in-a-matrix/","Sum in a Matrix","HEAP (PRIORITY QUEUE)","MEDIUM",84408,,"CLEAR",,false,2026-07-21T18:50:04.000Z,2026-07-21T18:50:04.000Z
"https://leetcode.com/problems/take-gifts-from-the-richest-pile/","Take Gifts From the Richest Pile","HEAP (PRIORITY QUEUE)","EASY",271358,,"CLEAR",,false,2026-07-21T18:50:04.000Z,2026-07-21T18:50:04.000Z
"https://leetcode.com/problems/the-k-weakest-rows-in-a-matrix/","The K Weakest Rows in a Matrix","HEAP (PRIORITY QUEUE)","EASY",577684,,"CLEAR",,false,2026-07-21T18:50:04.000Z,2026-07-21T18:50:04.000Z
"https://leetcode.com/problems/the-number-of-the-smallest-unoccupied-chair/","The Number of the Smallest Unoccupied Chair","HEAP (PRIORITY QUEUE)","MEDIUM",215477,,"CLEAR",,false,2026-07-21T18:50:04.000Z,2026-07-21T18:50:04.000Z
"https://leetcode.com/problems/time-to-cross-a-bridge/","Time to Cross a Bridge","HEAP (PRIORITY QUEUE)","HARD",13552,,"CLEAR",,false,2026-07-21T18:50:04.000Z,2026-07-21T18:50:04.000Z
"https://leetcode.com/problems/add-two-numbers-ii/","Add Two Numbers II","LINKED LIST","MEDIUM",946301,,"SUCCESS","/**
 * Definition for singly-linked list.
 * struct ListNode {
 *     int val;
 *     ListNode *next;
 *     ListNode() : val(0), next(nullptr) {}
 *     ListNode(int x) : val(x), next(nullptr) {}
 *     ListNode(int x, ListNode *next) : val(x), next(next) {}
 * };
 */
class Solution {
public:
    ListNode* addTwoNumbers(ListNode* l1, ListNode* l2) {
        if (l1 == nullptr) {
            return l2;
        }
        if (l2 == nullptr) {
            return l1;
        }

        stack<int> s1, s2, s3;

        while (l1 != nullptr) {
            s1.push(l1->val);
            l1 = l1->next;
        }
        while (l2 != nullptr) {
            s2.push(l2->val);
            l2 = l2->next;
        }

        int sum = 0;
        while (!s1.empty() && !s2.empty()) {
            sum += s1.top();
            s1.pop();
            sum += s2.top();
            s2.pop();
            s3.push(sum % 10);
            sum /= 10;
        }
        while (!s1.empty()) {
            sum += s1.top();
            s1.pop();
            s3.push(sum % 10);
            sum /= 10;
        }
        while (!s2.empty()) {
            sum += s2.top();
            s2.pop();
            s3.push(sum % 10);
            sum /= 10;
        }
        while (sum > 0) {
            s3.push(sum % 10);
            sum /= 10;
        }
        ListNode* head = nullptr;
        ListNode* temp = nullptr;

        while (!s3.empty()) {
            ListNode* node = new ListNode(s3.top());
            s3.pop();
            if (head == nullptr) {
                head = node;
                temp = node;
            } else {
                temp->next = node;
                temp = temp->next;
            }
        }
        return head;
    }
};",true,2026-07-21T18:50:04.000Z,2026-09-05T12:54:38.709Z
"https://leetcode.com/problems/add-two-polynomials-represented-as-linked-lists/","Add Two Polynomials Represented as Linked Lists","LINKED LIST","MEDIUM",27104,,"CLEAR",,true,2026-07-21T18:50:04.000Z,2026-09-02T14:41:47.233Z
"https://leetcode.com/problems/convert-binary-number-in-a-linked-list-to-integer/","Convert Binary Number in a Linked List to Integer","LINKED LIST","EASY",900977,,"SUCCESS","/**
 * Definition for singly-linked list.
 * struct ListNode {
 *     int val;
 *     ListNode *next;
 *     ListNode() : val(0), next(nullptr) {}
 *     ListNode(int x) : val(x), next(nullptr) {}
 *     ListNode(int x, ListNode *next) : val(x), next(next) {}
 * };
 */
class Solution {
public:
    int getDecimalValue(ListNode* head) {
        while (head->val == 0) {
            head = head->next;
            if (head == nullptr) {
                return 0;
            }
        }

        vector<int> arr;
        while (head != nullptr) {
            arr.push_back(head->val);
            head = head->next;
        }

        int ans = 0, n = arr.size();
        for (int i = 0; i < n; i++) {
            ans += arr[i] ? pow(2, n - 1 - i) : 0;
        }

        return ans;
    }
};",true,2026-07-21T18:50:04.000Z,2026-09-02T14:41:47.233Z
"https://leetcode.com/problems/copy-list-with-random-pointer/","Copy List with Random Pointer","LINKED LIST","MEDIUM",3109169,,"CLEAR",,true,2026-07-21T18:50:04.000Z,2026-09-02T14:41:47.233Z
"https://leetcode.com/problems/delete-n-nodes-after-m-nodes-of-a-linked-list/","Delete N Nodes After M Nodes of a Linked List","LINKED LIST","EASY",57198,,"CLEAR",,true,2026-07-21T18:50:04.000Z,2026-09-02T14:41:47.233Z
"https://leetcode.com/problems/delete-node-in-a-linked-list/","Delete Node in a Linked List","LINKED LIST","MEDIUM",2496946,,"SUCCESS","/**
 * Definition for singly-linked list.
 * struct ListNode {
 *     int val;
 *     ListNode *next;
 *     ListNode(int x) : val(x), next(NULL) {}
 * };
 */
class Solution {
public:
    void deleteNode(ListNode* node) {
        while (node->next->next != nullptr) {
            node->val = node->next->val;
            node = node->next;
        }
        node->val = node->next->val;
        node->next = nullptr;
    }
};",true,2026-07-21T18:50:04.000Z,2026-09-04T23:00:08.954Z
"https://leetcode.com/problems/delete-nodes-from-linked-list-present-in-array/","Delete Nodes From Linked List Present in Array","LINKED LIST","MEDIUM",496688,,"SUCCESS","/**
 * Definition for singly-linked list.
 * struct ListNode {
 *     int val;
 *     ListNode *next;
 *     ListNode() : val(0), next(nullptr) {}
 *     ListNode(int x) : val(x), next(nullptr) {}
 *     ListNode(int x, ListNode *next) : val(x), next(next) {}
 * };
 */
class Solution {
public:
    ListNode* modifiedList(vector<int>& nums, ListNode* head) {
        unordered_set<int> st;
        for (auto num : nums) {
            st.insert(num);
        }
        while (st.contains(head->val)) {
            head = head->next;
        }
        auto temp = head;
        while (temp != nullptr && temp->next != nullptr) {
            if (st.contains(temp->next->val)) {
                temp->next = temp->next->next;
            } else {
                temp = temp->next;
            }
        }
        return head;
    }
};",true,2026-07-21T18:50:04.000Z,2026-09-05T23:15:45.125Z
"https://leetcode.com/problems/delete-the-middle-node-of-a-linked-list/","Delete the Middle Node of a Linked List","LINKED LIST","MEDIUM",1853949,,"SUCCESS","/**
 * Definition for singly-linked list.
 * struct ListNode {
 *     int val;
 *     ListNode *next;
 *     ListNode() : val(0), next(nullptr) {}
 *     ListNode(int x) : val(x), next(nullptr) {}
 *     ListNode(int x, ListNode *next) : val(x), next(next) {}
 * };
 */
class Solution {
public:
    ListNode* deleteMiddle(ListNode* head) {
        if (head == nullptr || head->next == nullptr) {
            return nullptr;
        }

        int n = 0;
        auto temp = head;
        while (temp != nullptr) {
            n++;
            temp = temp->next;
        }
        int m = (n / 2) - 1;
        temp = head;
        while (m > 0) {
            temp = temp->next;
            m--;
        }
        auto del = temp->next;
        temp->next = temp->next->next;
        del->next = nullptr;
        return head;
    }
};",true,2026-07-21T18:50:04.000Z,2026-09-05T06:08:27.035Z
"https://leetcode.com/problems/design-circular-deque/","Design Circular Deque","LINKED LIST","MEDIUM",328424,,"CLEAR",,true,2026-07-21T18:50:04.000Z,2026-09-02T14:41:47.233Z
"https://leetcode.com/problems/design-circular-queue/","Design Circular Queue","LINKED LIST","MEDIUM",910165,,"CLEAR",,true,2026-07-21T18:50:04.000Z,2026-09-02T14:41:47.233Z
"https://leetcode.com/problems/design-hashmap/","Design HashMap","LINKED LIST","EASY",1181647,,"SUCCESS","class MyHashMap {
    vector<int> mp;

public:
    MyHashMap() { mp = vector<int>(1000001, -1); }

    void put(int key, int value) { mp[key] = value; }

    int get(int key) { return mp[key]; }

    void remove(int key) { mp[key] = -1; }
};

/**
 * Your MyHashMap object will be instantiated and called as such:
 * MyHashMap* obj = new MyHashMap();
 * obj->put(key,value);
 * int param_2 = obj->get(key);
 * obj->remove(key);
 */",true,2026-07-21T18:50:04.000Z,2026-09-02T14:41:47.233Z
"https://leetcode.com/problems/design-hashset/","Design HashSet","LINKED LIST","EASY",869503,,"SUCCESS","class MyHashSet {
    vector<bool> keys;

public:
    MyHashSet() { keys = vector<bool>(1000001, false); }

    void add(int key) { keys[key] = true; }

    void remove(int key) { keys[key] = false; }

    bool contains(int key) { return keys[key]; }
};

/**
 * Your MyHashSet object will be instantiated and called as such:
 * MyHashSet* obj = new MyHashSet();
 * obj->add(key);
 * obj->remove(key);
 * bool param_3 = obj->contains(key);
 */",true,2026-07-21T18:50:04.000Z,2026-09-02T14:41:47.233Z
"https://leetcode.com/problems/design-linked-list/","Design Linked List","LINKED LIST","MEDIUM",1668764,,"ERROR","class Node {
public:
    int val;
    Node* next;
    Node(int val) {
        this->val = val;
        next = nullptr;
    }
};

class MyLinkedList {
    Node* head;

public:
    MyLinkedList() { head = nullptr; }

    void printList(){
        auto temp = head;
        while(temp!=nullptr){
            cout<<head->val<<"" "";
        }
        cout<<endl;
    }

    int get(int index) {
        while (index > 0 && head != nullptr) {
            head = head->next;
            index--;
        }
        if (head != nullptr) {
            return head->val;
        }
        return -1;
    }

    void addAtHead(int val) {
        Node* new_node = new Node(val);
        new_node->next = head;
        head = new_node;
    }

    void addAtTail(int val) {
        Node* new_node = new Node(val);
        if (head == nullptr) {
            head = new_node;
        } else {
            auto temp = head;
            while (temp->next != nullptr) {
                temp = temp->next;
            }
            temp->next = new_node;
        }
    }

    void addAtIndex(int index, int val) {
        if (index == 0) {
            addAtHead(val);
        } else {
            index--;
            auto temp = head;
            while (index > 0) {
                temp = temp->next;
                index--;
            }
            Node* new_node = new Node(val);
            new_node->next = temp->next;
            temp->next = new_node;
        }
    }

    void deleteAtIndex(int index) {
        if (index == 0) {
            auto temp = head;
            head = head->next;
            temp->next = nullptr;
        } else {
            index--;
            auto temp = head;
            while (index > 0) {
                temp = temp->next;
                index--;
            }
            auto del = temp->next;
            temp->next = del->next;
            del = nullptr;
        }
    }
};

/**
 * Your MyLinkedList object will be instantiated and called as such:
 * MyLinkedList* obj = new MyLinkedList();
 * int param_1 = obj->get(index);
 * obj->addAtHead(val);
 * obj->addAtTail(val);
 * obj->addAtIndex(index,val);
 * obj->deleteAtIndex(index);
 */",true,2026-07-21T18:50:04.000Z,2026-09-05T09:33:40.645Z
"https://leetcode.com/problems/design-phone-directory/","Design Phone Directory","LINKED LIST","MEDIUM",145657,,"CLEAR",,true,2026-07-21T18:50:04.000Z,2026-09-02T14:41:47.233Z
"https://leetcode.com/problems/design-skiplist/","Design Skiplist","LINKED LIST","HARD",63120,,"CLEAR",,true,2026-07-21T18:50:04.000Z,2026-09-02T14:41:47.233Z
"https://leetcode.com/problems/design-twitter/","Design Twitter","LINKED LIST","MEDIUM",807372,,"ERROR","class Twitter {
    unordered_map<int, vector<pair<int, int>>> tweets;
    unordered_map<int, set<int>> users;
    int count;

public:
    Twitter() { count = 0; }

    void postTweet(int userId, int tweetId) {
        if (!users.contains(userId)) {
            users[userId] = {};
        }
        if (!tweets.contains(userId)) {
            tweets[userId] = {};
        }
        tweets[userId].push_back({tweetId, count++});
    }

    void follow(int followerId, int followeeId) {
        if (followerId == = followeeId) {
            return;
        }
        users[followerId].insert(followeeId);
    }

    void unfollow(int followerId, int followeeId) {
        users[followerId].erase(followeeId);
    }

    vector<int> getNewsFeed(int userId) {
        
    }
};

/**
 * Your Twitter object will be instantiated and called as such:
 * Twitter* obj = new Twitter();
 * obj->postTweet(userId,tweetId);
 * vector<int> param_2 = obj->getNewsFeed(userId);
 * obj->follow(followerId,followeeId);
 * obj->unfollow(followerId,followeeId);
 */",true,2026-07-21T18:50:04.000Z,2026-09-02T14:41:47.233Z
"https://leetcode.com/problems/double-a-number-represented-as-a-linked-list/","Double a Number Represented as a Linked List","LINKED LIST","MEDIUM",336714,,"SUCCESS","/**
 * Definition for singly-linked list.
 * struct ListNode {
 *     int val;
 *     ListNode *next;
 *     ListNode() : val(0), next(nullptr) {}
 *     ListNode(int x) : val(x), next(nullptr) {}
 *     ListNode(int x, ListNode *next) : val(x), next(next) {}
 * };
 */
class Solution {
public:
    ListNode* doubleIt(ListNode* head) {
        stack<int> st1, st2;
        int sum = 0;
        while (head != nullptr) {
            sum += head->val;
            head = head->next;
            st1.push(sum % 10);
            sum /= 10;
        }
        while (sum > 0) {
            st1.push(sum % 10);
            sum /= 10;
        }
        while (!st1.empty()) {
            sum += 2 * st1.top();
            st1.pop();
            st2.push(sum % 10);
            sum /= 10;
        }
        while (sum > 0) {
            st2.push(sum % 10);
            sum /= 10;
        }
        head = nullptr;
        ListNode* tail = nullptr;
        while (!st2.empty()) {
            ListNode* node = new ListNode(st2.top());
            st2.pop();
            if (head == nullptr) {
                head = node;
                tail = node;
            } else {
                tail->next = node;
                tail = tail->next;
            }
        }
        return head;
    }
};",true,2026-07-21T18:50:04.000Z,2026-09-06T10:11:10.992Z
"https://leetcode.com/problems/find-the-minimum-and-maximum-number-of-nodes-between-critical-points/","Find the Minimum and Maximum Number of Nodes Between Critical Points","LINKED LIST","MEDIUM",300635,,"CLEAR",,true,2026-07-21T18:50:04.000Z,2026-09-02T14:41:47.233Z
"https://leetcode.com/problems/insert-greatest-common-divisors-in-linked-list/","Insert Greatest Common Divisors in Linked List","LINKED LIST","MEDIUM",335062,,"CLEAR",,true,2026-07-21T18:50:04.000Z,2026-09-02T14:41:47.233Z
"https://leetcode.com/problems/insert-into-a-sorted-circular-linked-list/","Insert into a Sorted Circular Linked List","LINKED LIST","MEDIUM",638977,,"CLEAR",,true,2026-07-21T18:50:04.000Z,2026-09-02T14:41:47.233Z
"https://leetcode.com/problems/insertion-sort-list/","Insertion Sort List","LINKED LIST","MEDIUM",852725,,"SUCCESS","/**
 * Definition for singly-linked list.
 * struct ListNode {
 *     int val;
 *     ListNode *next;
 *     ListNode() : val(0), next(nullptr) {}
 *     ListNode(int x) : val(x), next(nullptr) {}
 *     ListNode(int x, ListNode *next) : val(x), next(next) {}
 * };
 */
class Solution {
public:
    ListNode* insert(ListNode* head, ListNode* node) {
        if (node->val < head->val) {
            node->next = head;
            return node;
        }
        ListNode* temp = head;
        while (temp->next != nullptr && node->val >= temp->next->val) {
            temp = temp->next;
        }
        node->next = temp->next;
        temp->next = node;
        return head;
    }
    ListNode* insertionSortList(ListNode* head) {
        ListNode* sorted = head;
        head = head->next;
        sorted->next = nullptr;
        while (head != nullptr) {
            ListNode* temp = head;
            head = head->next;
            temp->next = nullptr;
            sorted = insert(sorted, temp);
        }
        return sorted;
    }
};",true,2026-07-21T18:50:04.000Z,2026-09-05T13:37:38.179Z
"https://leetcode.com/problems/intersection-of-two-linked-lists/","Intersection of Two Linked Lists","LINKED LIST","EASY",3866994,,"SUCCESS","/**
 * Definition for singly-linked list.
 * struct ListNode {
 *     int val;
 *     ListNode *next;
 *     ListNode(int x) : val(x), next(NULL) {}
 * };
 */
class Solution {
public:
    ListNode* getIntersectionNode(ListNode* headA, ListNode* headB) {
        auto a = headA, b = headB;
        while (a != b) {
            // INVESTIGATE WHY THIS GAVE ERRORS
            // a = a->next == nullptr ? headB : a->next;
            // b = b->next == nullptr ? headA : b->next;

            a = a == nullptr ? headB : a->next;
            b = b == nullptr ? headA : b->next;
        }
        return a;
    }
};",true,2026-07-21T18:50:04.000Z,2026-09-02T14:50:44.898Z
"https://leetcode.com/problems/linked-list-components/","Linked List Components","LINKED LIST","MEDIUM",222536,,"CLEAR",,true,2026-07-21T18:50:04.000Z,2026-09-02T14:41:47.233Z
"https://leetcode.com/problems/linked-list-cycle/","Linked List Cycle","LINKED LIST","EASY",9346811,"Can be optimized in terms of conditions logic, using ""nullptr"" instead of ""NULL""","SUCCESS","/**
 * Definition for singly-linked list.
 * struct ListNode {
 *     int val;
 *     ListNode *next;
 *     ListNode(int x) : val(x), next(NULL) {}
 * };
 */
class Solution {
public:
    bool hasCycle(ListNode* head) {
        ListNode* slow = head;
        ListNode* fast = head;

        while (slow != NULL && fast != NULL) {
            slow = slow->next;
            fast = fast->next;

            if (fast != NULL) {
                fast = fast->next;
            } else {
                break;
            }

            if (slow == fast) {
                return true;
            }
        }
        return false;
    }
};",true,2026-07-21T18:50:04.000Z,2026-09-02T14:41:47.233Z
"https://leetcode.com/problems/linked-list-cycle-ii/","Linked List Cycle II","LINKED LIST","MEDIUM",3618022,,"SUCCESS","/**
 * Definition for singly-linked list.
 * struct ListNode {
 *     int val;
 *     ListNode *next;
 *     ListNode(int x) : val(x), next(NULL) {}
 * };
 */
class Solution {
public:
    ListNode* detectCycle(ListNode* head) {
        if (head == nullptr || head->next == nullptr) {
            return nullptr;
        }

        auto s = head, f = head;

        while (f != nullptr && f->next != nullptr) {
            s = s->next;
            f = f->next->next;
            if (f == s) {
                break;
            }
        }
        if (s != f || f == nullptr) {
            return nullptr;
        }
        s = head;
        while (s != f) {
            s = s->next;
            f = f->next;
        }
        return f;
    }
};",true,2026-07-21T18:50:04.000Z,2026-09-03T16:07:37.953Z
"https://leetcode.com/problems/linked-list-frequency/","Linked List Frequency","LINKED LIST","EASY",17988,,"CLEAR",,true,2026-07-21T18:50:04.000Z,2026-09-02T14:41:47.233Z
"https://leetcode.com/problems/linked-list-random-node/","Linked List Random Node","LINKED LIST","MEDIUM",454632,,"SUCCESS","/**
 * Definition for singly-linked list.
 * struct ListNode {
 *     int val;
 *     ListNode *next;
 *     ListNode() : val(0), next(nullptr) {}
 *     ListNode(int x) : val(x), next(nullptr) {}
 *     ListNode(int x, ListNode *next) : val(x), next(next) {}
 * };
 */
class Solution {
    ListNode* head;
    int n;
public:
    Solution(ListNode* head) {
        this->head = head;
        n = 0;
        auto temp = head;
        while(temp!=nullptr){
            n++;
            temp = temp->next;
        }
    }
    
    int getRandom() {
        int i = rand()%n;
        auto temp = head;
        while(i > 0){
            i--;
            temp = temp->next;
        }
        return temp->val;
    }
};

/**
 * Your Solution object will be instantiated and called as such:
 * Solution* obj = new Solution(head);
 * int param_1 = obj->getRandom();
 */",true,2026-07-21T18:50:04.000Z,2026-09-05T23:22:59.924Z
"https://leetcode.com/problems/maximum-twin-sum-of-a-linked-list/","Maximum Twin Sum of a Linked List","LINKED LIST","MEDIUM",758216,,"SUCCESS","/**
 * Definition for singly-linked list.
 * struct ListNode {
 *     int val;
 *     ListNode *next;
 *     ListNode() : val(0), next(nullptr) {}
 *     ListNode(int x) : val(x), next(nullptr) {}
 *     ListNode(int x, ListNode *next) : val(x), next(next) {}
 * };
 */
class Solution {
public:
    ListNode* reverse(ListNode* head) {
        ListNode* temp = nullptr;
        while (head != nullptr) {
            auto node = head;
            head = head->next;
            node->next = temp;
            temp = node;
        }
        return temp;
    }
    int pairSum(ListNode* head) {
        auto f = head, s = head;
        while (f->next != nullptr && f->next->next != nullptr) {
            s = s->next;
            f = f->next->next;
        }
        auto left = head;
        auto right = reverse(s->next);
        int ans = 0;
        while (right != nullptr) {
            ans = max(ans, left->val + right->val);
            left = left->next;
            right = right->next;
        }
        return ans;
    }
};
",true,2026-07-21T18:50:04.000Z,2026-09-05T14:41:16.707Z
"https://leetcode.com/problems/merge-in-between-linked-lists/","Merge In Between Linked Lists","LINKED LIST","MEDIUM",344430,,"SUCCESS","/**
 * Definition for singly-linked list.
 * struct ListNode {
 *     int val;
 *     ListNode *next;
 *     ListNode() : val(0), next(nullptr) {}
 *     ListNode(int x) : val(x), next(nullptr) {}
 *     ListNode(int x, ListNode *next) : val(x), next(next) {}
 * };
 */
class Solution {
public:
    ListNode* mergeInBetween(ListNode* list1, int a, int b, ListNode* list2) {
        auto A = list1, B = list1;
        while (a > 1) {
            a--;
            A = A->next;
        }
        while (b >= 0) {
            b--;
            B = B->next;
        }
        A->next = list2;
        while (list2->next != nullptr) {
            list2 = list2->next;
        }
        list2->next = B;
        B = nullptr;
        return list1;
    }
};",true,2026-07-21T18:50:04.000Z,2026-09-06T09:15:29.965Z
"https://leetcode.com/problems/merge-nodes-in-between-zeros/","Merge Nodes in Between Zeros","LINKED LIST","MEDIUM",393715,,"SUCCESS","/**
 * Definition for singly-linked list.
 * struct ListNode {
 *     int val;
 *     ListNode *next;
 *     ListNode() : val(0), next(nullptr) {}
 *     ListNode(int x) : val(x), next(nullptr) {}
 *     ListNode(int x, ListNode *next) : val(x), next(next) {}
 * };
 */
class Solution {
public:
    ListNode* mergeNodes(ListNode* head) {
        auto temp = head;
        int sum = 0;

        while (temp != nullptr && temp->next != nullptr) {
            if (temp->val > 0 && temp->next->val > 0) {
                temp->val += temp->next->val;
                temp->next = temp->next->next;
            } else if (temp->next->val == 0) {
                temp->next = temp->next->next;
                temp = temp->next;
            } else {
                temp = temp->next;
            }
        }
        return head->next;
    }
};",true,2026-07-21T18:50:04.000Z,2026-09-06T00:56:31.548Z
"https://leetcode.com/problems/middle-of-the-linked-list/","Middle of the Linked List","LINKED LIST","EASY",3854959,,"SUCCESS","/**
 * Definition for singly-linked list.
 * struct ListNode {
 *     int val;
 *     ListNode *next;
 *     ListNode() : val(0), next(nullptr) {}
 *     ListNode(int x) : val(x), next(nullptr) {}
 *     ListNode(int x, ListNode *next) : val(x), next(next) {}
 * };
 */
class Solution {
public:
    ListNode* middleNode(ListNode* head) {
        auto fast = head;
        auto slow = head;

        while(fast!=nullptr && fast->next!=nullptr){
            slow = slow->next;
            fast = fast->next->next;
        }
        return slow;
    }
};",true,2026-07-21T18:50:04.000Z,2026-09-02T14:41:47.233Z
"https://leetcode.com/problems/next-greater-node-in-linked-list/","Next Greater Node In Linked List","LINKED LIST","MEDIUM",361133,,"CLEAR",,true,2026-07-21T18:50:04.000Z,2026-09-02T14:41:47.233Z
"https://leetcode.com/problems/odd-even-linked-list/","Odd Even Linked List","LINKED LIST","MEDIUM",2507042,,"CLEAR",,true,2026-07-21T18:50:04.000Z,2026-09-02T14:41:47.233Z
"https://leetcode.com/problems/partition-list/","Partition List","LINKED LIST","MEDIUM",1532982,"## C++ Multiple Pointer Declaration

In C++, `*` applies to the **variable**, not the entire declaration.

```cpp
ListNode* a, b, c;
```

means:

```cpp
ListNode* a;  // pointer
ListNode  b;  // object
ListNode  c;  // object
```

So this is **wrong** if all should be pointers:

```cpp
ListNode* left = nullptr, right = nullptr;
```

Use:

```cpp
ListNode* left = nullptr;
ListNode* right = nullptr;
```

Or:

```cpp
ListNode *left = nullptr, *right = nullptr;
```

### Rule to remember

> **Every pointer variable needs its own `*`.**","SUCCESS","/**
 * Definition for singly-linked list.
 * struct ListNode {
 *     int val;
 *     ListNode *next;
 *     ListNode() : val(0), next(nullptr) {}
 *     ListNode(int x) : val(x), next(nullptr) {}
 *     ListNode(int x, ListNode *next) : val(x), next(next) {}
 * };
 */
class Solution {
public:
    ListNode* partition(ListNode* head, int x) {
        ListNode* left = nullptr;
        ListNode* right = nullptr;
        ListNode* i = nullptr;
        ListNode* j = nullptr;
        ListNode* temp = head;

        while(temp!=nullptr){
            ListNode* node = temp;
            temp = temp->next;
            node->next = nullptr;
            if(node->val < x){
                if(left == nullptr){
                    left = node;
                    i = node;
                }else{
                    i->next = node;
                    i = i->next;
                }
            }else{
                if(right == nullptr){
                    right = node;
                    j = node;
                }else{
                    j->next = node;
                    j = j->next;
                }

            }

        }
        if(i!=nullptr){
            i->next = right;
            return left;
        }
        return right;
    }
};",true,2026-07-21T18:50:04.000Z,2026-09-05T11:38:08.617Z
"https://leetcode.com/problems/plus-one-linked-list/","Plus One Linked List","LINKED LIST","MEDIUM",144715,,"CLEAR",,true,2026-07-21T18:50:04.000Z,2026-09-02T14:41:47.233Z
"https://leetcode.com/problems/remove-duplicates-from-an-unsorted-linked-list/","Remove Duplicates From an Unsorted Linked List","LINKED LIST","MEDIUM",53456,,"CLEAR",,true,2026-07-21T18:50:04.000Z,2026-09-02T14:41:47.233Z
"https://leetcode.com/problems/remove-duplicates-from-sorted-list/","Remove Duplicates from Sorted List","LINKED LIST","EASY",4337191,,"SUCCESS","/**
 * Definition for singly-linked list.
 * struct ListNode {
 *     int val;
 *     ListNode *next;
 *     ListNode() : val(0), next(nullptr) {}
 *     ListNode(int x) : val(x), next(nullptr) {}
 *     ListNode(int x, ListNode *next) : val(x), next(next) {}
 * };
 */
class Solution {
public:
    ListNode* deleteDuplicates(ListNode* head) {
        ListNode* pointer = head;
        while (pointer != nullptr && pointer->next != nullptr) {
            if (pointer->val == pointer->next->val) {
                pointer->next = pointer->next->next;
            } else {
                pointer = pointer->next;
            }
        }
        return head;
    }
};",true,2026-07-21T18:50:04.000Z,2026-09-02T14:41:47.233Z
"https://leetcode.com/problems/remove-duplicates-from-sorted-list-ii/","Remove Duplicates from Sorted List II","LINKED LIST","MEDIUM",2188051,,"SUCCESS","/**
 * Definition for singly-linked list.
 * struct ListNode {
 *     int val;
 *     ListNode *next;
 *     ListNode() : val(0), next(nullptr) {}
 *     ListNode(int x) : val(x), next(nullptr) {}
 *     ListNode(int x, ListNode *next) : val(x), next(next) {}
 * };
 */
class Solution {
public:
    ListNode* deleteDuplicates(ListNode* head) {

        unordered_map<int, int> freq;
        auto temp = head;
        while (temp != nullptr) {
            freq[temp->val]++;
            temp = temp->next;
        }

        while (head != nullptr && freq[head->val] > 1) {
            temp = head;
            head = head->next;
            temp->next = nullptr;
        }

        temp = head;
        while (temp != nullptr && temp->next != nullptr) {
            if (freq[temp->next->val] > 1) {
                auto dup = temp->next;
                temp->next = temp->next->next;
                dup->next = nullptr;
            } else {
                temp = temp->next;
            }
        }

        return head;
    }
};",true,2026-07-21T18:50:04.000Z,2026-09-05T05:57:58.347Z
"https://leetcode.com/problems/remove-nth-node-from-end-of-list/","Remove Nth Node From End of List","LINKED LIST","MEDIUM",8395141,,"SUCCESS","/**
 * Definition for singly-linked list.
 * struct ListNode {
 *     int val;
 *     ListNode *next;
 *     ListNode() : val(0), next(nullptr) {}
 *     ListNode(int x) : val(x), next(nullptr) {}
 *     ListNode(int x, ListNode *next) : val(x), next(next) {}
 * };
 */
class Solution {
public:
    ListNode* rotateRight(ListNode* head, int k) {
        int n = 0;
        auto temp = head;

        while (temp != nullptr) {
            n++;
            temp = temp->next;
        }
        
        if (n == 0) {
            return head;
        }

        k %= n;
        if (k == 0) {
            return head;
        }

        k = n - k - 1;
        temp = head;
        while (k > 0) {
            temp = temp->next;
            k--;
        }

        auto newhead = temp->next;
        temp->next = nullptr;

        temp = newhead;

        while (temp->next != nullptr) {
            temp = temp->next;
        }

        temp->next = head;

        return newhead;
    }
};",true,2026-07-21T18:50:04.000Z,2026-09-02T14:41:47.233Z
"https://leetcode.com/problems/remove-zero-sum-consecutive-nodes-from-linked-list/","Remove Zero Sum Consecutive Nodes from Linked List","LINKED LIST","MEDIUM",357641,,"CLEAR",,true,2026-07-21T18:50:04.000Z,2026-09-02T14:41:47.233Z
"https://leetcode.com/problems/reverse-linked-list-ii/","Reverse Linked List II","LINKED LIST","MEDIUM",2637132,,"CLEAR",,true,2026-07-21T18:50:04.000Z,2026-09-02T14:41:47.233Z
"https://leetcode.com/problems/reverse-nodes-in-even-length-groups/","Reverse Nodes in Even Length Groups","LINKED LIST","MEDIUM",76220,,"CLEAR",,true,2026-07-21T18:50:04.000Z,2026-09-02T14:41:47.233Z
"https://leetcode.com/problems/rotate-list/","Rotate List","LINKED LIST","MEDIUM",4163009,,"SUCCESS","/**
 * Definition for singly-linked list.
 * struct ListNode {
 *     int val;
 *     ListNode *next;
 *     ListNode() : val(0), next(nullptr) {}
 *     ListNode(int x) : val(x), next(nullptr) {}
 *     ListNode(int x, ListNode *next) : val(x), next(next) {}
 * };
 */
class Solution {
public:
    ListNode* rotateRight(ListNode* head, int k) {
        if(head == nullptr){
            return head;
        }
        
        int n = 0;
        auto temp = head;
        while (temp != nullptr) {
            n++;
            temp = temp->next;
        }

        k = k % n;

        if (k == 0) {
            return head;
        }

        int m = n + n - k - 1, i = 0;
        temp = head;

        while (i < m) {
            temp = temp->next;
            i++;

            if (temp->next == nullptr) {
                temp->next = head;
            }
        }

        head = temp->next;
        temp->next = nullptr;

        return head;
    }
};",true,2026-07-21T18:50:04.000Z,2026-09-02T14:41:47.233Z
"https://leetcode.com/problems/sort-linked-list-already-sorted-using-absolute-values/","Sort Linked List Already Sorted Using Absolute Values","LINKED LIST","MEDIUM",17011,,"CLEAR",,true,2026-07-21T18:50:04.000Z,2026-09-02T14:41:47.233Z
"https://leetcode.com/problems/spiral-matrix-iv/","Spiral Matrix IV","LINKED LIST","MEDIUM",226628,,"CLEAR",,true,2026-07-21T18:50:04.000Z,2026-09-02T14:41:47.233Z
"https://leetcode.com/problems/split-a-circular-linked-list/","Split a Circular Linked List","LINKED LIST","MEDIUM",4579,,"CLEAR",,true,2026-07-21T18:50:04.000Z,2026-09-02T14:41:47.233Z
"https://leetcode.com/problems/split-linked-list-in-parts/","Split Linked List in Parts","LINKED LIST","MEDIUM",512755,,"SUCCESS","/**
 * Definition for singly-linked list.
 * struct ListNode {
 *     int val;
 *     ListNode *next;
 *     ListNode() : val(0), next(nullptr) {}
 *     ListNode(int x) : val(x), next(nullptr) {}
 *     ListNode(int x, ListNode *next) : val(x), next(next) {}
 * };
 */
class Solution {
public:
    vector<ListNode*> splitListToParts(ListNode* head, int k) {
        int n = 0;
        auto temp = head;
        while (temp != nullptr) {
            n++;
            temp = temp->next;
        }

        vector<int> length(k, n / k);
        int extra = n % k;
        while (extra > 0) {
            length[--extra]++;
        }
        for (auto num : length) {
            cout << num << "" "";
        }

        vector<ListNode*> heads(k, nullptr);
        vector<ListNode*> tails(k, nullptr);
        for (int i = 0; i < k; i++) {
            if (head == nullptr) {
                break;
            }
            while (head != nullptr && length[i] > 0) {
                temp = head;
                head = head->next;
                temp->next = nullptr;
                length[i]--;
                if (heads[i] == nullptr) {
                    heads[i] = temp;
                    tails[i] = temp;
                } else {
                    tails[i]->next = temp;
                    tails[i] = tails[i]->next;
                }
            }
        }
        return heads;
    }
};",true,2026-07-21T18:50:04.000Z,2026-09-05T23:11:13.430Z
"https://leetcode.com/problems/swapping-nodes-in-a-linked-list/","Swapping Nodes in a Linked List","LINKED LIST","MEDIUM",686227,,"SUCCESS","/**
 * Definition for singly-linked list.
 * struct ListNode {
 *     int val;
 *     ListNode *next;
 *     ListNode() : val(0), next(nullptr) {}
 *     ListNode(int x) : val(x), next(nullptr) {}
 *     ListNode(int x, ListNode *next) : val(x), next(next) {}
 * };
 */
class Solution {
public:
    ListNode* swapNodes(ListNode* head, int k) {
        int n = 0;
        auto temp = head;

        while (temp != nullptr) {
            n++;
            temp = temp->next;
        }

        auto left = head, right = head;
        int m = k - 1, p = n - k;

        while (m > 0) {
            left = left->next;
            m--;
        }

        while (p > 0) {
            right = right->next;
            p--;
        }

        int t = left->val;
        left->val = right->val;
        right->val = t;

        return head;
    }
};",true,2026-07-21T18:50:04.000Z,2026-09-05T15:37:21.443Z
"https://leetcode.com/problems/winner-of-the-linked-list-game/","Winner of the Linked List Game","LINKED LIST","EASY",15817,,"CLEAR",,true,2026-07-21T18:50:04.000Z,2026-09-02T14:41:47.233Z
"https://leetcode.com/problems/count-symmetric-integers/","  Count Symmetric Integers","MATH","EASY",242115,,"CLEAR",,false,2026-07-21T18:50:04.000Z,2026-07-21T18:50:04.000Z
"https://leetcode.com/problems/a-number-after-a-double-reversal/","A Number After a Double Reversal","MATH","EASY",202249,,"CLEAR",,false,2026-07-21T18:50:04.000Z,2026-07-21T18:50:04.000Z
"https://leetcode.com/problems/abbreviating-the-product-of-a-range/","Abbreviating the Product of a Range","MATH","HARD",19917,,"CLEAR",,false,2026-07-21T18:50:04.000Z,2026-07-21T18:50:04.000Z
"https://leetcode.com/problems/account-balance-after-rounded-purchase/","Account Balance After Rounded Purchase","MATH","EASY",114865,,"CLEAR",,false,2026-07-21T18:50:04.000Z,2026-07-21T18:50:04.000Z
"https://leetcode.com/problems/add-digits/","Add Digits","MATH","EASY",1862236,,"CLEAR",,false,2026-07-21T18:50:04.000Z,2026-07-21T18:50:04.000Z
"https://leetcode.com/problems/add-two-integers/","Add Two Integers","MATH","EASY",1049835,,"CLEAR",,false,2026-07-21T18:50:04.000Z,2026-07-21T18:50:04.000Z
"https://leetcode.com/problems/alice-and-bob-playing-flower-game/","Alice and Bob Playing Flower Game","MATH","MEDIUM",215524,,"CLEAR",,false,2026-07-21T18:50:04.000Z,2026-07-21T18:50:04.000Z
"https://leetcode.com/problems/alternating-digit-sum/","Alternating Digit Sum","MATH","EASY",157924,,"CLEAR",,false,2026-07-21T18:50:04.000Z,2026-07-21T18:50:04.000Z
"https://leetcode.com/problems/angle-between-hands-of-a-clock/","Angle Between Hands of a Clock","MATH","MEDIUM",390628,,"CLEAR",,false,2026-07-21T18:50:04.000Z,2026-07-21T18:50:04.000Z
"https://leetcode.com/problems/armstrong-number/","Armstrong Number","MATH","EASY",55394,,"CLEAR",,false,2026-07-21T18:50:04.000Z,2026-07-21T18:50:04.000Z
"https://leetcode.com/problems/bulb-switcher/","Bulb Switcher","MATH","MEDIUM",566666,,"CLEAR",,false,2026-07-21T18:50:04.000Z,2026-07-21T18:50:04.000Z
"https://leetcode.com/problems/calculate-delayed-arrival-time/","Calculate Delayed Arrival Time","MATH","EASY",127012,,"CLEAR",,false,2026-07-21T18:50:04.000Z,2026-07-21T18:50:04.000Z
"https://leetcode.com/problems/calculate-money-in-leetcode-bank/","Calculate Money in Leetcode Bank","MATH","EASY",371422,,"CLEAR",,false,2026-07-21T18:50:04.000Z,2026-07-21T18:50:04.000Z
"https://leetcode.com/problems/categorize-box-according-to-criteria/","Categorize Box According to Criteria","MATH","EASY",135973,,"CLEAR",,false,2026-07-21T18:50:04.000Z,2026-07-21T18:50:04.000Z
"https://leetcode.com/problems/check-digitorial-permutation/","Check Digitorial Permutation","MATH","MEDIUM",92705,,"CLEAR",,false,2026-07-21T18:50:04.000Z,2026-07-21T18:50:04.000Z
"https://leetcode.com/problems/check-divisibility-by-digit-sum-and-product/","Check Divisibility by Digit Sum and Product","MATH","EASY",109128,,"CLEAR",,false,2026-07-21T18:50:04.000Z,2026-07-21T18:50:04.000Z
"https://leetcode.com/problems/check-if-number-is-a-sum-of-powers-of-three/","Check if Number is a Sum of Powers of Three","MATH","MEDIUM",275963,,"CLEAR",,false,2026-07-21T18:50:04.000Z,2026-07-21T18:50:04.000Z
"https://leetcode.com/problems/check-if-point-is-reachable/","Check if Point Is Reachable","MATH","HARD",25094,,"CLEAR",,false,2026-07-21T18:50:04.000Z,2026-07-21T18:50:04.000Z
"https://leetcode.com/problems/circle-and-rectangle-overlapping/","Circle and Rectangle Overlapping","MATH","MEDIUM",49908,,"CLEAR",,false,2026-07-21T18:50:04.000Z,2026-07-21T18:50:04.000Z
"https://leetcode.com/problems/closest-divisors/","Closest Divisors","MATH","MEDIUM",47989,,"CLEAR",,false,2026-07-21T18:50:04.000Z,2026-07-21T18:50:04.000Z
"https://leetcode.com/problems/closest-fair-integer/","Closest Fair Integer","MATH","MEDIUM",3319,,"CLEAR",,false,2026-07-21T18:50:04.000Z,2026-07-21T18:50:04.000Z
"https://leetcode.com/problems/closest-prime-numbers-in-range/","Closest Prime Numbers in Range","MATH","MEDIUM",374267,,"CLEAR",,false,2026-07-21T18:50:04.000Z,2026-07-21T18:50:04.000Z
"https://leetcode.com/problems/complete-prime-number/","Complete Prime Number","MATH","MEDIUM",80336,,"CLEAR",,false,2026-07-21T18:50:04.000Z,2026-07-21T18:50:04.000Z
"https://leetcode.com/problems/concatenate-non-zero-digits-and-multiply-by-sum-i/","Concatenate Non-Zero Digits and Multiply by Sum I","MATH","EASY",287144,,"CLEAR",,false,2026-07-21T18:50:04.000Z,2026-07-21T18:50:04.000Z
"https://leetcode.com/problems/confusing-number/","Confusing Number","MATH","EASY",116590,,"CLEAR",,false,2026-07-21T18:50:04.000Z,2026-07-21T18:50:04.000Z
"https://leetcode.com/problems/consecutive-numbers-sum/","Consecutive Numbers Sum","MATH","HARD",241687,,"CLEAR",,false,2026-07-21T18:50:04.000Z,2026-07-21T18:50:04.000Z
"https://leetcode.com/problems/construct-the-rectangle/","Construct the Rectangle","MATH","EASY",279434,,"CLEAR",,false,2026-07-21T18:50:04.000Z,2026-07-21T18:50:04.000Z
"https://leetcode.com/problems/convert-integer-to-the-sum-of-two-no-zero-integers/","Convert Integer to the Sum of Two No-Zero Integers","MATH","EASY",358483,,"CLEAR",,false,2026-07-21T18:50:04.000Z,2026-07-21T18:50:04.000Z
"https://leetcode.com/problems/convert-the-temperature/","Convert the Temperature","MATH","EASY",353129,,"CLEAR",,false,2026-07-21T18:50:04.000Z,2026-07-21T18:50:04.000Z
"https://leetcode.com/problems/convert-to-base-2/","Convert to Base -2","MATH","MEDIUM",62828,,"CLEAR",,false,2026-07-21T18:50:04.000Z,2026-07-21T18:50:04.000Z
"https://leetcode.com/problems/count-commas-in-range/","Count Commas in Range","MATH","EASY",87122,,"CLEAR",,false,2026-07-21T18:50:04.000Z,2026-07-21T18:50:04.000Z
"https://leetcode.com/problems/count-commas-in-range-ii/","Count Commas in Range II","MATH","MEDIUM",104283,,"CLEAR",,false,2026-07-21T18:50:04.000Z,2026-07-21T18:50:04.000Z
"https://leetcode.com/problems/count-integers-with-even-digit-sum/","Count Integers With Even Digit Sum","MATH","EASY",147994,,"CLEAR",,false,2026-07-21T18:50:04.000Z,2026-07-21T18:50:04.000Z
"https://leetcode.com/problems/count-odd-numbers-in-an-interval-range/","Count Odd Numbers in an Interval Range","MATH","EASY",1041361,,"CLEAR",,false,2026-07-21T18:50:04.000Z,2026-07-21T18:50:04.000Z
"https://leetcode.com/problems/count-of-matches-in-tournament/","Count of Matches in Tournament","MATH","EASY",388830,,"CLEAR",,false,2026-07-21T18:50:04.000Z,2026-07-21T18:50:04.000Z
"https://leetcode.com/problems/count-operations-to-obtain-zero/","Count Operations to Obtain Zero","MATH","EASY",293292,,"CLEAR",,false,2026-07-21T18:50:04.000Z,2026-07-21T18:50:04.000Z
"https://leetcode.com/problems/count-square-sum-triples/","Count Square Sum Triples","MATH","EASY",247907,,"CLEAR",,false,2026-07-21T18:50:04.000Z,2026-07-21T18:50:04.000Z
"https://leetcode.com/problems/count-the-digits-that-divide-a-number/","Count the Digits That Divide a Number","MATH","EASY",228616,,"CLEAR",,false,2026-07-21T18:50:04.000Z,2026-07-21T18:50:04.000Z
"https://leetcode.com/problems/count-the-number-of-arrays-with-k-matching-adjacent-elements/","Count the Number of Arrays with K Matching Adjacent Elements","MATH","HARD",117557,,"CLEAR",,false,2026-07-21T18:50:04.000Z,2026-07-21T18:50:04.000Z
"https://leetcode.com/problems/count-total-number-of-colored-cells/","Count Total Number of Colored Cells","MATH","MEDIUM",311071,,"CLEAR",,false,2026-07-21T18:50:04.000Z,2026-07-21T18:50:04.000Z
"https://leetcode.com/problems/day-of-the-week/","Day of the Week","MATH","EASY",157800,,"CLEAR",,false,2026-07-21T18:50:04.000Z,2026-07-21T18:50:04.000Z
"https://leetcode.com/problems/design-parking-system/","Design Parking System","MATH","EASY",423046,,"SUCCESS","class ParkingSystem {
    int big;
    int medium;
    int small;

public:
    ParkingSystem(int big, int medium, int small) {
        this->big = big;
        this->medium = medium;
        this->small = small;
    }

    bool addCar(int carType) {
        if (carType == 1 && this->big > 0) {
            this->big--;
            return true;
        } else if (carType == 2 && this->medium > 0) {
            this->medium--;
            return true;
        } else if (carType == 3 && this->small > 0) {
            this->small--;
            return true;
        }
        return false;
    }
};

/**
 * Your ParkingSystem object will be instantiated and called as such:
 * ParkingSystem* obj = new ParkingSystem(big, medium, small);
 * bool param_1 = obj->addCar(carType);
 */",false,2026-07-21T18:50:04.000Z,2026-08-28T19:35:58.303Z
"https://leetcode.com/problems/determine-if-a-cell-is-reachable-at-a-given-time/","Determine if a Cell Is Reachable at a Given Time","MATH","MEDIUM",298545,,"CLEAR",,false,2026-07-21T18:50:04.000Z,2026-07-21T18:50:04.000Z
"https://leetcode.com/problems/direction-assignments-with-exactly-k-visible-people/","Direction Assignments with Exactly K Visible People","MATH","MEDIUM",43598,,"CLEAR",,false,2026-07-21T18:50:04.000Z,2026-07-21T18:50:04.000Z
"https://leetcode.com/problems/distribute-candies-among-children-i/","Distribute Candies Among Children I","MATH","EASY",57289,,"CLEAR",,false,2026-07-21T18:50:04.000Z,2026-07-21T18:50:04.000Z
"https://leetcode.com/problems/distribute-candies-among-children-ii/","Distribute Candies Among Children II","MATH","MEDIUM",190032,,"CLEAR",,false,2026-07-21T18:50:04.000Z,2026-07-21T18:50:04.000Z
"https://leetcode.com/problems/distribute-candies-among-children-iii/","Distribute Candies Among Children III","MATH","HARD",5351,,"CLEAR",,false,2026-07-21T18:50:04.000Z,2026-07-21T18:50:04.000Z
"https://leetcode.com/problems/distribute-candies-to-people/","Distribute Candies to People","MATH","EASY",167738,,"CLEAR",,false,2026-07-21T18:50:04.000Z,2026-07-21T18:50:04.000Z
"https://leetcode.com/problems/divisible-and-non-divisible-sums-difference/","Divisible and Non-divisible Sums Difference","MATH","EASY",369504,,"CLEAR",,false,2026-07-21T18:50:04.000Z,2026-07-21T18:50:04.000Z
"https://leetcode.com/problems/factorial-trailing-zeroes/","Factorial Trailing Zeroes","MATH","MEDIUM",1475753,,"CLEAR",,false,2026-07-21T18:50:04.000Z,2026-07-21T18:50:04.000Z
"https://leetcode.com/problems/find-closest-person/","Find Closest Person","MATH","EASY",249542,,"CLEAR",,false,2026-07-21T18:50:04.000Z,2026-07-21T18:50:04.000Z
"https://leetcode.com/problems/find-minimum-log-transportation-cost/","Find Minimum Log Transportation Cost","MATH","EASY",86300,,"CLEAR",,false,2026-07-21T18:50:04.000Z,2026-07-21T18:50:04.000Z
"https://leetcode.com/problems/find-the-child-who-has-the-ball-after-k-seconds/","Find the Child Who Has the Ball After K Seconds","MATH","EASY",98606,,"CLEAR",,false,2026-07-21T18:50:04.000Z,2026-07-21T18:50:04.000Z
"https://leetcode.com/problems/find-the-key-of-the-numbers/","Find the Key of the Numbers","MATH","EASY",71725,,"CLEAR",,false,2026-07-21T18:50:04.000Z,2026-07-21T18:50:04.000Z
"https://leetcode.com/problems/find-the-maximum-achievable-number/","Find the Maximum Achievable Number","MATH","EASY",242244,,"CLEAR",,false,2026-07-21T18:50:04.000Z,2026-07-21T18:50:04.000Z
"https://leetcode.com/problems/find-the-winning-player-in-coin-game/","Find the Winning Player in Coin Game","MATH","EASY",112569,,"CLEAR",,false,2026-07-21T18:50:04.000Z,2026-07-21T18:50:04.000Z
"https://leetcode.com/problems/find-three-consecutive-integers-that-sum-to-a-given-number/","Find Three Consecutive Integers That Sum to a Given Number","MATH","MEDIUM",106902,,"CLEAR",,false,2026-07-21T18:50:04.000Z,2026-07-21T18:50:04.000Z
"https://leetcode.com/problems/gcd-of-odd-and-even-sums/","GCD of Odd and Even Sums","MATH","EASY",312269,,"CLEAR",,false,2026-07-21T18:50:04.000Z,2026-07-21T18:50:04.000Z
"https://leetcode.com/problems/harshad-number/","Harshad Number","MATH","EASY",144229,,"CLEAR",,false,2026-07-21T18:50:04.000Z,2026-07-21T18:50:04.000Z
"https://leetcode.com/problems/incremental-memory-leak/","Incremental Memory Leak","MATH","MEDIUM",37236,,"CLEAR",,false,2026-07-21T18:50:04.000Z,2026-07-21T18:50:04.000Z
"https://leetcode.com/problems/largest-palindrome-product/","Largest Palindrome Product","MATH","HARD",91469,,"CLEAR",,false,2026-07-21T18:50:04.000Z,2026-07-21T18:50:04.000Z
"https://leetcode.com/problems/manhattan-distances-of-all-arrangements-of-pieces/","Manhattan Distances of All Arrangements of Pieces","MATH","HARD",11384,,"CLEAR",,false,2026-07-21T18:50:04.000Z,2026-07-21T18:50:04.000Z
"https://leetcode.com/problems/maximum-containers-on-a-ship/","Maximum Containers on a Ship","MATH","EASY",70001,,"CLEAR",,false,2026-07-21T18:50:04.000Z,2026-07-21T18:50:04.000Z
"https://leetcode.com/problems/minimum-cost-path-with-alternating-directions-i/","Minimum Cost Path with Alternating Directions I","MATH","MEDIUM",712,,"CLEAR",,false,2026-07-21T18:50:04.000Z,2026-07-21T18:50:04.000Z
"https://leetcode.com/problems/minimum-cost-to-set-cooking-time/","Minimum Cost to Set Cooking Time","MATH","MEDIUM",49073,,"CLEAR",,false,2026-07-21T18:50:04.000Z,2026-07-21T18:50:04.000Z
"https://leetcode.com/problems/minimum-cost-to-split-into-ones-ii/","Minimum Cost to Split into Ones II","MATH","MEDIUM",398,,"CLEAR",,false,2026-07-21T18:50:04.000Z,2026-07-21T18:50:04.000Z
"https://leetcode.com/problems/minimum-cuts-to-divide-a-circle/","Minimum Cuts to Divide a Circle","MATH","EASY",140172,,"CLEAR",,false,2026-07-21T18:50:04.000Z,2026-07-21T18:50:04.000Z
"https://leetcode.com/problems/minimum-moves-to-capture-the-queen/","Minimum Moves to Capture The Queen","MATH","MEDIUM",104230,,"CLEAR",,false,2026-07-21T18:50:04.000Z,2026-07-21T18:50:04.000Z
"https://leetcode.com/problems/minimum-moves-to-reach-target-in-grid/","Minimum Moves to Reach Target in Grid","MATH","HARD",35503,,"CLEAR",,false,2026-07-21T18:50:04.000Z,2026-07-21T18:50:04.000Z
"https://leetcode.com/problems/minimum-operations-to-make-array-equal/","Minimum Operations to Make Array Equal","MATH","MEDIUM",145274,,"CLEAR",,false,2026-07-21T18:50:04.000Z,2026-07-21T18:50:04.000Z
"https://leetcode.com/problems/minimum-sensors-to-cover-grid/","Minimum Sensors to Cover Grid","MATH","MEDIUM",43625,,"CLEAR",,false,2026-07-21T18:50:04.000Z,2026-07-21T18:50:04.000Z
"https://leetcode.com/problems/mirror-distance-of-an-integer/","Mirror Distance of an Integer","MATH","EASY",195380,,"CLEAR",,false,2026-07-21T18:50:04.000Z,2026-07-21T18:50:04.000Z
"https://leetcode.com/problems/mirror-reflection/","Mirror Reflection","MATH","MEDIUM",146410,,"CLEAR",,false,2026-07-21T18:50:04.000Z,2026-07-21T18:50:04.000Z
"https://leetcode.com/problems/moving-stones-until-consecutive/","Moving Stones Until Consecutive","MATH","MEDIUM",67460,,"CLEAR",,false,2026-07-21T18:50:04.000Z,2026-07-21T18:50:04.000Z
"https://leetcode.com/problems/nim-game/","Nim Game","MATH","EASY",951184,,"CLEAR",,false,2026-07-21T18:50:04.000Z,2026-07-21T18:50:04.000Z
"https://leetcode.com/problems/number-of-burgers-with-no-waste-of-ingredients/","Number of Burgers with No Waste of Ingredients","MATH","MEDIUM",66291,,"CLEAR",,false,2026-07-21T18:50:04.000Z,2026-07-21T18:50:04.000Z
"https://leetcode.com/problems/number-of-common-factors/","Number of Common Factors","MATH","EASY",215898,,"CLEAR",,false,2026-07-21T18:50:04.000Z,2026-07-21T18:50:04.000Z
"https://leetcode.com/problems/number-of-days-in-a-month/","Number of Days in a Month","MATH","EASY",16532,,"CLEAR",,false,2026-07-21T18:50:04.000Z,2026-07-21T18:50:04.000Z
"https://leetcode.com/problems/number-of-unique-categories/","Number of Unique Categories","MATH","MEDIUM",4394,,"CLEAR",,false,2026-07-21T18:50:04.000Z,2026-07-21T18:50:04.000Z
"https://leetcode.com/problems/number-of-ways-to-buy-pens-and-pencils/","Number of Ways to Buy Pens and Pencils","MATH","MEDIUM",72381,,"CLEAR",,false,2026-07-21T18:50:04.000Z,2026-07-21T18:50:04.000Z
"https://leetcode.com/problems/palindrome-number/","Palindrome Number","MATH","EASY",13957879,,"CLEAR",,false,2026-07-21T18:50:04.000Z,2026-07-21T18:50:04.000Z
"https://leetcode.com/problems/pass-the-pillow/","Pass the Pillow","MATH","EASY",386496,,"CLEAR",,false,2026-07-21T18:50:04.000Z,2026-07-21T18:50:04.000Z
"https://leetcode.com/problems/perfect-number/","Perfect Number","MATH","EASY",826931,,"CLEAR",,false,2026-07-21T18:50:04.000Z,2026-07-21T18:50:04.000Z
"https://leetcode.com/problems/prime-arrangements/","Prime Arrangements","MATH","EASY",74461,,"CLEAR",,false,2026-07-21T18:50:04.000Z,2026-07-21T18:50:04.000Z
"https://leetcode.com/problems/prime-palindrome/","Prime Palindrome","MATH","MEDIUM",182846,,"CLEAR",,false,2026-07-21T18:50:04.000Z,2026-07-21T18:50:04.000Z
"https://leetcode.com/problems/reaching-points/","Reaching Points","MATH","HARD",240821,,"CLEAR",,false,2026-07-21T18:50:04.000Z,2026-07-21T18:50:04.000Z
"https://leetcode.com/problems/rectangle-area/","Rectangle Area","MATH","MEDIUM",593509,,"CLEAR",,false,2026-07-21T18:50:04.000Z,2026-07-21T18:50:04.000Z
"https://leetcode.com/problems/rectangle-overlap/","Rectangle Overlap","MATH","EASY",400528,,"CLEAR",,false,2026-07-21T18:50:04.000Z,2026-07-21T18:50:04.000Z
"https://leetcode.com/problems/remove-9/","Remove 9","MATH","HARD",19788,,"CLEAR",,false,2026-07-21T18:50:04.000Z,2026-07-21T18:50:04.000Z
"https://leetcode.com/problems/remove-zeros-in-decimal-representation/","Remove Zeros in Decimal Representation","MATH","EASY",70896,,"CLEAR",,false,2026-07-21T18:50:04.000Z,2026-07-21T18:50:04.000Z
"https://leetcode.com/problems/reverse-integer/","Reverse Integer","MATH","MEDIUM",16098366,,"CLEAR",,false,2026-07-21T18:50:04.000Z,2026-07-21T18:50:04.000Z
"https://leetcode.com/problems/self-dividing-numbers/","Self Dividing Numbers","MATH","EASY",435215,,"CLEAR",,false,2026-07-21T18:50:04.000Z,2026-07-21T18:50:04.000Z
"https://leetcode.com/problems/smallest-divisible-digit-product-i/","Smallest Divisible Digit Product I","MATH","EASY",62993,,"CLEAR",,false,2026-07-21T18:50:04.000Z,2026-07-21T18:50:04.000Z
"https://leetcode.com/problems/smallest-even-multiple/","Smallest Even Multiple","MATH","EASY",351048,,"CLEAR",,false,2026-07-21T18:50:04.000Z,2026-07-21T18:50:04.000Z
"https://leetcode.com/problems/smallest-greater-multiple-made-of-two-digits/","Smallest Greater Multiple Made of Two Digits","MATH","MEDIUM",5639,,"CLEAR",,false,2026-07-21T18:50:04.000Z,2026-07-21T18:50:04.000Z
"https://leetcode.com/problems/smallest-value-after-replacing-with-sum-of-prime-factors/","Smallest Value After Replacing With Sum of Prime Factors","MATH","MEDIUM",67882,,"CLEAR",,false,2026-07-21T18:50:04.000Z,2026-07-21T18:50:04.000Z
"https://leetcode.com/problems/stone-removal-game/","Stone Removal Game","MATH","EASY",81916,,"CLEAR",,false,2026-07-21T18:50:04.000Z,2026-07-21T18:50:04.000Z
"https://leetcode.com/problems/subtract-the-product-and-sum-of-digits-of-an-integer/","Subtract the Product and Sum of Digits of an Integer","MATH","EASY",798643,,"CLEAR",,false,2026-07-21T18:50:04.000Z,2026-07-21T18:50:04.000Z
"https://leetcode.com/problems/sum-multiples/","Sum Multiples","MATH","EASY",243413,,"CLEAR",,false,2026-07-21T18:50:04.000Z,2026-07-21T18:50:04.000Z
"https://leetcode.com/problems/sum-of-digits-in-base-k/","Sum of Digits in Base K","MATH","EASY",105518,,"CLEAR",,false,2026-07-21T18:50:04.000Z,2026-07-21T18:50:04.000Z
"https://leetcode.com/problems/sum-of-increasing-product-blocks/","Sum of Increasing Product Blocks","MATH","MEDIUM",828,,"CLEAR",,false,2026-07-21T18:50:04.000Z,2026-07-21T18:50:04.000Z
"https://leetcode.com/problems/sum-of-k-mirror-numbers/","Sum of k-Mirror Numbers","MATH","HARD",122763,,"CLEAR",,false,2026-07-21T18:50:04.000Z,2026-07-21T18:50:04.000Z
"https://leetcode.com/problems/sum-of-number-and-its-reverse/","Sum of Number and Its Reverse","MATH","MEDIUM",97727,,"CLEAR",,false,2026-07-21T18:50:04.000Z,2026-07-21T18:50:04.000Z
"https://leetcode.com/problems/sum-of-primes-between-number-and-its-reverse/","Sum of Primes Between Number and Its Reverse","MATH","MEDIUM",52581,,"CLEAR",,false,2026-07-21T18:50:04.000Z,2026-07-21T18:50:04.000Z
"https://leetcode.com/problems/the-kth-factor-of-n/","The kth Factor of n","MATH","MEDIUM",511124,,"CLEAR",,false,2026-07-21T18:50:04.000Z,2026-07-21T18:50:04.000Z
"https://leetcode.com/problems/three-divisors/","Three Divisors","MATH","EASY",225675,,"CLEAR",,false,2026-07-21T18:50:04.000Z,2026-07-21T18:50:04.000Z
"https://leetcode.com/problems/total-distance-traveled/","Total Distance Traveled","MATH","EASY",158278,,"CLEAR",,false,2026-07-21T18:50:04.000Z,2026-07-21T18:50:04.000Z
"https://leetcode.com/problems/ugly-number/","Ugly Number","MATH","EASY",1871130,,"CLEAR",,false,2026-07-21T18:50:04.000Z,2026-07-21T18:50:04.000Z
"https://leetcode.com/problems/valid-digit-number/","Valid Digit Number","MATH","EASY",45194,,"CLEAR",,false,2026-07-21T18:50:04.000Z,2026-07-21T18:50:04.000Z
"https://leetcode.com/problems/valid-square/","Valid Square","MATH","MEDIUM",295730,,"CLEAR",,false,2026-07-21T18:50:04.000Z,2026-07-21T18:50:04.000Z
"https://leetcode.com/problems/water-bottles/","Water Bottles","MATH","EASY",618873,,"CLEAR",,false,2026-07-21T18:50:04.000Z,2026-07-21T18:50:04.000Z
"https://leetcode.com/problems/water-bottles-ii/","Water Bottles II","MATH","MEDIUM",217652,,"CLEAR",,false,2026-07-21T18:50:04.000Z,2026-07-21T18:50:04.000Z
"https://leetcode.com/problems/available-captures-for-rook/","Available Captures for Rook","MATRIX","EASY",129029,,"CLEAR",,true,2026-07-21T18:50:04.000Z,2026-08-23T13:06:29.699Z
"https://leetcode.com/problems/best-meeting-point/","Best Meeting Point","MATRIX","HARD",159770,,"CLEAR",,true,2026-07-21T18:50:04.000Z,2026-08-23T13:06:29.699Z
"https://leetcode.com/problems/bricks-falling-when-hit/","Bricks Falling When Hit","MATRIX","HARD",105124,,"CLEAR",,true,2026-07-21T18:50:04.000Z,2026-08-23T13:06:29.699Z
"https://leetcode.com/problems/check-if-grid-satisfies-conditions/","Check if Grid Satisfies Conditions","MATRIX","EASY",104505,,"CLEAR",,true,2026-07-21T18:50:04.000Z,2026-08-23T13:06:29.699Z
"https://leetcode.com/problems/check-if-matrix-is-x-matrix/","Check if Matrix Is X-Matrix","MATRIX","EASY",117939,,"CLEAR",,true,2026-07-21T18:50:04.000Z,2026-08-23T13:06:29.699Z
"https://leetcode.com/problems/check-if-move-is-legal/","Check if Move is Legal","MATRIX","MEDIUM",37676,,"CLEAR",,true,2026-07-21T18:50:04.000Z,2026-08-23T13:06:29.699Z
"https://leetcode.com/problems/check-if-word-can-be-placed-in-crossword/","Check if Word Can Be Placed In Crossword","MATRIX","MEDIUM",57881,,"CLEAR",,true,2026-07-21T18:50:04.000Z,2026-08-23T13:06:29.699Z
"https://leetcode.com/problems/construct-product-matrix/","Construct Product Matrix","MATRIX","MEDIUM",204888,,"CLEAR",,true,2026-07-21T18:50:04.000Z,2026-08-23T13:06:29.699Z
"https://leetcode.com/problems/convert-1d-array-into-2d-array/","Convert 1D Array Into 2D Array","MATRIX","EASY",413613,,"SUCCESS","class Solution {
public:
    vector<vector<int>> construct2DArray(vector<int>& original, int m, int n) {
        int k = original.size();
        vector<vector<int>> mat;

        if (k != m * n) {
            return mat;
        }

        vector<int> arr;
        for (int i = 0; i < k; i++) {
            arr.push_back(original[i]);
            if ((i + 1) % n == 0) {
                mat.push_back(arr);
                arr.clear();
            }
        }

        if (arr.size() > 0 && mat.size() < m) {
            mat.push_back(arr);
        }

        return mat;
    }
};",true,2026-07-21T18:50:04.000Z,2026-08-23T13:06:29.699Z
"https://leetcode.com/problems/count-negative-numbers-in-a-sorted-matrix/","Count Negative Numbers in a Sorted Matrix","MATRIX","EASY",858351,,"SUCCESS","class Solution {
public:
    int countNegatives(vector<vector<int>>& grid) {
        int n = grid.size();
        int m = grid[0].size();
        int ans = 0;
        for(auto vec:grid){
            int i = 0;
            while(i < m){
                if(vec[i] < 0){
                    ans+=m-i;
                    break;
                }
                i++;
            }
        }
        return ans;
    }
};",true,2026-07-21T18:50:04.000Z,2026-08-23T13:06:29.699Z
"https://leetcode.com/problems/count-submatrices-with-equal-frequency-of-x-and-y/","Count Submatrices With Equal Frequency of X and Y","MATRIX","MEDIUM",155338,,"CLEAR",,true,2026-07-21T18:50:04.000Z,2026-08-23T13:06:29.699Z
"https://leetcode.com/problems/count-submatrices-with-top-left-element-and-sum-less-than-k/","Count Submatrices with Top-Left Element and Sum Less Than k","MATRIX","MEDIUM",164582,,"CLEAR",,true,2026-07-21T18:50:04.000Z,2026-08-23T13:06:29.699Z
"https://leetcode.com/problems/count-unguarded-cells-in-the-grid/","Count Unguarded Cells in the Grid","MATRIX","MEDIUM",300725,,"CLEAR",,true,2026-07-21T18:50:04.000Z,2026-08-23T13:06:29.699Z
"https://leetcode.com/problems/cyclically-rotating-a-grid/","Cyclically Rotating a Grid","MATRIX","MEDIUM",113688,,"CLEAR",,true,2026-07-21T18:50:04.000Z,2026-08-23T13:06:29.699Z
"https://leetcode.com/problems/determine-whether-matrix-can-be-obtained-by-rotation/","Determine Whether Matrix Can Be Obtained By Rotation","MATRIX","EASY",283874,,"CLEAR",,true,2026-07-21T18:50:04.000Z,2026-08-23T13:06:29.699Z
"https://leetcode.com/problems/diagonal-traverse/","Diagonal Traverse","MATRIX","MEDIUM",846861,,"CLEAR",,true,2026-07-21T18:50:04.000Z,2026-08-23T13:06:29.699Z
"https://leetcode.com/problems/difference-between-ones-and-zeros-in-row-and-column/","Difference Between Ones and Zeros in Row and Column","MATRIX","MEDIUM",175181,,"CLEAR",,true,2026-07-21T18:50:04.000Z,2026-08-23T13:06:29.699Z
"https://leetcode.com/problems/equal-sum-grid-partition-i/","Equal Sum Grid Partition I","MATRIX","MEDIUM",247877,,"CLEAR",,true,2026-07-21T18:50:04.000Z,2026-08-23T13:06:29.699Z
"https://leetcode.com/problems/find-a-peak-element-ii/","Find a Peak Element II","MATRIX","MEDIUM",364624,,"CLEAR",,true,2026-07-21T18:50:04.000Z,2026-08-23T13:06:29.699Z
"https://leetcode.com/problems/find-champion-i/","Find Champion I","MATRIX","EASY",74762,,"CLEAR",,true,2026-07-21T18:50:04.000Z,2026-08-23T13:06:29.699Z
"https://leetcode.com/problems/find-the-grid-of-region-average/","Find the Grid of Region Average","MATRIX","MEDIUM",28407,,"CLEAR",,true,2026-07-21T18:50:04.000Z,2026-08-23T13:06:29.699Z
"https://leetcode.com/problems/find-the-minimum-area-to-cover-all-ones-i/","Find the Minimum Area to Cover All Ones I","MATRIX","MEDIUM",215071,,"CLEAR",,true,2026-07-21T18:50:04.000Z,2026-08-23T13:06:29.699Z
"https://leetcode.com/problems/find-the-minimum-area-to-cover-all-ones-ii/","Find the Minimum Area to Cover All Ones II","MATRIX","HARD",102832,,"CLEAR",,true,2026-07-21T18:50:04.000Z,2026-08-23T13:06:29.699Z
"https://leetcode.com/problems/find-the-width-of-columns-of-a-grid/","Find the Width of Columns of a Grid","MATRIX","EASY",59311,,"CLEAR",,true,2026-07-21T18:50:04.000Z,2026-08-23T13:06:29.699Z
"https://leetcode.com/problems/game-of-life/","Game of Life","MATRIX","MEDIUM",897560,,"CLEAR",,true,2026-07-21T18:50:04.000Z,2026-08-23T13:06:29.699Z
"https://leetcode.com/problems/grid-game/","Grid Game","MATRIX","MEDIUM",230329,,"CLEAR",,true,2026-07-21T18:50:04.000Z,2026-08-23T13:06:29.699Z
"https://leetcode.com/problems/image-overlap/","Image Overlap","MATRIX","MEDIUM",166773,,"CLEAR",,true,2026-07-21T18:50:04.000Z,2026-08-23T13:06:29.699Z
"https://leetcode.com/problems/image-smoother/","Image Smoother","MATRIX","EASY",295767,,"CLEAR",,true,2026-07-21T18:50:04.000Z,2026-08-23T13:06:29.699Z
"https://leetcode.com/problems/increment-submatrices-by-one/","Increment Submatrices by One","MATRIX","MEDIUM",148811,,"CLEAR",,true,2026-07-21T18:50:04.000Z,2026-08-23T13:06:29.699Z
"https://leetcode.com/problems/largest-local-values-in-a-matrix/","Largest Local Values in a Matrix","MATRIX","EASY",232618,,"CLEAR",,true,2026-07-21T18:50:04.000Z,2026-08-23T13:06:29.699Z
"https://leetcode.com/problems/largest-local-values-in-a-matrix-ii/","Largest Local Values in a Matrix II","MATRIX","MEDIUM",48922,,"CLEAR",,true,2026-07-21T18:50:04.000Z,2026-08-23T13:06:29.699Z
"https://leetcode.com/problems/largest-magic-square/","Largest Magic Square","MATRIX","MEDIUM",120856,,"CLEAR",,true,2026-07-21T18:50:04.000Z,2026-08-23T13:06:29.699Z
"https://leetcode.com/problems/leftmost-column-with-at-least-a-one/","Leftmost Column with at Least a One","MATRIX","MEDIUM",360574,,"CLEAR",,true,2026-07-21T18:50:04.000Z,2026-08-23T13:06:29.699Z
"https://leetcode.com/problems/lucky-numbers-in-a-matrix/","Lucky Numbers in a Matrix","MATRIX","EASY",380007,,"CLEAR",,true,2026-07-21T18:50:04.000Z,2026-08-23T13:06:29.699Z
"https://leetcode.com/problems/make-a-square-with-the-same-color/","Make a Square with the Same Color","MATRIX","EASY",66173,,"CLEAR",,true,2026-07-21T18:50:04.000Z,2026-08-23T13:06:29.699Z
"https://leetcode.com/problems/matrix-block-sum/","Matrix Block Sum","MATRIX","MEDIUM",151206,,"CLEAR",,true,2026-07-21T18:50:04.000Z,2026-08-23T13:06:29.699Z
"https://leetcode.com/problems/matrix-cells-in-distance-order/","Matrix Cells in Distance Order","MATRIX","EASY",109456,,"CLEAR",,true,2026-07-21T18:50:04.000Z,2026-08-23T13:06:29.699Z
"https://leetcode.com/problems/matrix-diagonal-sum/","Matrix Diagonal Sum","MATRIX","EASY",651034,,"SUCCESS","class Solution {
public:
    int diagonalSum(vector<vector<int>>& mat) {
        int ans = 0, n = mat.size();
        for (int i = 0; i < n; i++) {
            ans += mat[i][i];
        }
        for (int i = n - 1; i >= 0; i--) {
            ans += 2*i == n - 1 ? 0 : mat[i][n - 1 - i];
        }
        return ans;
    }
};",true,2026-07-21T18:50:04.000Z,2026-08-23T13:06:29.699Z
"https://leetcode.com/problems/matrix-similarity-after-cyclic-shifts/","Matrix Similarity After Cyclic Shifts","MATRIX","EASY",178195,,"CLEAR",,true,2026-07-21T18:50:04.000Z,2026-08-23T13:06:29.699Z
"https://leetcode.com/problems/maximum-side-length-of-a-square-with-sum-less-than-or-equal-to-threshold/","Maximum Side Length of a Square with Sum Less than or Equal to Threshold","MATRIX","MEDIUM",194742,,"CLEAR",,true,2026-07-21T18:50:04.000Z,2026-08-23T13:06:29.699Z
"https://leetcode.com/problems/maximum-sum-of-an-hourglass/","Maximum Sum of an Hourglass","MATRIX","MEDIUM",73323,,"CLEAR",,true,2026-07-21T18:50:04.000Z,2026-08-23T13:06:29.699Z
"https://leetcode.com/problems/maximum-trailing-zeros-in-a-cornered-path/","Maximum Trailing Zeros in a Cornered Path","MATRIX","MEDIUM",26520,,"CLEAR",,true,2026-07-21T18:50:04.000Z,2026-08-23T13:06:29.699Z
"https://leetcode.com/problems/median-of-a-row-wise-sorted-matrix/","Median of a Row Wise Sorted Matrix","MATRIX","MEDIUM",8778,,"CLEAR",,true,2026-07-21T18:50:04.000Z,2026-08-23T13:06:29.699Z
"https://leetcode.com/problems/minimum-absolute-difference-in-sliding-submatrix/","Minimum Absolute Difference in Sliding Submatrix","MATRIX","MEDIUM",121169,,"CLEAR",,true,2026-07-21T18:50:04.000Z,2026-08-23T13:06:29.699Z
"https://leetcode.com/problems/minimum-operations-to-make-a-uni-value-grid/","Minimum Operations to Make a Uni-Value Grid","MATRIX","MEDIUM",316357,,"CLEAR",,true,2026-07-21T18:50:04.000Z,2026-08-23T13:06:29.699Z
"https://leetcode.com/problems/minimum-operations-to-make-all-grid-elements-equal/","Minimum Operations to Make All Grid Elements Equal","MATRIX","HARD",527,,"CLEAR",,true,2026-07-21T18:50:04.000Z,2026-08-23T13:06:29.699Z
"https://leetcode.com/problems/modify-the-matrix/","Modify the Matrix","MATRIX","EASY",87152,,"CLEAR",,true,2026-07-21T18:50:04.000Z,2026-08-23T13:06:29.699Z
"https://leetcode.com/problems/number-of-laser-beams-in-a-bank/","Number of Laser Beams in a Bank","MATRIX","MEDIUM",406541,,"CLEAR",,true,2026-07-21T18:50:04.000Z,2026-08-23T13:06:29.699Z
"https://leetcode.com/problems/number-of-spaces-cleaning-robot-cleaned/","Number of Spaces Cleaning Robot Cleaned","MATRIX","MEDIUM",20537,,"CLEAR",,true,2026-07-21T18:50:04.000Z,2026-08-23T13:06:29.699Z
"https://leetcode.com/problems/prime-in-diagonal/","Prime In Diagonal","MATRIX","EASY",194760,,"CLEAR",,true,2026-07-21T18:50:04.000Z,2026-08-23T13:06:29.699Z
"https://leetcode.com/problems/projection-area-of-3d-shapes/","Projection Area of 3D Shapes","MATRIX","EASY",104810,,"CLEAR",,true,2026-07-21T18:50:04.000Z,2026-08-23T13:06:29.699Z
"https://leetcode.com/problems/queens-that-can-attack-the-king/","Queens That Can Attack the King","MATRIX","MEDIUM",72290,,"CLEAR",,true,2026-07-21T18:50:04.000Z,2026-08-23T13:06:29.699Z
"https://leetcode.com/problems/range-sum-query-2d-immutable/","Range Sum Query 2D - Immutable","MATRIX","MEDIUM",846725,,"CLEAR",,true,2026-07-21T18:50:04.000Z,2026-08-23T13:06:29.699Z
"https://leetcode.com/problems/reshape-the-matrix/","Reshape the Matrix","MATRIX","EASY",741290,,"CLEAR",,true,2026-07-21T18:50:04.000Z,2026-08-23T13:06:29.699Z
"https://leetcode.com/problems/richest-customer-wealth/","Richest Customer Wealth","MATRIX","EASY",1439926,,"SUCCESS","class Solution {
public:
    int sum(vector<int>& vec){
        int sum = 0;
        for(auto it: vec){
            sum+=it;
        }
        return sum;
    }
    int maximumWealth(vector<vector<int>>& accounts) {
        int ans = 0;
        for(auto vec:accounts){
            ans = max(ans, sum(vec));
        }
        return ans;
    }
};",true,2026-07-21T18:50:04.000Z,2026-08-23T13:06:29.699Z
"https://leetcode.com/problems/rotate-image/","Rotate Image","MATRIX","MEDIUM",3780012,,"SUCCESS","class Solution {
public:
    void transpose(vector<vector<int>>& matrix) {
        int n = matrix.size();
        vector<vector<int>> trans(n, vector<int>(n, 0));
        for (int i = 0; i < n; i++) {
            for (int j = 0; j < n; j++) {
                trans[i][j] = matrix[j][i];
            }
        }
        for (int i = 0; i < n; i++) {
            for (int j = 0; j < n; j++) {
                matrix[i][j] = trans[i][j];
            }
        }
    }
    void hflip(vector<vector<int>>& matrix) {
        int n = matrix.size();
        for (auto& arr : matrix) {
            for (int i = 0; i < n / 2; i++) {
                int temp = arr[i];
                arr[i] = arr[n - 1 - i];
                arr[n - 1 - i] = temp;
            }
        }
    }

    void rotate(vector<vector<int>>& matrix) {
        transpose(matrix);
        hflip(matrix);
    }
};",true,2026-07-21T18:50:04.000Z,2026-08-23T13:06:29.699Z
"https://leetcode.com/problems/row-with-maximum-ones/","Row With Maximum Ones","MATRIX","EASY",175317,,"CLEAR",,true,2026-07-21T18:50:04.000Z,2026-08-23T13:06:29.699Z
"https://leetcode.com/problems/search-a-2d-matrix/","Search a 2D Matrix","MATRIX","MEDIUM",5557551,,"TLE","class Solution {
public:
    bool searchMatrix(vector<vector<int>>& matrix, int target) {
        int n = matrix.size();
        int m = matrix[0].size();
        
        int i1 = 0, i2 = 0, j1 = n-1, j2 = m-1;

        while(i1 <= j1 && i1 + i2 <= j1 + j2){
            int k1 = (i1 + j1)/2, k2 = (i2 + j2)/2;
            if(matrix[k1][k2] == target){
                return true;
            }
            if(matrix[k1][k2] < target){
                if(k2 == m-1){
                    i1 = k1 + 1;
                    i2 = 0;
                }else{
                    i1 = k1;
                    i2 = k2 + 1;
                }
            }else{
                if(k2 == 0){
                    j1 = k1 - 1;
                    j2 = 0;
                }else{
                    j1 = k1;
                    j2 = k2 - 1;
                }

            }
        }
        return false;
    }
};",true,2026-07-21T18:50:04.000Z,2026-08-23T13:06:29.699Z
"https://leetcode.com/problems/shift-2d-grid/","Shift 2D Grid","MATRIX","EASY",325975,,"CLEAR",,true,2026-07-21T18:50:04.000Z,2026-08-23T13:06:29.699Z
"https://leetcode.com/problems/sort-matrix-by-diagonals/","Sort Matrix by Diagonals","MATRIX","MEDIUM",160927,,"CLEAR",,true,2026-07-21T18:50:04.000Z,2026-08-23T13:06:29.699Z
"https://leetcode.com/problems/sort-the-matrix-diagonally/","Sort the Matrix Diagonally","MATRIX","MEDIUM",241088,,"CLEAR",,true,2026-07-21T18:50:04.000Z,2026-08-23T13:06:29.699Z
"https://leetcode.com/problems/sort-the-students-by-their-kth-score/","Sort the Students by Their Kth Score","MATRIX","MEDIUM",108226,,"CLEAR",,true,2026-07-21T18:50:04.000Z,2026-08-23T13:06:29.699Z
"https://leetcode.com/problems/special-positions-in-a-binary-matrix/","Special Positions in a Binary Matrix","MATRIX","EASY",397610,,"CLEAR",,true,2026-07-21T18:50:04.000Z,2026-08-23T13:06:29.699Z
"https://leetcode.com/problems/spiral-matrix/","Spiral Matrix","MATRIX","MEDIUM",4360482,,"CLEAR",,true,2026-07-21T18:50:04.000Z,2026-08-23T13:06:29.699Z
"https://leetcode.com/problems/spiral-matrix-ii/","Spiral Matrix II","MATRIX","MEDIUM",1108962,,"CLEAR",,true,2026-07-21T18:50:04.000Z,2026-08-23T13:06:29.699Z
"https://leetcode.com/problems/spiral-matrix-iii/","Spiral Matrix III","MATRIX","MEDIUM",211495,,"CLEAR",,true,2026-07-21T18:50:04.000Z,2026-08-23T13:06:29.699Z
"https://leetcode.com/problems/subrectangle-queries/","Subrectangle Queries","MATRIX","MEDIUM",151511,,"CLEAR",,true,2026-07-21T18:50:04.000Z,2026-08-23T13:06:29.699Z
"https://leetcode.com/problems/surface-area-of-3d-shapes/","Surface Area of 3D Shapes","MATRIX","EASY",83176,,"CLEAR",,true,2026-07-21T18:50:04.000Z,2026-08-23T13:06:29.699Z
"https://leetcode.com/problems/toeplitz-matrix/","Toeplitz Matrix","MATRIX","EASY",669462,,"CLEAR",,true,2026-07-21T18:50:04.000Z,2026-08-23T13:06:29.699Z
"https://leetcode.com/problems/transpose-matrix/","Transpose Matrix","MATRIX","EASY",825020,,"SUCCESS","class Solution {
public:
    vector<vector<int>> transpose(vector<vector<int>>& matrix) {
        int n = matrix.size();
        int m = matrix[0].size();
        vector<vector<int>> ans(m,vector<int>(n,0));
        for(int i = 0; i < n; i++){
            for(int j = 0; j < m; j++){
                ans[j][i]=matrix[i][j];
            }
        }
        return ans;
    }
};",true,2026-07-21T18:50:04.000Z,2026-08-23T13:06:29.699Z
"https://leetcode.com/problems/valid-tic-tac-toe-state/","Valid Tic-Tac-Toe State","MATRIX","MEDIUM",197880,,"CLEAR",,true,2026-07-21T18:50:04.000Z,2026-08-23T13:06:29.699Z
"https://leetcode.com/problems/valid-word-square/","Valid Word Square","MATRIX","EASY",167479,,"CLEAR",,true,2026-07-21T18:50:04.000Z,2026-08-23T13:06:29.699Z
"https://leetcode.com/problems/where-will-the-ball-fall/","Where Will the Ball Fall","MATRIX","MEDIUM",208352,,"CLEAR",,true,2026-07-21T18:50:04.000Z,2026-08-23T13:06:29.699Z
"https://leetcode.com/problems/zigzag-grid-traversal-with-skip/","Zigzag Grid Traversal With Skip","MATRIX","EASY",61755,,"CLEAR",,true,2026-07-21T18:50:04.000Z,2026-08-23T13:06:29.699Z
"https://leetcode.com/problems/add-two-promises/","Add Two Promises","MISCELLANEOUS","EASY",212242,,"CLEAR",,false,2026-07-21T18:50:04.000Z,2026-07-21T18:50:04.000Z
"https://leetcode.com/problems/allow-one-function-call/","Allow One Function Call","MISCELLANEOUS","EASY",233205,,"CLEAR",,false,2026-07-21T18:50:04.000Z,2026-07-21T18:50:04.000Z
"https://leetcode.com/problems/apply-transform-over-each-element-in-array/","Apply Transform Over Each Element in Array","MISCELLANEOUS","EASY",407576,,"CLEAR",,false,2026-07-21T18:50:04.000Z,2026-07-21T18:50:04.000Z
"https://leetcode.com/problems/array-of-objects-to-matrix/","Array of Objects to Matrix","MISCELLANEOUS","HARD",9139,,"CLEAR",,false,2026-07-21T18:50:04.000Z,2026-07-21T18:50:04.000Z
"https://leetcode.com/problems/array-prototype-foreach/","Array Prototype ForEach","MISCELLANEOUS","EASY",1832,,"CLEAR",,false,2026-07-21T18:50:04.000Z,2026-07-21T18:50:04.000Z
"https://leetcode.com/problems/array-prototype-last/","Array Prototype Last","MISCELLANEOUS","EASY",338099,,"CLEAR",,false,2026-07-21T18:50:04.000Z,2026-07-21T18:50:04.000Z
"https://leetcode.com/problems/array-reduce-transformation/","Array Reduce Transformation","MISCELLANEOUS","EASY",354600,,"CLEAR",,false,2026-07-21T18:50:04.000Z,2026-07-21T18:50:04.000Z
"https://leetcode.com/problems/array-upper-bound/","Array Upper Bound","MISCELLANEOUS","EASY",2900,,"CLEAR",,false,2026-07-21T18:50:04.000Z,2026-07-21T18:50:04.000Z
"https://leetcode.com/problems/array-wrapper/","Array Wrapper","MISCELLANEOUS","EASY",86113,,"CLEAR",,false,2026-07-21T18:50:04.000Z,2026-07-21T18:50:04.000Z
"https://leetcode.com/problems/bind-function-to-context/","Bind Function to Context","MISCELLANEOUS","MEDIUM",1343,,"CLEAR",,false,2026-07-21T18:50:04.000Z,2026-07-21T18:50:04.000Z
"https://leetcode.com/problems/cache-with-time-limit/","Cache With Time Limit","MISCELLANEOUS","MEDIUM",115727,,"CLEAR",,false,2026-07-21T18:50:04.000Z,2026-07-21T18:50:04.000Z
"https://leetcode.com/problems/calculator-with-method-chaining/","Calculator with Method Chaining","MISCELLANEOUS","EASY",76198,,"CLEAR",,false,2026-07-21T18:50:04.000Z,2026-07-21T18:50:04.000Z
"https://leetcode.com/problems/call-function-with-custom-context/","Call Function with Custom Context","MISCELLANEOUS","MEDIUM",19841,,"CLEAR",,false,2026-07-21T18:50:04.000Z,2026-07-21T18:50:04.000Z
"https://leetcode.com/problems/change-data-type/","Change Data Type","MISCELLANEOUS","EASY",147557,,"CLEAR",,false,2026-07-21T18:50:04.000Z,2026-07-21T18:50:04.000Z
"https://leetcode.com/problems/check-good-integer/","Check Good Integer","MISCELLANEOUS","EASY",66127,,"CLEAR",,false,2026-07-21T18:50:04.000Z,2026-07-21T18:50:04.000Z
"https://leetcode.com/problems/check-if-object-instance-of-class/","Check if Object Instance of Class","MISCELLANEOUS","MEDIUM",140968,,"CLEAR",,false,2026-07-21T18:50:04.000Z,2026-07-21T18:50:04.000Z
"https://leetcode.com/problems/chunk-array/","Chunk Array","MISCELLANEOUS","EASY",142616,,"CLEAR",,false,2026-07-21T18:50:04.000Z,2026-07-21T18:50:04.000Z
"https://leetcode.com/problems/compact-object/","Compact Object","MISCELLANEOUS","MEDIUM",72973,,"CLEAR",,false,2026-07-21T18:50:04.000Z,2026-07-21T18:50:04.000Z
"https://leetcode.com/problems/construct-string-with-minimum-cost-easy/","Construct String with Minimum Cost (Easy)","MISCELLANEOUS","MEDIUM",1447,,"CLEAR",,false,2026-07-21T18:50:04.000Z,2026-07-21T18:50:04.000Z
"https://leetcode.com/problems/convert-callback-based-function-to-promise-based-function/","Convert Callback Based Function to Promise Based Function","MISCELLANEOUS","MEDIUM",1489,,"CLEAR",,false,2026-07-21T18:50:04.000Z,2026-07-21T18:50:04.000Z
"https://leetcode.com/problems/convert-json-string-to-object/","Convert JSON String to Object","MISCELLANEOUS","HARD",1576,,"CLEAR",,false,2026-07-21T18:50:04.000Z,2026-07-21T18:50:04.000Z
"https://leetcode.com/problems/convert-object-to-json-string/","Convert Object to JSON String","MISCELLANEOUS","MEDIUM",18149,,"CLEAR",,false,2026-07-21T18:50:04.000Z,2026-07-21T18:50:04.000Z
"https://leetcode.com/problems/count-distinct-ways-to-form-target-from-two-strings/","Count Distinct Ways to Form Target from Two Strings","MISCELLANEOUS","HARD",16187,,"CLEAR",,false,2026-07-21T18:50:04.000Z,2026-07-21T18:50:04.000Z
"https://leetcode.com/problems/count-dominant-nodes-in-a-binary-tree/","Count Dominant Nodes in a Binary Tree","MISCELLANEOUS","MEDIUM",43157,,"CLEAR",,false,2026-07-21T18:50:04.000Z,2026-07-21T18:50:04.000Z
"https://leetcode.com/problems/count-good-integers-in-a-range/","Count Good Integers in a Range","MISCELLANEOUS","HARD",17982,,"CLEAR",,false,2026-07-21T18:50:04.000Z,2026-07-21T18:50:04.000Z
"https://leetcode.com/problems/count-houses-in-a-circular-street-ii/","Count Houses in a Circular Street II","MISCELLANEOUS","HARD",1588,,"CLEAR",,false,2026-07-21T18:50:04.000Z,2026-07-21T18:50:04.000Z
"https://leetcode.com/problems/count-smaller-elements-with-opposite-parity/","Count Smaller Elements With Opposite Parity","MISCELLANEOUS","MEDIUM",471,,"CLEAR",,false,2026-07-21T18:50:04.000Z,2026-07-21T18:50:04.000Z
"https://leetcode.com/problems/counter/","Counter","MISCELLANEOUS","EASY",889532,,"CLEAR",,false,2026-07-21T18:50:04.000Z,2026-07-21T18:50:04.000Z
"https://leetcode.com/problems/counter-ii/","Counter II","MISCELLANEOUS","EASY",486679,,"CLEAR",,false,2026-07-21T18:50:04.000Z,2026-07-21T18:50:04.000Z
"https://leetcode.com/problems/create-a-dataframe-from-list/","Create a DataFrame from List","MISCELLANEOUS","EASY",324967,,"CLEAR",,false,2026-07-21T18:50:04.000Z,2026-07-21T18:50:04.000Z
"https://leetcode.com/problems/create-a-new-column/","Create a New Column","MISCELLANEOUS","EASY",181689,,"CLEAR",,false,2026-07-21T18:50:04.000Z,2026-07-21T18:50:04.000Z
"https://leetcode.com/problems/create-grid-with-exactly-k-paths-i/","Create Grid With Exactly K Paths I","MISCELLANEOUS","MEDIUM",25379,,"CLEAR",,false,2026-07-21T18:50:04.000Z,2026-07-21T18:50:04.000Z
"https://leetcode.com/problems/create-grid-with-exactly-k-paths-ii/","Create Grid With Exactly K Paths II","MISCELLANEOUS","HARD",206,,"CLEAR",,false,2026-07-21T18:50:04.000Z,2026-07-21T18:50:04.000Z
"https://leetcode.com/problems/create-grid-with-exactly-one-path/","Create Grid With Exactly One Path","MISCELLANEOUS","EASY",52030,,"CLEAR",,false,2026-07-21T18:50:04.000Z,2026-07-21T18:50:04.000Z
"https://leetcode.com/problems/create-hello-world-function/","Create Hello World Function","MISCELLANEOUS","EASY",1054277,,"CLEAR",,false,2026-07-21T18:50:04.000Z,2026-07-21T18:50:04.000Z
"https://leetcode.com/problems/create-object-from-two-arrays/","Create Object from Two Arrays","MISCELLANEOUS","EASY",2886,,"CLEAR",,false,2026-07-21T18:50:04.000Z,2026-07-21T18:50:04.000Z
"https://leetcode.com/problems/curry/","Curry","MISCELLANEOUS","MEDIUM",21290,,"CLEAR",,false,2026-07-21T18:50:04.000Z,2026-07-21T18:50:04.000Z
"https://leetcode.com/problems/custom-interval/","Custom Interval","MISCELLANEOUS","MEDIUM",950,,"CLEAR",,false,2026-07-21T18:50:04.000Z,2026-07-21T18:50:04.000Z
"https://leetcode.com/problems/date-range-generator/","Date Range Generator","MISCELLANEOUS","MEDIUM",903,,"CLEAR",,false,2026-07-21T18:50:04.000Z,2026-07-21T18:50:04.000Z
"https://leetcode.com/problems/debounce/","Debounce","MISCELLANEOUS","MEDIUM",106468,,"CLEAR",,false,2026-07-21T18:50:04.000Z,2026-07-21T18:50:04.000Z
"https://leetcode.com/problems/deep-merge-of-two-objects/","Deep Merge of Two Objects","MISCELLANEOUS","MEDIUM",1465,,"CLEAR",,false,2026-07-21T18:50:04.000Z,2026-07-21T18:50:04.000Z
"https://leetcode.com/problems/deep-object-filter/","Deep Object Filter","MISCELLANEOUS","MEDIUM",1354,,"CLEAR",,false,2026-07-21T18:50:04.000Z,2026-07-21T18:50:04.000Z
"https://leetcode.com/problems/delay-the-resolution-of-each-promise/","Delay the Resolution of Each Promise","MISCELLANEOUS","MEDIUM",1499,,"CLEAR",,false,2026-07-21T18:50:04.000Z,2026-07-21T18:50:04.000Z
"https://leetcode.com/problems/design-cancellable-function/","Design Cancellable Function","MISCELLANEOUS","HARD",9156,,"CLEAR",,false,2026-07-21T18:50:04.000Z,2026-07-21T18:50:04.000Z
"https://leetcode.com/problems/differences-between-two-objects/","Differences Between Two Objects","MISCELLANEOUS","MEDIUM",10628,,"CLEAR",,false,2026-07-21T18:50:04.000Z,2026-07-21T18:50:04.000Z
"https://leetcode.com/problems/display-the-first-three-rows/","Display the First Three Rows","MISCELLANEOUS","EASY",237096,,"CLEAR",,false,2026-07-21T18:50:04.000Z,2026-07-21T18:50:04.000Z
"https://leetcode.com/problems/divisible-game/","Divisible Game","MISCELLANEOUS","MEDIUM",29453,,"CLEAR",,false,2026-07-21T18:50:04.000Z,2026-07-21T18:50:04.000Z
"https://leetcode.com/problems/drop-duplicate-rows/","Drop Duplicate Rows","MISCELLANEOUS","EASY",173316,,"CLEAR",,false,2026-07-21T18:50:04.000Z,2026-07-21T18:50:04.000Z
"https://leetcode.com/problems/drop-missing-data/","Drop Missing Data","MISCELLANEOUS","EASY",213384,,"CLEAR",,false,2026-07-21T18:50:04.000Z,2026-07-21T18:50:04.000Z
"https://leetcode.com/problems/election-results/","Election Results","MISCELLANEOUS","MEDIUM",6771,,"CLEAR",,false,2026-07-21T18:50:04.000Z,2026-07-21T18:50:04.000Z
"https://leetcode.com/problems/even-number-of-knight-moves/","Even Number of Knight Moves","MISCELLANEOUS","EASY",50943,,"CLEAR",,false,2026-07-21T18:50:04.000Z,2026-07-21T18:50:04.000Z
"https://leetcode.com/problems/event-emitter/","Event Emitter","MISCELLANEOUS","MEDIUM",65297,,"CLEAR",,false,2026-07-21T18:50:04.000Z,2026-07-21T18:50:04.000Z
"https://leetcode.com/problems/execute-asynchronous-functions-in-parallel/","Execute Asynchronous Functions in Parallel","MISCELLANEOUS","MEDIUM",73164,,"CLEAR",,false,2026-07-21T18:50:04.000Z,2026-07-21T18:50:04.000Z
"https://leetcode.com/problems/factorial-generator/","Factorial Generator","MISCELLANEOUS","EASY",1960,,"CLEAR",,false,2026-07-21T18:50:04.000Z,2026-07-21T18:50:04.000Z
"https://leetcode.com/problems/fill-missing-data/","Fill Missing Data","MISCELLANEOUS","EASY",169374,,"CLEAR",,false,2026-07-21T18:50:04.000Z,2026-07-21T18:50:04.000Z
"https://leetcode.com/problems/filter-elements-from-array/","Filter Elements from Array","MISCELLANEOUS","EASY",375336,,"CLEAR",,false,2026-07-21T18:50:04.000Z,2026-07-21T18:50:04.000Z
"https://leetcode.com/problems/find-books-with-polarized-opinions/","Find Books with Polarized Opinions","MISCELLANEOUS","MEDIUM",27903,,"CLEAR",,false,2026-07-21T18:50:04.000Z,2026-07-21T18:50:04.000Z
"https://leetcode.com/problems/find-churn-risk-customers/","Find Churn Risk Customers","MISCELLANEOUS","MEDIUM",18192,,"CLEAR",,false,2026-07-21T18:50:04.000Z,2026-07-21T18:50:04.000Z
"https://leetcode.com/problems/find-emotionally-consistent-users/","Find Emotionally Consistent Users","MISCELLANEOUS","MEDIUM",14428,,"CLEAR",,false,2026-07-21T18:50:04.000Z,2026-07-21T18:50:04.000Z
"https://leetcode.com/problems/find-golden-hour-customers/","Find Golden Hour Customers","MISCELLANEOUS","MEDIUM",26653,,"CLEAR",,false,2026-07-21T18:50:04.000Z,2026-07-21T18:50:04.000Z
"https://leetcode.com/problems/find-loyal-customers/","Find Loyal Customers","MISCELLANEOUS","MEDIUM",22999,,"CLEAR",,false,2026-07-21T18:50:04.000Z,2026-07-21T18:50:04.000Z
"https://leetcode.com/problems/find-stores-with-inventory-imbalance/","Find Stores with Inventory Imbalance","MISCELLANEOUS","MEDIUM",20982,,"CLEAR",,false,2026-07-21T18:50:04.000Z,2026-07-21T18:50:04.000Z
"https://leetcode.com/problems/find-students-with-study-spiral-pattern/","Find Students with Study Spiral Pattern","MISCELLANEOUS","HARD",19121,,"CLEAR",,false,2026-07-21T18:50:04.000Z,2026-07-21T18:50:04.000Z
"https://leetcode.com/problems/find-users-with-high-token-usage/","Find Users with High Token Usage","MISCELLANEOUS","EASY",25491,,"CLEAR",,false,2026-07-21T18:50:04.000Z,2026-07-21T18:50:04.000Z
"https://leetcode.com/problems/find-users-with-persistent-behavior-patterns/","Find Users with Persistent Behavior Patterns","MISCELLANEOUS","HARD",11135,,"CLEAR",,false,2026-07-21T18:50:04.000Z,2026-07-21T18:50:04.000Z
"https://leetcode.com/problems/find-zombie-sessions/","Find Zombie Sessions","MISCELLANEOUS","HARD",16660,,"CLEAR",,false,2026-07-21T18:50:04.000Z,2026-07-21T18:50:04.000Z
"https://leetcode.com/problems/finish-time-of-tasks-i/","Finish Time of Tasks I","MISCELLANEOUS","MEDIUM",32107,,"CLEAR",,false,2026-07-21T18:50:04.000Z,2026-07-21T18:50:04.000Z
"https://leetcode.com/problems/finish-time-of-tasks-ii/","Finish Time of Tasks II","MISCELLANEOUS","HARD",828,,"CLEAR",,false,2026-07-21T18:50:04.000Z,2026-07-21T18:50:04.000Z
"https://leetcode.com/problems/flatten-deeply-nested-array/","Flatten Deeply Nested Array","MISCELLANEOUS","MEDIUM",129448,,"CLEAR",,false,2026-07-21T18:50:04.000Z,2026-07-21T18:50:04.000Z
"https://leetcode.com/problems/frequency-balance-subarray/","Frequency Balance Subarray","MISCELLANEOUS","MEDIUM",73602,,"CLEAR",,false,2026-07-21T18:50:04.000Z,2026-07-21T18:50:04.000Z
"https://leetcode.com/problems/function-composition/","Function Composition","MISCELLANEOUS","EASY",292418,,"CLEAR",,false,2026-07-21T18:50:04.000Z,2026-07-21T18:50:04.000Z
"https://leetcode.com/problems/generate-circular-array-values/","Generate Circular Array Values","MISCELLANEOUS","MEDIUM",975,,"CLEAR",,false,2026-07-21T18:50:04.000Z,2026-07-21T18:50:04.000Z
"https://leetcode.com/problems/generate-fibonacci-sequence/","Generate Fibonacci Sequence","MISCELLANEOUS","EASY",63396,,"CLEAR",,false,2026-07-21T18:50:04.000Z,2026-07-21T18:50:04.000Z
"https://leetcode.com/problems/get-the-size-of-a-dataframe/","Get the Size of a DataFrame","MISCELLANEOUS","EASY",242592,,"CLEAR",,false,2026-07-21T18:50:04.000Z,2026-07-21T18:50:04.000Z
"https://leetcode.com/problems/group-by/","Group By","MISCELLANEOUS","MEDIUM",100402,,"CLEAR",,false,2026-07-21T18:50:04.000Z,2026-07-21T18:50:04.000Z
"https://leetcode.com/problems/immutability-helper/","Immutability Helper","MISCELLANEOUS","HARD",1020,,"CLEAR",,false,2026-07-21T18:50:04.000Z,2026-07-21T18:50:04.000Z
"https://leetcode.com/problems/infinite-method-object/","Infinite Method Object","MISCELLANEOUS","EASY",2367,,"CLEAR",,false,2026-07-21T18:50:04.000Z,2026-07-21T18:50:04.000Z
"https://leetcode.com/problems/interval-cancellation/","Interval Cancellation","MISCELLANEOUS","EASY",103603,,"CLEAR",,false,2026-07-21T18:50:04.000Z,2026-07-21T18:50:04.000Z
"https://leetcode.com/problems/inversion-of-object/","Inversion of Object","MISCELLANEOUS","EASY",2536,,"CLEAR",,false,2026-07-21T18:50:04.000Z,2026-07-21T18:50:04.000Z
"https://leetcode.com/problems/is-object-empty/","Is Object Empty","MISCELLANEOUS","EASY",152084,,"CLEAR",,false,2026-07-21T18:50:04.000Z,2026-07-21T18:50:04.000Z
"https://leetcode.com/problems/join-two-arrays-by-id/","Join Two Arrays by ID","MISCELLANEOUS","MEDIUM",110326,,"CLEAR",,false,2026-07-21T18:50:04.000Z,2026-07-21T18:50:04.000Z
"https://leetcode.com/problems/json-deep-equal/","JSON Deep Equal","MISCELLANEOUS","MEDIUM",38429,,"CLEAR",,false,2026-07-21T18:50:04.000Z,2026-07-21T18:50:04.000Z
"https://leetcode.com/problems/make-object-immutable/","Make Object Immutable","MISCELLANEOUS","MEDIUM",1217,,"CLEAR",,false,2026-07-21T18:50:04.000Z,2026-07-21T18:50:04.000Z
"https://leetcode.com/problems/maximize-sum-of-device-ratings/","Maximize Sum of Device Ratings","MISCELLANEOUS","MEDIUM",40311,,"CLEAR",,false,2026-07-21T18:50:04.000Z,2026-07-21T18:50:04.000Z
"https://leetcode.com/problems/maximum-consistent-columns-in-a-grid/","Maximum Consistent Columns in a Grid","MISCELLANEOUS","HARD",14951,,"CLEAR",,false,2026-07-21T18:50:04.000Z,2026-07-21T18:50:04.000Z
"https://leetcode.com/problems/maximum-subarray-sum-after-at-most-k-swaps/","Maximum Subarray Sum After at Most K Swaps","MISCELLANEOUS","HARD",22368,,"CLEAR",,false,2026-07-21T18:50:04.000Z,2026-07-21T18:50:04.000Z
"https://leetcode.com/problems/maximum-team-size-with-overlapping-intervals/","Maximum Team Size with Overlapping Intervals","MISCELLANEOUS","MEDIUM",1554,,"CLEAR",,false,2026-07-21T18:50:04.000Z,2026-07-21T18:50:04.000Z
"https://leetcode.com/problems/maximum-valid-pair-sum/","Maximum Valid Pair Sum","MISCELLANEOUS","MEDIUM",78769,,"CLEAR",,false,2026-07-21T18:50:04.000Z,2026-07-21T18:50:04.000Z
"https://leetcode.com/problems/maximum-value-of-an-alternating-sequence/","Maximum Value of an Alternating Sequence","MISCELLANEOUS","MEDIUM",84816,,"CLEAR",,false,2026-07-21T18:50:04.000Z,2026-07-21T18:50:04.000Z
"https://leetcode.com/problems/memoize/","Memoize","MISCELLANEOUS","MEDIUM",293512,,"CLEAR",,false,2026-07-21T18:50:04.000Z,2026-07-21T18:50:04.000Z
"https://leetcode.com/problems/memoize-ii/","Memoize II","MISCELLANEOUS","HARD",32348,,"CLEAR",,false,2026-07-21T18:50:04.000Z,2026-07-21T18:50:04.000Z
"https://leetcode.com/problems/method-chaining/","Method Chaining","MISCELLANEOUS","EASY",138845,,"CLEAR",,false,2026-07-21T18:50:04.000Z,2026-07-21T18:50:04.000Z
"https://leetcode.com/problems/minimum-adjacent-swaps-to-partition-array/","Minimum Adjacent Swaps to Partition Array","MISCELLANEOUS","MEDIUM",28094,,"CLEAR",,false,2026-07-21T18:50:04.000Z,2026-07-21T18:50:04.000Z
"https://leetcode.com/problems/minimum-cost-to-convert-string-iii/","Minimum Cost to Convert String III","MISCELLANEOUS","HARD",10176,,"CLEAR",,false,2026-07-21T18:50:04.000Z,2026-07-21T18:50:04.000Z
"https://leetcode.com/problems/minimum-distance-excluding-one-maximum-weighted-edge/","Minimum Distance Excluding One Maximum Weighted Edge","MISCELLANEOUS","MEDIUM",759,,"CLEAR",,false,2026-07-21T18:50:04.000Z,2026-07-21T18:50:04.000Z
"https://leetcode.com/problems/minimum-lights-to-illuminate-a-road/","Minimum Lights to Illuminate a Road","MISCELLANEOUS","MEDIUM",69242,,"CLEAR",,false,2026-07-21T18:50:04.000Z,2026-07-21T18:50:04.000Z
"https://leetcode.com/problems/minimum-number-of-string-groups-through-transformations/","Minimum Number of String Groups Through Transformations","MISCELLANEOUS","HARD",12195,,"CLEAR",,false,2026-07-21T18:50:04.000Z,2026-07-21T18:50:04.000Z
"https://leetcode.com/problems/minimum-operations-to-transform-binary-string/","Minimum Operations to Transform Binary String","MISCELLANEOUS","MEDIUM",40115,,"CLEAR",,false,2026-07-21T18:50:04.000Z,2026-07-21T18:50:04.000Z
"https://leetcode.com/problems/minimum-total-cost-to-process-all-elements/","Minimum Total Cost to Process All Elements","MISCELLANEOUS","MEDIUM",126673,,"CLEAR",,false,2026-07-21T18:50:04.000Z,2026-07-21T18:50:04.000Z
"https://leetcode.com/problems/modify-columns/","Modify Columns","MISCELLANEOUS","EASY",165222,,"CLEAR",,false,2026-07-21T18:50:04.000Z,2026-07-21T18:50:04.000Z
"https://leetcode.com/problems/most-common-course-pairs/","Most Common Course Pairs","MISCELLANEOUS","HARD",10311,,"CLEAR",,false,2026-07-21T18:50:04.000Z,2026-07-21T18:50:04.000Z
"https://leetcode.com/problems/nested-array-generator/","Nested Array Generator","MISCELLANEOUS","MEDIUM",25878,,"CLEAR",,false,2026-07-21T18:50:04.000Z,2026-07-21T18:50:04.000Z
"https://leetcode.com/problems/next-day/","Next Day","MISCELLANEOUS","EASY",1949,,"CLEAR",,false,2026-07-21T18:50:04.000Z,2026-07-21T18:50:04.000Z
"https://leetcode.com/problems/number-of-elapsed-seconds-between-two-times/","Number of Elapsed Seconds Between Two Times","MISCELLANEOUS","EASY",59086,,"CLEAR",,false,2026-07-21T18:50:04.000Z,2026-07-21T18:50:04.000Z
"https://leetcode.com/problems/number-of-ways-to-paint-sheets/","Number of Ways to Paint Sheets","MISCELLANEOUS","HARD",679,,"CLEAR",,false,2026-07-21T18:50:04.000Z,2026-07-21T18:50:04.000Z
"https://leetcode.com/problems/palindromic-subarray-sum/","Palindromic Subarray Sum","MISCELLANEOUS","HARD",17365,,"CLEAR",,false,2026-07-21T18:50:04.000Z,2026-07-21T18:50:04.000Z
"https://leetcode.com/problems/parallel-execution-of-promises-for-individual-results-retrieval/","Parallel Execution of Promises for Individual Results Retrieval","MISCELLANEOUS","MEDIUM",1299,,"CLEAR",,false,2026-07-21T18:50:04.000Z,2026-07-21T18:50:04.000Z
"https://leetcode.com/problems/partial-function-with-placeholders/","Partial Function with Placeholders","MISCELLANEOUS","EASY",2027,,"CLEAR",,false,2026-07-21T18:50:04.000Z,2026-07-21T18:50:04.000Z
"https://leetcode.com/problems/promise-pool/","Promise Pool","MISCELLANEOUS","MEDIUM",19231,,"CLEAR",,false,2026-07-21T18:50:04.000Z,2026-07-21T18:50:04.000Z
"https://leetcode.com/problems/promise-time-limit/","Promise Time Limit","MISCELLANEOUS","MEDIUM",122167,,"CLEAR",,false,2026-07-21T18:50:04.000Z,2026-07-21T18:50:04.000Z
"https://leetcode.com/problems/query-batching/","Query Batching","MISCELLANEOUS","HARD",878,,"CLEAR",,false,2026-07-21T18:50:04.000Z,2026-07-21T18:50:04.000Z
"https://leetcode.com/problems/rearrange-string-to-avoid-character-pair/","Rearrange String to Avoid Character Pair","MISCELLANEOUS","EASY",46561,,"CLEAR",,false,2026-07-21T18:50:04.000Z,2026-07-21T18:50:04.000Z
"https://leetcode.com/problems/rename-columns/","Rename Columns","MISCELLANEOUS","EASY",152986,,"CLEAR",,false,2026-07-21T18:50:04.000Z,2026-07-21T18:50:04.000Z
"https://leetcode.com/problems/repeat-string/","Repeat String","MISCELLANEOUS","EASY",4271,,"CLEAR",,false,2026-07-21T18:50:04.000Z,2026-07-21T18:50:04.000Z
"https://leetcode.com/problems/reshape-data-concatenate/","Reshape Data: Concatenate","MISCELLANEOUS","EASY",143418,,"CLEAR",,false,2026-07-21T18:50:04.000Z,2026-07-21T18:50:04.000Z
"https://leetcode.com/problems/reshape-data-melt/","Reshape Data: Melt","MISCELLANEOUS","EASY",119555,,"CLEAR",,false,2026-07-21T18:50:04.000Z,2026-07-21T18:50:04.000Z
"https://leetcode.com/problems/reshape-data-pivot/","Reshape Data: Pivot","MISCELLANEOUS","EASY",131130,,"CLEAR",,false,2026-07-21T18:50:04.000Z,2026-07-21T18:50:04.000Z
"https://leetcode.com/problems/return-length-of-arguments-passed/","Return Length of Arguments Passed","MISCELLANEOUS","EASY",329589,,"CLEAR",,false,2026-07-21T18:50:04.000Z,2026-07-21T18:50:04.000Z
"https://leetcode.com/problems/select-data/","Select Data","MISCELLANEOUS","EASY",223608,,"CLEAR",,false,2026-07-21T18:50:04.000Z,2026-07-21T18:50:04.000Z
"https://leetcode.com/problems/sleep/","Sleep","MISCELLANEOUS","EASY",299667,,"CLEAR",,false,2026-07-21T18:50:04.000Z,2026-07-21T18:50:04.000Z
"https://leetcode.com/problems/snail-traversal/","Snail Traversal","MISCELLANEOUS","MEDIUM",30570,,"CLEAR",,false,2026-07-21T18:50:04.000Z,2026-07-21T18:50:04.000Z
"https://leetcode.com/problems/sort-array-using-prefix-reversals/","Sort Array Using Prefix Reversals","MISCELLANEOUS","MEDIUM",322,,"CLEAR",,false,2026-07-21T18:50:04.000Z,2026-07-21T18:50:04.000Z
"https://leetcode.com/problems/sort-by/","Sort By","MISCELLANEOUS","EASY",102290,,"CLEAR",,false,2026-07-21T18:50:04.000Z,2026-07-21T18:50:04.000Z
"https://leetcode.com/problems/status-of-flight-tickets/","Status of Flight Tickets","MISCELLANEOUS","HARD",4794,,"CLEAR",,false,2026-07-21T18:50:04.000Z,2026-07-21T18:50:04.000Z
"https://leetcode.com/problems/subsequence-after-one-replacement/","Subsequence After One Replacement","MISCELLANEOUS","MEDIUM",94524,,"CLEAR",,false,2026-07-21T18:50:04.000Z,2026-07-21T18:50:04.000Z
"https://leetcode.com/problems/sum-of-integers-with-maximum-digit-range/","Sum of Integers with Maximum Digit Range","MISCELLANEOUS","EASY",68217,,"CLEAR",,false,2026-07-21T18:50:04.000Z,2026-07-21T18:50:04.000Z
"https://leetcode.com/problems/throttle/","Throttle","MISCELLANEOUS","MEDIUM",14177,,"CLEAR",,false,2026-07-21T18:50:04.000Z,2026-07-21T18:50:04.000Z
"https://leetcode.com/problems/timeout-cancellation/","Timeout Cancellation","MISCELLANEOUS","EASY",118561,,"CLEAR",,false,2026-07-21T18:50:04.000Z,2026-07-21T18:50:04.000Z
"https://leetcode.com/problems/to-be-or-not-to-be/","To Be Or Not To Be","MISCELLANEOUS","EASY",579805,,"CLEAR",,false,2026-07-21T18:50:04.000Z,2026-07-21T18:50:04.000Z
"https://leetcode.com/problems/transform-binary-string-using-subsequence-sort/","Transform Binary String Using Subsequence Sort","MISCELLANEOUS","MEDIUM",30065,,"CLEAR",,false,2026-07-21T18:50:04.000Z,2026-07-21T18:50:04.000Z
"https://leetcode.com/problems/undefined-to-null/","Undefined to Null","MISCELLANEOUS","MEDIUM",1454,,"CLEAR",,false,2026-07-21T18:50:04.000Z,2026-07-21T18:50:04.000Z
"https://leetcode.com/problems/unique-middle-element/","Unique Middle Element","MISCELLANEOUS","EASY",63271,,"CLEAR",,false,2026-07-21T18:50:04.000Z,2026-07-21T18:50:04.000Z
"https://leetcode.com/problems/count-prime-gap-balanced-subarrays/","Count Prime-Gap Balanced Subarrays","QUEUE","MEDIUM",33397,,"CLEAR",,true,2026-07-21T18:50:04.000Z,2026-08-29T14:00:11.307Z
"https://leetcode.com/problems/count-subarrays-with-cost-less-than-or-equal-to-k/","Count Subarrays With Cost Less Than or Equal to K","QUEUE","MEDIUM",51547,,"CLEAR",,true,2026-07-21T18:50:04.000Z,2026-08-29T14:00:11.307Z
"https://leetcode.com/problems/count-subarrays-with-fixed-bounds/","Count Subarrays With Fixed Bounds","QUEUE","HARD",341887,,"CLEAR",,true,2026-07-21T18:50:04.000Z,2026-08-29T14:00:11.307Z
"https://leetcode.com/problems/design-hit-counter/","Design Hit Counter","QUEUE","MEDIUM",495486,,"CLEAR",,true,2026-07-21T18:50:04.000Z,2026-08-29T14:00:11.307Z
"https://leetcode.com/problems/design-ride-sharing-system/","Design Ride Sharing System","QUEUE","MEDIUM",49103,,"CLEAR",,true,2026-07-21T18:50:04.000Z,2026-08-29T14:00:11.307Z
"https://leetcode.com/problems/design-snake-game/","Design Snake Game","QUEUE","MEDIUM",267118,,"CLEAR",,true,2026-07-21T18:50:04.000Z,2026-08-29T14:00:11.307Z
"https://leetcode.com/problems/find-consecutive-integers-from-a-data-stream/","Find Consecutive Integers from a Data Stream","QUEUE","MEDIUM",75297,,"CLEAR",,true,2026-07-21T18:50:04.000Z,2026-08-29T14:00:11.307Z
"https://leetcode.com/problems/first-unique-character-in-a-string/","First Unique Character in a String","QUEUE","EASY",3769100,,"SUCCESS","class Solution {
public:
    int firstUniqChar(string s) {
        vector<int> firstIndex(26, -1);
        vector<int> counts(26, 0);
        int i = 0;
        for (auto ch : s) {
            int k = ch - 'a';
            if (firstIndex[k] < 0) {
                firstIndex[k] = i;
            }
            counts[k]++;
            i++;
        }
        int ans = s.size();
        for (i = 0; i < 26; i++) {
            if (counts[i] == 1) {
                ans = min(ans, firstIndex[i]);
            }
        }
        return ans < s.size() ? ans : -1;
    }
};",true,2026-07-21T18:50:04.000Z,2026-08-29T14:00:11.307Z
"https://leetcode.com/problems/first-unique-number/","First Unique Number","QUEUE","MEDIUM",202204,,"CLEAR",,true,2026-07-21T18:50:04.000Z,2026-08-29T14:00:11.307Z
"https://leetcode.com/problems/implement-router/","Implement Router","QUEUE","MEDIUM",231578,,"CLEAR",,true,2026-07-21T18:50:04.000Z,2026-08-29T14:00:11.307Z
"https://leetcode.com/problems/moving-average-from-data-stream/","Moving Average from Data Stream","QUEUE","EASY",670081,,"CLEAR",,true,2026-07-21T18:50:04.000Z,2026-08-29T14:00:11.307Z
"https://leetcode.com/problems/number-of-recent-calls/","Number of Recent Calls","QUEUE","EASY",706573,,"SUCCESS","class RecentCounter {
    queue<int> q;

public:
    RecentCounter() {}

    int ping(int t) {
        q.push(t);
        while (q.front() < t - 3000) {
            q.pop();
        }
        return q.size();
    }
};

/**
 * Your RecentCounter object will be instantiated and called as such:
 * RecentCounter* obj = new RecentCounter();
 * int param_1 = obj->ping(t);
 */",true,2026-07-21T18:50:04.000Z,2026-08-29T14:00:11.307Z
"https://leetcode.com/problems/reveal-cards-in-increasing-order/","Reveal Cards In Increasing Order","QUEUE","MEDIUM",291327,,"ERROR","class Solution {
public:
    vector<int> merge(vector<int>&v1,vector<int>&v2){
        vector<int> v;
        int i = 0, j = 0, n = v1.size(), m = v2.size();
        while(i < n || j < m){
            if(i < n){
                v.push_back(v1[i++]);
            }
            if(j < m){
                v.push_back(v2[j++]);
            }
        }
        return v;
    }
    vector<int> deckRevealedIncreasing(vector<int>& deck) {
        int n = deck.size();
        if (n == 1) {
            return deck;
        }
        sort(deck.begin(), deck.end());
        vector<vector<int>> mat;
        int i = 0;
        int j = 0;
        while (n >= 1) {
            int m = (n + 1) / 2;
            vector<int> sub(deck.begin() + i, deck.begin() + i + m);
            if (j % 2 == 1) {
                reverse(sub.begin(), sub.end());
            }
            mat.push_back(sub);
            n -= m;
            i += m;
            j++;
        }
        int k = mat.size();
        if(k == 1){
            return mat[0];
        }
        vector<int> temp = mat[k-1];
        k-=2;
        while(k >= 0){
            temp = merge(mat[k--],temp);
        }
        return temp;
    }
};
",true,2026-07-21T18:50:04.000Z,2026-08-29T14:00:11.307Z
"https://leetcode.com/problems/time-needed-to-buy-tickets/","Time Needed to Buy Tickets","QUEUE","EASY",460509,,"CLEAR",,true,2026-07-21T18:50:04.000Z,2026-08-29T14:00:11.307Z
"https://leetcode.com/problems/time-taken-to-cross-the-door/","Time Taken to Cross the Door","QUEUE","HARD",28761,,"CLEAR",,true,2026-07-21T18:50:04.000Z,2026-08-29T14:00:11.307Z
"https://leetcode.com/problems/zigzag-iterator/","Zigzag Iterator","QUEUE","MEDIUM",171928,,"CLEAR",,true,2026-07-21T18:50:04.000Z,2026-08-29T14:00:11.307Z
"https://leetcode.com/problems/generate-random-point-in-a-circle/","Generate Random Point in a Circle","RANDOMIZED","MEDIUM",129615,,"CLEAR",,false,2026-07-21T18:50:04.000Z,2026-07-21T18:50:04.000Z
"https://leetcode.com/problems/implement-rand10-using-rand7/","Implement Rand10() Using Rand7()","RANDOMIZED","MEDIUM",243538,,"CLEAR",,false,2026-07-21T18:50:04.000Z,2026-07-21T18:50:04.000Z
"https://leetcode.com/problems/add-two-numbers/","Add Two Numbers","RECURSION","MEDIUM",14901173,,"CLEAR",,false,2026-07-21T18:50:04.000Z,2026-07-21T18:50:04.000Z
"https://leetcode.com/problems/basic-calculator/","Basic Calculator","RECURSION","HARD",1546278,,"CLEAR",,false,2026-07-21T18:50:04.000Z,2026-07-21T18:50:04.000Z
"https://leetcode.com/problems/basic-calculator-iii/","Basic Calculator III","RECURSION","HARD",295964,,"CLEAR",,false,2026-07-21T18:50:04.000Z,2026-07-21T18:50:04.000Z
"https://leetcode.com/problems/basic-calculator-iv/","Basic Calculator IV","RECURSION","HARD",34286,,"CLEAR",,false,2026-07-21T18:50:04.000Z,2026-07-21T18:50:04.000Z
"https://leetcode.com/problems/count-collisions-of-monkeys-on-a-polygon/","Count Collisions of Monkeys on a Polygon","RECURSION","MEDIUM",92319,,"CLEAR",,false,2026-07-21T18:50:04.000Z,2026-07-21T18:50:04.000Z
"https://leetcode.com/problems/count-good-numbers/","Count Good Numbers","RECURSION","MEDIUM",524187,,"CLEAR",,false,2026-07-21T18:50:04.000Z,2026-07-21T18:50:04.000Z
"https://leetcode.com/problems/decode-string/","Decode String","RECURSION","MEDIUM",1975168,,"CLEAR",,false,2026-07-21T18:50:04.000Z,2026-07-21T18:50:04.000Z
"https://leetcode.com/problems/elimination-game/","Elimination Game","RECURSION","MEDIUM",243068,,"CLEAR",,false,2026-07-21T18:50:04.000Z,2026-07-21T18:50:04.000Z
"https://leetcode.com/problems/find-kth-bit-in-nth-binary-string/","Find Kth Bit in Nth Binary String","RECURSION","MEDIUM",386887,,"CLEAR",,false,2026-07-21T18:50:04.000Z,2026-07-21T18:50:04.000Z
"https://leetcode.com/problems/find-the-winner-of-the-circular-game/","Find the Winner of the Circular Game","RECURSION","MEDIUM",473653,,"CLEAR",,false,2026-07-21T18:50:04.000Z,2026-07-21T18:50:04.000Z
"https://leetcode.com/problems/finding-3-digit-even-numbers/","Finding 3-Digit Even Numbers","RECURSION","EASY",240471,,"CLEAR",,false,2026-07-21T18:50:04.000Z,2026-07-21T18:50:04.000Z
"https://leetcode.com/problems/integer-to-english-words/","Integer to English Words","RECURSION","HARD",1680963,,"CLEAR",,false,2026-07-21T18:50:04.000Z,2026-07-21T18:50:04.000Z
"https://leetcode.com/problems/last-remaining-integer-after-alternating-deletion-operations/","Last Remaining Integer After Alternating Deletion Operations","RECURSION","HARD",16717,,"CLEAR",,false,2026-07-21T18:50:04.000Z,2026-07-21T18:50:04.000Z
"https://leetcode.com/problems/maximize-number-of-nice-divisors/","Maximize Number of Nice Divisors","RECURSION","HARD",29766,,"CLEAR",,false,2026-07-21T18:50:04.000Z,2026-07-21T18:50:04.000Z
"https://leetcode.com/problems/merge-two-sorted-lists/","Merge Two Sorted Lists","RECURSION","EASY",9441378,,"CLEAR",,false,2026-07-21T18:50:04.000Z,2026-07-21T18:50:04.000Z
"https://leetcode.com/problems/output-contest-matches/","Output Contest Matches","RECURSION","MEDIUM",36925,,"CLEAR",,false,2026-07-21T18:50:04.000Z,2026-07-21T18:50:04.000Z
"https://leetcode.com/problems/palindrome-linked-list/","Palindrome Linked List","RECURSION","EASY",5177364,,"CLEAR",,false,2026-07-21T18:50:04.000Z,2026-07-21T18:50:04.000Z
"https://leetcode.com/problems/parse-lisp-expression/","Parse Lisp Expression","RECURSION","HARD",54238,,"CLEAR",,false,2026-07-21T18:50:04.000Z,2026-07-21T18:50:04.000Z
"https://leetcode.com/problems/parsing-a-boolean-expression/","Parsing A Boolean Expression","RECURSION","HARD",220802,,"CLEAR",,false,2026-07-21T18:50:04.000Z,2026-07-21T18:50:04.000Z
"https://leetcode.com/problems/permutation-sequence/","Permutation Sequence","RECURSION","HARD",1125074,,"CLEAR",,false,2026-07-21T18:50:04.000Z,2026-07-21T18:50:04.000Z
"https://leetcode.com/problems/powx-n/","Pow(x, n)","RECURSION","MEDIUM",7251205,,"CLEAR",,false,2026-07-21T18:50:04.000Z,2026-07-21T18:50:04.000Z
"https://leetcode.com/problems/power-of-three/","Power of Three","RECURSION","EASY",2795523,,"CLEAR",,false,2026-07-21T18:50:04.000Z,2026-07-21T18:50:04.000Z
"https://leetcode.com/problems/print-immutable-linked-list-in-reverse/","Print Immutable Linked List in Reverse","RECURSION","MEDIUM",72179,,"CLEAR",,false,2026-07-21T18:50:04.000Z,2026-07-21T18:50:04.000Z
"https://leetcode.com/problems/remove-linked-list-elements/","Remove Linked List Elements","RECURSION","EASY",3018582,,"CLEAR",,false,2026-07-21T18:50:04.000Z,2026-07-21T18:50:04.000Z
"https://leetcode.com/problems/remove-nodes-from-linked-list/","Remove Nodes From Linked List","RECURSION","MEDIUM",375932,,"CLEAR",,false,2026-07-21T18:50:04.000Z,2026-07-21T18:50:04.000Z
"https://leetcode.com/problems/reorder-list/","Reorder List","RECURSION","MEDIUM",2398207,,"CLEAR",,false,2026-07-21T18:50:04.000Z,2026-07-21T18:50:04.000Z
"https://leetcode.com/problems/reverse-linked-list/","Reverse Linked List","RECURSION","EASY",8075314,,"SUCCESS","/**
 * Definition for singly-linked list.
 * struct ListNode {
 *     int val;
 *     ListNode *next;
 *     ListNode() : val(0), next(nullptr) {}
 *     ListNode(int x) : val(x), next(nullptr) {}
 *     ListNode(int x, ListNode *next) : val(x), next(next) {}
 * };
 */
class Solution {
public:
    ListNode* reverseList(ListNode* head) {
        if(head == nullptr){
            return head;
        }
        auto rev = head;
        head = head->next;
        rev->next = nullptr;
        while(head!=nullptr){
            auto temp = head->next;
            head->next = rev;
            rev = head;
            head = temp;
        }
        return rev;
    }
};",false,2026-07-21T18:50:04.000Z,2026-09-02T15:41:18.565Z
"https://leetcode.com/problems/reverse-nodes-in-k-group/","Reverse Nodes in k-Group","RECURSION","HARD",2428366,,"CLEAR",,false,2026-07-21T18:50:04.000Z,2026-07-21T18:50:04.000Z
"https://leetcode.com/problems/sequential-grid-path-cover/","Sequential Grid Path Cover","RECURSION","MEDIUM",1184,,"CLEAR",,false,2026-07-21T18:50:04.000Z,2026-07-21T18:50:04.000Z
"https://leetcode.com/problems/split-bst/","Split BST","RECURSION","MEDIUM",137208,,"CLEAR",,false,2026-07-21T18:50:04.000Z,2026-07-21T18:50:04.000Z
"https://leetcode.com/problems/strobogrammatic-number-ii/","Strobogrammatic Number II","RECURSION","MEDIUM",304124,,"CLEAR",,false,2026-07-21T18:50:04.000Z,2026-07-21T18:50:04.000Z
"https://leetcode.com/problems/strobogrammatic-number-iii/","Strobogrammatic Number III","RECURSION","HARD",90021,,"CLEAR",,false,2026-07-21T18:50:04.000Z,2026-07-21T18:50:04.000Z
"https://leetcode.com/problems/swap-nodes-in-pairs/","Swap Nodes in Pairs","RECURSION","MEDIUM",2848469,,"CLEAR",,false,2026-07-21T18:50:04.000Z,2026-07-21T18:50:04.000Z
"https://leetcode.com/problems/ternary-expression-parser/","Ternary Expression Parser","RECURSION","MEDIUM",62400,,"CLEAR",,false,2026-07-21T18:50:04.000Z,2026-07-21T18:50:04.000Z
"https://leetcode.com/problems/unique-3-digit-even-numbers/","Unique 3-Digit Even Numbers","RECURSION","EASY",70259,,"CLEAR",,false,2026-07-21T18:50:04.000Z,2026-07-21T18:50:04.000Z
"https://leetcode.com/problems/verify-preorder-sequence-in-binary-search-tree/","Verify Preorder Sequence in Binary Search Tree","RECURSION","MEDIUM",183062,,"CLEAR",,false,2026-07-21T18:50:04.000Z,2026-07-21T18:50:04.000Z
"https://leetcode.com/problems/tenth-line/","Tenth Line","SHELL","EASY",458801,,"CLEAR",,false,2026-07-21T18:50:04.000Z,2026-07-21T18:50:04.000Z
"https://leetcode.com/problems/transpose-file/","Transpose File","SHELL","MEDIUM",144060,,"CLEAR",,false,2026-07-21T18:50:04.000Z,2026-07-21T18:50:04.000Z
"https://leetcode.com/problems/valid-phone-numbers/","Valid Phone Numbers","SHELL","EASY",457101,,"CLEAR",,false,2026-07-21T18:50:04.000Z,2026-07-21T18:50:04.000Z
"https://leetcode.com/problems/word-frequency/","Word Frequency","SHELL","MEDIUM",280526,,"CLEAR",,false,2026-07-21T18:50:04.000Z,2026-07-21T18:50:04.000Z
"https://leetcode.com/problems/walking-robot-simulation-ii/","Walking Robot Simulation II","SIMULATION","MEDIUM",208792,,"CLEAR",,false,2026-07-21T18:50:04.000Z,2026-07-21T18:50:04.000Z
"https://leetcode.com/problems/alternating-groups-i/","Alternating Groups I","SLIDING WINDOW","EASY",110850,,"CLEAR",,false,2026-07-21T18:50:04.000Z,2026-07-21T18:50:04.000Z
"https://leetcode.com/problems/alternating-groups-ii/","Alternating Groups II","SLIDING WINDOW","MEDIUM",269565,,"CLEAR",,false,2026-07-21T18:50:04.000Z,2026-07-21T18:50:04.000Z
"https://leetcode.com/problems/apply-operations-to-maximize-frequency-score/","Apply Operations to Maximize Frequency Score","SLIDING WINDOW","HARD",27211,,"CLEAR",,false,2026-07-21T18:50:04.000Z,2026-07-21T18:50:04.000Z
"https://leetcode.com/problems/best-time-to-buy-and-sell-stock-using-strategy/","Best Time to Buy and Sell Stock using Strategy","SLIDING WINDOW","MEDIUM",191812,,"CLEAR",,false,2026-07-21T18:50:04.000Z,2026-07-21T18:50:04.000Z
"https://leetcode.com/problems/count-subarrays-where-max-element-appears-at-least-k-times/","Count Subarrays Where Max Element Appears at Least K Times","SLIDING WINDOW","MEDIUM",421937,,"CLEAR",,false,2026-07-21T18:50:04.000Z,2026-07-21T18:50:04.000Z
"https://leetcode.com/problems/count-subarrays-with-score-less-than-k/","Count Subarrays With Score Less Than K","SLIDING WINDOW","HARD",245084,,"CLEAR",,false,2026-07-21T18:50:04.000Z,2026-07-21T18:50:04.000Z
"https://leetcode.com/problems/count-substrings-that-satisfy-k-constraint-i/","Count Substrings That Satisfy K-Constraint I","SLIDING WINDOW","EASY",76721,,"CLEAR",,false,2026-07-21T18:50:04.000Z,2026-07-21T18:50:04.000Z
"https://leetcode.com/problems/count-substrings-that-satisfy-k-constraint-ii/","Count Substrings That Satisfy K-Constraint II","SLIDING WINDOW","HARD",25923,,"CLEAR",,false,2026-07-21T18:50:04.000Z,2026-07-21T18:50:04.000Z
"https://leetcode.com/problems/defuse-the-bomb/","Defuse the Bomb","SLIDING WINDOW","EASY",295171,,"CLEAR",,false,2026-07-21T18:50:04.000Z,2026-07-21T18:50:04.000Z
"https://leetcode.com/problems/diet-plan-performance/","Diet Plan Performance","SLIDING WINDOW","EASY",75654,,"CLEAR",,false,2026-07-21T18:50:04.000Z,2026-07-21T18:50:04.000Z
"https://leetcode.com/problems/find-the-k-beauty-of-a-number/","Find the K-Beauty of a Number","SLIDING WINDOW","EASY",152068,,"CLEAR",,false,2026-07-21T18:50:04.000Z,2026-07-21T18:50:04.000Z
"https://leetcode.com/problems/find-the-longest-semi-repetitive-substring/","Find the Longest Semi-Repetitive Substring","SLIDING WINDOW","MEDIUM",87621,,"CLEAR",,false,2026-07-21T18:50:04.000Z,2026-07-21T18:50:04.000Z
"https://leetcode.com/problems/find-the-power-of-k-size-subarrays-i/","Find the Power of K-Size Subarrays I","SLIDING WINDOW","MEDIUM",252111,,"CLEAR",,false,2026-07-21T18:50:04.000Z,2026-07-21T18:50:04.000Z
"https://leetcode.com/problems/find-the-power-of-k-size-subarrays-ii/","Find the Power of K-Size Subarrays II","SLIDING WINDOW","MEDIUM",112996,,"CLEAR",,false,2026-07-21T18:50:04.000Z,2026-07-21T18:50:04.000Z
"https://leetcode.com/problems/get-equal-substrings-within-budget/","Get Equal Substrings Within Budget","SLIDING WINDOW","MEDIUM",346334,,"CLEAR",,false,2026-07-21T18:50:04.000Z,2026-07-21T18:50:04.000Z
"https://leetcode.com/problems/grumpy-bookstore-owner/","Grumpy Bookstore Owner","SLIDING WINDOW","MEDIUM",384524,,"CLEAR",,false,2026-07-21T18:50:04.000Z,2026-07-21T18:50:04.000Z
"https://leetcode.com/problems/k-radius-subarray-averages/","K Radius Subarray Averages","SLIDING WINDOW","MEDIUM",447793,,"CLEAR",,false,2026-07-21T18:50:04.000Z,2026-07-21T18:50:04.000Z
"https://leetcode.com/problems/kth-smallest-subarray-sum/","Kth Smallest Subarray Sum","SLIDING WINDOW","MEDIUM",11351,,"CLEAR",,false,2026-07-21T18:50:04.000Z,2026-07-21T18:50:04.000Z
"https://leetcode.com/problems/longest-even-odd-subarray-with-threshold/","Longest Even Odd Subarray With Threshold","SLIDING WINDOW","EASY",171230,,"CLEAR",,false,2026-07-21T18:50:04.000Z,2026-07-21T18:50:04.000Z
"https://leetcode.com/problems/longest-substring-of-all-vowels-in-order/","Longest Substring Of All Vowels in Order","SLIDING WINDOW","MEDIUM",93503,,"CLEAR",,false,2026-07-21T18:50:04.000Z,2026-07-21T18:50:04.000Z
"https://leetcode.com/problems/max-consecutive-ones-iii/","Max Consecutive Ones III","SLIDING WINDOW","MEDIUM",2204639,,"CLEAR",,false,2026-07-21T18:50:04.000Z,2026-07-21T18:50:04.000Z
"https://leetcode.com/problems/maximize-the-confusion-of-an-exam/","Maximize the Confusion of an Exam","SLIDING WINDOW","MEDIUM",215902,,"CLEAR",,false,2026-07-21T18:50:04.000Z,2026-07-21T18:50:04.000Z
"https://leetcode.com/problems/maximize-win-from-two-segments/","Maximize Win From Two Segments","SLIDING WINDOW","MEDIUM",44042,,"CLEAR",,false,2026-07-21T18:50:04.000Z,2026-07-21T18:50:04.000Z
"https://leetcode.com/problems/maximum-average-subarray-i/","Maximum Average Subarray I","SLIDING WINDOW","EASY",2696539,,"CLEAR",,false,2026-07-21T18:50:04.000Z,2026-07-21T18:50:04.000Z
"https://leetcode.com/problems/maximum-beauty-of-an-array-after-applying-operation/","Maximum Beauty of an Array After Applying Operation","SLIDING WINDOW","MEDIUM",229478,,"CLEAR",,false,2026-07-21T18:50:04.000Z,2026-07-21T18:50:04.000Z
"https://leetcode.com/problems/maximum-difference-between-even-and-odd-frequency-ii/","Maximum Difference Between Even and Odd Frequency II","SLIDING WINDOW","HARD",121502,,"CLEAR",,false,2026-07-21T18:50:04.000Z,2026-07-21T18:50:04.000Z
"https://leetcode.com/problems/maximum-frequency-of-an-element-after-performing-operations-i/","Maximum Frequency of an Element After Performing Operations I","SLIDING WINDOW","MEDIUM",227086,,"CLEAR",,false,2026-07-21T18:50:04.000Z,2026-07-21T18:50:04.000Z
"https://leetcode.com/problems/maximum-frequency-of-an-element-after-performing-operations-ii/","Maximum Frequency of an Element After Performing Operations II","SLIDING WINDOW","HARD",126686,,"CLEAR",,false,2026-07-21T18:50:04.000Z,2026-07-21T18:50:04.000Z
"https://leetcode.com/problems/maximum-fruits-harvested-after-at-most-k-steps/","Maximum Fruits Harvested After at Most K Steps","SLIDING WINDOW","HARD",143274,,"CLEAR",,false,2026-07-21T18:50:04.000Z,2026-07-21T18:50:04.000Z
"https://leetcode.com/problems/maximum-number-of-visible-points/","Maximum Number of Visible Points","SLIDING WINDOW","HARD",143473,,"CLEAR",,false,2026-07-21T18:50:04.000Z,2026-07-21T18:50:04.000Z
"https://leetcode.com/problems/maximum-number-of-vowels-in-a-substring-of-given-length/","Maximum Number of Vowels in a Substring of Given Length","SLIDING WINDOW","MEDIUM",1185403,,"CLEAR",,false,2026-07-21T18:50:04.000Z,2026-07-21T18:50:04.000Z
"https://leetcode.com/problems/maximum-points-you-can-obtain-from-cards/","Maximum Points You Can Obtain from Cards","SLIDING WINDOW","MEDIUM",961848,,"CLEAR",,false,2026-07-21T18:50:04.000Z,2026-07-21T18:50:04.000Z
"https://leetcode.com/problems/maximum-subarray-with-equal-products/","Maximum Subarray With Equal Products","SLIDING WINDOW","EASY",64835,,"CLEAR",,false,2026-07-21T18:50:04.000Z,2026-07-21T18:50:04.000Z
"https://leetcode.com/problems/minimize-connected-groups-by-inserting-interval/","Minimize Connected Groups by Inserting Interval","SLIDING WINDOW","MEDIUM",3091,,"CLEAR",,false,2026-07-21T18:50:04.000Z,2026-07-21T18:50:04.000Z
"https://leetcode.com/problems/minimum-difference-between-highest-and-lowest-of-k-scores/","Minimum Difference Between Highest and Lowest of K Scores","SLIDING WINDOW","EASY",396604,,"CLEAR",,false,2026-07-21T18:50:04.000Z,2026-07-21T18:50:04.000Z
"https://leetcode.com/problems/minimum-positive-sum-subarray/","Minimum Positive Sum Subarray ","SLIDING WINDOW","EASY",109522,,"CLEAR",,false,2026-07-21T18:50:04.000Z,2026-07-21T18:50:04.000Z
"https://leetcode.com/problems/minimum-recolors-to-get-k-consecutive-black-blocks/","Minimum Recolors to Get K Consecutive Black Blocks","SLIDING WINDOW","EASY",349526,,"CLEAR",,false,2026-07-21T18:50:04.000Z,2026-07-21T18:50:04.000Z
"https://leetcode.com/problems/minimum-removals-to-balance-array/","Minimum Removals to Balance Array","SLIDING WINDOW","MEDIUM",309234,,"CLEAR",,false,2026-07-21T18:50:04.000Z,2026-07-21T18:50:04.000Z
"https://leetcode.com/problems/minimum-size-subarray-sum/","Minimum Size Subarray Sum","SLIDING WINDOW","MEDIUM",3828300,,"CLEAR",,false,2026-07-21T18:50:04.000Z,2026-07-21T18:50:04.000Z
"https://leetcode.com/problems/minimum-swaps-to-group-all-1s-together/","Minimum Swaps to Group All 1's Together","SLIDING WINDOW","MEDIUM",145861,,"CLEAR",,false,2026-07-21T18:50:04.000Z,2026-07-21T18:50:04.000Z
"https://leetcode.com/problems/minimum-swaps-to-group-all-1s-together-ii/","Minimum Swaps to Group All 1's Together II","SLIDING WINDOW","MEDIUM",274930,,"CLEAR",,false,2026-07-21T18:50:04.000Z,2026-07-21T18:50:04.000Z
"https://leetcode.com/problems/moving-stones-until-consecutive-ii/","Moving Stones Until Consecutive II","SLIDING WINDOW","MEDIUM",26910,,"CLEAR",,false,2026-07-21T18:50:04.000Z,2026-07-21T18:50:04.000Z
"https://leetcode.com/problems/number-of-sub-arrays-of-size-k-and-average-greater-than-or-equal-to-threshold/","Number of Sub-arrays of Size K and Average Greater than or Equal to Threshold","SLIDING WINDOW","MEDIUM",289931,,"CLEAR",,false,2026-07-21T18:50:04.000Z,2026-07-21T18:50:04.000Z
"https://leetcode.com/problems/replace-the-substring-for-balanced-string/","Replace the Substring for Balanced String","SLIDING WINDOW","MEDIUM",120703,,"CLEAR",,false,2026-07-21T18:50:04.000Z,2026-07-21T18:50:04.000Z
"https://leetcode.com/problems/shortest-and-lexicographically-smallest-beautiful-string/","Shortest and Lexicographically Smallest Beautiful String","SLIDING WINDOW","MEDIUM",83519,,"CLEAR",,false,2026-07-21T18:50:04.000Z,2026-07-21T18:50:04.000Z
"https://leetcode.com/problems/subarray-product-less-than-k/","Subarray Product Less Than K","SLIDING WINDOW","MEDIUM",1184255,,"CLEAR",,false,2026-07-21T18:50:04.000Z,2026-07-21T18:50:04.000Z
"https://leetcode.com/problems/absolute-difference-between-maximum-and-minimum-k-elements/","Absolute Difference Between Maximum and Minimum K Elements","SORTING","EASY",65225,,"CLEAR",,true,2026-07-21T18:50:04.000Z,2026-08-23T20:28:32.281Z
"https://leetcode.com/problems/average-salary-excluding-the-minimum-and-maximum-salary/","Average Salary Excluding the Minimum and Maximum Salary","SORTING","EASY",629582,,"CLEAR",,true,2026-07-21T18:50:04.000Z,2026-08-23T20:28:32.281Z
"https://leetcode.com/problems/can-make-arithmetic-progression-from-sequence/","Can Make Arithmetic Progression From Sequence","SORTING","EASY",523622,,"CLEAR",,true,2026-07-21T18:50:04.000Z,2026-08-23T20:28:32.281Z
"https://leetcode.com/problems/check-if-grid-can-be-cut-into-sections/","Check if Grid can be Cut into Sections","SORTING","MEDIUM",167092,,"CLEAR",,true,2026-07-21T18:50:04.000Z,2026-08-23T20:28:32.281Z
"https://leetcode.com/problems/count-days-without-meetings/","Count Days Without Meetings","SORTING","MEDIUM",385425,,"CLEAR",,true,2026-07-21T18:50:04.000Z,2026-08-23T20:28:32.281Z
"https://leetcode.com/problems/count-elements-with-strictly-smaller-and-greater-elements/","Count Elements With Strictly Smaller and Greater Elements ","SORTING","EASY",142780,,"CLEAR",,true,2026-07-21T18:50:04.000Z,2026-08-23T20:28:32.281Z
"https://leetcode.com/problems/count-mentions-per-user/","Count Mentions Per User","SORTING","MEDIUM",170622,,"CLEAR",,true,2026-07-21T18:50:04.000Z,2026-08-23T20:28:32.281Z
"https://leetcode.com/problems/count-ways-to-group-overlapping-ranges/","Count Ways to Group Overlapping Ranges","SORTING","MEDIUM",62976,,"CLEAR",,true,2026-07-21T18:50:04.000Z,2026-08-23T20:28:32.281Z
"https://leetcode.com/problems/divide-an-array-into-subarrays-with-minimum-cost-i/","Divide an Array Into Subarrays With Minimum Cost I","SORTING","EASY",236483,,"CLEAR",,true,2026-07-21T18:50:04.000Z,2026-08-23T20:28:32.281Z
"https://leetcode.com/problems/filter-occupied-intervals/","Filter Occupied Intervals","SORTING","MEDIUM",63285,,"CLEAR",,true,2026-07-21T18:50:04.000Z,2026-08-23T20:28:32.281Z
"https://leetcode.com/problems/filter-restaurants-by-vegan-friendly-price-and-distance/","Filter Restaurants by Vegan-Friendly, Price and Distance","SORTING","MEDIUM",59734,,"CLEAR",,true,2026-07-21T18:50:04.000Z,2026-08-23T20:28:32.281Z
"https://leetcode.com/problems/find-maximal-uncovered-ranges/","Find Maximal Uncovered Ranges","SORTING","MEDIUM",4838,,"CLEAR",,true,2026-07-21T18:50:04.000Z,2026-08-23T20:28:32.281Z
"https://leetcode.com/problems/find-the-number-of-ways-to-place-people-i/","Find the Number of Ways to Place People I","SORTING","MEDIUM",181567,,"CLEAR",,true,2026-07-21T18:50:04.000Z,2026-08-23T20:28:32.281Z
"https://leetcode.com/problems/find-the-number-of-ways-to-place-people-ii/","Find the Number of Ways to Place People II","SORTING","HARD",137903,,"CLEAR",,true,2026-07-21T18:50:04.000Z,2026-08-23T20:28:32.281Z
"https://leetcode.com/problems/find-the-value-of-the-partition/","Find the Value of the Partition","SORTING","MEDIUM",64689,,"CLEAR",,true,2026-07-21T18:50:04.000Z,2026-08-23T20:28:32.281Z
"https://leetcode.com/problems/gcd-sort-of-an-array/","GCD Sort of an Array","SORTING","HARD",31872,,"CLEAR",,true,2026-07-21T18:50:04.000Z,2026-08-23T20:28:32.281Z
"https://leetcode.com/problems/h-index/","H-Index","SORTING","MEDIUM",2160195,,"SUCCESS","class Solution {
public:
    int hIndex(vector<int>& citations) {
        int n = citations.size();
        int ans = 0;
        int i = 0;
        sort(citations.begin(),citations.end());
        while(i < n){
            ans = max(ans, min(citations[i], n-i));
            i++;
        }
        return ans; 
    }
};",true,2026-07-21T18:50:04.000Z,2026-08-23T20:28:32.281Z
"https://leetcode.com/problems/happy-students/","Happy Students","SORTING","MEDIUM",51440,,"CLEAR",,true,2026-07-21T18:50:04.000Z,2026-08-23T20:28:32.281Z
"https://leetcode.com/problems/height-checker/","Height Checker","SORTING","EASY",804007,,"SUCCESS","class Solution {
public:
    int heightChecker(vector<int>& heights) {
        int n = heights.size();
        vector<int> expected;
        for (auto it : heights) {
            expected.push_back(it);
        }
        sort(expected.begin(), expected.end());
        int ans = 0;

        for (int i = 0; i < n; i++) {
            ans += expected[i] == heights[i] ? 0 : 1;
        }
        return ans;
    }
};",true,2026-07-21T18:50:04.000Z,2026-08-23T20:28:32.281Z
"https://leetcode.com/problems/largest-number-at-least-twice-of-others/","Largest Number At Least Twice of Others","SORTING","EASY",665771,,"CLEAR",,true,2026-07-21T18:50:04.000Z,2026-08-23T20:28:32.281Z
"https://leetcode.com/problems/make-lexicographically-smallest-array-by-swapping-elements/","Make Lexicographically Smallest Array by Swapping Elements","SORTING","MEDIUM",171000,,"CLEAR",,true,2026-07-21T18:50:04.000Z,2026-08-23T20:28:32.281Z
"https://leetcode.com/problems/maximize-area-of-square-hole-in-grid/","Maximize Area of Square Hole in Grid","SORTING","MEDIUM",161688,,"CLEAR",,true,2026-07-21T18:50:04.000Z,2026-08-23T20:28:32.281Z
"https://leetcode.com/problems/maximum-building-height/","Maximum Building Height","SORTING","HARD",124867,,"CLEAR",,true,2026-07-21T18:50:04.000Z,2026-08-23T20:28:32.281Z
"https://leetcode.com/problems/maximum-consecutive-floors-without-special-floors/","Maximum Consecutive Floors Without Special Floors","SORTING","MEDIUM",83258,,"CLEAR",,true,2026-07-21T18:50:04.000Z,2026-08-23T20:28:32.281Z
"https://leetcode.com/problems/maximum-gap/","Maximum Gap","SORTING","MEDIUM",683603,,"SUCCESS","class Solution {
public:
    int maximumGap(vector<int>& nums) {
        int n = nums.size();
        if (n < 2) {
            return 0;
        }
        sort(nums.begin(), nums.end());
        int i = 1;
        int ans = 0;
        while (i < n) {
            ans = max(ans, nums[i] - nums[i - 1]);
            i++;
        }
        return ans;
    }
};",true,2026-07-21T18:50:04.000Z,2026-08-23T20:28:32.281Z
"https://leetcode.com/problems/maximum-product-difference-between-two-pairs/","Maximum Product Difference Between Two Pairs","SORTING","EASY",366316,,"CLEAR",,true,2026-07-21T18:50:04.000Z,2026-08-23T20:28:32.281Z
"https://leetcode.com/problems/maximum-product-of-three-numbers/","Maximum Product of Three Numbers","SORTING","EASY",1115208,,"CLEAR",,true,2026-07-21T18:50:04.000Z,2026-08-23T20:28:32.281Z
"https://leetcode.com/problems/maximum-product-of-two-digits/","Maximum Product of Two Digits","SORTING","EASY",75980,,"CLEAR",,true,2026-07-21T18:50:04.000Z,2026-08-23T20:28:32.281Z
"https://leetcode.com/problems/mean-of-array-after-removing-some-elements/","Mean of Array After Removing Some Elements","SORTING","EASY",122153,,"SUCCESS","class Solution {
public:
    double trimMean(vector<int>& arr) {
        sort(arr.begin(), arr.end());
        int n = arr.size();
        int i = n / 20, j = n - 1 - n / 20, k = (9 * n) / 10;
        double ans = 0;
        while (i <= j) {
            double tmp = arr[i++];
            ans += tmp / k;
        }
        return ans;
    }
};",true,2026-07-21T18:50:04.000Z,2026-08-23T20:28:32.281Z
"https://leetcode.com/problems/meeting-rooms/","Meeting Rooms","SORTING","EASY",886739,,"CLEAR",,true,2026-07-21T18:50:04.000Z,2026-08-23T20:28:32.281Z
"https://leetcode.com/problems/merge-intervals/","Merge Intervals","SORTING","MEDIUM",7994606,,"SUCCESS","class Solution {
public:
    vector<vector<int>> merge(vector<vector<int>>& intervals) {
        sort(intervals.begin(), intervals.end(),
             [](vector<int>& a, vector<int>& b) {
                 return a[0] == b[0] ? a[1] < b[1] : a[0] < b[0];
             });
        vector<vector<int>> ans;
        int x = intervals[0][0];
        int y = intervals[0][1];
        for (auto it : intervals) {
            if (y < it[0]) {
                ans.push_back({x, y});
                x = it[0];
            }
            y = max(y, it[1]);
        }
        ans.push_back({x, y});
        return ans;
    }
};",true,2026-07-21T18:50:04.000Z,2026-08-23T20:28:32.281Z
"https://leetcode.com/problems/minimum-absolute-difference/","Minimum Absolute Difference","SORTING","EASY",604039,,"SUCCESS","class Solution {
public:
    vector<vector<int>> minimumAbsDifference(vector<int>& arr) {
        sort(arr.begin(), arr.end());
        int n = arr.size();
        int mad = arr[n - 1] - arr[0];
        int i = 1;
        while (i < n) {
            mad = min(mad, arr[i] - arr[i - 1]);
            i++;
        }
        vector<vector<int>> ans;
        i = 1;
        while (i < n) {
            if (arr[i] - arr[i - 1] == mad) {
                ans.push_back({arr[i - 1], arr[i]});
            }
            i++;
        }
        return ans;
    }
};",true,2026-07-21T18:50:04.000Z,2026-08-23T20:28:32.281Z
"https://leetcode.com/problems/minimum-energy-to-maintain-brightness/","Minimum Energy to Maintain Brightness","SORTING","MEDIUM",47450,,"CLEAR",,true,2026-07-21T18:50:04.000Z,2026-08-23T20:28:32.281Z
"https://leetcode.com/problems/minimum-lines-to-represent-a-line-chart/","Minimum Lines to Represent a Line Chart","SORTING","MEDIUM",121628,,"CLEAR",,true,2026-07-21T18:50:04.000Z,2026-08-23T20:28:32.281Z
"https://leetcode.com/problems/minimum-moves-to-equal-array-elements-ii/","Minimum Moves to Equal Array Elements II","SORTING","MEDIUM",375491,,"CLEAR",,true,2026-07-21T18:50:04.000Z,2026-08-23T20:28:32.281Z
"https://leetcode.com/problems/minimum-time-difference/","Minimum Time Difference","SORTING","MEDIUM",564366,,"CLEAR",,true,2026-07-21T18:50:04.000Z,2026-08-23T20:28:32.281Z
"https://leetcode.com/problems/movement-of-robots/","Movement of Robots","SORTING","MEDIUM",68437,,"CLEAR",,true,2026-07-21T18:50:04.000Z,2026-08-23T20:28:32.281Z
"https://leetcode.com/problems/neither-minimum-nor-maximum/","Neither Minimum nor Maximum","SORTING","EASY",186785,,"CLEAR",,true,2026-07-21T18:50:04.000Z,2026-08-23T20:28:32.281Z
"https://leetcode.com/problems/orderly-queue/","Orderly Queue","SORTING","HARD",129145,,"CLEAR",,true,2026-07-21T18:50:04.000Z,2026-08-23T20:28:32.281Z
"https://leetcode.com/problems/rearrange-words-in-a-sentence/","Rearrange Words in a Sentence","SORTING","MEDIUM",98234,,"CLEAR",,true,2026-07-21T18:50:04.000Z,2026-08-23T20:28:32.281Z
"https://leetcode.com/problems/reduction-operations-to-make-the-array-elements-equal/","Reduction Operations to Make the Array Elements Equal","SORTING","MEDIUM",156888,,"CLEAR",,true,2026-07-21T18:50:04.000Z,2026-08-23T20:28:32.281Z
"https://leetcode.com/problems/remove-covered-intervals/","Remove Covered Intervals","SORTING","MEDIUM",438122,,"CLEAR",,true,2026-07-21T18:50:04.000Z,2026-08-23T20:28:32.281Z
"https://leetcode.com/problems/reorder-data-in-log-files/","Reorder Data in Log Files","SORTING","MEDIUM",730851,,"SUCCESS","class Solution {
public:
    vector<string> reorderLogFiles(vector<string>& logs) {
        vector<string> words;
        vector<string> digits;
        for (auto it : logs) {
            int i = it.find(' ');
            if (isalpha(it[i + 1])) {
                words.push_back(it);
            } else {
                digits.push_back(it);
            }
        }
        sort(words.begin(), words.end(), [](string& word1, string& word2) {
            int i = word1.find(' ');
            string p1 = word1.substr(0, i);
            string c1 = word1.substr(i + 1, word1.size() - i - 1);
            int j = word2.find(' ');
            string p2 = word2.substr(0, j);
            string c2 = word2.substr(j + 1, word2.size() - j - 1);
            return c1 == c2 ? p1 < p2 : c1 < c2;
        });
        int i = 0;
        for (auto it : words) {
            logs[i++] = it;
        }
        for (auto it : digits) {
            logs[i++] = it;
        }
        return logs;
    }
};",true,2026-07-21T18:50:04.000Z,2026-08-23T20:28:32.281Z
"https://leetcode.com/problems/smallest-palindromic-rearrangement-i/","Smallest Palindromic Rearrangement I","SORTING","MEDIUM",57204,,"CLEAR",,true,2026-07-21T18:50:04.000Z,2026-08-23T20:28:32.281Z
"https://leetcode.com/problems/smallest-value-of-the-rearranged-number/","Smallest Value of the Rearranged Number","SORTING","MEDIUM",92410,,"CLEAR",,true,2026-07-21T18:50:04.000Z,2026-08-23T20:28:32.281Z
"https://leetcode.com/problems/sort-even-and-odd-indices-independently/","Sort Even and Odd Indices Independently","SORTING","EASY",150280,,"CLEAR",,true,2026-07-21T18:50:04.000Z,2026-08-23T20:28:32.281Z
"https://leetcode.com/problems/sort-integers-by-binary-reflection/","Sort Integers by Binary Reflection","SORTING","EASY",51984,,"CLEAR",,true,2026-07-21T18:50:04.000Z,2026-08-23T20:28:32.281Z
"https://leetcode.com/problems/sort-the-jumbled-numbers/","Sort the Jumbled Numbers","SORTING","MEDIUM",261101,,"CLEAR",,true,2026-07-21T18:50:04.000Z,2026-08-23T20:28:32.281Z
"https://leetcode.com/problems/sort-threats-by-severity-and-exploitability/","Sort Threats by Severity and Exploitability","SORTING","MEDIUM",1010,,"CLEAR",,true,2026-07-21T18:50:04.000Z,2026-08-23T20:28:32.281Z
"https://leetcode.com/problems/sort-vowels-by-frequency/","Sort Vowels by Frequency","SORTING","MEDIUM",43846,,"CLEAR",,true,2026-07-21T18:50:04.000Z,2026-08-23T20:28:32.281Z
"https://leetcode.com/problems/sort-vowels-in-a-string/","Sort Vowels in a String","SORTING","MEDIUM",379725,,"CLEAR",,true,2026-07-21T18:50:04.000Z,2026-08-23T20:28:32.281Z
"https://leetcode.com/problems/sorting-the-sentence/","Sorting the Sentence","SORTING","EASY",289492,,"SUCCESS","class Solution {
public:
    string sortSentence(string s) {
        s.push_back(' ');
        int i = 0, n = s.size();
        vector<string> words(10, """");
        while (i < n) {
            int j = i;
            while (s[j] != ' ') {
                j++;
            }
            int k = s[j - 1] - '0';
            words[k] = s.substr(i, j - i - 1);
            i = j + 1;
        }

        string ans = words[1];

        for (int i = 2; i < 10; i++) {
            if (words[i].size() > 0) {
                ans += "" "" + words[i];
            }
        }
        return ans;
    }
};",true,2026-07-21T18:50:04.000Z,2026-08-23T20:28:32.281Z
"https://leetcode.com/problems/sum-of-sortable-integers/","Sum of Sortable Integers","SORTING","HARD",39583,,"CLEAR",,true,2026-07-21T18:50:04.000Z,2026-08-23T20:28:32.281Z
"https://leetcode.com/problems/sum-of-subsequence-widths/","Sum of Subsequence Widths","SORTING","HARD",67097,,"CLEAR",,true,2026-07-21T18:50:04.000Z,2026-08-23T20:28:32.281Z
"https://leetcode.com/problems/the-earliest-moment-when-everyone-become-friends/","The Earliest Moment When Everyone Become Friends","SORTING","MEDIUM",208589,,"CLEAR",,true,2026-07-21T18:50:04.000Z,2026-08-23T20:28:32.281Z
"https://leetcode.com/problems/third-maximum-number/","Third Maximum Number","SORTING","EASY",2216902,,"SUCCESS","class Solution {
public:
    int thirdMax(vector<int>& nums) {
        sort(nums.begin(), nums.end());
        int n = nums.size();
        int i = n-1;
        int count = 2;
        while(i > 0){
            if(nums[i-1] == nums[i]){
                i--;
            } else if(nums[i-1] <= nums[i]){
                i--;
                count--;
            }
            if(count == 0){
                return nums[i];
            }
        }
        return nums[n-1];
    }
};",true,2026-07-21T18:50:04.000Z,2026-08-23T20:28:32.281Z
"https://leetcode.com/problems/transform-array-by-parity/","Transform Array by Parity","SORTING","EASY",116540,,"CLEAR",,true,2026-07-21T18:50:04.000Z,2026-08-23T20:28:32.281Z
"https://leetcode.com/problems/type-of-triangle/","Type of Triangle","SORTING","EASY",510289,,"SUCCESS","class Solution {
public:
    string triangleType(vector<int>& nums) {
        int a = nums[0];
        int b = nums[1];
        int c = nums[2];

        if (a + b > c && b + c > a && a + c > b) {
            if (a == b || b == c || c == a) {
                if (a == b && b == c) {
                    return ""equilateral"";
                }
                return ""isosceles"";
            }
            return ""scalene"";
        }
        return ""none"";
    }
};",true,2026-07-21T18:50:04.000Z,2026-08-23T20:28:32.281Z
"https://leetcode.com/problems/widest-vertical-area-between-two-points-containing-no-points/","Widest Vertical Area Between Two Points Containing No Points","SORTING","EASY",234803,,"CLEAR",,true,2026-07-21T18:50:04.000Z,2026-08-23T20:28:32.281Z
"https://leetcode.com/problems/132-pattern/","132 Pattern","STACK","MEDIUM",959619,,"CLEAR",,true,2026-07-21T18:50:04.000Z,2026-08-29T14:00:06.872Z
"https://leetcode.com/problems/asteroid-collision/","Asteroid Collision","STACK","MEDIUM",2234667,,"CLEAR",,true,2026-07-21T18:50:04.000Z,2026-08-29T14:00:06.872Z
"https://leetcode.com/problems/baseball-game/","Baseball Game","STACK","EASY",787215,,"CLEAR",,true,2026-07-21T18:50:04.000Z,2026-08-29T14:00:06.872Z
"https://leetcode.com/problems/basic-calculator-ii/","Basic Calculator II","STACK","MEDIUM",2057985,,"CLEAR",,true,2026-07-21T18:50:04.000Z,2026-08-29T14:00:06.872Z
"https://leetcode.com/problems/beautiful-towers-i/","Beautiful Towers I","STACK","MEDIUM",78803,,"CLEAR",,true,2026-07-21T18:50:04.000Z,2026-08-29T14:00:06.872Z
"https://leetcode.com/problems/beautiful-towers-ii/","Beautiful Towers II","STACK","MEDIUM",52188,,"CLEAR",,true,2026-07-21T18:50:04.000Z,2026-08-29T14:00:06.872Z
"https://leetcode.com/problems/binary-searchable-numbers-in-an-unsorted-array/","Binary Searchable Numbers in an Unsorted Array","STACK","MEDIUM",6607,,"CLEAR",,true,2026-07-21T18:50:04.000Z,2026-08-29T14:00:06.872Z
"https://leetcode.com/problems/build-an-array-with-stack-operations/","Build an Array With Stack Operations","STACK","MEDIUM",356639,,"CLEAR",,true,2026-07-21T18:50:04.000Z,2026-08-29T14:00:06.872Z
"https://leetcode.com/problems/buildings-with-an-ocean-view/","Buildings With an Ocean View","STACK","MEDIUM",425941,,"CLEAR",,true,2026-07-21T18:50:04.000Z,2026-08-29T14:00:06.872Z
"https://leetcode.com/problems/car-fleet/","Car Fleet","STACK","MEDIUM",927783,,"CLEAR",,true,2026-07-21T18:50:04.000Z,2026-08-29T14:00:06.872Z
"https://leetcode.com/problems/check-if-word-is-valid-after-substitutions/","Check If Word Is Valid After Substitutions","STACK","MEDIUM",143415,,"CLEAR",,true,2026-07-21T18:50:04.000Z,2026-08-29T14:00:06.872Z
"https://leetcode.com/problems/clear-digits/","Clear Digits","STACK","EASY",348931,,"CLEAR",,true,2026-07-21T18:50:04.000Z,2026-08-29T14:00:06.872Z
"https://leetcode.com/problems/clumsy-factorial/","Clumsy Factorial","STACK","MEDIUM",82285,,"CLEAR",,true,2026-07-21T18:50:04.000Z,2026-08-29T14:00:06.872Z
"https://leetcode.com/problems/count-bowl-subarrays/","Count Bowl Subarrays","STACK","MEDIUM",64340,,"CLEAR",,true,2026-07-21T18:50:04.000Z,2026-08-29T14:00:06.872Z
"https://leetcode.com/problems/count-collisions-on-a-road/","Count Collisions on a Road","STACK","MEDIUM",225489,,"CLEAR",,true,2026-07-21T18:50:04.000Z,2026-08-29T14:00:06.872Z
"https://leetcode.com/problems/crawler-log-folder/","Crawler Log Folder","STACK","EASY",415066,,"CLEAR",,true,2026-07-21T18:50:04.000Z,2026-08-29T14:00:06.872Z
"https://leetcode.com/problems/daily-temperatures/","Daily Temperatures","STACK","MEDIUM",2652264,,"CLEAR",,true,2026-07-21T18:50:04.000Z,2026-08-29T14:00:06.872Z
"https://leetcode.com/problems/decoded-string-at-index/","Decoded String at Index","STACK","MEDIUM",293101,,"CLEAR",,true,2026-07-21T18:50:04.000Z,2026-08-29T14:00:06.872Z
"https://leetcode.com/problems/design-a-stack-with-increment-operation/","Design a Stack With Increment Operation","STACK","MEDIUM",334055,,"CLEAR",,true,2026-07-21T18:50:04.000Z,2026-08-29T14:00:06.872Z
"https://leetcode.com/problems/evaluate-reverse-polish-notation/","Evaluate Reverse Polish Notation","STACK","MEDIUM",3155438,,"CLEAR",,true,2026-07-21T18:50:04.000Z,2026-08-29T14:00:06.872Z
"https://leetcode.com/problems/exclusive-time-of-functions/","Exclusive Time of Functions","STACK","MEDIUM",561818,,"CLEAR",,true,2026-07-21T18:50:04.000Z,2026-08-29T14:00:06.872Z
"https://leetcode.com/problems/final-prices-with-a-special-discount-in-a-shop/","Final Prices With a Special Discount in a Shop","STACK","EASY",518575,,"CLEAR",,true,2026-07-21T18:50:04.000Z,2026-08-29T14:00:06.872Z
"https://leetcode.com/problems/find-mirror-score-of-a-string/","Find Mirror Score of a String","STACK","MEDIUM",72178,,"CLEAR",,true,2026-07-21T18:50:04.000Z,2026-08-29T14:00:06.872Z
"https://leetcode.com/problems/find-sorted-submatrices-with-maximum-element-at-most-k/","Find Sorted Submatrices With Maximum Element at Most K","STACK","HARD",903,,"CLEAR",,true,2026-07-21T18:50:04.000Z,2026-08-29T14:00:06.872Z
"https://leetcode.com/problems/find-the-number-of-subarrays-where-boundary-elements-are-maximum/","Find the Number of Subarrays Where Boundary Elements Are Maximum","STACK","HARD",45406,,"CLEAR",,true,2026-07-21T18:50:04.000Z,2026-08-29T14:00:06.872Z
"https://leetcode.com/problems/finding-the-number-of-visible-mountains/","Finding the Number of Visible Mountains","STACK","MEDIUM",37581,,"CLEAR",,true,2026-07-21T18:50:04.000Z,2026-08-29T14:00:06.872Z
"https://leetcode.com/problems/implement-queue-using-stacks/","Implement Queue using Stacks","STACK","EASY",2233670,"must learn OOPS in C++","ERROR","class MyQueue {
    stack<int> base;
    stack<int> helper;

public:
    MyQueue() {}

    void push(int x) {
        while (!base.empty()) {
            helper.push(base.top());
            base.pop();
        }
        base.push(x);
        while (!helper.empty()) {
            base.push(helper.top());
            helper.pop();
        }
    }

    int pop() {
        while (!base.empty()) {
            helper.push(base.top());
            base.pop();
        }
        int ans = helper.top();
        helper.pop();
        while (!helper.empty()) {
            base.push(helper.top());
            helper.pop();
        }
        return ans;
    }

    int peek() {
        while (!base.empty()) {
            helper.push(base.top());
            base.pop();
        }
        int ans = helper.top();
        while (!helper.empty()) {
            base.push(helper.top());
            helper.pop();
        }
        return ans;
    }

    bool empty() { return base.empty(); }
};

/**
 * Your MyQueue object will be instantiated and called as such:
 * MyQueue* obj = new MyQueue();
 * obj->push(x);
 * int param_2 = obj->pop();
 * int param_3 = obj->peek();
 * bool param_4 = obj->empty();
 */",true,2026-07-21T18:50:04.000Z,2026-08-29T14:00:06.872Z
"https://leetcode.com/problems/implement-stack-using-queues/","Implement Stack using Queues","STACK","EASY",1734268,,"CLEAR",,true,2026-07-21T18:50:04.000Z,2026-08-29T14:00:06.872Z
"https://leetcode.com/problems/largest-rectangle-in-histogram/","Largest Rectangle in Histogram","STACK","HARD",3284772,,"CLEAR",,true,2026-07-21T18:50:04.000Z,2026-08-29T14:00:06.872Z
"https://leetcode.com/problems/longest-well-performing-interval/","Longest Well-Performing Interval","STACK","MEDIUM",130554,,"CLEAR",,true,2026-07-21T18:50:04.000Z,2026-08-29T14:00:06.872Z
"https://leetcode.com/problems/make-the-string-great/","Make The String Great","STACK","EASY",615814,,"CLEAR",,true,2026-07-21T18:50:04.000Z,2026-08-29T14:00:06.872Z
"https://leetcode.com/problems/maximal-range-that-each-element-is-maximum-in-it/","Maximal Range That Each Element Is Maximum in It","STACK","MEDIUM",8596,,"CLEAR",,true,2026-07-21T18:50:04.000Z,2026-08-29T14:00:06.872Z
"https://leetcode.com/problems/maximum-and-minimum-sums-of-at-most-size-k-subarrays/","Maximum and Minimum Sums of at Most Size K Subarrays","STACK","HARD",18354,,"CLEAR",,true,2026-07-21T18:50:04.000Z,2026-08-29T14:00:06.872Z
"https://leetcode.com/problems/maximum-frequency-score-of-a-subarray/","Maximum Frequency Score of a Subarray","STACK","HARD",4733,,"CLEAR",,true,2026-07-21T18:50:04.000Z,2026-08-29T14:00:06.872Z
"https://leetcode.com/problems/maximum-frequency-stack/","Maximum Frequency Stack","STACK","HARD",350847,,"SUCCESS","class FreqStack {
    stack<int> st;
    unordered_map<int, int> freq;
    priority_queue<int> maxf;

public:
    FreqStack() {}

    void push(int val) {
        st.push(val);
        freq[val]++;
        maxf.push(freq[val]);
    }

    int pop() {
        int f = maxf.top();
        maxf.pop();

        int ans = 0;
        stack<int> rev;
        while (!st.empty()) {
            if (freq[st.top()] == f) {
                ans = st.top();
                freq[ans]--;
                st.pop();
                break;
            } else {
                rev.push(st.top());
                st.pop();
            }
        }
        while (!rev.empty()) {
            st.push(rev.top());
            rev.pop();
        }
        return ans;
    }
};

/**
 * Your FreqStack object will be instantiated and called as such:
 * FreqStack* obj = new FreqStack();
 * obj->push(val);
 * int param_2 = obj->pop();
 */",true,2026-07-21T18:50:04.000Z,2026-08-30T21:40:11.266Z
"https://leetcode.com/problems/maximum-length-of-semi-decreasing-subarrays/","Maximum Length of Semi-Decreasing Subarrays","STACK","MEDIUM",20725,,"CLEAR",,true,2026-07-21T18:50:04.000Z,2026-08-29T14:00:06.872Z
"https://leetcode.com/problems/maximum-nesting-depth-of-the-parentheses/","Maximum Nesting Depth of the Parentheses","STACK","EASY",688099,,"CLEAR",,true,2026-07-21T18:50:04.000Z,2026-08-29T14:00:06.872Z
"https://leetcode.com/problems/maximum-nesting-depth-of-two-valid-parentheses-strings/","Maximum Nesting Depth of Two Valid Parentheses Strings","STACK","MEDIUM",47999,,"CLEAR",,true,2026-07-21T18:50:04.000Z,2026-08-29T14:00:06.872Z
"https://leetcode.com/problems/maximum-of-minimum-values-in-all-subarrays/","Maximum of Minimum Values in All Subarrays","STACK","MEDIUM",7578,,"CLEAR",,true,2026-07-21T18:50:04.000Z,2026-08-29T14:00:06.872Z
"https://leetcode.com/problems/maximum-subarray-min-product/","Maximum Subarray Min-Product","STACK","MEDIUM",104946,,"CLEAR",,true,2026-07-21T18:50:04.000Z,2026-08-29T14:00:06.872Z
"https://leetcode.com/problems/merge-adjacent-equal-elements/","Merge Adjacent Equal Elements","STACK","MEDIUM",109492,,"CLEAR",,true,2026-07-21T18:50:04.000Z,2026-08-29T14:00:06.872Z
"https://leetcode.com/problems/min-stack/","Min Stack","STACK","MEDIUM",4874903,,"SUCCESS","class MinStack {
    stack<pair<int, int>> st;

public:
    MinStack() {}

    void push(int value) {
        int mini;
        if (st.empty()) {
            mini = value;
        } else {
            mini = st.top().second;
        }
        mini = min(mini, value);
        st.push({value, mini});
    }

    void pop() { st.pop(); }

    int top() { return st.top().first; }

    int getMin() { return st.top().second; }
};

/**
 * Your MinStack object will be instantiated and called as such:
 * MinStack* obj = new MinStack();
 * obj->push(value);
 * obj->pop();
 * int param_3 = obj->top();
 * int param_4 = obj->getMin();
 */",true,2026-07-21T18:50:04.000Z,2026-08-29T14:00:06.872Z
"https://leetcode.com/problems/minimum-remove-to-make-valid-parentheses/","Minimum Remove to Make Valid Parentheses","STACK","MEDIUM",1494159,,"CLEAR",,true,2026-07-21T18:50:04.000Z,2026-08-29T14:00:06.872Z
"https://leetcode.com/problems/minimum-string-length-after-balanced-removals/","Minimum String Length After Balanced Removals","STACK","MEDIUM",54185,,"CLEAR",,true,2026-07-21T18:50:04.000Z,2026-08-29T14:00:06.872Z
"https://leetcode.com/problems/minimum-string-length-after-removing-substrings/","Minimum String Length After Removing Substrings","STACK","EASY",330333,,"CLEAR",,true,2026-07-21T18:50:04.000Z,2026-08-29T14:00:06.872Z
"https://leetcode.com/problems/next-greater-element-i/","Next Greater Element I","STACK","EASY",1998158,,"CLEAR",,true,2026-07-21T18:50:04.000Z,2026-08-29T14:00:06.872Z
"https://leetcode.com/problems/next-greater-element-ii/","Next Greater Element II","STACK","MEDIUM",1265848,,"CLEAR",,true,2026-07-21T18:50:04.000Z,2026-08-29T14:00:06.872Z
"https://leetcode.com/problems/number-of-atoms/","Number of Atoms","STACK","HARD",252253,,"CLEAR",,true,2026-07-21T18:50:04.000Z,2026-08-29T14:00:06.872Z
"https://leetcode.com/problems/number-of-people-that-can-be-seen-in-a-grid/","Number of People That Can Be Seen in a Grid","STACK","MEDIUM",5780,,"CLEAR",,true,2026-07-21T18:50:04.000Z,2026-08-29T14:00:06.872Z
"https://leetcode.com/problems/number-of-students-unable-to-eat-lunch/","Number of Students Unable to Eat Lunch","STACK","EASY",490980,,"CLEAR",,true,2026-07-21T18:50:04.000Z,2026-08-29T14:00:06.872Z
"https://leetcode.com/problems/number-of-valid-subarrays/","Number of Valid Subarrays","STACK","HARD",25161,,"CLEAR",,true,2026-07-21T18:50:04.000Z,2026-08-29T14:00:06.872Z
"https://leetcode.com/problems/number-of-visible-people-in-a-queue/","Number of Visible People in a Queue","STACK","HARD",187884,,"CLEAR",,true,2026-07-21T18:50:04.000Z,2026-08-29T14:00:06.872Z
"https://leetcode.com/problems/online-stock-span/","Online Stock Span","STACK","MEDIUM",930901,,"CLEAR",,true,2026-07-21T18:50:04.000Z,2026-08-29T14:00:06.872Z
"https://leetcode.com/problems/remove-all-adjacent-duplicates-in-string/","Remove All Adjacent Duplicates In String","STACK","EASY",1245208,,"SUCCESS","class Solution {
public:
    string removeDuplicates(string s) {
        stack<char> st;
        for (auto ch : s) {
            if (!st.empty() && st.top() == ch) {
                st.pop();
            } else {
                st.push(ch);
            }
        }
        string ans;
        while (!st.empty()) {
            ans.push_back(st.top());
            st.pop();
        }
        reverse(ans.begin(), ans.end());

        return ans;
    }
};",true,2026-07-21T18:50:04.000Z,2026-08-29T16:31:15.550Z
"https://leetcode.com/problems/remove-all-adjacent-duplicates-in-string-ii/","Remove All Adjacent Duplicates in String II","STACK","MEDIUM",707112,,"CLEAR",,true,2026-07-21T18:50:04.000Z,2026-08-29T14:00:06.872Z
"https://leetcode.com/problems/remove-all-occurrences-of-a-substring/","Remove All Occurrences of a Substring","STACK","MEDIUM",530070,,"CLEAR",,true,2026-07-21T18:50:04.000Z,2026-08-29T14:00:06.872Z
"https://leetcode.com/problems/remove-k-balanced-substrings/","Remove K-Balanced Substrings","STACK","MEDIUM",62245,,"CLEAR",,true,2026-07-21T18:50:04.000Z,2026-08-29T14:00:06.872Z
"https://leetcode.com/problems/remove-outermost-parentheses/","Remove Outermost Parentheses","STACK","EASY",819926,,"CLEAR",,true,2026-07-21T18:50:04.000Z,2026-08-29T14:00:06.872Z
"https://leetcode.com/problems/removing-stars-from-a-string/","Removing Stars From a String","STACK","MEDIUM",834308,,"CLEAR",,true,2026-07-21T18:50:04.000Z,2026-08-29T14:00:06.872Z
"https://leetcode.com/problems/replace-non-coprime-numbers-in-array/","Replace Non-Coprime Numbers in Array","STACK","HARD",201061,,"CLEAR",,true,2026-07-21T18:50:04.000Z,2026-08-29T14:00:06.872Z
"https://leetcode.com/problems/resulting-string-after-adjacent-removals/","Resulting String After Adjacent Removals","STACK","MEDIUM",59046,,"CLEAR",,true,2026-07-21T18:50:04.000Z,2026-08-29T14:00:06.872Z
"https://leetcode.com/problems/reverse-substrings-between-each-pair-of-parentheses/","Reverse Substrings Between Each Pair of Parentheses","STACK","MEDIUM",344907,,"CLEAR",,true,2026-07-21T18:50:04.000Z,2026-08-29T14:00:06.872Z
"https://leetcode.com/problems/robot-collisions/","Robot Collisions","STACK","HARD",314572,,"CLEAR",,true,2026-07-21T18:50:04.000Z,2026-08-29T14:00:06.872Z
"https://leetcode.com/problems/score-of-parentheses/","Score of Parentheses","STACK","MEDIUM",358870,,"CLEAR",,true,2026-07-21T18:50:04.000Z,2026-08-29T14:00:06.872Z
"https://leetcode.com/problems/simplify-path/","Simplify Path","STACK","MEDIUM",2689605,,"CLEAR",,true,2026-07-21T18:50:04.000Z,2026-08-29T14:00:06.872Z
"https://leetcode.com/problems/subarray-with-elements-greater-than-varying-threshold/","Subarray With Elements Greater Than Varying Threshold","STACK","HARD",40588,,"CLEAR",,true,2026-07-21T18:50:04.000Z,2026-08-29T14:00:06.872Z
"https://leetcode.com/problems/sum-of-subarray-ranges/","Sum of Subarray Ranges","STACK","MEDIUM",400417,,"CLEAR",,true,2026-07-21T18:50:04.000Z,2026-08-29T14:00:06.872Z
"https://leetcode.com/problems/sum-of-total-strength-of-wizards/","Sum of Total Strength of Wizards","STACK","HARD",89791,,"CLEAR",,true,2026-07-21T18:50:04.000Z,2026-08-29T14:00:06.872Z
"https://leetcode.com/problems/tag-validator/","Tag Validator","STACK","HARD",53788,,"CLEAR",,true,2026-07-21T18:50:04.000Z,2026-08-29T14:00:06.872Z
"https://leetcode.com/problems/valid-parentheses/","Valid Parentheses","STACK","EASY",17664566,,"SUCCESS","class Solution {
public:
    bool isValid(string s) {
        stack<char> st;
        for (auto ch : s) {
            if (ch == '(' || ch == '{' || ch == '[') {
                st.push(ch);
            } else if (ch == ')') {
                if (!st.empty() && st.top() == '(') {
                    st.pop();
                } else {
                    return false;
                }
            } else if (ch == '}') {
                if (!st.empty() && st.top() == '{') {
                    st.pop();
                } else {
                    return false;
                }
            } else if (ch == ']') {
                if (!st.empty() && st.top() == '[') {
                    st.pop();
                } else {
                    return false;
                }
            }
        }
        return st.empty();
    }
};",true,2026-07-21T18:50:04.000Z,2026-08-29T14:00:06.872Z
"https://leetcode.com/problems/validate-stack-sequences/","Validate Stack Sequences","STACK","MEDIUM",541416,,"CLEAR",,true,2026-07-21T18:50:04.000Z,2026-08-29T14:00:06.872Z
"https://leetcode.com/problems/add-strings/","Add Strings","STRING","EASY",1853555,,"SUCCESS","class Solution {
public:
    string addStrings(string num1, string num2) {
        int n = num1.size();
        int m = num2.size();
        while (n < m) {
            num1 = ""0"" + num1;
            n++;
        }
        while (m < n) {
            num2 = ""0"" + num2;
            m++;
        }
        string ans = """";
        int carry = 0;
        n--;
        while (n >= 0) {
            carry += num1[n] + num2[n] - '0' - '0';
            ans = to_string(carry % 10) + ans;
            carry /= 10;
            n--;
        }
        if (carry > 0) {
            ans = to_string(carry) + ans;
        }
        return ans;
    }
};",true,2026-07-21T18:50:04.000Z,2026-08-23T20:28:20.641Z
"https://leetcode.com/problems/apply-discount-to-prices/","Apply Discount to Prices","STRING","MEDIUM",97575,,"CLEAR",,true,2026-07-21T18:50:04.000Z,2026-08-23T20:28:20.641Z
"https://leetcode.com/problems/base-7/","Base 7","STRING","EASY",394167,,"CLEAR",,true,2026-07-21T18:50:04.000Z,2026-08-23T20:28:20.641Z
"https://leetcode.com/problems/calculate-digit-sum-of-a-string/","Calculate Digit Sum of a String","STRING","EASY",83386,,"CLEAR",,true,2026-07-21T18:50:04.000Z,2026-08-23T20:28:20.641Z
"https://leetcode.com/problems/capitalize-the-title/","Capitalize the Title","STRING","EASY",149913,,"CLEAR",,true,2026-07-21T18:50:04.000Z,2026-08-23T20:28:20.641Z
"https://leetcode.com/problems/cells-in-a-range-on-an-excel-sheet/","Cells in a Range on an Excel Sheet","STRING","EASY",104682,,"CLEAR",,true,2026-07-21T18:50:04.000Z,2026-08-23T20:28:20.641Z
"https://leetcode.com/problems/check-adjacent-digit-differences/","Check Adjacent Digit Differences","STRING","EASY",61520,,"CLEAR",,true,2026-07-21T18:50:04.000Z,2026-08-23T20:28:20.641Z
"https://leetcode.com/problems/check-balanced-string/","Check Balanced String","STRING","EASY",100224,,"CLEAR",,true,2026-07-21T18:50:04.000Z,2026-08-23T20:28:20.641Z
"https://leetcode.com/problems/check-if-all-as-appears-before-all-bs/","Check if All A's Appears Before All B's","STRING","EASY",179691,,"CLEAR",,true,2026-07-21T18:50:04.000Z,2026-08-23T20:28:20.641Z
"https://leetcode.com/problems/check-if-binary-string-has-at-most-one-segment-of-ones/","Check if Binary String Has at Most One Segment of Ones","STRING","EASY",395126,,"CLEAR",,true,2026-07-21T18:50:04.000Z,2026-08-23T20:28:20.641Z
"https://leetcode.com/problems/check-if-digits-are-equal-in-string-after-operations-i/","Check If Digits Are Equal in String After Operations I","STRING","EASY",213947,,"CLEAR",,true,2026-07-21T18:50:04.000Z,2026-08-23T20:28:20.641Z
"https://leetcode.com/problems/check-if-digits-are-equal-in-string-after-operations-ii/","Check If Digits Are Equal in String After Operations II","STRING","HARD",96838,,"CLEAR",,true,2026-07-21T18:50:04.000Z,2026-08-23T20:28:20.641Z
"https://leetcode.com/problems/check-if-numbers-are-ascending-in-a-sentence/","Check if Numbers Are Ascending in a Sentence","STRING","EASY",122256,,"CLEAR",,true,2026-07-21T18:50:04.000Z,2026-08-23T20:28:20.641Z
"https://leetcode.com/problems/check-if-string-is-decomposable-into-value-equal-substrings/","Check if String Is Decomposable Into Value-Equal Substrings","STRING","EASY",9512,,"CLEAR",,true,2026-07-21T18:50:04.000Z,2026-08-23T20:28:20.641Z
"https://leetcode.com/problems/check-if-strings-can-be-made-equal-with-operations-i/","Check if Strings Can be Made Equal With Operations I","STRING","EASY",243951,,"CLEAR",,true,2026-07-21T18:50:04.000Z,2026-08-23T20:28:20.641Z
"https://leetcode.com/problems/check-if-two-chessboard-squares-have-the-same-color/","Check if Two Chessboard Squares Have the Same Color","STRING","EASY",101640,,"CLEAR",,true,2026-07-21T18:50:04.000Z,2026-08-23T20:28:20.641Z
"https://leetcode.com/problems/check-if-word-equals-summation-of-two-words/","Check if Word Equals Summation of Two Words","STRING","EASY",113253,,"CLEAR",,true,2026-07-21T18:50:04.000Z,2026-08-23T20:28:20.641Z
"https://leetcode.com/problems/circular-sentence/","Circular Sentence","STRING","EASY",274490,,"CLEAR",,true,2026-07-21T18:50:04.000Z,2026-08-23T20:28:20.641Z
"https://leetcode.com/problems/complex-number-multiplication/","Complex Number Multiplication","STRING","MEDIUM",159622,,"CLEAR",,true,2026-07-21T18:50:04.000Z,2026-08-23T20:28:20.641Z
"https://leetcode.com/problems/consecutive-characters/","Consecutive Characters","STRING","EASY",393901,,"CLEAR",,true,2026-07-21T18:50:04.000Z,2026-08-23T20:28:20.641Z
"https://leetcode.com/problems/convert-date-to-binary/","Convert Date to Binary","STRING","EASY",105483,,"CLEAR",,true,2026-07-21T18:50:04.000Z,2026-08-23T20:28:20.641Z
"https://leetcode.com/problems/count-and-say/","Count and Say","STRING","MEDIUM",2309232,,"CLEAR",,true,2026-07-21T18:50:04.000Z,2026-08-23T20:28:20.641Z
"https://leetcode.com/problems/count-asterisks/","Count Asterisks","STRING","EASY",121941,,"CLEAR",,true,2026-07-21T18:50:04.000Z,2026-08-23T20:28:20.641Z
"https://leetcode.com/problems/count-days-spent-together/","Count Days Spent Together","STRING","EASY",66056,,"CLEAR",,true,2026-07-21T18:50:04.000Z,2026-08-23T20:28:20.641Z
"https://leetcode.com/problems/count-number-of-homogenous-substrings/","Count Number of Homogenous Substrings","STRING","MEDIUM",234953,,"CLEAR",,true,2026-07-21T18:50:04.000Z,2026-08-23T20:28:20.641Z
"https://leetcode.com/problems/count-substrings-starting-and-ending-with-given-character/","Count Substrings Starting and Ending with Given Character","STRING","MEDIUM",95300,,"CLEAR",,true,2026-07-21T18:50:04.000Z,2026-08-23T20:28:20.641Z
"https://leetcode.com/problems/count-substrings-with-only-one-distinct-letter/","Count Substrings with Only One Distinct Letter","STRING","EASY",39095,,"CLEAR",,true,2026-07-21T18:50:04.000Z,2026-08-23T20:28:20.641Z
"https://leetcode.com/problems/count-the-number-of-substrings-with-dominant-ones/","Count the Number of Substrings With Dominant Ones","STRING","MEDIUM",157188,,"CLEAR",,true,2026-07-21T18:50:04.000Z,2026-08-23T20:28:20.641Z
"https://leetcode.com/problems/day-of-the-year/","Day of the Year","STRING","EASY",200685,,"CLEAR",,true,2026-07-21T18:50:04.000Z,2026-08-23T20:28:20.641Z
"https://leetcode.com/problems/decode-the-slanted-ciphertext/","Decode the Slanted Ciphertext","STRING","MEDIUM",153214,,"CLEAR",,true,2026-07-21T18:50:04.000Z,2026-08-23T20:28:20.641Z
"https://leetcode.com/problems/decrypt-string-from-alphabet-to-integer-mapping/","Decrypt String from Alphabet to Integer Mapping","STRING","EASY",188981,,"CLEAR",,true,2026-07-21T18:50:04.000Z,2026-08-23T20:28:20.641Z
"https://leetcode.com/problems/defanging-an-ip-address/","Defanging an IP Address","STRING","EASY",979880,,"CLEAR",,true,2026-07-21T18:50:04.000Z,2026-08-23T20:28:20.641Z
"https://leetcode.com/problems/delete-characters-to-make-fancy-string/","Delete Characters to Make Fancy String","STRING","EASY",465255,,"CLEAR",,true,2026-07-21T18:50:04.000Z,2026-08-23T20:28:20.641Z
"https://leetcode.com/problems/detect-capital/","Detect Capital","STRING","EASY",1026182,,"CLEAR",,true,2026-07-21T18:50:04.000Z,2026-08-23T20:28:20.641Z
"https://leetcode.com/problems/determine-color-of-a-chessboard-square/","Determine Color of a Chessboard Square","STRING","EASY",153752,,"CLEAR",,true,2026-07-21T18:50:04.000Z,2026-08-23T20:28:20.641Z
"https://leetcode.com/problems/determine-if-string-halves-are-alike/","Determine if String Halves Are Alike","STRING","EASY",520206,,"CLEAR",,true,2026-07-21T18:50:04.000Z,2026-08-23T20:28:20.641Z
"https://leetcode.com/problems/divide-a-string-into-groups-of-size-k/","Divide a String Into Groups of Size k","STRING","EASY",231854,,"CLEAR",,true,2026-07-21T18:50:04.000Z,2026-08-23T20:28:20.641Z
"https://leetcode.com/problems/equal-rational-numbers/","Equal Rational Numbers","STRING","HARD",22438,,"CLEAR",,true,2026-07-21T18:50:04.000Z,2026-08-23T20:28:20.641Z
"https://leetcode.com/problems/excel-sheet-column-number/","Excel Sheet Column Number","STRING","EASY",1371197,,"CLEAR",,true,2026-07-21T18:50:04.000Z,2026-08-23T20:28:20.641Z
"https://leetcode.com/problems/excel-sheet-column-title/","Excel Sheet Column Title","STRING","EASY",1643884,,"CLEAR",,true,2026-07-21T18:50:04.000Z,2026-08-23T20:28:20.641Z
"https://leetcode.com/problems/execution-of-all-suffix-instructions-staying-in-a-grid/","Execution of All Suffix Instructions Staying in a Grid","STRING","MEDIUM",48568,,"CLEAR",,true,2026-07-21T18:50:04.000Z,2026-08-23T20:28:20.641Z
"https://leetcode.com/problems/faulty-keyboard/","Faulty Keyboard","STRING","EASY",154562,,"CLEAR",,true,2026-07-21T18:50:04.000Z,2026-08-23T20:28:20.641Z
"https://leetcode.com/problems/find-kth-character-in-expanded-string/","Find Kth Character in Expanded String","STRING","MEDIUM",998,,"CLEAR",,true,2026-07-21T18:50:04.000Z,2026-08-23T20:28:20.641Z
"https://leetcode.com/problems/find-special-substring-of-length-k/","Find Special Substring of Length K","STRING","EASY",122012,,"CLEAR",,true,2026-07-21T18:50:04.000Z,2026-08-23T20:28:20.641Z
"https://leetcode.com/problems/find-the-closest-palindrome/","Find the Closest Palindrome","STRING","HARD",438418,,"CLEAR",,true,2026-07-21T18:50:04.000Z,2026-08-23T20:28:20.641Z
"https://leetcode.com/problems/find-the-encrypted-string/","Find the Encrypted String","STRING","EASY",102383,,"CLEAR",,true,2026-07-21T18:50:04.000Z,2026-08-23T20:28:20.641Z
"https://leetcode.com/problems/find-the-longest-balanced-substring-of-a-binary-string/","Find the Longest Balanced Substring of a Binary String","STRING","EASY",86309,,"CLEAR",,true,2026-07-21T18:50:04.000Z,2026-08-23T20:28:20.641Z
"https://leetcode.com/problems/find-the-occurrence-of-first-almost-equal-substring/","Find the Occurrence of First Almost Equal Substring","STRING","HARD",36255,,"CLEAR",,true,2026-07-21T18:50:04.000Z,2026-08-23T20:28:20.641Z
"https://leetcode.com/problems/find-the-original-typed-string-i/","Find the Original Typed String I","STRING","EASY",276587,,"CLEAR",,true,2026-07-21T18:50:04.000Z,2026-08-23T20:28:20.641Z
"https://leetcode.com/problems/find-the-sequence-of-strings-appeared-on-the-screen/","Find the Sequence of Strings Appeared on the Screen","STRING","MEDIUM",54639,,"CLEAR",,true,2026-07-21T18:50:04.000Z,2026-08-23T20:28:20.641Z
"https://leetcode.com/problems/find-the-shortest-superstring-ii/","Find the Shortest Superstring II","STRING","EASY",1765,,"CLEAR",,true,2026-07-21T18:50:04.000Z,2026-08-23T20:28:20.641Z
"https://leetcode.com/problems/fizz-buzz/","Fizz Buzz","STRING","EASY",2436095,,"SUCCESS","class Solution {
public:
    vector<string> fizzBuzz(int n) {
        vector<string> fizzBuzz;
        for(int i = 1; i <= n; i++){
            if(i%15 == 0){
                fizzBuzz.push_back(""FizzBuzz"");
            }
            else if(i%5 == 0){
                fizzBuzz.push_back(""Buzz"");
            }
            else if(i%3 == 0){
                fizzBuzz.push_back(""Fizz"");
            }
            else{
                fizzBuzz.push_back(to_string(i));
            }
        }

        return fizzBuzz;
    }
};",true,2026-07-21T18:50:04.000Z,2026-08-23T20:28:20.641Z
"https://leetcode.com/problems/flip-game/","Flip Game","STRING","EASY",122579,,"CLEAR",,true,2026-07-21T18:50:04.000Z,2026-08-23T20:28:20.641Z
"https://leetcode.com/problems/fraction-addition-and-subtraction/","Fraction Addition and Subtraction","STRING","MEDIUM",210063,,"CLEAR",,true,2026-07-21T18:50:04.000Z,2026-08-23T20:28:20.641Z
"https://leetcode.com/problems/furthest-point-from-origin/","Furthest Point From Origin","STRING","EASY",228589,,"CLEAR",,true,2026-07-21T18:50:04.000Z,2026-08-23T20:28:20.641Z
"https://leetcode.com/problems/generate-a-string-with-characters-that-have-odd-counts/","Generate a String With Characters That Have Odd Counts","STRING","EASY",148624,,"CLEAR",,true,2026-07-21T18:50:04.000Z,2026-08-23T20:28:20.641Z
"https://leetcode.com/problems/generate-tag-for-video-caption/","Generate Tag for Video Caption","STRING","EASY",137120,,"CLEAR",,true,2026-07-21T18:50:04.000Z,2026-08-23T20:28:20.641Z
"https://leetcode.com/problems/goal-parser-interpretation/","Goal Parser Interpretation","STRING","EASY",380032,,"CLEAR",,true,2026-07-21T18:50:04.000Z,2026-08-23T20:28:20.641Z
"https://leetcode.com/problems/goat-latin/","Goat Latin","STRING","EASY",357669,,"CLEAR",,true,2026-07-21T18:50:04.000Z,2026-08-23T20:28:20.641Z
"https://leetcode.com/problems/good-indices-in-a-digit-string/","Good Indices in a Digit String","STRING","MEDIUM",936,,"CLEAR",,true,2026-07-21T18:50:04.000Z,2026-08-23T20:28:20.641Z
"https://leetcode.com/problems/greatest-common-divisor-of-strings/","Greatest Common Divisor of Strings","STRING","EASY",1830701,,"CLEAR",,true,2026-07-21T18:50:04.000Z,2026-08-23T20:28:20.641Z
"https://leetcode.com/problems/hash-divided-string/","Hash Divided String","STRING","MEDIUM",64182,,"CLEAR",,true,2026-07-21T18:50:04.000Z,2026-08-23T20:28:20.641Z
"https://leetcode.com/problems/hexadecimal-and-hexatrigesimal-conversion/","Hexadecimal and Hexatrigesimal Conversion","STRING","EASY",39092,,"CLEAR",,true,2026-07-21T18:50:04.000Z,2026-08-23T20:28:20.641Z
"https://leetcode.com/problems/hexspeak/","Hexspeak","STRING","EASY",22743,,"CLEAR",,true,2026-07-21T18:50:04.000Z,2026-08-23T20:28:20.641Z
"https://leetcode.com/problems/largest-3-same-digit-number-in-string/","Largest 3-Same-Digit Number in String","STRING","EASY",455616,,"CLEAR",,true,2026-07-21T18:50:04.000Z,2026-08-23T20:28:20.641Z
"https://leetcode.com/problems/largest-even-number/","Largest Even Number","STRING","EASY",70883,,"CLEAR",,true,2026-07-21T18:50:04.000Z,2026-08-23T20:28:20.641Z
"https://leetcode.com/problems/latest-time-you-can-obtain-after-replacing-characters/","Latest Time You Can Obtain After Replacing Characters","STRING","EASY",119112,,"CLEAR",,true,2026-07-21T18:50:04.000Z,2026-08-23T20:28:20.641Z
"https://leetcode.com/problems/length-of-last-word/","Length of Last Word","STRING","EASY",6007282,,"SUCCESS","class Solution {
public:
    int lengthOfLastWord(string s) {
        int n = s.size();
        int j = -1;
        int k = -1;
        int i = n-1;
        while(i >= 0){
            if(s[i] != ' '){
                j = i;
                break;
            }
            i--;
        }
        if(j == -1){
            return 0;
        }
        i = j-1;
        while(i >= 0){
            if(s[i] == ' '){
                k = i;
                break;
            }
            i--;
        }
        return j - k;
    }
};",true,2026-07-21T18:50:04.000Z,2026-08-23T20:28:20.641Z
"https://leetcode.com/problems/length-of-the-longest-alphabetical-continuous-substring/","Length of the Longest Alphabetical Continuous Substring","STRING","MEDIUM",111657,,"CLEAR",,true,2026-07-21T18:50:04.000Z,2026-08-23T20:28:20.641Z
"https://leetcode.com/problems/lexicographically-smallest-equivalent-string/","Lexicographically Smallest Equivalent String","STRING","MEDIUM",228116,,"CLEAR",,true,2026-07-21T18:50:04.000Z,2026-08-23T20:28:20.641Z
"https://leetcode.com/problems/license-key-formatting/","License Key Formatting","STRING","EASY",804313,,"SUCCESS","class Solution {
public:
    string licenseKeyFormatting(string s, int k) {
        string filtered = """";
        for (auto ch : s) {
            if (isalpha(ch)) {
                filtered.push_back(toupper(ch));
            }
            if (isdigit(ch)) {
                filtered.push_back(ch);
            }
        }
        int n = filtered.size();
        if (n == 0) {
            return filtered;
        }
        int i = 0;
        string ans = """";
        while (i < n) {
            int l = n % k;
            if (i > 0) {
                ans += ""-"";
            }
            if (i > 0 || l == 0) {
                l = k;
            }
            ans += filtered.substr(i, l);
            i += l;
        }
        return ans;
    }
};",true,2026-07-21T18:50:04.000Z,2026-08-23T20:28:20.641Z
"https://leetcode.com/problems/longer-contiguous-segments-of-ones-than-zeros/","Longer Contiguous Segments of Ones than Zeros","STRING","EASY",109799,,"CLEAR",,true,2026-07-21T18:50:04.000Z,2026-08-23T20:28:20.641Z
"https://leetcode.com/problems/longest-uncommon-subsequence-i/","Longest Uncommon Subsequence I","STRING","EASY",251767,,"CLEAR",,true,2026-07-21T18:50:04.000Z,2026-08-23T20:28:20.641Z
"https://leetcode.com/problems/make-three-strings-equal/","Make Three Strings Equal","STRING","EASY",92072,,"CLEAR",,true,2026-07-21T18:50:04.000Z,2026-08-23T20:28:20.641Z
"https://leetcode.com/problems/masking-personal-information/","Masking Personal Information","STRING","MEDIUM",71303,,"CLEAR",,true,2026-07-21T18:50:04.000Z,2026-08-23T20:28:20.641Z
"https://leetcode.com/problems/maximize-active-section-with-trade-i/","Maximize Active Section with Trade I","STRING","MEDIUM",151250,,"CLEAR",,true,2026-07-21T18:50:04.000Z,2026-08-23T20:28:20.641Z
"https://leetcode.com/problems/maximum-manhattan-distance-after-all-moves/","Maximum Manhattan Distance After All Moves","STRING","MEDIUM",72116,,"CLEAR",,true,2026-07-21T18:50:04.000Z,2026-08-23T20:28:20.641Z
"https://leetcode.com/problems/minimize-result-by-adding-parentheses-to-expression/","Minimize Result by Adding Parentheses to Expression","STRING","MEDIUM",41027,,"CLEAR",,true,2026-07-21T18:50:04.000Z,2026-08-23T20:28:20.641Z
"https://leetcode.com/problems/minimum-changes-to-make-alternating-binary-string/","Minimum Changes To Make Alternating Binary String","STRING","EASY",444400,,"CLEAR",,true,2026-07-21T18:50:04.000Z,2026-08-23T20:28:20.641Z
"https://leetcode.com/problems/minimum-flips-to-make-binary-string-coherent/","Minimum Flips to Make Binary String Coherent","STRING","MEDIUM",81853,,"CLEAR",,true,2026-07-21T18:50:04.000Z,2026-08-23T20:28:20.641Z
"https://leetcode.com/problems/minimum-number-of-chairs-in-a-waiting-room/","Minimum Number of Chairs in a Waiting Room","STRING","EASY",92549,,"CLEAR",,true,2026-07-21T18:50:04.000Z,2026-08-23T20:28:20.641Z
"https://leetcode.com/problems/minimum-number-of-changes-to-make-binary-string-beautiful/","Minimum Number of Changes to Make Binary String Beautiful","STRING","MEDIUM",216556,,"CLEAR",,true,2026-07-21T18:50:04.000Z,2026-08-23T20:28:20.641Z
"https://leetcode.com/problems/minimum-number-of-frogs-croaking/","Minimum Number of Frogs Croaking","STRING","MEDIUM",126226,,"CLEAR",,true,2026-07-21T18:50:04.000Z,2026-08-23T20:28:20.641Z
"https://leetcode.com/problems/minimum-operations-to-sort-a-string/","Minimum Operations to Sort a String","STRING","MEDIUM",93236,,"CLEAR",,true,2026-07-21T18:50:04.000Z,2026-08-23T20:28:20.641Z
"https://leetcode.com/problems/multiply-strings/","Multiply Strings","STRING","MEDIUM",2709892,,"CLEAR",,true,2026-07-21T18:50:04.000Z,2026-08-23T20:28:20.641Z
"https://leetcode.com/problems/number-of-changing-keys/","Number of Changing Keys","STRING","EASY",110204,,"CLEAR",,true,2026-07-21T18:50:04.000Z,2026-08-23T20:28:20.641Z
"https://leetcode.com/problems/number-of-days-between-two-dates/","Number of Days Between Two Dates","STRING","EASY",144352,,"CLEAR",,true,2026-07-21T18:50:04.000Z,2026-08-23T20:28:20.641Z
"https://leetcode.com/problems/number-of-distinct-binary-strings-after-applying-operations/","Number of Distinct Binary Strings After Applying Operations","STRING","MEDIUM",2191,,"CLEAR",,true,2026-07-21T18:50:04.000Z,2026-08-23T20:28:20.641Z
"https://leetcode.com/problems/number-of-segments-in-a-string/","Number of Segments in a String","STRING","EASY",777353,,"CLEAR",,true,2026-07-21T18:50:04.000Z,2026-08-23T20:28:20.641Z
"https://leetcode.com/problems/number-of-substrings-with-only-1s/","Number of Substrings With Only 1s","STRING","MEDIUM",284102,,"CLEAR",,true,2026-07-21T18:50:04.000Z,2026-08-23T20:28:20.641Z
"https://leetcode.com/problems/number-of-valid-clock-times/","Number of Valid Clock Times","STRING","EASY",81586,,"CLEAR",,true,2026-07-21T18:50:04.000Z,2026-08-23T20:28:20.641Z
"https://leetcode.com/problems/number-of-valid-words-in-a-sentence/","Number of Valid Words in a Sentence","STRING","EASY",140147,,"CLEAR",,true,2026-07-21T18:50:04.000Z,2026-08-23T20:28:20.641Z
"https://leetcode.com/problems/number-of-ways-to-split-a-string/","Number of Ways to Split a String","STRING","MEDIUM",105738,,"CLEAR",,true,2026-07-21T18:50:04.000Z,2026-08-23T20:28:20.641Z
"https://leetcode.com/problems/occurrences-after-bigram/","Occurrences After Bigram","STRING","EASY",145941,,"CLEAR",,true,2026-07-21T18:50:04.000Z,2026-08-23T20:28:20.641Z
"https://leetcode.com/problems/percentage-of-letter-in-string/","Percentage of Letter in String","STRING","EASY",139041,,"CLEAR",,true,2026-07-21T18:50:04.000Z,2026-08-23T20:28:20.641Z
"https://leetcode.com/problems/positions-of-large-groups/","Positions of Large Groups","STRING","EASY",228018,,"CLEAR",,true,2026-07-21T18:50:04.000Z,2026-08-23T20:28:20.641Z
"https://leetcode.com/problems/process-string-with-special-operations-i/","Process String with Special Operations I","STRING","MEDIUM",267061,,"CLEAR",,true,2026-07-21T18:50:04.000Z,2026-08-23T20:28:20.641Z
"https://leetcode.com/problems/process-string-with-special-operations-ii/","Process String with Special Operations II","STRING","HARD",236895,,"CLEAR",,true,2026-07-21T18:50:04.000Z,2026-08-23T20:28:20.641Z
"https://leetcode.com/problems/rearrange-spaces-between-words/","Rearrange Spaces Between Words","STRING","EASY",169240,,"CLEAR",,true,2026-07-21T18:50:04.000Z,2026-08-23T20:28:20.641Z
"https://leetcode.com/problems/reformat-date/","Reformat Date","STRING","EASY",145833,,"CLEAR",,true,2026-07-21T18:50:04.000Z,2026-08-23T20:28:20.641Z
"https://leetcode.com/problems/reformat-phone-number/","Reformat Phone Number","STRING","EASY",75245,,"CLEAR",,true,2026-07-21T18:50:04.000Z,2026-08-23T20:28:20.641Z
"https://leetcode.com/problems/reformat-the-string/","Reformat The String","STRING","EASY",141682,,"CLEAR",,true,2026-07-21T18:50:04.000Z,2026-08-23T20:28:20.641Z
"https://leetcode.com/problems/remove-trailing-zeros-from-a-string/","Remove Trailing Zeros From a String","STRING","EASY",125021,,"CLEAR",,true,2026-07-21T18:50:04.000Z,2026-08-23T20:28:20.641Z
"https://leetcode.com/problems/remove-vowels-from-a-string/","Remove Vowels from a String","STRING","EASY",129750,,"CLEAR",,true,2026-07-21T18:50:04.000Z,2026-08-23T20:28:20.641Z
"https://leetcode.com/problems/repeated-string-match/","Repeated String Match","STRING","MEDIUM",698667,,"CLEAR",,true,2026-07-21T18:50:04.000Z,2026-08-23T20:28:20.641Z
"https://leetcode.com/problems/repeated-substring-pattern/","Repeated Substring Pattern","STRING","EASY",1308526,,"CLEAR",,true,2026-07-21T18:50:04.000Z,2026-08-23T20:28:20.641Z
"https://leetcode.com/problems/replace-all-s-to-avoid-consecutive-repeating-characters/","Replace All ?'s to Avoid Consecutive Repeating Characters","STRING","EASY",167248,,"CLEAR",,true,2026-07-21T18:50:04.000Z,2026-08-23T20:28:20.641Z
"https://leetcode.com/problems/replace-all-digits-with-characters/","Replace All Digits with Characters","STRING","EASY",143381,,"CLEAR",,true,2026-07-21T18:50:04.000Z,2026-08-23T20:28:20.641Z
"https://leetcode.com/problems/reverse-degree-of-a-string/","Reverse Degree of a String","STRING","EASY",82324,,"CLEAR",,true,2026-07-21T18:50:04.000Z,2026-08-23T20:28:20.641Z
"https://leetcode.com/problems/robot-bounded-in-circle/","Robot Bounded In Circle","STRING","MEDIUM",488834,,"CLEAR",,true,2026-07-21T18:50:04.000Z,2026-08-23T20:28:20.641Z
"https://leetcode.com/problems/robot-return-to-origin/","Robot Return to Origin","STRING","EASY",883308,,"CLEAR",,true,2026-07-21T18:50:04.000Z,2026-08-23T20:28:20.641Z
"https://leetcode.com/problems/rotate-string/","Rotate String","STRING","EASY",1464778,,"SUCCESS","class Solution {
public:
    bool rotateString(string s, string goal) {
        int n = s.size();
        int i = 0;

        while (i < n) {
            string temp = s.substr(1, n - 1);
            temp.push_back(s[0]);
            s = temp;
            if (s == goal) {
                return true;
            }
            i++;
        }
        return false;
    }
};",true,2026-07-21T18:50:04.000Z,2026-08-23T20:28:20.641Z
"https://leetcode.com/problems/score-of-a-string/","Score of a String","STRING","EASY",504810,,"CLEAR",,true,2026-07-21T18:50:04.000Z,2026-08-23T20:28:20.641Z
"https://leetcode.com/problems/similar-rgb-color/","Similar RGB Color","STRING","EASY",27418,,"CLEAR",,true,2026-07-21T18:50:04.000Z,2026-08-23T20:28:20.641Z
"https://leetcode.com/problems/simplified-fractions/","Simplified Fractions","STRING","MEDIUM",67231,,"CLEAR",,true,2026-07-21T18:50:04.000Z,2026-08-23T20:28:20.641Z
"https://leetcode.com/problems/solve-the-equation/","Solve the Equation","STRING","MEDIUM",112364,,"CLEAR",,true,2026-07-21T18:50:04.000Z,2026-08-23T20:28:20.641Z
"https://leetcode.com/problems/split-message-based-on-limit/","Split Message Based on Limit","STRING","HARD",55577,,"CLEAR",,true,2026-07-21T18:50:04.000Z,2026-08-23T20:28:20.641Z
"https://leetcode.com/problems/string-compression-iii/","String Compression III","STRING","MEDIUM",306657,,"CLEAR",,true,2026-07-21T18:50:04.000Z,2026-08-23T20:28:20.641Z
"https://leetcode.com/problems/string-to-integer-atoi/","String to Integer (atoi)","STRING","MEDIUM",11908469,,"CLEAR",,true,2026-07-21T18:50:04.000Z,2026-08-23T20:28:20.641Z
"https://leetcode.com/problems/strong-password-checker-ii/","Strong Password Checker II","STRING","EASY",108640,,"CLEAR",,true,2026-07-21T18:50:04.000Z,2026-08-23T20:28:20.641Z
"https://leetcode.com/problems/student-attendance-record-i/","Student Attendance Record I","STRING","EASY",591767,,"CLEAR",,true,2026-07-21T18:50:04.000Z,2026-08-23T20:28:20.641Z
"https://leetcode.com/problems/substring-matching-pattern/","Substring Matching Pattern","STRING","EASY",139435,,"CLEAR",,true,2026-07-21T18:50:04.000Z,2026-08-23T20:28:20.641Z
"https://leetcode.com/problems/sum-of-digits-of-string-after-convert/","Sum of Digits of String After Convert","STRING","EASY",325549,,"CLEAR",,true,2026-07-21T18:50:04.000Z,2026-08-23T20:28:20.641Z
"https://leetcode.com/problems/super-palindromes/","Super Palindromes","STRING","HARD",72834,,"CLEAR",,true,2026-07-21T18:50:04.000Z,2026-08-23T20:28:20.641Z
"https://leetcode.com/problems/the-number-of-full-rounds-you-have-played/","The Number of Full Rounds You Have Played","STRING","MEDIUM",60538,,"CLEAR",,true,2026-07-21T18:50:04.000Z,2026-08-23T20:28:20.641Z
"https://leetcode.com/problems/thousand-separator/","Thousand Separator","STRING","EASY",129286,,"CLEAR",,true,2026-07-21T18:50:04.000Z,2026-08-23T20:28:20.641Z
"https://leetcode.com/problems/to-lower-case/","To Lower Case","STRING","EASY",900964,,"CLEAR",,true,2026-07-21T18:50:04.000Z,2026-08-23T20:28:20.641Z
"https://leetcode.com/problems/traffic-signal-color/","Traffic Signal Color","STRING","EASY",57870,,"CLEAR",,true,2026-07-21T18:50:04.000Z,2026-08-23T20:28:20.641Z
"https://leetcode.com/problems/trim-trailing-vowels/","Trim Trailing Vowels","STRING","EASY",76305,,"CLEAR",,true,2026-07-21T18:50:04.000Z,2026-08-23T20:28:20.641Z
"https://leetcode.com/problems/valid-number/","Valid Number","STRING","HARD",2300843,,"CLEAR",,true,2026-07-21T18:50:04.000Z,2026-08-23T20:28:20.641Z
"https://leetcode.com/problems/valid-word/","Valid Word","STRING","EASY",415416,,"CLEAR",,true,2026-07-21T18:50:04.000Z,2026-08-23T20:28:20.641Z
"https://leetcode.com/problems/validate-ip-address/","Validate IP Address","STRING","MEDIUM",720938,,"CLEAR",,true,2026-07-21T18:50:04.000Z,2026-08-23T20:28:20.641Z
"https://leetcode.com/problems/vowel-consonant-score/","Vowel-Consonant Score","STRING","EASY",97109,,"CLEAR",,true,2026-07-21T18:50:04.000Z,2026-08-23T20:28:20.641Z
"https://leetcode.com/problems/vowels-game-in-a-string/","Vowels Game in a String","STRING","MEDIUM",253781,,"CLEAR",,true,2026-07-21T18:50:04.000Z,2026-08-23T20:28:20.641Z
"https://leetcode.com/problems/zigzag-conversion/","Zigzag Conversion","STRING","MEDIUM",4213223,,"CLEAR",,true,2026-07-21T18:50:04.000Z,2026-08-23T20:28:20.641Z
"https://leetcode.com/problems/amount-of-new-area-painted-each-day/","Amount of New Area Painted Each Day","TREE","HARD",59850,,"CLEAR",,false,2026-07-21T18:50:04.000Z,2026-07-21T18:50:04.000Z
"https://leetcode.com/problems/block-placement-queries/","Block Placement Queries","TREE","HARD",161134,,"CLEAR",,false,2026-07-21T18:50:04.000Z,2026-07-21T18:50:04.000Z
"https://leetcode.com/problems/booking-concert-tickets-in-groups/","Booking Concert Tickets in Groups","TREE","HARD",51314,,"CLEAR",,false,2026-07-21T18:50:04.000Z,2026-07-21T18:50:04.000Z
"https://leetcode.com/problems/check-if-dfs-strings-are-palindromes/","Check if DFS Strings Are Palindromes","TREE","HARD",34480,,"CLEAR",,false,2026-07-21T18:50:04.000Z,2026-07-21T18:50:04.000Z
"https://leetcode.com/problems/clone-n-ary-tree/","Clone N-ary Tree","TREE","MEDIUM",43697,,"CLEAR",,false,2026-07-21T18:50:04.000Z,2026-07-21T18:50:04.000Z
"https://leetcode.com/problems/closest-node-to-path-in-tree/","Closest Node to Path in Tree","TREE","HARD",10911,,"CLEAR",,false,2026-07-21T18:50:04.000Z,2026-07-21T18:50:04.000Z
"https://leetcode.com/problems/collect-coins-in-a-tree/","Collect Coins in a Tree","TREE","HARD",46669,,"CLEAR",,false,2026-07-21T18:50:04.000Z,2026-07-21T18:50:04.000Z
"https://leetcode.com/problems/count-integers-in-intervals/","Count Integers in Intervals","TREE","HARD",83725,,"CLEAR",,false,2026-07-21T18:50:04.000Z,2026-07-21T18:50:04.000Z
"https://leetcode.com/problems/count-non-decreasing-subarrays-after-k-operations/","Count Non-Decreasing Subarrays After K Operations","TREE","HARD",18172,,"CLEAR",,false,2026-07-21T18:50:04.000Z,2026-07-21T18:50:04.000Z
"https://leetcode.com/problems/count-pairs-of-connectable-servers-in-a-weighted-tree-network/","Count Pairs of Connectable Servers in a Weighted Tree Network","TREE","MEDIUM",30465,,"CLEAR",,false,2026-07-21T18:50:04.000Z,2026-07-21T18:50:04.000Z
"https://leetcode.com/problems/count-the-number-of-good-nodes/","Count the Number of Good Nodes","TREE","MEDIUM",57361,,"CLEAR",,false,2026-07-21T18:50:04.000Z,2026-07-21T18:50:04.000Z
"https://leetcode.com/problems/create-components-with-same-value/","Create Components With Same Value","TREE","HARD",21738,,"CLEAR",,false,2026-07-21T18:50:04.000Z,2026-07-21T18:50:04.000Z
"https://leetcode.com/problems/delete-tree-nodes/","Delete Tree Nodes","TREE","MEDIUM",18955,,"CLEAR",,false,2026-07-21T18:50:04.000Z,2026-07-21T18:50:04.000Z
"https://leetcode.com/problems/diameter-of-n-ary-tree/","Diameter of N-Ary Tree","TREE","MEDIUM",83109,,"CLEAR",,false,2026-07-21T18:50:04.000Z,2026-07-21T18:50:04.000Z
"https://leetcode.com/problems/distribute-elements-into-two-arrays-ii/","Distribute Elements Into Two Arrays II","TREE","HARD",47539,,"CLEAR",,false,2026-07-21T18:50:04.000Z,2026-07-21T18:50:04.000Z
"https://leetcode.com/problems/employee-importance/","Employee Importance","TREE","MEDIUM",370117,,"CLEAR",,false,2026-07-21T18:50:04.000Z,2026-07-21T18:50:04.000Z
"https://leetcode.com/problems/falling-squares/","Falling Squares","TREE","HARD",79250,,"CLEAR",,false,2026-07-21T18:50:04.000Z,2026-07-21T18:50:04.000Z
"https://leetcode.com/problems/fancy-sequence/","Fancy Sequence","TREE","HARD",188012,,"CLEAR",,false,2026-07-21T18:50:04.000Z,2026-07-21T18:50:04.000Z
"https://leetcode.com/problems/find-building-where-alice-and-bob-can-meet/","Find Building Where Alice and Bob Can Meet","TREE","HARD",151275,,"CLEAR",,false,2026-07-21T18:50:04.000Z,2026-07-21T18:50:04.000Z
"https://leetcode.com/problems/find-diameter-endpoints-of-a-tree/","Find Diameter Endpoints of a Tree","TREE","MEDIUM",1116,,"CLEAR",,false,2026-07-21T18:50:04.000Z,2026-07-21T18:50:04.000Z
"https://leetcode.com/problems/find-minimum-diameter-after-merging-two-trees/","Find Minimum Diameter After Merging Two Trees","TREE","HARD",139545,,"CLEAR",,false,2026-07-21T18:50:04.000Z,2026-07-21T18:50:04.000Z
"https://leetcode.com/problems/find-subtree-sizes-after-changes/","Find Subtree Sizes After Changes","TREE","MEDIUM",31645,,"CLEAR",,false,2026-07-21T18:50:04.000Z,2026-07-21T18:50:04.000Z
"https://leetcode.com/problems/find-the-last-marked-nodes-in-tree/","Find the Last Marked Nodes in Tree","TREE","HARD",1214,,"CLEAR",,false,2026-07-21T18:50:04.000Z,2026-07-21T18:50:04.000Z
"https://leetcode.com/problems/find-x-value-of-array-ii/","Find X Value of Array II","TREE","HARD",11776,,"CLEAR",,false,2026-07-21T18:50:04.000Z,2026-07-21T18:50:04.000Z
"https://leetcode.com/problems/flatten-nested-list-iterator/","Flatten Nested List Iterator","TREE","MEDIUM",827154,,"CLEAR",,false,2026-07-21T18:50:04.000Z,2026-07-21T18:50:04.000Z
"https://leetcode.com/problems/frog-position-after-t-seconds/","Frog Position After T Seconds","TREE","HARD",116059,,"CLEAR",,false,2026-07-21T18:50:04.000Z,2026-07-21T18:50:04.000Z
"https://leetcode.com/problems/fruits-into-baskets-ii/","Fruits Into Baskets II","TREE","EASY",291852,,"CLEAR",,false,2026-07-21T18:50:04.000Z,2026-07-21T18:50:04.000Z
"https://leetcode.com/problems/fruits-into-baskets-iii/","Fruits Into Baskets III","TREE","MEDIUM",225668,,"CLEAR",,false,2026-07-21T18:50:04.000Z,2026-07-21T18:50:04.000Z
"https://leetcode.com/problems/good-subsequence-queries/","Good Subsequence Queries","TREE","HARD",16767,,"CLEAR",,false,2026-07-21T18:50:04.000Z,2026-07-21T18:50:04.000Z
"https://leetcode.com/problems/handling-sum-queries-after-update/","Handling Sum Queries After Update","TREE","HARD",26850,,"CLEAR",,false,2026-07-21T18:50:04.000Z,2026-07-21T18:50:04.000Z
"https://leetcode.com/problems/k-empty-slots/","K Empty Slots","TREE","HARD",178007,,"CLEAR",,false,2026-07-21T18:50:04.000Z,2026-07-21T18:50:04.000Z
"https://leetcode.com/problems/kill-process/","Kill Process","TREE","MEDIUM",139374,,"CLEAR",,false,2026-07-21T18:50:04.000Z,2026-07-21T18:50:04.000Z
"https://leetcode.com/problems/kth-smallest-path-xor-sum/","Kth Smallest Path XOR Sum","TREE","HARD",9802,,"CLEAR",,false,2026-07-21T18:50:04.000Z,2026-07-21T18:50:04.000Z
"https://leetcode.com/problems/longest-path-with-different-adjacent-characters/","Longest Path With Different Adjacent Characters","TREE","HARD",176618,,"CLEAR",,false,2026-07-21T18:50:04.000Z,2026-07-21T18:50:04.000Z
"https://leetcode.com/problems/longest-special-path/","Longest Special Path","TREE","HARD",27212,,"CLEAR",,false,2026-07-21T18:50:04.000Z,2026-07-21T18:50:04.000Z
"https://leetcode.com/problems/longest-special-path-ii/","Longest Special Path II","TREE","HARD",13891,,"CLEAR",,false,2026-07-21T18:50:04.000Z,2026-07-21T18:50:04.000Z
"https://leetcode.com/problems/longest-substring-of-one-repeating-character/","Longest Substring of One Repeating Character","TREE","HARD",20431,,"CLEAR",,false,2026-07-21T18:50:04.000Z,2026-07-21T18:50:04.000Z
"https://leetcode.com/problems/longest-uploaded-prefix/","Longest Uploaded Prefix","TREE","MEDIUM",53778,,"CLEAR",,false,2026-07-21T18:50:04.000Z,2026-07-21T18:50:04.000Z
"https://leetcode.com/problems/maximize-active-section-with-trade-ii/","Maximize Active Section with Trade II","TREE","HARD",9628,,"CLEAR",,false,2026-07-21T18:50:04.000Z,2026-07-21T18:50:04.000Z
"https://leetcode.com/problems/maximize-count-of-distinct-primes-after-split/","Maximize Count of Distinct Primes After Split","TREE","HARD",15909,,"CLEAR",,false,2026-07-21T18:50:04.000Z,2026-07-21T18:50:04.000Z
"https://leetcode.com/problems/maximize-subarrays-after-removing-one-conflicting-pair/","Maximize Subarrays After Removing One Conflicting Pair","TREE","HARD",89538,,"CLEAR",,false,2026-07-21T18:50:04.000Z,2026-07-21T18:50:04.000Z
"https://leetcode.com/problems/maximize-the-number-of-target-nodes-after-connecting-trees-i/","Maximize the Number of Target Nodes After Connecting Trees I","TREE","MEDIUM",122292,,"CLEAR",,false,2026-07-21T18:50:04.000Z,2026-07-21T18:50:04.000Z
"https://leetcode.com/problems/maximize-the-number-of-target-nodes-after-connecting-trees-ii/","Maximize the Number of Target Nodes After Connecting Trees II","TREE","HARD",96388,,"CLEAR",,false,2026-07-21T18:50:04.000Z,2026-07-21T18:50:04.000Z
"https://leetcode.com/problems/maximum-area-rectangle-with-point-constraints-i/","Maximum Area Rectangle With Point Constraints I","TREE","MEDIUM",31964,,"CLEAR",,false,2026-07-21T18:50:04.000Z,2026-07-21T18:50:04.000Z
"https://leetcode.com/problems/maximum-area-rectangle-with-point-constraints-ii/","Maximum Area Rectangle With Point Constraints II","TREE","HARD",13784,,"CLEAR",,false,2026-07-21T18:50:04.000Z,2026-07-21T18:50:04.000Z
"https://leetcode.com/problems/maximum-depth-of-n-ary-tree/","Maximum Depth of N-ary Tree","TREE","EASY",493027,,"CLEAR",,false,2026-07-21T18:50:04.000Z,2026-07-21T18:50:04.000Z
"https://leetcode.com/problems/maximum-number-of-k-divisible-components/","Maximum Number of K-Divisible Components","TREE","HARD",198317,,"CLEAR",,false,2026-07-21T18:50:04.000Z,2026-07-21T18:50:04.000Z
"https://leetcode.com/problems/maximum-profitable-triplets-with-increasing-prices-i/","Maximum Profitable Triplets With Increasing Prices I","TREE","MEDIUM",3546,,"CLEAR",,false,2026-07-21T18:50:04.000Z,2026-07-21T18:50:04.000Z
"https://leetcode.com/problems/maximum-profitable-triplets-with-increasing-prices-ii/","Maximum Profitable Triplets With Increasing Prices II","TREE","HARD",1764,,"CLEAR",,false,2026-07-21T18:50:04.000Z,2026-07-21T18:50:04.000Z
"https://leetcode.com/problems/maximum-sum-queries/","Maximum Sum Queries","TREE","HARD",28213,,"CLEAR",,false,2026-07-21T18:50:04.000Z,2026-07-21T18:50:04.000Z
"https://leetcode.com/problems/maximum-xor-of-two-non-overlapping-subtrees/","Maximum XOR of Two Non-Overlapping Subtrees","TREE","HARD",1911,,"CLEAR",,false,2026-07-21T18:50:04.000Z,2026-07-21T18:50:04.000Z
"https://leetcode.com/problems/minimum-deletions-to-make-alternating-substring/","Minimum Deletions to Make Alternating Substring","TREE","HARD",13745,,"CLEAR",,false,2026-07-21T18:50:04.000Z,2026-07-21T18:50:04.000Z
"https://leetcode.com/problems/minimum-edge-toggles-on-a-tree/","Minimum Edge Toggles on a Tree","TREE","HARD",9549,,"CLEAR",,false,2026-07-21T18:50:04.000Z,2026-07-21T18:50:04.000Z
"https://leetcode.com/problems/minimum-fuel-cost-to-report-to-the-capital/","Minimum Fuel Cost to Report to the Capital","TREE","MEDIUM",141175,,"CLEAR",,false,2026-07-21T18:50:04.000Z,2026-07-21T18:50:04.000Z
"https://leetcode.com/problems/minimum-inversion-count-in-subarrays-of-fixed-length/","Minimum Inversion Count in Subarrays of Fixed Length","TREE","HARD",12607,,"CLEAR",,false,2026-07-21T18:50:04.000Z,2026-07-21T18:50:04.000Z
"https://leetcode.com/problems/minimum-operations-to-equalize-subarrays/","Minimum Operations to Equalize Subarrays","TREE","HARD",16096,,"CLEAR",,false,2026-07-21T18:50:04.000Z,2026-07-21T18:50:04.000Z
"https://leetcode.com/problems/minimum-time-to-collect-all-apples-in-a-tree/","Minimum Time to Collect All Apples in a Tree","TREE","MEDIUM",248169,,"CLEAR",,false,2026-07-21T18:50:04.000Z,2026-07-21T18:50:04.000Z
"https://leetcode.com/problems/most-profitable-path-in-a-tree/","Most Profitable Path in a Tree","TREE","MEDIUM",164574,,"CLEAR",,false,2026-07-21T18:50:04.000Z,2026-07-21T18:50:04.000Z
"https://leetcode.com/problems/move-sub-tree-of-n-ary-tree/","Move Sub-Tree of N-Ary Tree","TREE","HARD",4600,,"CLEAR",,false,2026-07-21T18:50:04.000Z,2026-07-21T18:50:04.000Z
"https://leetcode.com/problems/my-calendar-i/","My Calendar I","TREE","MEDIUM",802830,,"CLEAR",,false,2026-07-21T18:50:04.000Z,2026-07-21T18:50:04.000Z
"https://leetcode.com/problems/my-calendar-ii/","My Calendar II","TREE","MEDIUM",349615,,"CLEAR",,false,2026-07-21T18:50:04.000Z,2026-07-21T18:50:04.000Z
"https://leetcode.com/problems/my-calendar-iii/","My Calendar III","TREE","HARD",160939,,"CLEAR",,false,2026-07-21T18:50:04.000Z,2026-07-21T18:50:04.000Z
"https://leetcode.com/problems/n-ary-tree-level-order-traversal/","N-ary Tree Level Order Traversal","TREE","MEDIUM",521079,,"CLEAR",,false,2026-07-21T18:50:04.000Z,2026-07-21T18:50:04.000Z
"https://leetcode.com/problems/n-ary-tree-postorder-traversal/","N-ary Tree Postorder Traversal","TREE","EASY",540215,,"CLEAR",,false,2026-07-21T18:50:04.000Z,2026-07-21T18:50:04.000Z
"https://leetcode.com/problems/n-ary-tree-preorder-traversal/","N-ary Tree Preorder Traversal","TREE","EASY",658750,,"CLEAR",,false,2026-07-21T18:50:04.000Z,2026-07-21T18:50:04.000Z
"https://leetcode.com/problems/number-of-good-paths/","Number of Good Paths","TREE","HARD",118597,,"CLEAR",,false,2026-07-21T18:50:04.000Z,2026-07-21T18:50:04.000Z
"https://leetcode.com/problems/number-of-nodes-in-the-sub-tree-with-the-same-label/","Number of Nodes in the Sub-Tree With the Same Label","TREE","MEDIUM",172931,,"CLEAR",,false,2026-07-21T18:50:04.000Z,2026-07-21T18:50:04.000Z
"https://leetcode.com/problems/number-of-ways-to-assign-edge-weights-i/","Number of Ways to Assign Edge Weights I","TREE","MEDIUM",153971,,"CLEAR",,false,2026-07-21T18:50:04.000Z,2026-07-21T18:50:04.000Z
"https://leetcode.com/problems/number-of-ways-to-reconstruct-a-tree/","Number Of Ways To Reconstruct A Tree","TREE","HARD",15760,,"CLEAR",,false,2026-07-21T18:50:04.000Z,2026-07-21T18:50:04.000Z
"https://leetcode.com/problems/online-majority-element-in-subarray/","Online Majority Element In Subarray","TREE","HARD",54101,,"CLEAR",,false,2026-07-21T18:50:04.000Z,2026-07-21T18:50:04.000Z
"https://leetcode.com/problems/operations-on-tree/","Operations on Tree","TREE","MEDIUM",56761,,"CLEAR",,false,2026-07-21T18:50:04.000Z,2026-07-21T18:50:04.000Z
"https://leetcode.com/problems/peaks-in-array/","Peaks in Array","TREE","HARD",44356,,"CLEAR",,false,2026-07-21T18:50:04.000Z,2026-07-21T18:50:04.000Z
"https://leetcode.com/problems/power-update-after-k-th-largest-insertion-i/","Power Update After K-th Largest Insertion I","TREE","MEDIUM",423,,"CLEAR",,false,2026-07-21T18:50:04.000Z,2026-07-21T18:50:04.000Z
"https://leetcode.com/problems/power-update-after-k-th-largest-insertion-ii/","Power Update After K-th Largest Insertion II","TREE","HARD",562,,"CLEAR",,false,2026-07-21T18:50:04.000Z,2026-07-21T18:50:04.000Z
"https://leetcode.com/problems/pythagorean-distance-nodes-in-a-tree/","Pythagorean Distance Nodes in a Tree","TREE","MEDIUM",38397,,"CLEAR",,false,2026-07-21T18:50:04.000Z,2026-07-21T18:50:04.000Z
"https://leetcode.com/problems/queue-reconstruction-by-height/","Queue Reconstruction by Height","TREE","MEDIUM",468611,,"CLEAR",,false,2026-07-21T18:50:04.000Z,2026-07-21T18:50:04.000Z
"https://leetcode.com/problems/range-frequency-queries/","Range Frequency Queries","TREE","MEDIUM",85991,,"CLEAR",,false,2026-07-21T18:50:04.000Z,2026-07-21T18:50:04.000Z
"https://leetcode.com/problems/range-module/","Range Module","TREE","HARD",215063,,"CLEAR",,false,2026-07-21T18:50:04.000Z,2026-07-21T18:50:04.000Z
"https://leetcode.com/problems/range-sum-query-2d-mutable/","Range Sum Query 2D - Mutable","TREE","MEDIUM",184951,,"CLEAR",,false,2026-07-21T18:50:04.000Z,2026-07-21T18:50:04.000Z
"https://leetcode.com/problems/reachable-nodes-with-restrictions/","Reachable Nodes With Restrictions","TREE","MEDIUM",149914,,"CLEAR",,false,2026-07-21T18:50:04.000Z,2026-07-21T18:50:04.000Z
"https://leetcode.com/problems/rectangle-area-ii/","Rectangle Area II","TREE","HARD",80333,,"CLEAR",,false,2026-07-21T18:50:04.000Z,2026-07-21T18:50:04.000Z
"https://leetcode.com/problems/separate-squares-ii/","Separate Squares II","TREE","HARD",103774,,"CLEAR",,false,2026-07-21T18:50:04.000Z,2026-07-21T18:50:04.000Z
"https://leetcode.com/problems/serialize-and-deserialize-n-ary-tree/","Serialize and Deserialize N-ary Tree","TREE","HARD",146944,,"CLEAR",,false,2026-07-21T18:50:04.000Z,2026-07-21T18:50:04.000Z
"https://leetcode.com/problems/shortest-path-in-a-weighted-tree/","Shortest Path in a Weighted Tree","TREE","HARD",17537,,"CLEAR",,false,2026-07-21T18:50:04.000Z,2026-07-21T18:50:04.000Z
"https://leetcode.com/problems/smallest-common-region/","Smallest Common Region","TREE","MEDIUM",56681,,"CLEAR",,false,2026-07-21T18:50:04.000Z,2026-07-21T18:50:04.000Z
"https://leetcode.com/problems/subarrays-distinct-element-sum-of-squares-i/","Subarrays Distinct Element Sum of Squares I","TREE","EASY",57737,,"CLEAR",,false,2026-07-21T18:50:04.000Z,2026-07-21T18:50:04.000Z
"https://leetcode.com/problems/subarrays-distinct-element-sum-of-squares-ii/","Subarrays Distinct Element Sum of Squares II","TREE","HARD",20800,,"CLEAR",,false,2026-07-21T18:50:04.000Z,2026-07-21T18:50:04.000Z
"https://leetcode.com/problems/sum-of-perfect-square-ancestors/","Sum of Perfect Square Ancestors","TREE","HARD",17614,,"CLEAR",,false,2026-07-21T18:50:04.000Z,2026-07-21T18:50:04.000Z
"https://leetcode.com/problems/throne-inheritance/","Throne Inheritance","TREE","MEDIUM",45248,,"CLEAR",,false,2026-07-21T18:50:04.000Z,2026-07-21T18:50:04.000Z
"https://leetcode.com/problems/time-needed-to-inform-all-employees/","Time Needed to Inform All Employees","TREE","MEDIUM",435742,,"CLEAR",,false,2026-07-21T18:50:04.000Z,2026-07-21T18:50:04.000Z
"https://leetcode.com/problems/total-sum-of-interaction-cost-in-tree-groups/","Total Sum of Interaction Cost in Tree Groups","TREE","HARD",14234,,"CLEAR",,false,2026-07-21T18:50:04.000Z,2026-07-21T18:50:04.000Z
"https://leetcode.com/problems/tree-diameter/","Tree Diameter","TREE","MEDIUM",93384,,"CLEAR",,false,2026-07-21T18:50:04.000Z,2026-07-21T18:50:04.000Z
"https://leetcode.com/problems/tree-of-coprimes/","Tree of Coprimes","TREE","HARD",33158,,"CLEAR",,false,2026-07-21T18:50:04.000Z,2026-07-21T18:50:04.000Z
"https://leetcode.com/problems/add-bold-tag-in-string/","Add Bold Tag in String","TRIE","MEDIUM",206101,,"CLEAR",,false,2026-07-21T18:50:04.000Z,2026-07-21T18:50:04.000Z
"https://leetcode.com/problems/bold-words-in-string/","Bold Words in String","TRIE","MEDIUM",40171,,"CLEAR",,false,2026-07-21T18:50:04.000Z,2026-07-21T18:50:04.000Z
"https://leetcode.com/problems/convert-number-words-to-digits/","Convert Number Words to Digits","TRIE","MEDIUM",910,,"CLEAR",,false,2026-07-21T18:50:04.000Z,2026-07-21T18:50:04.000Z
"https://leetcode.com/problems/count-prefix-and-suffix-pairs-i/","Count Prefix and Suffix Pairs I","TRIE","EASY",279199,,"CLEAR",,false,2026-07-21T18:50:04.000Z,2026-07-21T18:50:04.000Z
"https://leetcode.com/problems/count-prefix-and-suffix-pairs-ii/","Count Prefix and Suffix Pairs II","TRIE","HARD",61960,,"CLEAR",,false,2026-07-21T18:50:04.000Z,2026-07-21T18:50:04.000Z
"https://leetcode.com/problems/design-file-system/","Design File System","TRIE","MEDIUM",141433,,"CLEAR",,false,2026-07-21T18:50:04.000Z,2026-07-21T18:50:04.000Z
"https://leetcode.com/problems/design-in-memory-file-system/","Design In-Memory File System","TRIE","HARD",297883,,"CLEAR",,false,2026-07-21T18:50:04.000Z,2026-07-21T18:50:04.000Z
"https://leetcode.com/problems/distinct-echo-substrings/","Distinct Echo Substrings","TRIE","HARD",43809,,"CLEAR",,false,2026-07-21T18:50:04.000Z,2026-07-21T18:50:04.000Z
"https://leetcode.com/problems/encrypt-and-decrypt-strings/","Encrypt and Decrypt Strings","TRIE","HARD",47053,,"CLEAR",,false,2026-07-21T18:50:04.000Z,2026-07-21T18:50:04.000Z
"https://leetcode.com/problems/find-the-length-of-the-longest-common-prefix/","Find the Length of the Longest Common Prefix","TRIE","MEDIUM",451337,,"CLEAR",,false,2026-07-21T18:50:04.000Z,2026-07-21T18:50:04.000Z
"https://leetcode.com/problems/implement-trie-prefix-tree/","Implement Trie (Prefix Tree)","TRIE","MEDIUM",2278240,,"CLEAR",,false,2026-07-21T18:50:04.000Z,2026-07-21T18:50:04.000Z
"https://leetcode.com/problems/implement-trie-ii-prefix-tree/","Implement Trie II (Prefix Tree)","TRIE","MEDIUM",43915,,"CLEAR",,false,2026-07-21T18:50:04.000Z,2026-07-21T18:50:04.000Z
"https://leetcode.com/problems/index-pairs-of-a-string/","Index Pairs of a String","TRIE","EASY",45953,,"CLEAR",,false,2026-07-21T18:50:04.000Z,2026-07-21T18:50:04.000Z
"https://leetcode.com/problems/k-divisible-elements-subarrays/","K Divisible Elements Subarrays","TRIE","MEDIUM",91110,,"CLEAR",,false,2026-07-21T18:50:04.000Z,2026-07-21T18:50:04.000Z
"https://leetcode.com/problems/k-th-smallest-in-lexicographical-order/","K-th Smallest in Lexicographical Order","TRIE","HARD",369430,,"CLEAR",,false,2026-07-21T18:50:04.000Z,2026-07-21T18:50:04.000Z
"https://leetcode.com/problems/longest-common-prefix/","Longest Common Prefix","TRIE","EASY",12554059,,"CLEAR",,false,2026-07-21T18:50:04.000Z,2026-07-21T18:50:04.000Z
"https://leetcode.com/problems/longest-common-prefix-of-k-strings-after-removal/","Longest Common Prefix of K Strings After Removal","TRIE","HARD",27997,,"CLEAR",,false,2026-07-21T18:50:04.000Z,2026-07-21T18:50:04.000Z
"https://leetcode.com/problems/longest-common-suffix-queries/","Longest Common Suffix Queries","TRIE","HARD",153701,,"CLEAR",,false,2026-07-21T18:50:04.000Z,2026-07-21T18:50:04.000Z
"https://leetcode.com/problems/longest-word-in-dictionary/","Longest Word in Dictionary","TRIE","MEDIUM",359852,,"CLEAR",,false,2026-07-21T18:50:04.000Z,2026-07-21T18:50:04.000Z
"https://leetcode.com/problems/map-sum-pairs/","Map Sum Pairs","TRIE","MEDIUM",252084,,"CLEAR",,false,2026-07-21T18:50:04.000Z,2026-07-21T18:50:04.000Z
"https://leetcode.com/problems/number-of-distinct-substrings-in-a-string/","Number of Distinct Substrings in a String","TRIE","MEDIUM",22516,,"CLEAR",,false,2026-07-21T18:50:04.000Z,2026-07-21T18:50:04.000Z
"https://leetcode.com/problems/palindrome-pairs/","Palindrome Pairs","TRIE","HARD",656242,,"CLEAR",,false,2026-07-21T18:50:04.000Z,2026-07-21T18:50:04.000Z
"https://leetcode.com/problems/partition-string/","Partition String ","TRIE","MEDIUM",67783,,"CLEAR",,false,2026-07-21T18:50:04.000Z,2026-07-21T18:50:04.000Z
"https://leetcode.com/problems/phone-number-prefix/","Phone Number Prefix","TRIE","EASY",2918,,"CLEAR",,false,2026-07-21T18:50:04.000Z,2026-07-21T18:50:04.000Z
"https://leetcode.com/problems/prefix-and-suffix-search/","Prefix and Suffix Search","TRIE","HARD",274400,,"CLEAR",,false,2026-07-21T18:50:04.000Z,2026-07-21T18:50:04.000Z
"https://leetcode.com/problems/replace-words/","Replace Words","TRIE","MEDIUM",474115,,"CLEAR",,false,2026-07-21T18:50:04.000Z,2026-07-21T18:50:04.000Z
"https://leetcode.com/problems/search-suggestions-system/","Search Suggestions System","TRIE","MEDIUM",694330,,"CLEAR",,false,2026-07-21T18:50:04.000Z,2026-07-21T18:50:04.000Z
"https://leetcode.com/problems/short-encoding-of-words/","Short Encoding of Words","TRIE","MEDIUM",176234,,"CLEAR",,false,2026-07-21T18:50:04.000Z,2026-07-21T18:50:04.000Z
"https://leetcode.com/problems/shortest-uncommon-substring-in-an-array/","Shortest Uncommon Substring in an Array","TRIE","MEDIUM",75792,,"CLEAR",,false,2026-07-21T18:50:04.000Z,2026-07-21T18:50:04.000Z
"https://leetcode.com/problems/stream-of-characters/","Stream of Characters","TRIE","HARD",213978,,"CLEAR",,false,2026-07-21T18:50:04.000Z,2026-07-21T18:50:04.000Z
"https://leetcode.com/problems/sum-of-prefix-scores-of-strings/","Sum of Prefix Scores of Strings","TRIE","HARD",201883,,"CLEAR",,false,2026-07-21T18:50:04.000Z,2026-07-21T18:50:04.000Z
"https://leetcode.com/problems/top-k-frequent-words/","Top K Frequent Words","TRIE","MEDIUM",1344144,,"CLEAR",,false,2026-07-21T18:50:04.000Z,2026-07-21T18:50:04.000Z
"https://leetcode.com/problems/words-within-two-edits-of-dictionary/","Words Within Two Edits of Dictionary","TRIE","MEDIUM",169352,,"CLEAR",,false,2026-07-21T18:50:04.000Z,2026-07-21T18:50:04.000Z
"https://leetcode.com/problems/3sum/","3Sum","TWO POINTERS","MEDIUM",15803955,,"CLEAR",,true,2026-07-21T18:50:04.000Z,2026-08-28T15:52:40.189Z
"https://leetcode.com/problems/3sum-closest/","3Sum Closest","TWO POINTERS","MEDIUM",3935265,,"CLEAR",,true,2026-07-21T18:50:04.000Z,2026-08-28T15:52:40.189Z
"https://leetcode.com/problems/3sum-smaller/","3Sum Smaller","TWO POINTERS","MEDIUM",343360,,"CLEAR",,true,2026-07-21T18:50:04.000Z,2026-08-28T15:52:40.189Z
"https://leetcode.com/problems/3sum-with-multiplicity/","3Sum With Multiplicity","TWO POINTERS","MEDIUM",265812,,"CLEAR",,true,2026-07-21T18:50:04.000Z,2026-08-28T15:52:40.189Z
"https://leetcode.com/problems/4sum/","4Sum","TWO POINTERS","MEDIUM",4373890,,"CLEAR",,true,2026-07-21T18:50:04.000Z,2026-08-28T15:52:40.189Z
"https://leetcode.com/problems/adding-spaces-to-a-string/","Adding Spaces to a String","TWO POINTERS","MEDIUM",318900,,"CLEAR",,true,2026-07-21T18:50:04.000Z,2026-08-28T15:52:40.189Z
"https://leetcode.com/problems/apply-operations-to-an-array/","Apply Operations to an Array","TWO POINTERS","EASY",378425,,"CLEAR",,true,2026-07-21T18:50:04.000Z,2026-08-28T15:52:40.189Z
"https://leetcode.com/problems/backspace-string-compare/","Backspace String Compare","TWO POINTERS","EASY",2176254,,"CLEAR",,true,2026-07-21T18:50:04.000Z,2026-08-28T15:52:40.189Z
"https://leetcode.com/problems/camelcase-matching/","Camelcase Matching","TWO POINTERS","MEDIUM",102496,,"CLEAR",,true,2026-07-21T18:50:04.000Z,2026-08-28T15:52:40.189Z
"https://leetcode.com/problems/candy-crush/","Candy Crush","TWO POINTERS","MEDIUM",121484,,"CLEAR",,true,2026-07-21T18:50:04.000Z,2026-08-28T15:52:40.189Z
"https://leetcode.com/problems/check-if-a-word-occurs-as-a-prefix-of-any-word-in-a-sentence/","Check If a Word Occurs As a Prefix of Any Word in a Sentence","TWO POINTERS","EASY",352247,,"CLEAR",,true,2026-07-21T18:50:04.000Z,2026-08-28T15:52:40.189Z
"https://leetcode.com/problems/check-if-n-and-its-double-exist/","Check If N and Its Double Exist","TWO POINTERS","EASY",1539722,,"CLEAR",,true,2026-07-21T18:50:04.000Z,2026-08-28T15:52:40.189Z
"https://leetcode.com/problems/check-if-string-is-a-prefix-of-array/","Check If String Is a Prefix of Array","TWO POINTERS","EASY",165789,,"CLEAR",,true,2026-07-21T18:50:04.000Z,2026-08-28T15:52:40.189Z
"https://leetcode.com/problems/circular-array-loop/","Circular Array Loop","TWO POINTERS","MEDIUM",300949,,"CLEAR",,true,2026-07-21T18:50:04.000Z,2026-08-28T15:52:40.189Z
"https://leetcode.com/problems/compare-version-numbers/","Compare Version Numbers","TWO POINTERS","MEDIUM",1540165,,"CLEAR",,true,2026-07-21T18:50:04.000Z,2026-08-28T15:52:40.189Z
"https://leetcode.com/problems/count-binary-substrings/","Count Binary Substrings","TWO POINTERS","EASY",541673,,"CLEAR",,true,2026-07-21T18:50:04.000Z,2026-08-28T15:52:40.189Z
"https://leetcode.com/problems/count-pairs-in-two-arrays/","Count Pairs in Two Arrays","TWO POINTERS","MEDIUM",20330,,"CLEAR",,true,2026-07-21T18:50:04.000Z,2026-08-28T15:52:40.189Z
"https://leetcode.com/problems/count-pairs-whose-sum-is-less-than-target/","Count Pairs Whose Sum is Less than Target","TWO POINTERS","EASY",319134,,"CLEAR",,true,2026-07-21T18:50:04.000Z,2026-08-28T15:52:40.189Z
"https://leetcode.com/problems/count-the-number-of-fair-pairs/","Count the Number of Fair Pairs","TWO POINTERS","MEDIUM",459509,,"CLEAR",,true,2026-07-21T18:50:04.000Z,2026-08-28T15:52:40.189Z
"https://leetcode.com/problems/count-the-number-of-incremovable-subarrays-i/","Count the Number of Incremovable Subarrays I","TWO POINTERS","EASY",54497,,"CLEAR",,true,2026-07-21T18:50:04.000Z,2026-08-28T15:52:40.189Z
"https://leetcode.com/problems/count-the-number-of-incremovable-subarrays-ii/","Count the Number of Incremovable Subarrays II","TWO POINTERS","HARD",28902,,"CLEAR",,true,2026-07-21T18:50:04.000Z,2026-08-28T15:52:40.189Z
"https://leetcode.com/problems/divide-players-into-teams-of-equal-skill/","Divide Players Into Teams of Equal Skill","TWO POINTERS","MEDIUM",299528,,"CLEAR",,true,2026-07-21T18:50:04.000Z,2026-08-28T15:52:40.189Z
"https://leetcode.com/problems/dot-product-of-two-sparse-vectors/","Dot Product of Two Sparse Vectors","TWO POINTERS","MEDIUM",453700,,"CLEAR",,true,2026-07-21T18:50:04.000Z,2026-08-28T15:52:40.189Z
"https://leetcode.com/problems/duplicate-zeros/","Duplicate Zeros","TWO POINTERS","EASY",1049583,,"CLEAR",,true,2026-07-21T18:50:04.000Z,2026-08-28T15:52:40.189Z
"https://leetcode.com/problems/expressive-words/","Expressive Words","TWO POINTERS","MEDIUM",294540,,"CLEAR",,true,2026-07-21T18:50:04.000Z,2026-08-28T15:52:40.189Z
"https://leetcode.com/problems/faulty-sensor/","Faulty Sensor","TWO POINTERS","EASY",14078,,"CLEAR",,true,2026-07-21T18:50:04.000Z,2026-08-28T15:52:40.189Z
"https://leetcode.com/problems/find-all-k-distant-indices-in-an-array/","Find All K-Distant Indices in an Array","TWO POINTERS","EASY",239507,,"CLEAR",,true,2026-07-21T18:50:04.000Z,2026-08-28T15:52:40.189Z
"https://leetcode.com/problems/find-beautiful-indices-in-the-given-array-i/","Find Beautiful Indices in the Given Array I","TWO POINTERS","MEDIUM",122902,,"CLEAR",,true,2026-07-21T18:50:04.000Z,2026-08-28T15:52:40.189Z
"https://leetcode.com/problems/find-beautiful-indices-in-the-given-array-ii/","Find Beautiful Indices in the Given Array II","TWO POINTERS","HARD",64579,,"CLEAR",,true,2026-07-21T18:50:04.000Z,2026-08-28T15:52:40.189Z
"https://leetcode.com/problems/find-first-palindromic-string-in-the-array/","Find First Palindromic String in the Array","TWO POINTERS","EASY",473951,,"CLEAR",,true,2026-07-21T18:50:04.000Z,2026-08-28T15:52:40.189Z
"https://leetcode.com/problems/find-indices-with-index-and-value-difference-i/","Find Indices With Index and Value Difference I","TWO POINTERS","EASY",93233,,"CLEAR",,true,2026-07-21T18:50:04.000Z,2026-08-28T15:52:40.189Z
"https://leetcode.com/problems/find-indices-with-index-and-value-difference-ii/","Find Indices With Index and Value Difference II","TWO POINTERS","MEDIUM",73417,,"CLEAR",,true,2026-07-21T18:50:04.000Z,2026-08-28T15:52:40.189Z
"https://leetcode.com/problems/find-k-closest-elements/","Find K Closest Elements","TWO POINTERS","MEDIUM",1693674,,"CLEAR",,true,2026-07-21T18:50:04.000Z,2026-08-28T15:52:40.189Z
"https://leetcode.com/problems/find-k-th-smallest-pair-distance/","Find K-th Smallest Pair Distance","TWO POINTERS","HARD",464416,"// TLE

class Solution {
public:
    int smallestDistancePair(vector<int>& nums, int k) {
        priority_queue<int> pq;
        int n = nums.size();
        for (int i = 0; i < n - 1; i++) {
            for (int j = i + 1; j < n; j++) {
                int diff = abs(nums[i] - nums[j]);
                pq.push(diff);
                if (pq.size() > k) {
                    pq.pop();
                }
            }
        }
        return pq.top();
    }
};","TLE","class Solution {
public:
    int smallestDistancePair(vector<int>& nums, int k) {
        priority_queue<int> pq;
        int n = nums.size();
        for (int i = 0; i < n - 1; i++) {
            for (int j = i + 1; j < n; j++) {
                int diff = abs(nums[i] - nums[j]);
                pq.push(diff);
                if (pq.size() > k) {
                    pq.pop();
                }
            }
        }
        return pq.top();
    }
};",true,2026-07-21T18:50:04.000Z,2026-08-30T21:07:48.900Z
"https://leetcode.com/problems/find-median-from-data-stream/","Find Median from Data Stream","TWO POINTERS","HARD",2318770,"// Your main missing concept is: the two heaps must be split by value, not just by size.

// You're currently doing:

// second.push(num);

// while (first.size() < second.size()) {
//     first.push(second.top());
//     second.pop();
// }

// This guarantees roughly:

// first.size() ≈ second.size()

// but doesn't guarantee that every element in first is ≤ every element in second.","SUCCESS","// // Your main missing concept is: the two heaps must be split by value, not just by size.

// // You're currently doing:

// // second.push(num);

// // while (first.size() < second.size()) {
// //     first.push(second.top());
// //     second.pop();
// // }

// // This guarantees roughly:

// // first.size() ≈ second.size()

// // but doesn't guarantee that every element in first is ≤ every element in second.

// class MedianFinder {
//     priority_queue<int> first;
//     priority_queue<int, vector<int>, greater<int>> second;

// public:
//     MedianFinder() {}

//     void addNum(int num) {
//         second.push(num);

//         while (first.size() < second.size()) {
//             first.push(second.top());
//             second.pop();
//         }
//     }

//     double findMedian() {
//         if (first.size() == second.size()) {
//             double ans = first.top() + second.top();
//             ans /= 2;

//             return ans;
//         }
//         return first.top();
//     }
// };

// /**
//  * Your MedianFinder object will be instantiated and called as such:
//  * MedianFinder* obj = new MedianFinder();
//  * obj->addNum(num);
//  * double param_2 = obj->findMedian();
//  */

////////////////////////////////////////////////////////////

class MedianFinder {
    priority_queue<int> first;
    priority_queue<int, vector<int>, greater<int>> second;

public:
    MedianFinder() {}

    void addNum(int num) {
        second.push(num);

        while (first.size() < second.size()) {
            first.push(second.top());
            second.pop();
        }
        while (!second.empty() && first.top() > second.top()) {
            first.push(second.top());
            second.pop();
            second.push(first.top());
            first.pop();
        }
    }

    double findMedian() {
        if (first.size() == second.size()) {
            double ans = first.top() + second.top();
            ans /= 2;

            return ans;
        }
        return first.top();
    }
};

/**
 * Your MedianFinder object will be instantiated and called as such:
 * MedianFinder* obj = new MedianFinder();
 * obj->addNum(num);
 * double param_2 = obj->findMedian();
 */",true,2026-07-21T18:50:04.000Z,2026-08-29T18:15:23.985Z
"https://leetcode.com/problems/find-positive-integer-solution-for-a-given-equation/","Find Positive Integer Solution for a Given Equation","TWO POINTERS","MEDIUM",120157,,"CLEAR",,true,2026-07-21T18:50:04.000Z,2026-08-28T15:52:40.189Z
"https://leetcode.com/problems/find-the-array-concatenation-value/","Find the Array Concatenation Value","TWO POINTERS","EASY",99393,,"CLEAR",,true,2026-07-21T18:50:04.000Z,2026-08-28T15:52:40.189Z
"https://leetcode.com/problems/find-the-distance-value-between-two-arrays/","Find the Distance Value Between Two Arrays","TWO POINTERS","EASY",214153,,"CLEAR",,true,2026-07-21T18:50:04.000Z,2026-08-28T15:52:40.189Z
"https://leetcode.com/problems/find-the-index-of-the-first-occurrence-in-a-string/","Find the Index of the First Occurrence in a String","TWO POINTERS","EASY",8992708,,"CLEAR",,true,2026-07-21T18:50:04.000Z,2026-08-28T15:52:40.189Z
"https://leetcode.com/problems/find-the-integer-added-to-array-ii/","Find the Integer Added to Array II","TWO POINTERS","MEDIUM",80926,,"CLEAR",,true,2026-07-21T18:50:04.000Z,2026-08-28T15:52:40.189Z
"https://leetcode.com/problems/find-the-lexicographically-largest-string-from-the-box-i/","Find the Lexicographically Largest String From the Box I","TWO POINTERS","MEDIUM",274019,,"CLEAR",,true,2026-07-21T18:50:04.000Z,2026-08-28T15:52:40.189Z
"https://leetcode.com/problems/find-the-lexicographically-largest-string-from-the-box-ii/","Find the Lexicographically Largest String From the Box II","TWO POINTERS","HARD",1467,,"CLEAR",,true,2026-07-21T18:50:04.000Z,2026-08-28T15:52:40.189Z
"https://leetcode.com/problems/first-matching-character-from-both-ends/","First Matching Character From Both Ends","TWO POINTERS","EASY",72109,,"CLEAR",,true,2026-07-21T18:50:04.000Z,2026-08-28T15:52:40.189Z
"https://leetcode.com/problems/flatten-2d-vector/","Flatten 2D Vector","TWO POINTERS","MEDIUM",291296,,"CLEAR",,true,2026-07-21T18:50:04.000Z,2026-08-28T15:52:40.189Z
"https://leetcode.com/problems/flip-square-submatrix-vertically/","Flip Square Submatrix Vertically","TWO POINTERS","EASY",198117,,"CLEAR",,true,2026-07-21T18:50:04.000Z,2026-08-28T15:52:40.189Z
"https://leetcode.com/problems/friends-of-appropriate-ages/","Friends Of Appropriate Ages","TWO POINTERS","MEDIUM",264972,,"CLEAR",,true,2026-07-21T18:50:04.000Z,2026-08-28T15:52:40.189Z
"https://leetcode.com/problems/happy-number/","Happy Number","TWO POINTERS","EASY",3948070,,"SUCCESS","class Solution {
public:
    int transform(int n) {
        int sum = 0;
        while (n > 0) {
            sum += (n % 10) * (n % 10);
            n /= 10;
        }
        return sum;
    }
    bool isHappy(int n) {
        unordered_map<int, bool> mp;
        mp[n] = true;
        while (n != 1) {
            n = transform(n);
            if (mp.contains(n) && mp[n]) {
                break;
            } else {
                mp[n] = true;
            }
        }
        return mp.contains(1) && mp[1];
    }
};",true,2026-07-21T18:50:04.000Z,2026-08-28T15:52:40.189Z
"https://leetcode.com/problems/heaters/","Heaters","TWO POINTERS","MEDIUM",420029,,"CLEAR",,true,2026-07-21T18:50:04.000Z,2026-08-28T15:52:40.189Z
"https://leetcode.com/problems/intersection-of-two-arrays/","Intersection of Two Arrays","TWO POINTERS","EASY",2501359,,"CLEAR",,true,2026-07-21T18:50:04.000Z,2026-08-28T15:52:40.189Z
"https://leetcode.com/problems/intersection-of-two-arrays-ii/","Intersection of Two Arrays II","TWO POINTERS","EASY",2963422,,"CLEAR",,true,2026-07-21T18:50:04.000Z,2026-08-28T15:52:40.189Z
"https://leetcode.com/problems/interval-list-intersections/","Interval List Intersections","TWO POINTERS","MEDIUM",799618,,"CLEAR",,true,2026-07-21T18:50:04.000Z,2026-08-28T15:52:40.189Z
"https://leetcode.com/problems/k-diff-pairs-in-an-array/","K-diff Pairs in an Array","TWO POINTERS","MEDIUM",950111,,"CLEAR",,true,2026-07-21T18:50:04.000Z,2026-08-28T15:52:40.189Z
"https://leetcode.com/problems/k-th-smallest-prime-fraction/","K-th Smallest Prime Fraction","TWO POINTERS","MEDIUM",255076,,"CLEAR",,true,2026-07-21T18:50:04.000Z,2026-08-28T15:52:40.189Z
"https://leetcode.com/problems/largest-positive-integer-that-exists-with-its-negative/","Largest Positive Integer That Exists With Its Negative","TWO POINTERS","EASY",367405,,"CLEAR",,true,2026-07-21T18:50:04.000Z,2026-08-28T15:52:40.189Z
"https://leetcode.com/problems/last-substring-in-lexicographical-order/","Last Substring in Lexicographical Order","TWO POINTERS","HARD",125406,,"CLEAR",,true,2026-07-21T18:50:04.000Z,2026-08-28T15:52:40.189Z
"https://leetcode.com/problems/lexicographically-smallest-palindromic-permutation-greater-than-target/","Lexicographically Smallest Palindromic Permutation Greater Than Target","TWO POINTERS","HARD",20760,,"CLEAR",,true,2026-07-21T18:50:04.000Z,2026-08-28T15:52:40.189Z
"https://leetcode.com/problems/lexicographically-smallest-string-after-reverse/","Lexicographically Smallest String After Reverse","TWO POINTERS","MEDIUM",46923,,"CLEAR",,true,2026-07-21T18:50:04.000Z,2026-08-28T15:52:40.189Z
"https://leetcode.com/problems/limit-occurrences-in-sorted-array/","Limit Occurrences in Sorted Array","TWO POINTERS","EASY",66247,,"CLEAR",,true,2026-07-21T18:50:04.000Z,2026-08-28T15:52:40.189Z
"https://leetcode.com/problems/long-pressed-name/","Long Pressed Name","TWO POINTERS","EASY",602848,,"CLEAR",,true,2026-07-21T18:50:04.000Z,2026-08-28T15:52:40.189Z
"https://leetcode.com/problems/longest-common-prefix-after-at-most-one-removal/","Longest Common Prefix After at Most One Removal","TWO POINTERS","MEDIUM",1979,,"CLEAR",,true,2026-07-21T18:50:04.000Z,2026-08-28T15:52:40.189Z
"https://leetcode.com/problems/longest-uncommon-subsequence-ii/","Longest Uncommon Subsequence II","TWO POINTERS","MEDIUM",154122,,"CLEAR",,true,2026-07-21T18:50:04.000Z,2026-08-28T15:52:40.189Z
"https://leetcode.com/problems/longest-word-in-dictionary-through-deleting/","Longest Word in Dictionary through Deleting","TWO POINTERS","MEDIUM",354059,,"CLEAR",,true,2026-07-21T18:50:04.000Z,2026-08-28T15:52:40.189Z
"https://leetcode.com/problems/magical-string/","Magical String","TWO POINTERS","MEDIUM",108064,,"CLEAR",,true,2026-07-21T18:50:04.000Z,2026-08-28T15:52:40.189Z
"https://leetcode.com/problems/make-string-a-subsequence-using-cyclic-increments/","Make String a Subsequence Using Cyclic Increments","TWO POINTERS","MEDIUM",250287,,"CLEAR",,true,2026-07-21T18:50:04.000Z,2026-08-28T15:52:40.189Z
"https://leetcode.com/problems/max-number-of-k-sum-pairs/","Max Number of K-Sum Pairs","TWO POINTERS","MEDIUM",1094975,,"CLEAR",,true,2026-07-21T18:50:04.000Z,2026-08-28T15:52:40.189Z
"https://leetcode.com/problems/maximum-capacity-within-budget/","Maximum Capacity Within Budget","TWO POINTERS","MEDIUM",98949,,"CLEAR",,true,2026-07-21T18:50:04.000Z,2026-08-28T15:52:40.189Z
"https://leetcode.com/problems/maximum-coins-heroes-can-collect/","Maximum Coins Heroes Can Collect","TWO POINTERS","MEDIUM",10461,,"CLEAR",,true,2026-07-21T18:50:04.000Z,2026-08-28T15:52:40.189Z
"https://leetcode.com/problems/maximum-distance-between-a-pair-of-values/","Maximum Distance Between a Pair of Values","TWO POINTERS","MEDIUM",273080,,"CLEAR",,true,2026-07-21T18:50:04.000Z,2026-08-28T15:52:40.189Z
"https://leetcode.com/problems/maximum-enemy-forts-that-can-be-captured/","Maximum Enemy Forts That Can Be Captured","TWO POINTERS","EASY",86765,,"CLEAR",,true,2026-07-21T18:50:04.000Z,2026-08-28T15:52:40.189Z
"https://leetcode.com/problems/maximum-number-of-matching-indices-after-right-shifts/","Maximum Number of Matching Indices After Right Shifts","TWO POINTERS","MEDIUM",2052,,"CLEAR",,true,2026-07-21T18:50:04.000Z,2026-08-28T15:52:40.189Z
"https://leetcode.com/problems/maximum-number-of-removable-characters/","Maximum Number of Removable Characters","TWO POINTERS","MEDIUM",93977,,"CLEAR",,true,2026-07-21T18:50:04.000Z,2026-08-28T15:52:40.189Z
"https://leetcode.com/problems/maximum-product-of-first-and-last-elements-of-a-subsequence/","Maximum Product of First and Last Elements of a Subsequence","TWO POINTERS","MEDIUM",65533,,"CLEAR",,true,2026-07-21T18:50:04.000Z,2026-08-28T15:52:40.189Z
"https://leetcode.com/problems/maximum-product-of-the-length-of-two-palindromic-substrings/","Maximum Product of the Length of Two Palindromic Substrings","TWO POINTERS","HARD",17108,,"CLEAR",,true,2026-07-21T18:50:04.000Z,2026-08-28T15:52:40.189Z
"https://leetcode.com/problems/maximum-score-of-a-good-subarray/","Maximum Score of a Good Subarray","TWO POINTERS","HARD",144243,,"CLEAR",,true,2026-07-21T18:50:04.000Z,2026-08-28T15:52:40.189Z
"https://leetcode.com/problems/maximum-width-ramp/","Maximum Width Ramp","TWO POINTERS","MEDIUM",379476,,"CLEAR",,true,2026-07-21T18:50:04.000Z,2026-08-28T15:52:40.189Z
"https://leetcode.com/problems/meeting-scheduler/","Meeting Scheduler","TWO POINTERS","MEDIUM",193052,,"CLEAR",,true,2026-07-21T18:50:04.000Z,2026-08-28T15:52:40.189Z
"https://leetcode.com/problems/merge-sorted-array/","Merge Sorted Array","TWO POINTERS","EASY",10716370,,"SUCCESS","class Solution {
public:
    void merge(vector<int>& nums1, int m, vector<int>& nums2, int n) {
        vector<int> ans(n + m, 0);
        int i = 0, j = 0, k = 0;
        while (i < m && j < n) {
            if (nums1[i] < nums2[j]) {
                ans[k++] = nums1[i++];
            } else {
                ans[k++] = nums2[j++];
            }
        }
        while (i < m) {
            ans[k++] = nums1[i++];
        }
        while (j < n) {
            ans[k++] = nums2[j++];
        }
        k = 0;
        for (auto it : ans) {
            nums1[k++] = it;
        }
    }
};",true,2026-07-21T18:50:04.000Z,2026-08-28T15:52:40.189Z
"https://leetcode.com/problems/merge-strings-alternately/","Merge Strings Alternately","TWO POINTERS","EASY",2616377,,"CLEAR",,true,2026-07-21T18:50:04.000Z,2026-08-28T15:52:40.189Z
"https://leetcode.com/problems/merge-two-2d-arrays-by-summing-values/","Merge Two 2D Arrays by Summing Values","TWO POINTERS","EASY",265821,,"CLEAR",,true,2026-07-21T18:50:04.000Z,2026-08-28T15:52:40.189Z
"https://leetcode.com/problems/minimum-average-of-smallest-and-largest-elements/","Minimum Average of Smallest and Largest Elements","TWO POINTERS","EASY",135063,,"CLEAR",,true,2026-07-21T18:50:04.000Z,2026-08-28T15:52:40.189Z
"https://leetcode.com/problems/minimum-common-value/","Minimum Common Value","TWO POINTERS","EASY",744966,,"CLEAR",,true,2026-07-21T18:50:04.000Z,2026-08-28T15:52:40.189Z
"https://leetcode.com/problems/minimum-length-of-string-after-deleting-similar-ends/","Minimum Length of String After Deleting Similar Ends","TWO POINTERS","MEDIUM",340496,,"CLEAR",,true,2026-07-21T18:50:04.000Z,2026-08-28T15:52:40.189Z
"https://leetcode.com/problems/minimum-number-of-flips-to-make-binary-grid-palindromic-i/","Minimum Number of Flips to Make Binary Grid Palindromic I","TWO POINTERS","MEDIUM",52967,,"CLEAR",,true,2026-07-21T18:50:04.000Z,2026-08-28T15:52:40.189Z
"https://leetcode.com/problems/minimum-number-of-flips-to-make-binary-grid-palindromic-ii/","Minimum Number of Flips to Make Binary Grid Palindromic II","TWO POINTERS","MEDIUM",49542,,"CLEAR",,true,2026-07-21T18:50:04.000Z,2026-08-28T15:52:40.189Z
"https://leetcode.com/problems/minimum-operations-to-transform-array-into-alternating-prime/","Minimum Operations to Transform Array into Alternating Prime","TWO POINTERS","MEDIUM",65144,,"CLEAR",,true,2026-07-21T18:50:04.000Z,2026-08-28T15:52:40.189Z
"https://leetcode.com/problems/minimum-swaps-to-move-zeros-to-end/","Minimum Swaps to Move Zeros to End","TWO POINTERS","EASY",62469,,"CLEAR",,true,2026-07-21T18:50:04.000Z,2026-08-28T15:52:40.189Z
"https://leetcode.com/problems/minimum-time-to-eat-all-grains/","Minimum Time to Eat All Grains","TWO POINTERS","HARD",5650,,"CLEAR",,true,2026-07-21T18:50:04.000Z,2026-08-28T15:52:40.189Z
"https://leetcode.com/problems/move-pieces-to-obtain-a-string/","Move Pieces to Obtain a String","TWO POINTERS","MEDIUM",269545,,"CLEAR",,true,2026-07-21T18:50:04.000Z,2026-08-28T15:52:40.189Z
"https://leetcode.com/problems/move-zeroes/","Move Zeroes","TWO POINTERS","EASY",8427160,,"CLEAR",,true,2026-07-21T18:50:04.000Z,2026-08-28T15:52:40.189Z
"https://leetcode.com/problems/next-greater-element-iii/","Next Greater Element III","TWO POINTERS","MEDIUM",606313,,"CLEAR",,true,2026-07-21T18:50:04.000Z,2026-08-28T15:52:40.189Z
"https://leetcode.com/problems/next-palindrome-using-same-digits/","Next Palindrome Using Same Digits","TWO POINTERS","HARD",13129,,"CLEAR",,true,2026-07-21T18:50:04.000Z,2026-08-28T15:52:40.189Z
"https://leetcode.com/problems/next-permutation/","Next Permutation","TWO POINTERS","MEDIUM",5193561,,"CLEAR",,true,2026-07-21T18:50:04.000Z,2026-08-28T15:52:40.189Z
"https://leetcode.com/problems/number-of-arithmetic-triplets/","Number of Arithmetic Triplets","TWO POINTERS","EASY",223620,,"CLEAR",,true,2026-07-21T18:50:04.000Z,2026-08-28T15:52:40.189Z
"https://leetcode.com/problems/number-of-distinct-averages/","Number of Distinct Averages","TWO POINTERS","EASY",131777,,"CLEAR",,true,2026-07-21T18:50:04.000Z,2026-08-28T15:52:40.189Z
"https://leetcode.com/problems/number-of-perfect-pairs/","Number of Perfect Pairs","TWO POINTERS","MEDIUM",67422,,"CLEAR",,true,2026-07-21T18:50:04.000Z,2026-08-28T15:52:40.189Z
"https://leetcode.com/problems/number-of-subarrays-with-bounded-maximum/","Number of Subarrays with Bounded Maximum","TWO POINTERS","MEDIUM",168327,,"CLEAR",,true,2026-07-21T18:50:04.000Z,2026-08-28T15:52:40.189Z
"https://leetcode.com/problems/number-of-subsequences-that-satisfy-the-given-sum-condition/","Number of Subsequences That Satisfy the Given Sum Condition","TWO POINTERS","MEDIUM",521511,,"CLEAR",,true,2026-07-21T18:50:04.000Z,2026-08-28T15:52:40.189Z
"https://leetcode.com/problems/number-of-ways-where-square-of-number-is-equal-to-product-of-two-numbers/","Number of Ways Where Square of Number Is Equal to Product of Two Numbers","TWO POINTERS","MEDIUM",63769,,"CLEAR",,true,2026-07-21T18:50:04.000Z,2026-08-28T15:52:40.189Z
"https://leetcode.com/problems/one-edit-distance/","One Edit Distance","TWO POINTERS","MEDIUM",689255,,"CLEAR",,true,2026-07-21T18:50:04.000Z,2026-08-28T15:52:40.189Z
"https://leetcode.com/problems/partition-array-according-to-given-pivot/","Partition Array According to Given Pivot","TWO POINTERS","MEDIUM",502733,,"CLEAR",,true,2026-07-21T18:50:04.000Z,2026-08-28T15:52:40.189Z
"https://leetcode.com/problems/permutation-in-string/","Permutation in String","TWO POINTERS","MEDIUM",3188915,,"CLEAR",,true,2026-07-21T18:50:04.000Z,2026-08-28T15:52:40.189Z
"https://leetcode.com/problems/product-of-two-run-length-encoded-arrays/","Product of Two Run-Length Encoded Arrays","TWO POINTERS","MEDIUM",107546,,"CLEAR",,true,2026-07-21T18:50:04.000Z,2026-08-28T15:52:40.189Z
"https://leetcode.com/problems/range-sum-of-sorted-subarray-sums/","Range Sum of Sorted Subarray Sums","TWO POINTERS","MEDIUM",300437,,"CLEAR",,true,2026-07-21T18:50:04.000Z,2026-08-28T15:52:40.189Z
"https://leetcode.com/problems/rearrange-array-elements-by-sign/","Rearrange Array Elements by Sign","TWO POINTERS","MEDIUM",1094039,,"CLEAR",,true,2026-07-21T18:50:04.000Z,2026-08-28T15:52:40.189Z
"https://leetcode.com/problems/recover-the-original-array/","Recover the Original Array","TWO POINTERS","HARD",34608,,"CLEAR",,true,2026-07-21T18:50:04.000Z,2026-08-28T15:52:40.189Z
"https://leetcode.com/problems/remove-duplicates-from-sorted-array/","Remove Duplicates from Sorted Array","TWO POINTERS","EASY",12979781,,"CLEAR",,true,2026-07-21T18:50:04.000Z,2026-08-28T15:52:40.189Z
"https://leetcode.com/problems/remove-duplicates-from-sorted-array-ii/","Remove Duplicates from Sorted Array II","TWO POINTERS","MEDIUM",3103040,,"CLEAR",,true,2026-07-21T18:50:04.000Z,2026-08-28T15:52:40.189Z
"https://leetcode.com/problems/remove-element/","Remove Element","TWO POINTERS","EASY",8772883,,"ERROR","class Solution {
public:
    int removeElement(vector<int>& nums, int val) {
        int i = 0, j = nums.size() - 1, k = 0;
        while (i < j) {
            if (nums[i] == val && nums[j] != val) {
                int temp = nums[i];
                nums[i] = nums[j];
                nums[j] = temp;
            }
            while (nums[i] != val) {
                i++;
            }
            while (nums[j] == val) {
                j--;
            }
        }
        while (nums[k] != val) {
            k++;
        }
        return k;
    }
};",true,2026-07-21T18:50:04.000Z,2026-08-28T15:52:40.189Z
"https://leetcode.com/problems/remove-palindromic-subsequences/","Remove Palindromic Subsequences","TWO POINTERS","EASY",202718,,"CLEAR",,true,2026-07-21T18:50:04.000Z,2026-08-28T15:52:40.189Z
"https://leetcode.com/problems/reverse-k-subarrays/","Reverse K Subarrays","TWO POINTERS","MEDIUM",1013,,"CLEAR",,true,2026-07-21T18:50:04.000Z,2026-08-28T15:52:40.189Z
"https://leetcode.com/problems/reverse-letters-then-special-characters-in-a-string/","Reverse Letters Then Special Characters in a String","TWO POINTERS","EASY",69638,,"CLEAR",,true,2026-07-21T18:50:04.000Z,2026-08-28T15:52:40.189Z
"https://leetcode.com/problems/reverse-only-letters/","Reverse Only Letters","TWO POINTERS","EASY",497166,,"CLEAR",,true,2026-07-21T18:50:04.000Z,2026-08-28T15:52:40.189Z
"https://leetcode.com/problems/reverse-prefix-of-word/","Reverse Prefix of Word","TWO POINTERS","EASY",456749,,"CLEAR",,true,2026-07-21T18:50:04.000Z,2026-08-28T15:52:40.189Z
"https://leetcode.com/problems/reverse-string/","Reverse String","TWO POINTERS","EASY",4919703,,"CLEAR",,true,2026-07-21T18:50:04.000Z,2026-08-28T15:52:40.189Z
"https://leetcode.com/problems/reverse-string-ii/","Reverse String II","TWO POINTERS","EASY",752378,,"CLEAR",,true,2026-07-21T18:50:04.000Z,2026-08-28T15:52:40.189Z
"https://leetcode.com/problems/reverse-string-prefix/","Reverse String Prefix","TWO POINTERS","EASY",81019,,"CLEAR",,true,2026-07-21T18:50:04.000Z,2026-08-28T15:52:40.189Z
"https://leetcode.com/problems/reverse-vowels-of-a-string/","Reverse Vowels of a String","TWO POINTERS","EASY",2701392,,"CLEAR",,true,2026-07-21T18:50:04.000Z,2026-08-28T15:52:40.189Z
"https://leetcode.com/problems/reverse-words-in-a-string/","Reverse Words in a String","TWO POINTERS","MEDIUM",5499739,,"CLEAR",,true,2026-07-21T18:50:04.000Z,2026-08-28T15:52:40.189Z
"https://leetcode.com/problems/reverse-words-in-a-string-ii/","Reverse Words in a String II","TWO POINTERS","MEDIUM",320724,,"CLEAR",,true,2026-07-21T18:50:04.000Z,2026-08-28T15:52:40.189Z
"https://leetcode.com/problems/reverse-words-in-a-string-iii/","Reverse Words in a String III","TWO POINTERS","EASY",1384890,,"CLEAR",,true,2026-07-21T18:50:04.000Z,2026-08-28T15:52:40.189Z
"https://leetcode.com/problems/reverse-words-with-same-vowel-count/","Reverse Words With Same Vowel Count","TWO POINTERS","MEDIUM",57173,,"CLEAR",,true,2026-07-21T18:50:04.000Z,2026-08-28T15:52:40.189Z
"https://leetcode.com/problems/rotate-array/","Rotate Array","TWO POINTERS","MEDIUM",9093240,,"CLEAR",,true,2026-07-21T18:50:04.000Z,2026-08-28T15:52:40.189Z
"https://leetcode.com/problems/rotating-the-box/","Rotating the Box","TWO POINTERS","MEDIUM",326739,,"CLEAR",,true,2026-07-21T18:50:04.000Z,2026-08-28T15:52:40.189Z
"https://leetcode.com/problems/sentence-similarity-iii/","Sentence Similarity III","TWO POINTERS","MEDIUM",277246,,"CLEAR",,true,2026-07-21T18:50:04.000Z,2026-08-28T15:52:40.189Z
"https://leetcode.com/problems/shortest-distance-to-a-character/","Shortest Distance to a Character","TWO POINTERS","EASY",342600,,"CLEAR",,true,2026-07-21T18:50:04.000Z,2026-08-28T15:52:40.189Z
"https://leetcode.com/problems/shortest-matching-substring/","Shortest Matching Substring","TWO POINTERS","HARD",27678,,"CLEAR",,true,2026-07-21T18:50:04.000Z,2026-08-28T15:52:40.189Z
"https://leetcode.com/problems/shortest-subarray-to-be-removed-to-make-array-sorted/","Shortest Subarray to be Removed to Make Array Sorted","TWO POINTERS","MEDIUM",255106,,"CLEAR",,true,2026-07-21T18:50:04.000Z,2026-08-28T15:52:40.189Z
"https://leetcode.com/problems/shortest-word-distance-ii/","Shortest Word Distance II","TWO POINTERS","MEDIUM",290477,,"CLEAR",,true,2026-07-21T18:50:04.000Z,2026-08-28T15:52:40.189Z
"https://leetcode.com/problems/sort-array-by-absolute-value/","Sort Array By Absolute Value","TWO POINTERS","EASY",2062,,"CLEAR",,true,2026-07-21T18:50:04.000Z,2026-08-28T15:52:40.189Z
"https://leetcode.com/problems/sort-array-by-parity/","Sort Array By Parity","TWO POINTERS","EASY",1374057,,"CLEAR",,true,2026-07-21T18:50:04.000Z,2026-08-28T15:52:40.189Z
"https://leetcode.com/problems/sort-array-by-parity-ii/","Sort Array By Parity II","TWO POINTERS","EASY",506543,,"CLEAR",,true,2026-07-21T18:50:04.000Z,2026-08-28T15:52:40.189Z
"https://leetcode.com/problems/sort-colors/","Sort Colors","TWO POINTERS","MEDIUM",5645703,,"CLEAR",,true,2026-07-21T18:50:04.000Z,2026-08-28T15:52:40.189Z
"https://leetcode.com/problems/sort-transformed-array/","Sort Transformed Array","TWO POINTERS","MEDIUM",133577,,"CLEAR",,true,2026-07-21T18:50:04.000Z,2026-08-28T15:52:40.189Z
"https://leetcode.com/problems/split-two-strings-to-make-palindrome/","Split Two Strings to Make Palindrome","TWO POINTERS","MEDIUM",103934,,"CLEAR",,true,2026-07-21T18:50:04.000Z,2026-08-28T15:52:40.189Z
"https://leetcode.com/problems/squares-of-a-sorted-array/","Squares of a Sorted Array","TWO POINTERS","EASY",3708950,,"CLEAR",,true,2026-07-21T18:50:04.000Z,2026-08-28T15:52:40.189Z
"https://leetcode.com/problems/strictly-palindromic-number/","Strictly Palindromic Number","TWO POINTERS","MEDIUM",212179,,"CLEAR",,true,2026-07-21T18:50:04.000Z,2026-08-28T15:52:40.189Z
"https://leetcode.com/problems/string-compression/","String Compression","TWO POINTERS","MEDIUM",1866696,,"CLEAR",,true,2026-07-21T18:50:04.000Z,2026-08-28T15:52:40.189Z
"https://leetcode.com/problems/strobogrammatic-number/","Strobogrammatic Number","TWO POINTERS","EASY",448638,,"CLEAR",,true,2026-07-21T18:50:04.000Z,2026-08-28T15:52:40.189Z
"https://leetcode.com/problems/subsequence-with-the-minimum-score/","Subsequence With the Minimum Score","TWO POINTERS","HARD",32566,,"CLEAR",,true,2026-07-21T18:50:04.000Z,2026-08-28T15:52:40.189Z
"https://leetcode.com/problems/successful-pairs-of-spells-and-potions/","Successful Pairs of Spells and Potions","TWO POINTERS","MEDIUM",796219,,"CLEAR",,true,2026-07-21T18:50:04.000Z,2026-08-28T15:52:40.189Z
"https://leetcode.com/problems/sum-of-gcd-of-formed-pairs/","Sum of GCD of Formed Pairs","TWO POINTERS","MEDIUM",199047,,"CLEAR",,true,2026-07-21T18:50:04.000Z,2026-08-28T15:52:40.189Z
"https://leetcode.com/problems/sum-of-square-numbers/","Sum of Square Numbers","TWO POINTERS","MEDIUM",1240045,,"CLEAR",,true,2026-07-21T18:50:04.000Z,2026-08-28T15:52:40.189Z
"https://leetcode.com/problems/swap-adjacent-in-lr-string/","Swap Adjacent in LR String","TWO POINTERS","MEDIUM",264489,,"CLEAR",,true,2026-07-21T18:50:04.000Z,2026-08-28T15:52:40.189Z
"https://leetcode.com/problems/the-k-strongest-values-in-an-array/","The k Strongest Values in an Array","TWO POINTERS","MEDIUM",77794,,"CLEAR",,true,2026-07-21T18:50:04.000Z,2026-08-28T15:52:40.189Z
"https://leetcode.com/problems/the-latest-time-to-catch-a-bus/","The Latest Time to Catch a Bus","TWO POINTERS","MEDIUM",122300,,"CLEAR",,true,2026-07-21T18:50:04.000Z,2026-08-28T15:52:40.189Z
"https://leetcode.com/problems/total-cost-to-hire-k-workers/","Total Cost to Hire K Workers","TWO POINTERS","MEDIUM",394375,,"CLEAR",,true,2026-07-21T18:50:04.000Z,2026-08-28T15:52:40.189Z
"https://leetcode.com/problems/two-sum-ii-input-array-is-sorted/","Two Sum II - Input Array Is Sorted","TWO POINTERS","MEDIUM",5474813,,"CLEAR",,true,2026-07-21T18:50:04.000Z,2026-08-28T15:52:40.189Z
"https://leetcode.com/problems/two-sum-iii-data-structure-design/","Two Sum III - Data structure design","TWO POINTERS","EASY",469813,,"CLEAR",,true,2026-07-21T18:50:04.000Z,2026-08-28T15:52:40.189Z
"https://leetcode.com/problems/two-sum-less-than-k/","Two Sum Less Than K","TWO POINTERS","EASY",241282,,"CLEAR",,true,2026-07-21T18:50:04.000Z,2026-08-28T15:52:40.189Z
"https://leetcode.com/problems/valid-palindrome/","Valid Palindrome","TWO POINTERS","EASY",10619611,,"CLEAR",,true,2026-07-21T18:50:04.000Z,2026-08-28T15:52:40.189Z
"https://leetcode.com/problems/valid-palindrome-iv/","Valid Palindrome IV","TWO POINTERS","MEDIUM",28202,,"CLEAR",,true,2026-07-21T18:50:04.000Z,2026-08-28T15:52:40.189Z
"https://leetcode.com/problems/valid-word-abbreviation/","Valid Word Abbreviation","TWO POINTERS","EASY",983142,,"CLEAR",,true,2026-07-21T18:50:04.000Z,2026-08-28T15:52:40.189Z
"https://leetcode.com/problems/watering-plants-ii/","Watering Plants II","TWO POINTERS","MEDIUM",67319,,"CLEAR",,true,2026-07-21T18:50:04.000Z,2026-08-28T15:52:40.189Z
"https://leetcode.com/problems/ways-to-split-array-into-three-subarrays/","Ways to Split Array Into Three Subarrays","TWO POINTERS","MEDIUM",123508,,"CLEAR",,true,2026-07-21T18:50:04.000Z,2026-08-28T15:52:40.189Z
"https://leetcode.com/problems/zero-array-transformation-ii/","Zero Array Transformation II","TWO POINTERS","MEDIUM",311842,,"CLEAR",,true,2026-07-21T18:50:04.000Z,2026-08-28T15:52:40.189Z
